label,question_id,type,question,gold,em_rate,avg_judge,avg_f1,contains_rate,avg_generative,avg_extractive,best_method_generative
Q1,HumanEval-0,humaneval,"Complete the following Python function. Return only the full function implementation.

from typing import List


def has_close_elements(numbers: List[float], threshold: float) -> bool:
    """""" Check if in given list of numbers, are any two numbers closer to each other than
    given threshold.
    >>> has_close_elements([1.0, 2.0, 3.0], 0.5)
    False
    >>> has_close_elements([1.0, 2.8, 3.0, 4.0, 5.0, 2.0], 0.3)
    True
    """"""","from typing import List


def has_close_elements(numbers: List[float], threshold: float) -> bool:
    """""" Check if in given list of numbers, are any two numbers closer to each other than
    given threshold.
    >>> has_close_elements([1.0, 2.0, 3.0], 0.5)
    False
    >>> has_close_elements([1.0, 2.8, 3.0, 4.0, 5.0, 2.0], 0.3)
    True
    """"""
    for idx, elem in enumerate(numbers):
        for idx2, elem2 in enumerate(numbers):
            if idx != idx2:
                distance = abs(elem - elem2)
                if distance < threshold:
                    return True

    return False",0.0,0.4,0.2195121951219512,0.5,0.45,0.1097560975609756,Vector + rerank
Q2,HumanEval-1,humaneval,"Complete the following Python function. Return only the full function implementation.

from typing import List


def separate_paren_groups(paren_string: str) -> List[str]:
    """""" Input to this function is a string containing multiple groups of nested parentheses. Your goal is to
    separate those group into separate strings and return the list of those.
    Separate groups are balanced (each open brace is properly closed) and not nested within each other
    Ignore any spaces in the input string.
    >>> separate_paren_groups('( ) (( )) (( )( ))')
    ['()', '(())', '(()())']
    """"""","from typing import List


def separate_paren_groups(paren_string: str) -> List[str]:
    """""" Input to this function is a string containing multiple groups of nested parentheses. Your goal is to
    separate those group into separate strings and return the list of those.
    Separate groups are balanced (each open brace is properly closed) and not nested within each other
    Ignore any spaces in the input string.
    >>> separate_paren_groups('( ) (( )) (( )( ))')
    ['()', '(())', '(()())']
    """"""
    result = []
    current_string = []
    current_depth = 0

    for c in paren_string:
        if c == '(':
            current_depth += 1
            current_string.append(c)
        elif c == ')':
            current_depth -= 1
            current_string.append(c)

            if current_depth == 0:
                result.append(''.join(current_string))
                current_string.clear()

    return result",0.0,0.55,0.2592592592592592,1.0,0.775,0.1296296296296296,Vector + rerank
Q3,HumanEval-2,humaneval,"Complete the following Python function. Return only the full function implementation.

def truncate_number(number: float) -> float:
    """""" Given a positive floating point number, it can be decomposed into
    and integer part (largest integer smaller than given number) and decimals
    (leftover part always smaller than 1).

    Return the decimal part of the number.
    >>> truncate_number(3.5)
    0.5
    """"""","def truncate_number(number: float) -> float:
    """""" Given a positive floating point number, it can be decomposed into
    and integer part (largest integer smaller than given number) and decimals
    (leftover part always smaller than 1).

    Return the decimal part of the number.
    >>> truncate_number(3.5)
    0.5
    """"""
    return number % 1.0",0.0,0.25,0.2962962962962963,0.5,0.375,0.14814814814814814,Vector + rerank
Q4,HumanEval-3,humaneval,"Complete the following Python function. Return only the full function implementation.

from typing import List


def below_zero(operations: List[int]) -> bool:
    """""" You're given a list of deposit and withdrawal operations on a bank account that starts with
    zero balance. Your task is to detect if at any point the balance of account fallls below zero, and
    at that point function should return True. Otherwise it should return False.
    >>> below_zero([1, 2, 3])
    False
    >>> below_zero([1, 2, -4, 5])
    True
    """"""","from typing import List


def below_zero(operations: List[int]) -> bool:
    """""" You're given a list of deposit and withdrawal operations on a bank account that starts with
    zero balance. Your task is to detect if at any point the balance of account fallls below zero, and
    at that point function should return True. Otherwise it should return False.
    >>> below_zero([1, 2, 3])
    False
    >>> below_zero([1, 2, -4, 5])
    True
    """"""
    balance = 0

    for op in operations:
        balance += op
        if balance < 0:
            return True

    return False",0.0,0.5,0.19444444444444442,1.0,0.75,0.09722222222222221,Semantic (vector)
Q5,HumanEval-4,humaneval,"Complete the following Python function. Return only the full function implementation.

from typing import List


def mean_absolute_deviation(numbers: List[float]) -> float:
    """""" For a given list of input numbers, calculate Mean Absolute Deviation
    around the mean of this dataset.
    Mean Absolute Deviation is the average absolute difference between each
    element and a centerpoint (mean in this case):
    MAD = average | x - x_mean |
    >>> mean_absolute_deviation([1.0, 2.0, 3.0, 4.0])
    1.0
    """"""","from typing import List


def mean_absolute_deviation(numbers: List[float]) -> float:
    """""" For a given list of input numbers, calculate Mean Absolute Deviation
    around the mean of this dataset.
    Mean Absolute Deviation is the average absolute difference between each
    element and a centerpoint (mean in this case):
    MAD = average | x - x_mean |
    >>> mean_absolute_deviation([1.0, 2.0, 3.0, 4.0])
    1.0
    """"""
    mean = sum(numbers) / len(numbers)
    return sum(abs(x - mean) for x in numbers) / len(numbers)",0.0,0.25,0.29849624060150376,1.0,0.625,0.14924812030075188,Vector + rerank
Q6,HumanEval-5,humaneval,"Complete the following Python function. Return only the full function implementation.

from typing import List


def intersperse(numbers: List[int], delimeter: int) -> List[int]:
    """""" Insert a number 'delimeter' between every two consecutive elements of input list `numbers'
    >>> intersperse([], 4)
    []
    >>> intersperse([1, 2, 3], 4)
    [1, 4, 2, 4, 3]
    """"""","from typing import List


def intersperse(numbers: List[int], delimeter: int) -> List[int]:
    """""" Insert a number 'delimeter' between every two consecutive elements of input list `numbers'
    >>> intersperse([], 4)
    []
    >>> intersperse([1, 2, 3], 4)
    [1, 4, 2, 4, 3]
    """"""
    if not numbers:
        return []

    result = []

    for n in numbers[:-1]:
        result.append(n)
        result.append(delimeter)

    result.append(numbers[-1])

    return result",0.0,0.5,0.4285714285714285,1.0,0.75,0.21428571428571425,Semantic (vector)
Q7,HumanEval-6,humaneval,"Complete the following Python function. Return only the full function implementation.

from typing import List


def parse_nested_parens(paren_string: str) -> List[int]:
    """""" Input to this function is a string represented multiple groups for nested parentheses separated by spaces.
    For each of the group, output the deepest level of nesting of parentheses.
    E.g. (()()) has maximum two levels of nesting while ((())) has three.

    >>> parse_nested_parens('(()()) ((())) () ((())()())')
    [2, 3, 1, 3]
    """"""","from typing import List


def parse_nested_parens(paren_string: str) -> List[int]:
    """""" Input to this function is a string represented multiple groups for nested parentheses separated by spaces.
    For each of the group, output the deepest level of nesting of parentheses.
    E.g. (()()) has maximum two levels of nesting while ((())) has three.

    >>> parse_nested_parens('(()()) ((())) () ((())()())')
    [2, 3, 1, 3]
    """"""
    def parse_paren_group(s):
        depth = 0
        max_depth = 0
        for c in s:
            if c == '(':
                depth += 1
                max_depth = max(depth, max_depth)
            else:
                depth -= 1

        return max_depth

    return [parse_paren_group(x) for x in paren_string.split(' ') if x]",0.0,0.25,0.3673469387755101,0.0,0.125,0.18367346938775506,Vector + rerank
Q8,HumanEval-7,humaneval,"Complete the following Python function. Return only the full function implementation.

from typing import List


def filter_by_substring(strings: List[str], substring: str) -> List[str]:
    """""" Filter an input list of strings only for ones that contain given substring
    >>> filter_by_substring([], 'a')
    []
    >>> filter_by_substring(['abc', 'bacd', 'cde', 'array'], 'a')
    ['abc', 'bacd', 'array']
    """"""","from typing import List


def filter_by_substring(strings: List[str], substring: str) -> List[str]:
    """""" Filter an input list of strings only for ones that contain given substring
    >>> filter_by_substring([], 'a')
    []
    >>> filter_by_substring(['abc', 'bacd', 'cde', 'array'], 'a')
    ['abc', 'bacd', 'array']
    """"""
    return [x for x in strings if substring in x]",0.0,0.25,0.3055555555555555,0.5,0.375,0.15277777777777776,Semantic (vector)
Q9,HumanEval-8,humaneval,"Complete the following Python function. Return only the full function implementation.

from typing import List, Tuple


def sum_product(numbers: List[int]) -> Tuple[int, int]:
    """""" For a given list of integers, return a tuple consisting of a sum and a product of all the integers in a list.
    Empty sum should be equal to 0 and empty product should be equal to 1.
    >>> sum_product([])
    (0, 1)
    >>> sum_product([1, 2, 3, 4])
    (10, 24)
    """"""","from typing import List, Tuple


def sum_product(numbers: List[int]) -> Tuple[int, int]:
    """""" For a given list of integers, return a tuple consisting of a sum and a product of all the integers in a list.
    Empty sum should be equal to 0 and empty product should be equal to 1.
    >>> sum_product([])
    (0, 1)
    >>> sum_product([1, 2, 3, 4])
    (10, 24)
    """"""
    sum_value = 0
    prod_value = 1

    for n in numbers:
        sum_value += n
        prod_value *= n
    return sum_value, prod_value",0.0,0.8,0.4137931034482758,1.0,0.9,0.2068965517241379,Semantic (vector)
Q10,HumanEval-9,humaneval,"Complete the following Python function. Return only the full function implementation.

from typing import List, Tuple


def rolling_max(numbers: List[int]) -> List[int]:
    """""" From a given list of integers, generate a list of rolling maximum element found until given moment
    in the sequence.
    >>> rolling_max([1, 2, 3, 2, 3, 4, 2])
    [1, 2, 3, 3, 3, 4, 4]
    """"""","from typing import List, Tuple


def rolling_max(numbers: List[int]) -> List[int]:
    """""" From a given list of integers, generate a list of rolling maximum element found until given moment
    in the sequence.
    >>> rolling_max([1, 2, 3, 2, 3, 4, 2])
    [1, 2, 3, 3, 3, 4, 4]
    """"""
    running_max = None
    result = []

    for n in numbers:
        if running_max is None:
            running_max = n
        else:
            running_max = max(running_max, n)

        result.append(running_max)

    return result",0.0,0.0,0.1221590909090909,0.0,0.0,0.06107954545454545,Semantic (vector)
Q11,HumanEval-10,humaneval,"Complete the following Python function. Return only the full function implementation.

def is_palindrome(string: str) -> bool:
    """""" Test if given string is a palindrome """"""
    return string == string[::-1]


def make_palindrome(string: str) -> str:
    """""" Find the shortest palindrome that begins with a supplied string.
    Algorithm idea is simple:
    - Find the longest postfix of supplied string that is a palindrome.
    - Append to the end of the string reverse of a string prefix that comes before the palindromic suffix.
    >>> make_palindrome('')
    ''
    >>> make_palindrome('cat')
    'catac'
    >>> make_palindrome('cata')
    'catac'
    """"""","def is_palindrome(string: str) -> bool:
    """""" Test if given string is a palindrome """"""
    return string == string[::-1]


def make_palindrome(string: str) -> str:
    """""" Find the shortest palindrome that begins with a supplied string.
    Algorithm idea is simple:
    - Find the longest postfix of supplied string that is a palindrome.
    - Append to the end of the string reverse of a string prefix that comes before the palindromic suffix.
    >>> make_palindrome('')
    ''
    >>> make_palindrome('cat')
    'catac'
    >>> make_palindrome('cata')
    'catac'
    """"""
    if not string:
        return ''

    beginning_of_suffix = 0

    while not is_palindrome(string[beginning_of_suffix:]):
        beginning_of_suffix += 1

    return string + string[:beginning_of_suffix][::-1]",,,,,,,
Q12,HumanEval-11,humaneval,"Complete the following Python function. Return only the full function implementation.

from typing import List


def string_xor(a: str, b: str) -> str:
    """""" Input are two strings a and b consisting only of 1s and 0s.
    Perform binary XOR on these inputs and return result also as a string.
    >>> string_xor('010', '110')
    '100'
    """"""","from typing import List


def string_xor(a: str, b: str) -> str:
    """""" Input are two strings a and b consisting only of 1s and 0s.
    Perform binary XOR on these inputs and return result also as a string.
    >>> string_xor('010', '110')
    '100'
    """"""
    def xor(i, j):
        if i == j:
            return '0'
        else:
            return '1'

    return ''.join(xor(x, y) for x, y in zip(a, b))",,,,,,,
Q13,HumanEval-12,humaneval,"Complete the following Python function. Return only the full function implementation.

from typing import List, Optional


def longest(strings: List[str]) -> Optional[str]:
    """""" Out of list of strings, return the longest one. Return the first one in case of multiple
    strings of the same length. Return None in case the input list is empty.
    >>> longest([])

    >>> longest(['a', 'b', 'c'])
    'a'
    >>> longest(['a', 'bb', 'ccc'])
    'ccc'
    """"""","from typing import List, Optional


def longest(strings: List[str]) -> Optional[str]:
    """""" Out of list of strings, return the longest one. Return the first one in case of multiple
    strings of the same length. Return None in case the input list is empty.
    >>> longest([])

    >>> longest(['a', 'b', 'c'])
    'a'
    >>> longest(['a', 'bb', 'ccc'])
    'ccc'
    """"""
    if not strings:
        return None

    maxlen = max(len(x) for x in strings)
    for s in strings:
        if len(s) == maxlen:
            return s",,,,,,,
Q14,HumanEval-13,humaneval,"Complete the following Python function. Return only the full function implementation.

def greatest_common_divisor(a: int, b: int) -> int:
    """""" Return a greatest common divisor of two integers a and b
    >>> greatest_common_divisor(3, 5)
    1
    >>> greatest_common_divisor(25, 15)
    5
    """"""","def greatest_common_divisor(a: int, b: int) -> int:
    """""" Return a greatest common divisor of two integers a and b
    >>> greatest_common_divisor(3, 5)
    1
    >>> greatest_common_divisor(25, 15)
    5
    """"""
    while b:
        a, b = b, a % b
    return a",,,,,,,
Q15,HumanEval-14,humaneval,"Complete the following Python function. Return only the full function implementation.

from typing import List


def all_prefixes(string: str) -> List[str]:
    """""" Return list of all prefixes from shortest to longest of the input string
    >>> all_prefixes('abc')
    ['a', 'ab', 'abc']
    """"""","from typing import List


def all_prefixes(string: str) -> List[str]:
    """""" Return list of all prefixes from shortest to longest of the input string
    >>> all_prefixes('abc')
    ['a', 'ab', 'abc']
    """"""
    result = []

    for i in range(len(string)):
        result.append(string[:i+1])
    return result",,,,,,,
Q16,HumanEval-15,humaneval,"Complete the following Python function. Return only the full function implementation.

def string_sequence(n: int) -> str:
    """""" Return a string containing space-delimited numbers starting from 0 upto n inclusive.
    >>> string_sequence(0)
    '0'
    >>> string_sequence(5)
    '0 1 2 3 4 5'
    """"""","def string_sequence(n: int) -> str:
    """""" Return a string containing space-delimited numbers starting from 0 upto n inclusive.
    >>> string_sequence(0)
    '0'
    >>> string_sequence(5)
    '0 1 2 3 4 5'
    """"""
    return ' '.join([str(x) for x in range(n + 1)])",,,,,,,
Q17,HumanEval-16,humaneval,"Complete the following Python function. Return only the full function implementation.

def count_distinct_characters(string: str) -> int:
    """""" Given a string, find out how many distinct characters (regardless of case) does it consist of
    >>> count_distinct_characters('xyzXYZ')
    3
    >>> count_distinct_characters('Jerry')
    4
    """"""","def count_distinct_characters(string: str) -> int:
    """""" Given a string, find out how many distinct characters (regardless of case) does it consist of
    >>> count_distinct_characters('xyzXYZ')
    3
    >>> count_distinct_characters('Jerry')
    4
    """"""
    return len(set(string.lower()))",,,,,,,
Q18,HumanEval-17,humaneval,"Complete the following Python function. Return only the full function implementation.

from typing import List


def parse_music(music_string: str) -> List[int]:
    """""" Input to this function is a string representing musical notes in a special ASCII format.
    Your task is to parse this string and return list of integers corresponding to how many beats does each
    not last.

    Here is a legend:
    'o' - whole note, lasts four beats
    'o|' - half note, lasts two beats
    '.|' - quater note, lasts one beat

    >>> parse_music('o o| .| o| o| .| .| .| .| o o')
    [4, 2, 1, 2, 2, 1, 1, 1, 1, 4, 4]
    """"""","from typing import List


def parse_music(music_string: str) -> List[int]:
    """""" Input to this function is a string representing musical notes in a special ASCII format.
    Your task is to parse this string and return list of integers corresponding to how many beats does each
    not last.

    Here is a legend:
    'o' - whole note, lasts four beats
    'o|' - half note, lasts two beats
    '.|' - quater note, lasts one beat

    >>> parse_music('o o| .| o| o| .| .| .| .| o o')
    [4, 2, 1, 2, 2, 1, 1, 1, 1, 4, 4]
    """"""
    note_map = {'o': 4, 'o|': 2, '.|': 1}
    return [note_map[x] for x in music_string.split(' ') if x]",,,,,,,
Q19,HumanEval-18,humaneval,"Complete the following Python function. Return only the full function implementation.

def how_many_times(string: str, substring: str) -> int:
    """""" Find how many times a given substring can be found in the original string. Count overlaping cases.
    >>> how_many_times('', 'a')
    0
    >>> how_many_times('aaa', 'a')
    3
    >>> how_many_times('aaaa', 'aa')
    3
    """"""","def how_many_times(string: str, substring: str) -> int:
    """""" Find how many times a given substring can be found in the original string. Count overlaping cases.
    >>> how_many_times('', 'a')
    0
    >>> how_many_times('aaa', 'a')
    3
    >>> how_many_times('aaaa', 'aa')
    3
    """"""
    times = 0

    for i in range(len(string) - len(substring) + 1):
        if string[i:i+len(substring)] == substring:
            times += 1

    return times",,,,,,,
Q20,HumanEval-19,humaneval,"Complete the following Python function. Return only the full function implementation.

from typing import List


def sort_numbers(numbers: str) -> str:
    """""" Input is a space-delimited string of numberals from 'zero' to 'nine'.
    Valid choices are 'zero', 'one', 'two', 'three', 'four', 'five', 'six', 'seven', 'eight' and 'nine'.
    Return the string with numbers sorted from smallest to largest
    >>> sort_numbers('three one five')
    'one three five'
    """"""","from typing import List


def sort_numbers(numbers: str) -> str:
    """""" Input is a space-delimited string of numberals from 'zero' to 'nine'.
    Valid choices are 'zero', 'one', 'two', 'three', 'four', 'five', 'six', 'seven', 'eight' and 'nine'.
    Return the string with numbers sorted from smallest to largest
    >>> sort_numbers('three one five')
    'one three five'
    """"""
    value_map = {
        'zero': 0,
        'one': 1,
        'two': 2,
        'three': 3,
        'four': 4,
        'five': 5,
        'six': 6,
        'seven': 7,
        'eight': 8,
        'nine': 9
    }
    return ' '.join(sorted([x for x in numbers.split(' ') if x], key=lambda x: value_map[x]))",,,,,,,
Q21,HumanEval-20,humaneval,"Complete the following Python function. Return only the full function implementation.

from typing import List, Tuple


def find_closest_elements(numbers: List[float]) -> Tuple[float, float]:
    """""" From a supplied list of numbers (of length at least two) select and return two that are the closest to each
    other and return them in order (smaller number, larger number).
    >>> find_closest_elements([1.0, 2.0, 3.0, 4.0, 5.0, 2.2])
    (2.0, 2.2)
    >>> find_closest_elements([1.0, 2.0, 3.0, 4.0, 5.0, 2.0])
    (2.0, 2.0)
    """"""","from typing import List, Tuple


def find_closest_elements(numbers: List[float]) -> Tuple[float, float]:
    """""" From a supplied list of numbers (of length at least two) select and return two that are the closest to each
    other and return them in order (smaller number, larger number).
    >>> find_closest_elements([1.0, 2.0, 3.0, 4.0, 5.0, 2.2])
    (2.0, 2.2)
    >>> find_closest_elements([1.0, 2.0, 3.0, 4.0, 5.0, 2.0])
    (2.0, 2.0)
    """"""
    closest_pair = None
    distance = None

    for idx, elem in enumerate(numbers):
        for idx2, elem2 in enumerate(numbers):
            if idx != idx2:
                if distance is None:
                    distance = abs(elem - elem2)
                    closest_pair = tuple(sorted([elem, elem2]))
                else:
                    new_distance = abs(elem - elem2)
                    if new_distance < distance:
                        distance = new_distance
                        closest_pair = tuple(sorted([elem, elem2]))

    return closest_pair",,,,,,,
Q22,HumanEval-21,humaneval,"Complete the following Python function. Return only the full function implementation.

from typing import List


def rescale_to_unit(numbers: List[float]) -> List[float]:
    """""" Given list of numbers (of at least two elements), apply a linear transform to that list,
    such that the smallest number will become 0 and the largest will become 1
    >>> rescale_to_unit([1.0, 2.0, 3.0, 4.0, 5.0])
    [0.0, 0.25, 0.5, 0.75, 1.0]
    """"""","from typing import List


def rescale_to_unit(numbers: List[float]) -> List[float]:
    """""" Given list of numbers (of at least two elements), apply a linear transform to that list,
    such that the smallest number will become 0 and the largest will become 1
    >>> rescale_to_unit([1.0, 2.0, 3.0, 4.0, 5.0])
    [0.0, 0.25, 0.5, 0.75, 1.0]
    """"""
    min_number = min(numbers)
    max_number = max(numbers)
    return [(x - min_number) / (max_number - min_number) for x in numbers]",,,,,,,
Q23,HumanEval-22,humaneval,"Complete the following Python function. Return only the full function implementation.

from typing import List, Any


def filter_integers(values: List[Any]) -> List[int]:
    """""" Filter given list of any python values only for integers
    >>> filter_integers(['a', 3.14, 5])
    [5]
    >>> filter_integers([1, 2, 3, 'abc', {}, []])
    [1, 2, 3]
    """"""","from typing import List, Any


def filter_integers(values: List[Any]) -> List[int]:
    """""" Filter given list of any python values only for integers
    >>> filter_integers(['a', 3.14, 5])
    [5]
    >>> filter_integers([1, 2, 3, 'abc', {}, []])
    [1, 2, 3]
    """"""
    return [x for x in values if isinstance(x, int)]",,,,,,,
Q24,HumanEval-23,humaneval,"Complete the following Python function. Return only the full function implementation.

def strlen(string: str) -> int:
    """""" Return length of given string
    >>> strlen('')
    0
    >>> strlen('abc')
    3
    """"""","def strlen(string: str) -> int:
    """""" Return length of given string
    >>> strlen('')
    0
    >>> strlen('abc')
    3
    """"""
    return len(string)",,,,,,,
Q25,HumanEval-24,humaneval,"Complete the following Python function. Return only the full function implementation.

def largest_divisor(n: int) -> int:
    """""" For a given number n, find the largest number that divides n evenly, smaller than n
    >>> largest_divisor(15)
    5
    """"""","def largest_divisor(n: int) -> int:
    """""" For a given number n, find the largest number that divides n evenly, smaller than n
    >>> largest_divisor(15)
    5
    """"""
    for i in reversed(range(n)):
        if n % i == 0:
            return i",,,,,,,
Q26,HumanEval-25,humaneval,"Complete the following Python function. Return only the full function implementation.

from typing import List


def factorize(n: int) -> List[int]:
    """""" Return list of prime factors of given integer in the order from smallest to largest.
    Each of the factors should be listed number of times corresponding to how many times it appeares in factorization.
    Input number should be equal to the product of all factors
    >>> factorize(8)
    [2, 2, 2]
    >>> factorize(25)
    [5, 5]
    >>> factorize(70)
    [2, 5, 7]
    """"""","from typing import List


def factorize(n: int) -> List[int]:
    """""" Return list of prime factors of given integer in the order from smallest to largest.
    Each of the factors should be listed number of times corresponding to how many times it appeares in factorization.
    Input number should be equal to the product of all factors
    >>> factorize(8)
    [2, 2, 2]
    >>> factorize(25)
    [5, 5]
    >>> factorize(70)
    [2, 5, 7]
    """"""
    import math
    fact = []
    i = 2
    while i <= int(math.sqrt(n) + 1):
        if n % i == 0:
            fact.append(i)
            n //= i
        else:
            i += 1

    if n > 1:
        fact.append(n)
    return fact",,,,,,,
Q27,HumanEval-26,humaneval,"Complete the following Python function. Return only the full function implementation.

from typing import List


def remove_duplicates(numbers: List[int]) -> List[int]:
    """""" From a list of integers, remove all elements that occur more than once.
    Keep order of elements left the same as in the input.
    >>> remove_duplicates([1, 2, 3, 2, 4])
    [1, 3, 4]
    """"""","from typing import List


def remove_duplicates(numbers: List[int]) -> List[int]:
    """""" From a list of integers, remove all elements that occur more than once.
    Keep order of elements left the same as in the input.
    >>> remove_duplicates([1, 2, 3, 2, 4])
    [1, 3, 4]
    """"""
    import collections
    c = collections.Counter(numbers)
    return [n for n in numbers if c[n] <= 1]",,,,,,,
Q28,HumanEval-27,humaneval,"Complete the following Python function. Return only the full function implementation.

def flip_case(string: str) -> str:
    """""" For a given string, flip lowercase characters to uppercase and uppercase to lowercase.
    >>> flip_case('Hello')
    'hELLO'
    """"""","def flip_case(string: str) -> str:
    """""" For a given string, flip lowercase characters to uppercase and uppercase to lowercase.
    >>> flip_case('Hello')
    'hELLO'
    """"""
    return string.swapcase()",,,,,,,
Q29,HumanEval-28,humaneval,"Complete the following Python function. Return only the full function implementation.

from typing import List


def concatenate(strings: List[str]) -> str:
    """""" Concatenate list of strings into a single string
    >>> concatenate([])
    ''
    >>> concatenate(['a', 'b', 'c'])
    'abc'
    """"""","from typing import List


def concatenate(strings: List[str]) -> str:
    """""" Concatenate list of strings into a single string
    >>> concatenate([])
    ''
    >>> concatenate(['a', 'b', 'c'])
    'abc'
    """"""
    return ''.join(strings)",,,,,,,
Q30,HumanEval-29,humaneval,"Complete the following Python function. Return only the full function implementation.

from typing import List


def filter_by_prefix(strings: List[str], prefix: str) -> List[str]:
    """""" Filter an input list of strings only for ones that start with a given prefix.
    >>> filter_by_prefix([], 'a')
    []
    >>> filter_by_prefix(['abc', 'bcd', 'cde', 'array'], 'a')
    ['abc', 'array']
    """"""","from typing import List


def filter_by_prefix(strings: List[str], prefix: str) -> List[str]:
    """""" Filter an input list of strings only for ones that start with a given prefix.
    >>> filter_by_prefix([], 'a')
    []
    >>> filter_by_prefix(['abc', 'bcd', 'cde', 'array'], 'a')
    ['abc', 'array']
    """"""
    return [x for x in strings if x.startswith(prefix)]",,,,,,,
Q31,HumanEval-30,humaneval,"Complete the following Python function. Return only the full function implementation.

def get_positive(l: list):
    """"""Return only positive numbers in the list.
    >>> get_positive([-1, 2, -4, 5, 6])
    [2, 5, 6]
    >>> get_positive([5, 3, -5, 2, -3, 3, 9, 0, 123, 1, -10])
    [5, 3, 2, 3, 9, 123, 1]
    """"""","def get_positive(l: list):
    """"""Return only positive numbers in the list.
    >>> get_positive([-1, 2, -4, 5, 6])
    [2, 5, 6]
    >>> get_positive([5, 3, -5, 2, -3, 3, 9, 0, 123, 1, -10])
    [5, 3, 2, 3, 9, 123, 1]
    """"""
    return [e for e in l if e > 0]",,,,,,,
Q32,HumanEval-31,humaneval,"Complete the following Python function. Return only the full function implementation.

def is_prime(n):
    """"""Return true if a given number is prime, and false otherwise.
    >>> is_prime(6)
    False
    >>> is_prime(101)
    True
    >>> is_prime(11)
    True
    >>> is_prime(13441)
    True
    >>> is_prime(61)
    True
    >>> is_prime(4)
    False
    >>> is_prime(1)
    False
    """"""","def is_prime(n):
    """"""Return true if a given number is prime, and false otherwise.
    >>> is_prime(6)
    False
    >>> is_prime(101)
    True
    >>> is_prime(11)
    True
    >>> is_prime(13441)
    True
    >>> is_prime(61)
    True
    >>> is_prime(4)
    False
    >>> is_prime(1)
    False
    """"""
    if n < 2:
        return False
    for k in range(2, n - 1):
        if n % k == 0:
            return False
    return True",,,,,,,
Q33,HumanEval-32,humaneval,"Complete the following Python function. Return only the full function implementation.

import math


def poly(xs: list, x: float):
    """"""
    Evaluates polynomial with coefficients xs at point x.
    return xs[0] + xs[1] * x + xs[1] * x^2 + .... xs[n] * x^n
    """"""
    return sum([coeff * math.pow(x, i) for i, coeff in enumerate(xs)])


def find_zero(xs: list):
    """""" xs are coefficients of a polynomial.
    find_zero find x such that poly(x) = 0.
    find_zero returns only only zero point, even if there are many.
    Moreover, find_zero only takes list xs having even number of coefficients
    and largest non zero coefficient as it guarantees
    a solution.
    >>> round(find_zero([1, 2]), 2) # f(x) = 1 + 2x
    -0.5
    >>> round(find_zero([-6, 11, -6, 1]), 2) # (x - 1) * (x - 2) * (x - 3) = -6 + 11x - 6x^2 + x^3
    1.0
    """"""","import math


def poly(xs: list, x: float):
    """"""
    Evaluates polynomial with coefficients xs at point x.
    return xs[0] + xs[1] * x + xs[1] * x^2 + .... xs[n] * x^n
    """"""
    return sum([coeff * math.pow(x, i) for i, coeff in enumerate(xs)])


def find_zero(xs: list):
    """""" xs are coefficients of a polynomial.
    find_zero find x such that poly(x) = 0.
    find_zero returns only only zero point, even if there are many.
    Moreover, find_zero only takes list xs having even number of coefficients
    and largest non zero coefficient as it guarantees
    a solution.
    >>> round(find_zero([1, 2]), 2) # f(x) = 1 + 2x
    -0.5
    >>> round(find_zero([-6, 11, -6, 1]), 2) # (x - 1) * (x - 2) * (x - 3) = -6 + 11x - 6x^2 + x^3
    1.0
    """"""
    begin, end = -1., 1.
    while poly(xs, begin) * poly(xs, end) > 0:
        begin *= 2.0
        end *= 2.0
    while end - begin > 1e-10:
        center = (begin + end) / 2.0
        if poly(xs, center) * poly(xs, begin) > 0:
            begin = center
        else:
            end = center
    return begin",,,,,,,
Q34,HumanEval-33,humaneval,"Complete the following Python function. Return only the full function implementation.

def sort_third(l: list):
    """"""This function takes a list l and returns a list l' such that
    l' is identical to l in the indicies that are not divisible by three, while its values at the indicies that are divisible by three are equal
    to the values of the corresponding indicies of l, but sorted.
    >>> sort_third([1, 2, 3])
    [1, 2, 3]
    >>> sort_third([5, 6, 3, 4, 8, 9, 2])
    [2, 6, 3, 4, 8, 9, 5]
    """"""","def sort_third(l: list):
    """"""This function takes a list l and returns a list l' such that
    l' is identical to l in the indicies that are not divisible by three, while its values at the indicies that are divisible by three are equal
    to the values of the corresponding indicies of l, but sorted.
    >>> sort_third([1, 2, 3])
    [1, 2, 3]
    >>> sort_third([5, 6, 3, 4, 8, 9, 2])
    [2, 6, 3, 4, 8, 9, 5]
    """"""
    l = list(l)
    l[::3] = sorted(l[::3])
    return l",,,,,,,
Q35,HumanEval-34,humaneval,"Complete the following Python function. Return only the full function implementation.

def unique(l: list):
    """"""Return sorted unique elements in a list
    >>> unique([5, 3, 5, 2, 3, 3, 9, 0, 123])
    [0, 2, 3, 5, 9, 123]
    """"""","def unique(l: list):
    """"""Return sorted unique elements in a list
    >>> unique([5, 3, 5, 2, 3, 3, 9, 0, 123])
    [0, 2, 3, 5, 9, 123]
    """"""
    return sorted(list(set(l)))",,,,,,,
Q36,HumanEval-35,humaneval,"Complete the following Python function. Return only the full function implementation.

def max_element(l: list):
    """"""Return maximum element in the list.
    >>> max_element([1, 2, 3])
    3
    >>> max_element([5, 3, -5, 2, -3, 3, 9, 0, 123, 1, -10])
    123
    """"""","def max_element(l: list):
    """"""Return maximum element in the list.
    >>> max_element([1, 2, 3])
    3
    >>> max_element([5, 3, -5, 2, -3, 3, 9, 0, 123, 1, -10])
    123
    """"""
    m = l[0]
    for e in l:
        if e > m:
            m = e
    return m",,,,,,,
Q37,HumanEval-36,humaneval,"Complete the following Python function. Return only the full function implementation.

def fizz_buzz(n: int):
    """"""Return the number of times the digit 7 appears in integers less than n which are divisible by 11 or 13.
    >>> fizz_buzz(50)
    0
    >>> fizz_buzz(78)
    2
    >>> fizz_buzz(79)
    3
    """"""","def fizz_buzz(n: int):
    """"""Return the number of times the digit 7 appears in integers less than n which are divisible by 11 or 13.
    >>> fizz_buzz(50)
    0
    >>> fizz_buzz(78)
    2
    >>> fizz_buzz(79)
    3
    """"""
    ns = []
    for i in range(n):
        if i % 11 == 0 or i % 13 == 0:
            ns.append(i)
    s = ''.join(list(map(str, ns)))
    ans = 0
    for c in s:
        ans += (c == '7')
    return ans",,,,,,,
Q38,HumanEval-37,humaneval,"Complete the following Python function. Return only the full function implementation.

def sort_even(l: list):
    """"""This function takes a list l and returns a list l' such that
    l' is identical to l in the odd indicies, while its values at the even indicies are equal
    to the values of the even indicies of l, but sorted.
    >>> sort_even([1, 2, 3])
    [1, 2, 3]
    >>> sort_even([5, 6, 3, 4])
    [3, 6, 5, 4]
    """"""","def sort_even(l: list):
    """"""This function takes a list l and returns a list l' such that
    l' is identical to l in the odd indicies, while its values at the even indicies are equal
    to the values of the even indicies of l, but sorted.
    >>> sort_even([1, 2, 3])
    [1, 2, 3]
    >>> sort_even([5, 6, 3, 4])
    [3, 6, 5, 4]
    """"""
    evens = l[::2]
    odds = l[1::2]
    evens.sort()
    ans = []
    for e, o in zip(evens, odds):
        ans.extend([e, o])
    if len(evens) > len(odds):
        ans.append(evens[-1])
    return ans",,,,,,,
Q39,HumanEval-38,humaneval,"Complete the following Python function. Return only the full function implementation.

def encode_cyclic(s: str):
    """"""
    returns encoded string by cycling groups of three characters.
    """"""
    # split string to groups. Each of length 3.
    groups = [s[(3 * i):min((3 * i + 3), len(s))] for i in range((len(s) + 2) // 3)]
    # cycle elements in each group. Unless group has fewer elements than 3.
    groups = [(group[1:] + group[0]) if len(group) == 3 else group for group in groups]
    return """".join(groups)


def decode_cyclic(s: str):
    """"""
    takes as input string encoded with encode_cyclic function. Returns decoded string.
    """"""","def encode_cyclic(s: str):
    """"""
    returns encoded string by cycling groups of three characters.
    """"""
    # split string to groups. Each of length 3.
    groups = [s[(3 * i):min((3 * i + 3), len(s))] for i in range((len(s) + 2) // 3)]
    # cycle elements in each group. Unless group has fewer elements than 3.
    groups = [(group[1:] + group[0]) if len(group) == 3 else group for group in groups]
    return """".join(groups)


def decode_cyclic(s: str):
    """"""
    takes as input string encoded with encode_cyclic function. Returns decoded string.
    """"""
    return encode_cyclic(encode_cyclic(s))",,,,,,,
Q40,HumanEval-39,humaneval,"Complete the following Python function. Return only the full function implementation.

def prime_fib(n: int):
    """"""
    prime_fib returns n-th number that is a Fibonacci number and it's also prime.
    >>> prime_fib(1)
    2
    >>> prime_fib(2)
    3
    >>> prime_fib(3)
    5
    >>> prime_fib(4)
    13
    >>> prime_fib(5)
    89
    """"""","def prime_fib(n: int):
    """"""
    prime_fib returns n-th number that is a Fibonacci number and it's also prime.
    >>> prime_fib(1)
    2
    >>> prime_fib(2)
    3
    >>> prime_fib(3)
    5
    >>> prime_fib(4)
    13
    >>> prime_fib(5)
    89
    """"""
    import math

    def is_prime(p):
        if p < 2:
            return False
        for k in range(2, min(int(math.sqrt(p)) + 1, p - 1)):
            if p % k == 0:
                return False
        return True
    f = [0, 1]
    while True:
        f.append(f[-1] + f[-2])
        if is_prime(f[-1]):
            n -= 1
        if n == 0:
            return f[-1]",,,,,,,
Q41,HumanEval-40,humaneval,"Complete the following Python function. Return only the full function implementation.

def triples_sum_to_zero(l: list):
    """"""
    triples_sum_to_zero takes a list of integers as an input.
    it returns True if there are three distinct elements in the list that
    sum to zero, and False otherwise.

    >>> triples_sum_to_zero([1, 3, 5, 0])
    False
    >>> triples_sum_to_zero([1, 3, -2, 1])
    True
    >>> triples_sum_to_zero([1, 2, 3, 7])
    False
    >>> triples_sum_to_zero([2, 4, -5, 3, 9, 7])
    True
    >>> triples_sum_to_zero([1])
    False
    """"""","def triples_sum_to_zero(l: list):
    """"""
    triples_sum_to_zero takes a list of integers as an input.
    it returns True if there are three distinct elements in the list that
    sum to zero, and False otherwise.

    >>> triples_sum_to_zero([1, 3, 5, 0])
    False
    >>> triples_sum_to_zero([1, 3, -2, 1])
    True
    >>> triples_sum_to_zero([1, 2, 3, 7])
    False
    >>> triples_sum_to_zero([2, 4, -5, 3, 9, 7])
    True
    >>> triples_sum_to_zero([1])
    False
    """"""
    for i in range(len(l)):
        for j in range(i + 1, len(l)):
            for k in range(j + 1, len(l)):
                if l[i] + l[j] + l[k] == 0:
                    return True
    return False",,,,,,,
Q42,HumanEval-41,humaneval,"Complete the following Python function. Return only the full function implementation.

def car_race_collision(n: int):
    """"""
    Imagine a road that's a perfectly straight infinitely long line.
    n cars are driving left to right;  simultaneously, a different set of n cars
    are driving right to left.   The two sets of cars start out being very far from
    each other.  All cars move in the same speed.  Two cars are said to collide
    when a car that's moving left to right hits a car that's moving right to left.
    However, the cars are infinitely sturdy and strong; as a result, they continue moving
    in their trajectory as if they did not collide.

    This function outputs the number of such collisions.
    """"""","def car_race_collision(n: int):
    """"""
    Imagine a road that's a perfectly straight infinitely long line.
    n cars are driving left to right;  simultaneously, a different set of n cars
    are driving right to left.   The two sets of cars start out being very far from
    each other.  All cars move in the same speed.  Two cars are said to collide
    when a car that's moving left to right hits a car that's moving right to left.
    However, the cars are infinitely sturdy and strong; as a result, they continue moving
    in their trajectory as if they did not collide.

    This function outputs the number of such collisions.
    """"""
    return n**2",,,,,,,
Q43,HumanEval-42,humaneval,"Complete the following Python function. Return only the full function implementation.

def incr_list(l: list):
    """"""Return list with elements incremented by 1.
    >>> incr_list([1, 2, 3])
    [2, 3, 4]
    >>> incr_list([5, 3, 5, 2, 3, 3, 9, 0, 123])
    [6, 4, 6, 3, 4, 4, 10, 1, 124]
    """"""","def incr_list(l: list):
    """"""Return list with elements incremented by 1.
    >>> incr_list([1, 2, 3])
    [2, 3, 4]
    >>> incr_list([5, 3, 5, 2, 3, 3, 9, 0, 123])
    [6, 4, 6, 3, 4, 4, 10, 1, 124]
    """"""
    return [(e + 1) for e in l]",,,,,,,
Q44,HumanEval-43,humaneval,"Complete the following Python function. Return only the full function implementation.

def pairs_sum_to_zero(l):
    """"""
    pairs_sum_to_zero takes a list of integers as an input.
    it returns True if there are two distinct elements in the list that
    sum to zero, and False otherwise.
    >>> pairs_sum_to_zero([1, 3, 5, 0])
    False
    >>> pairs_sum_to_zero([1, 3, -2, 1])
    False
    >>> pairs_sum_to_zero([1, 2, 3, 7])
    False
    >>> pairs_sum_to_zero([2, 4, -5, 3, 5, 7])
    True
    >>> pairs_sum_to_zero([1])
    False
    """"""","def pairs_sum_to_zero(l):
    """"""
    pairs_sum_to_zero takes a list of integers as an input.
    it returns True if there are two distinct elements in the list that
    sum to zero, and False otherwise.
    >>> pairs_sum_to_zero([1, 3, 5, 0])
    False
    >>> pairs_sum_to_zero([1, 3, -2, 1])
    False
    >>> pairs_sum_to_zero([1, 2, 3, 7])
    False
    >>> pairs_sum_to_zero([2, 4, -5, 3, 5, 7])
    True
    >>> pairs_sum_to_zero([1])
    False
    """"""
    for i, l1 in enumerate(l):
        for j in range(i + 1, len(l)):
            if l1 + l[j] == 0:
                return True
    return False",,,,,,,
Q45,HumanEval-44,humaneval,"Complete the following Python function. Return only the full function implementation.

def change_base(x: int, base: int):
    """"""Change numerical base of input number x to base.
    return string representation after the conversion.
    base numbers are less than 10.
    >>> change_base(8, 3)
    '22'
    >>> change_base(8, 2)
    '1000'
    >>> change_base(7, 2)
    '111'
    """"""","def change_base(x: int, base: int):
    """"""Change numerical base of input number x to base.
    return string representation after the conversion.
    base numbers are less than 10.
    >>> change_base(8, 3)
    '22'
    >>> change_base(8, 2)
    '1000'
    >>> change_base(7, 2)
    '111'
    """"""
    ret = """"
    while x > 0:
        ret = str(x % base) + ret
        x //= base
    return ret",,,,,,,
Q46,HumanEval-45,humaneval,"Complete the following Python function. Return only the full function implementation.

def triangle_area(a, h):
    """"""Given length of a side and high return area for a triangle.
    >>> triangle_area(5, 3)
    7.5
    """"""","def triangle_area(a, h):
    """"""Given length of a side and high return area for a triangle.
    >>> triangle_area(5, 3)
    7.5
    """"""
    return a * h / 2.0",,,,,,,
Q47,HumanEval-46,humaneval,"Complete the following Python function. Return only the full function implementation.

def fib4(n: int):
    """"""The Fib4 number sequence is a sequence similar to the Fibbonacci sequnece that's defined as follows:
    fib4(0) -> 0
    fib4(1) -> 0
    fib4(2) -> 2
    fib4(3) -> 0
    fib4(n) -> fib4(n-1) + fib4(n-2) + fib4(n-3) + fib4(n-4).
    Please write a function to efficiently compute the n-th element of the fib4 number sequence.  Do not use recursion.
    >>> fib4(5)
    4
    >>> fib4(6)
    8
    >>> fib4(7)
    14
    """"""","def fib4(n: int):
    """"""The Fib4 number sequence is a sequence similar to the Fibbonacci sequnece that's defined as follows:
    fib4(0) -> 0
    fib4(1) -> 0
    fib4(2) -> 2
    fib4(3) -> 0
    fib4(n) -> fib4(n-1) + fib4(n-2) + fib4(n-3) + fib4(n-4).
    Please write a function to efficiently compute the n-th element of the fib4 number sequence.  Do not use recursion.
    >>> fib4(5)
    4
    >>> fib4(6)
    8
    >>> fib4(7)
    14
    """"""
    results = [0, 0, 2, 0]
    if n < 4:
        return results[n]

    for _ in range(4, n + 1):
        results.append(results[-1] + results[-2] + results[-3] + results[-4])
        results.pop(0)

    return results[-1]",,,,,,,
Q48,HumanEval-47,humaneval,"Complete the following Python function. Return only the full function implementation.

def median(l: list):
    """"""Return median of elements in the list l.
    >>> median([3, 1, 2, 4, 5])
    3
    >>> median([-10, 4, 6, 1000, 10, 20])
    15.0
    """"""","def median(l: list):
    """"""Return median of elements in the list l.
    >>> median([3, 1, 2, 4, 5])
    3
    >>> median([-10, 4, 6, 1000, 10, 20])
    15.0
    """"""
    l = sorted(l)
    if len(l) % 2 == 1:
        return l[len(l) // 2]
    else:
        return (l[len(l) // 2 - 1] + l[len(l) // 2]) / 2.0",,,,,,,
Q49,HumanEval-48,humaneval,"Complete the following Python function. Return only the full function implementation.

def is_palindrome(text: str):
    """"""
    Checks if given string is a palindrome
    >>> is_palindrome('')
    True
    >>> is_palindrome('aba')
    True
    >>> is_palindrome('aaaaa')
    True
    >>> is_palindrome('zbcd')
    False
    """"""","def is_palindrome(text: str):
    """"""
    Checks if given string is a palindrome
    >>> is_palindrome('')
    True
    >>> is_palindrome('aba')
    True
    >>> is_palindrome('aaaaa')
    True
    >>> is_palindrome('zbcd')
    False
    """"""
    for i in range(len(text)):
        if text[i] != text[len(text) - 1 - i]:
            return False
    return True",,,,,,,
Q50,HumanEval-49,humaneval,"Complete the following Python function. Return only the full function implementation.

def modp(n: int, p: int):
    """"""Return 2^n modulo p (be aware of numerics).
    >>> modp(3, 5)
    3
    >>> modp(1101, 101)
    2
    >>> modp(0, 101)
    1
    >>> modp(3, 11)
    8
    >>> modp(100, 101)
    1
    """"""","def modp(n: int, p: int):
    """"""Return 2^n modulo p (be aware of numerics).
    >>> modp(3, 5)
    3
    >>> modp(1101, 101)
    2
    >>> modp(0, 101)
    1
    >>> modp(3, 11)
    8
    >>> modp(100, 101)
    1
    """"""
    ret = 1
    for i in range(n):
        ret = (2 * ret) % p
    return ret",,,,,,,
Q51,HumanEval-50,humaneval,"Complete the following Python function. Return only the full function implementation.

def encode_shift(s: str):
    """"""
    returns encoded string by shifting every character by 5 in the alphabet.
    """"""
    return """".join([chr(((ord(ch) + 5 - ord(""a"")) % 26) + ord(""a"")) for ch in s])


def decode_shift(s: str):
    """"""
    takes as input string encoded with encode_shift function. Returns decoded string.
    """"""","def encode_shift(s: str):
    """"""
    returns encoded string by shifting every character by 5 in the alphabet.
    """"""
    return """".join([chr(((ord(ch) + 5 - ord(""a"")) % 26) + ord(""a"")) for ch in s])


def decode_shift(s: str):
    """"""
    takes as input string encoded with encode_shift function. Returns decoded string.
    """"""
    return """".join([chr(((ord(ch) - 5 - ord(""a"")) % 26) + ord(""a"")) for ch in s])",,,,,,,
Q52,HumanEval-51,humaneval,"Complete the following Python function. Return only the full function implementation.

def remove_vowels(text):
    """"""
    remove_vowels is a function that takes string and returns string without vowels.
    >>> remove_vowels('')
    ''
    >>> remove_vowels(""abcdef\nghijklm"")
    'bcdf\nghjklm'
    >>> remove_vowels('abcdef')
    'bcdf'
    >>> remove_vowels('aaaaa')
    ''
    >>> remove_vowels('aaBAA')
    'B'
    >>> remove_vowels('zbcd')
    'zbcd'
    """"""","def remove_vowels(text):
    """"""
    remove_vowels is a function that takes string and returns string without vowels.
    >>> remove_vowels('')
    ''
    >>> remove_vowels(""abcdef\nghijklm"")
    'bcdf\nghjklm'
    >>> remove_vowels('abcdef')
    'bcdf'
    >>> remove_vowels('aaaaa')
    ''
    >>> remove_vowels('aaBAA')
    'B'
    >>> remove_vowels('zbcd')
    'zbcd'
    """"""
    return """".join([s for s in text if s.lower() not in [""a"", ""e"", ""i"", ""o"", ""u""]])",,,,,,,
Q53,HumanEval-52,humaneval,"Complete the following Python function. Return only the full function implementation.

def below_threshold(l: list, t: int):
    """"""Return True if all numbers in the list l are below threshold t.
    >>> below_threshold([1, 2, 4, 10], 100)
    True
    >>> below_threshold([1, 20, 4, 10], 5)
    False
    """"""","def below_threshold(l: list, t: int):
    """"""Return True if all numbers in the list l are below threshold t.
    >>> below_threshold([1, 2, 4, 10], 100)
    True
    >>> below_threshold([1, 20, 4, 10], 5)
    False
    """"""
    for e in l:
        if e >= t:
            return False
    return True",,,,,,,
Q54,HumanEval-53,humaneval,"Complete the following Python function. Return only the full function implementation.

def add(x: int, y: int):
    """"""Add two numbers x and y
    >>> add(2, 3)
    5
    >>> add(5, 7)
    12
    """"""","def add(x: int, y: int):
    """"""Add two numbers x and y
    >>> add(2, 3)
    5
    >>> add(5, 7)
    12
    """"""
    return x + y",,,,,,,
Q55,HumanEval-54,humaneval,"Complete the following Python function. Return only the full function implementation.

def same_chars(s0: str, s1: str):
    """"""
    Check if two words have the same characters.
    >>> same_chars('eabcdzzzz', 'dddzzzzzzzddeddabc')
    True
    >>> same_chars('abcd', 'dddddddabc')
    True
    >>> same_chars('dddddddabc', 'abcd')
    True
    >>> same_chars('eabcd', 'dddddddabc')
    False
    >>> same_chars('abcd', 'dddddddabce')
    False
    >>> same_chars('eabcdzzzz', 'dddzzzzzzzddddabc')
    False
    """"""","def same_chars(s0: str, s1: str):
    """"""
    Check if two words have the same characters.
    >>> same_chars('eabcdzzzz', 'dddzzzzzzzddeddabc')
    True
    >>> same_chars('abcd', 'dddddddabc')
    True
    >>> same_chars('dddddddabc', 'abcd')
    True
    >>> same_chars('eabcd', 'dddddddabc')
    False
    >>> same_chars('abcd', 'dddddddabce')
    False
    >>> same_chars('eabcdzzzz', 'dddzzzzzzzddddabc')
    False
    """"""
    return set(s0) == set(s1)",,,,,,,
Q56,HumanEval-55,humaneval,"Complete the following Python function. Return only the full function implementation.

def fib(n: int):
    """"""Return n-th Fibonacci number.
    >>> fib(10)
    55
    >>> fib(1)
    1
    >>> fib(8)
    21
    """"""","def fib(n: int):
    """"""Return n-th Fibonacci number.
    >>> fib(10)
    55
    >>> fib(1)
    1
    >>> fib(8)
    21
    """"""
    if n == 0:
        return 0
    if n == 1:
        return 1
    return fib(n - 1) + fib(n - 2)",,,,,,,
Q57,HumanEval-56,humaneval,"Complete the following Python function. Return only the full function implementation.

def correct_bracketing(brackets: str):
    """""" brackets is a string of ""<"" and "">"".
    return True if every opening bracket has a corresponding closing bracket.

    >>> correct_bracketing(""<"")
    False
    >>> correct_bracketing(""<>"")
    True
    >>> correct_bracketing(""<<><>>"")
    True
    >>> correct_bracketing(""><<>"")
    False
    """"""","def correct_bracketing(brackets: str):
    """""" brackets is a string of ""<"" and "">"".
    return True if every opening bracket has a corresponding closing bracket.

    >>> correct_bracketing(""<"")
    False
    >>> correct_bracketing(""<>"")
    True
    >>> correct_bracketing(""<<><>>"")
    True
    >>> correct_bracketing(""><<>"")
    False
    """"""
    depth = 0
    for b in brackets:
        if b == ""<"":
            depth += 1
        else:
            depth -= 1
        if depth < 0:
            return False
    return depth == 0",,,,,,,
Q58,HumanEval-57,humaneval,"Complete the following Python function. Return only the full function implementation.

def monotonic(l: list):
    """"""Return True is list elements are monotonically increasing or decreasing.
    >>> monotonic([1, 2, 4, 20])
    True
    >>> monotonic([1, 20, 4, 10])
    False
    >>> monotonic([4, 1, 0, -10])
    True
    """"""","def monotonic(l: list):
    """"""Return True is list elements are monotonically increasing or decreasing.
    >>> monotonic([1, 2, 4, 20])
    True
    >>> monotonic([1, 20, 4, 10])
    False
    >>> monotonic([4, 1, 0, -10])
    True
    """"""
    if l == sorted(l) or l == sorted(l, reverse=True):
        return True
    return False",,,,,,,
Q59,HumanEval-58,humaneval,"Complete the following Python function. Return only the full function implementation.

def common(l1: list, l2: list):
    """"""Return sorted unique common elements for two lists.
    >>> common([1, 4, 3, 34, 653, 2, 5], [5, 7, 1, 5, 9, 653, 121])
    [1, 5, 653]
    >>> common([5, 3, 2, 8], [3, 2])
    [2, 3]

    """"""","def common(l1: list, l2: list):
    """"""Return sorted unique common elements for two lists.
    >>> common([1, 4, 3, 34, 653, 2, 5], [5, 7, 1, 5, 9, 653, 121])
    [1, 5, 653]
    >>> common([5, 3, 2, 8], [3, 2])
    [2, 3]

    """"""
    ret = set()
    for e1 in l1:
        for e2 in l2:
            if e1 == e2:
                ret.add(e1)
    return sorted(list(ret))",,,,,,,
Q60,HumanEval-59,humaneval,"Complete the following Python function. Return only the full function implementation.

def largest_prime_factor(n: int):
    """"""Return the largest prime factor of n. Assume n > 1 and is not a prime.
    >>> largest_prime_factor(13195)
    29
    >>> largest_prime_factor(2048)
    2
    """"""","def largest_prime_factor(n: int):
    """"""Return the largest prime factor of n. Assume n > 1 and is not a prime.
    >>> largest_prime_factor(13195)
    29
    >>> largest_prime_factor(2048)
    2
    """"""
    def is_prime(k):
        if k < 2:
            return False
        for i in range(2, k - 1):
            if k % i == 0:
                return False
        return True
    largest = 1
    for j in range(2, n + 1):
        if n % j == 0 and is_prime(j):
            largest = max(largest, j)
    return largest",,,,,,,
Q61,HumanEval-60,humaneval,"Complete the following Python function. Return only the full function implementation.

def sum_to_n(n: int):
    """"""sum_to_n is a function that sums numbers from 1 to n.
    >>> sum_to_n(30)
    465
    >>> sum_to_n(100)
    5050
    >>> sum_to_n(5)
    15
    >>> sum_to_n(10)
    55
    >>> sum_to_n(1)
    1
    """"""","def sum_to_n(n: int):
    """"""sum_to_n is a function that sums numbers from 1 to n.
    >>> sum_to_n(30)
    465
    >>> sum_to_n(100)
    5050
    >>> sum_to_n(5)
    15
    >>> sum_to_n(10)
    55
    >>> sum_to_n(1)
    1
    """"""
    return sum(range(n + 1))",,,,,,,
Q62,HumanEval-61,humaneval,"Complete the following Python function. Return only the full function implementation.

def correct_bracketing(brackets: str):
    """""" brackets is a string of ""("" and "")"".
    return True if every opening bracket has a corresponding closing bracket.

    >>> correct_bracketing(""("")
    False
    >>> correct_bracketing(""()"")
    True
    >>> correct_bracketing(""(()())"")
    True
    >>> correct_bracketing("")(()"")
    False
    """"""","def correct_bracketing(brackets: str):
    """""" brackets is a string of ""("" and "")"".
    return True if every opening bracket has a corresponding closing bracket.

    >>> correct_bracketing(""("")
    False
    >>> correct_bracketing(""()"")
    True
    >>> correct_bracketing(""(()())"")
    True
    >>> correct_bracketing("")(()"")
    False
    """"""
    depth = 0
    for b in brackets:
        if b == ""("":
            depth += 1
        else:
            depth -= 1
        if depth < 0:
            return False
    return depth == 0",,,,,,,
Q63,HumanEval-62,humaneval,"Complete the following Python function. Return only the full function implementation.

def derivative(xs: list):
    """""" xs represent coefficients of a polynomial.
    xs[0] + xs[1] * x + xs[2] * x^2 + ....
     Return derivative of this polynomial in the same form.
    >>> derivative([3, 1, 2, 4, 5])
    [1, 4, 12, 20]
    >>> derivative([1, 2, 3])
    [2, 6]
    """"""","def derivative(xs: list):
    """""" xs represent coefficients of a polynomial.
    xs[0] + xs[1] * x + xs[2] * x^2 + ....
     Return derivative of this polynomial in the same form.
    >>> derivative([3, 1, 2, 4, 5])
    [1, 4, 12, 20]
    >>> derivative([1, 2, 3])
    [2, 6]
    """"""
    return [(i * x) for i, x in enumerate(xs)][1:]",,,,,,,
Q64,HumanEval-63,humaneval,"Complete the following Python function. Return only the full function implementation.

def fibfib(n: int):
    """"""The FibFib number sequence is a sequence similar to the Fibbonacci sequnece that's defined as follows:
    fibfib(0) == 0
    fibfib(1) == 0
    fibfib(2) == 1
    fibfib(n) == fibfib(n-1) + fibfib(n-2) + fibfib(n-3).
    Please write a function to efficiently compute the n-th element of the fibfib number sequence.
    >>> fibfib(1)
    0
    >>> fibfib(5)
    4
    >>> fibfib(8)
    24
    """"""","def fibfib(n: int):
    """"""The FibFib number sequence is a sequence similar to the Fibbonacci sequnece that's defined as follows:
    fibfib(0) == 0
    fibfib(1) == 0
    fibfib(2) == 1
    fibfib(n) == fibfib(n-1) + fibfib(n-2) + fibfib(n-3).
    Please write a function to efficiently compute the n-th element of the fibfib number sequence.
    >>> fibfib(1)
    0
    >>> fibfib(5)
    4
    >>> fibfib(8)
    24
    """"""
    if n == 0:
        return 0
    if n == 1:
        return 0
    if n == 2:
        return 1
    return fibfib(n - 1) + fibfib(n - 2) + fibfib(n - 3)",,,,,,,
Q65,HumanEval-64,humaneval,"Complete the following Python function. Return only the full function implementation.

FIX = """"""
Add more test cases.
""""""

def vowels_count(s):
    """"""Write a function vowels_count which takes a string representing
    a word as input and returns the number of vowels in the string.
    Vowels in this case are 'a', 'e', 'i', 'o', 'u'. Here, 'y' is also a
    vowel, but only when it is at the end of the given word.

    Example:
    >>> vowels_count(""abcde"")
    2
    >>> vowels_count(""ACEDY"")
    3
    """"""","FIX = """"""
Add more test cases.
""""""

def vowels_count(s):
    """"""Write a function vowels_count which takes a string representing
    a word as input and returns the number of vowels in the string.
    Vowels in this case are 'a', 'e', 'i', 'o', 'u'. Here, 'y' is also a
    vowel, but only when it is at the end of the given word.

    Example:
    >>> vowels_count(""abcde"")
    2
    >>> vowels_count(""ACEDY"")
    3
    """"""
    vowels = ""aeiouAEIOU""
    n_vowels = sum(c in vowels for c in s)
    if s[-1] == 'y' or s[-1] == 'Y':
        n_vowels += 1
    return n_vowels",,,,,,,
Q66,HumanEval-65,humaneval,"Complete the following Python function. Return only the full function implementation.

def circular_shift(x, shift):
    """"""Circular shift the digits of the integer x, shift the digits right by shift
    and return the result as a string.
    If shift > number of digits, return digits reversed.
    >>> circular_shift(12, 1)
    ""21""
    >>> circular_shift(12, 2)
    ""12""
    """"""","def circular_shift(x, shift):
    """"""Circular shift the digits of the integer x, shift the digits right by shift
    and return the result as a string.
    If shift > number of digits, return digits reversed.
    >>> circular_shift(12, 1)
    ""21""
    >>> circular_shift(12, 2)
    ""12""
    """"""
    s = str(x)
    if shift > len(s):
        return s[::-1]
    else:
        return s[len(s) - shift:] + s[:len(s) - shift]",,,,,,,
Q67,HumanEval-66,humaneval,"Complete the following Python function. Return only the full function implementation.

def digitSum(s):
    """"""Task
    Write a function that takes a string as input and returns the sum of the upper characters only'
    ASCII codes.

    Examples:
        digitSum("""") => 0
        digitSum(""abAB"") => 131
        digitSum(""abcCd"") => 67
        digitSum(""helloE"") => 69
        digitSum(""woArBld"") => 131
        digitSum(""aAaaaXa"") => 153
    """"""","def digitSum(s):
    """"""Task
    Write a function that takes a string as input and returns the sum of the upper characters only'
    ASCII codes.

    Examples:
        digitSum("""") => 0
        digitSum(""abAB"") => 131
        digitSum(""abcCd"") => 67
        digitSum(""helloE"") => 69
        digitSum(""woArBld"") => 131
        digitSum(""aAaaaXa"") => 153
    """"""
    if s == """": return 0
    return sum(ord(char) if char.isupper() else 0 for char in s)",,,,,,,
Q68,HumanEval-67,humaneval,"Complete the following Python function. Return only the full function implementation.

def fruit_distribution(s,n):
    """"""
    In this task, you will be given a string that represents a number of apples and oranges 
    that are distributed in a basket of fruit this basket contains 
    apples, oranges, and mango fruits. Given the string that represents the total number of 
    the oranges and apples and an integer that represent the total number of the fruits 
    in the basket return the number of the mango fruits in the basket.
    for examble:
    fruit_distribution(""5 apples and 6 oranges"", 19) ->19 - 5 - 6 = 8
    fruit_distribution(""0 apples and 1 oranges"",3) -> 3 - 0 - 1 = 2
    fruit_distribution(""2 apples and 3 oranges"", 100) -> 100 - 2 - 3 = 95
    fruit_distribution(""100 apples and 1 oranges"",120) -> 120 - 100 - 1 = 19
    """"""","def fruit_distribution(s,n):
    """"""
    In this task, you will be given a string that represents a number of apples and oranges 
    that are distributed in a basket of fruit this basket contains 
    apples, oranges, and mango fruits. Given the string that represents the total number of 
    the oranges and apples and an integer that represent the total number of the fruits 
    in the basket return the number of the mango fruits in the basket.
    for examble:
    fruit_distribution(""5 apples and 6 oranges"", 19) ->19 - 5 - 6 = 8
    fruit_distribution(""0 apples and 1 oranges"",3) -> 3 - 0 - 1 = 2
    fruit_distribution(""2 apples and 3 oranges"", 100) -> 100 - 2 - 3 = 95
    fruit_distribution(""100 apples and 1 oranges"",120) -> 120 - 100 - 1 = 19
    """"""
    lis = list()
    for i in s.split(' '):
        if i.isdigit():
            lis.append(int(i))
    return n - sum(lis)",,,,,,,
Q69,HumanEval-68,humaneval,"Complete the following Python function. Return only the full function implementation.

def pluck(arr):
    """"""
    ""Given an array representing a branch of a tree that has non-negative integer nodes
    your task is to pluck one of the nodes and return it.
    The plucked node should be the node with the smallest even value.
    If multiple nodes with the same smallest even value are found return the node that has smallest index.

    The plucked node should be returned in a list, [ smalest_value, its index ],
    If there are no even values or the given array is empty, return [].

    Example 1:
        Input: [4,2,3]
        Output: [2, 1]
        Explanation: 2 has the smallest even value, and 2 has the smallest index.

    Example 2:
        Input: [1,2,3]
        Output: [2, 1]
        Explanation: 2 has the smallest even value, and 2 has the smallest index. 

    Example 3:
        Input: []
        Output: []
    
    Example 4:
        Input: [5, 0, 3, 0, 4, 2]
        Output: [0, 1]
        Explanation: 0 is the smallest value, but  there are two zeros,
                     so we will choose the first zero, which has the smallest index.

    Constraints:
        * 1 <= nodes.length <= 10000
        * 0 <= node.value
    """"""","def pluck(arr):
    """"""
    ""Given an array representing a branch of a tree that has non-negative integer nodes
    your task is to pluck one of the nodes and return it.
    The plucked node should be the node with the smallest even value.
    If multiple nodes with the same smallest even value are found return the node that has smallest index.

    The plucked node should be returned in a list, [ smalest_value, its index ],
    If there are no even values or the given array is empty, return [].

    Example 1:
        Input: [4,2,3]
        Output: [2, 1]
        Explanation: 2 has the smallest even value, and 2 has the smallest index.

    Example 2:
        Input: [1,2,3]
        Output: [2, 1]
        Explanation: 2 has the smallest even value, and 2 has the smallest index. 

    Example 3:
        Input: []
        Output: []
    
    Example 4:
        Input: [5, 0, 3, 0, 4, 2]
        Output: [0, 1]
        Explanation: 0 is the smallest value, but  there are two zeros,
                     so we will choose the first zero, which has the smallest index.

    Constraints:
        * 1 <= nodes.length <= 10000
        * 0 <= node.value
    """"""
    if(len(arr) == 0): return []
    evens = list(filter(lambda x: x%2 == 0, arr))
    if(evens == []): return []
    return [min(evens), arr.index(min(evens))]",,,,,,,
Q70,HumanEval-69,humaneval,"Complete the following Python function. Return only the full function implementation.

def search(lst):
    '''
    You are given a non-empty list of positive integers. Return the greatest integer that is greater than 
    zero, and has a frequency greater than or equal to the value of the integer itself. 
    The frequency of an integer is the number of times it appears in the list.
    If no such a value exist, return -1.
    Examples:
        search([4, 1, 2, 2, 3, 1]) == 2
        search([1, 2, 2, 3, 3, 3, 4, 4, 4]) == 3
        search([5, 5, 4, 4, 4]) == -1
    '''","def search(lst):
    '''
    You are given a non-empty list of positive integers. Return the greatest integer that is greater than 
    zero, and has a frequency greater than or equal to the value of the integer itself. 
    The frequency of an integer is the number of times it appears in the list.
    If no such a value exist, return -1.
    Examples:
        search([4, 1, 2, 2, 3, 1]) == 2
        search([1, 2, 2, 3, 3, 3, 4, 4, 4]) == 3
        search([5, 5, 4, 4, 4]) == -1
    '''
    frq = [0] * (max(lst) + 1)
    for i in lst:
        frq[i] += 1;

    ans = -1
    for i in range(1, len(frq)):
        if frq[i] >= i:
            ans = i
    
    return ans",,,,,,,
Q71,HumanEval-70,humaneval,"Complete the following Python function. Return only the full function implementation.

def strange_sort_list(lst):
    '''
    Given list of integers, return list in strange order.
    Strange sorting, is when you start with the minimum value,
    then maximum of the remaining integers, then minimum and so on.

    Examples:
    strange_sort_list([1, 2, 3, 4]) == [1, 4, 2, 3]
    strange_sort_list([5, 5, 5, 5]) == [5, 5, 5, 5]
    strange_sort_list([]) == []
    '''","def strange_sort_list(lst):
    '''
    Given list of integers, return list in strange order.
    Strange sorting, is when you start with the minimum value,
    then maximum of the remaining integers, then minimum and so on.

    Examples:
    strange_sort_list([1, 2, 3, 4]) == [1, 4, 2, 3]
    strange_sort_list([5, 5, 5, 5]) == [5, 5, 5, 5]
    strange_sort_list([]) == []
    '''
    res, switch = [], True
    while lst:
        res.append(min(lst) if switch else max(lst))
        lst.remove(res[-1])
        switch = not switch
    return res",,,,,,,
Q72,HumanEval-71,humaneval,"Complete the following Python function. Return only the full function implementation.

def triangle_area(a, b, c):
    '''
    Given the lengths of the three sides of a triangle. Return the area of
    the triangle rounded to 2 decimal points if the three sides form a valid triangle. 
    Otherwise return -1
    Three sides make a valid triangle when the sum of any two sides is greater 
    than the third side.
    Example:
    triangle_area(3, 4, 5) == 6.00
    triangle_area(1, 2, 10) == -1
    '''","def triangle_area(a, b, c):
    '''
    Given the lengths of the three sides of a triangle. Return the area of
    the triangle rounded to 2 decimal points if the three sides form a valid triangle. 
    Otherwise return -1
    Three sides make a valid triangle when the sum of any two sides is greater 
    than the third side.
    Example:
    triangle_area(3, 4, 5) == 6.00
    triangle_area(1, 2, 10) == -1
    '''
    if a + b <= c or a + c <= b or b + c <= a:
        return -1 
    s = (a + b + c)/2    
    area = (s * (s - a) * (s - b) * (s - c)) ** 0.5
    area = round(area, 2)
    return area",,,,,,,
Q73,HumanEval-72,humaneval,"Complete the following Python function. Return only the full function implementation.

def will_it_fly(q,w):
    '''
    Write a function that returns True if the object q will fly, and False otherwise.
    The object q will fly if it's balanced (it is a palindromic list) and the sum of its elements is less than or equal the maximum possible weight w.

    Example:
    will_it_fly([1, 2], 5) ➞ False 
    # 1+2 is less than the maximum possible weight, but it's unbalanced.

    will_it_fly([3, 2, 3], 1) ➞ False
    # it's balanced, but 3+2+3 is more than the maximum possible weight.

    will_it_fly([3, 2, 3], 9) ➞ True
    # 3+2+3 is less than the maximum possible weight, and it's balanced.

    will_it_fly([3], 5) ➞ True
    # 3 is less than the maximum possible weight, and it's balanced.
    '''","def will_it_fly(q,w):
    '''
    Write a function that returns True if the object q will fly, and False otherwise.
    The object q will fly if it's balanced (it is a palindromic list) and the sum of its elements is less than or equal the maximum possible weight w.

    Example:
    will_it_fly([1, 2], 5) ➞ False 
    # 1+2 is less than the maximum possible weight, but it's unbalanced.

    will_it_fly([3, 2, 3], 1) ➞ False
    # it's balanced, but 3+2+3 is more than the maximum possible weight.

    will_it_fly([3, 2, 3], 9) ➞ True
    # 3+2+3 is less than the maximum possible weight, and it's balanced.

    will_it_fly([3], 5) ➞ True
    # 3 is less than the maximum possible weight, and it's balanced.
    '''
    if sum(q) > w:
        return False

    i, j = 0, len(q)-1
    while i<j:
        if q[i] != q[j]:
            return False
        i+=1
        j-=1
    return True",,,,,,,
Q74,HumanEval-73,humaneval,"Complete the following Python function. Return only the full function implementation.

def smallest_change(arr):
    """"""
    Given an array arr of integers, find the minimum number of elements that
    need to be changed to make the array palindromic. A palindromic array is an array that
    is read the same backwards and forwards. In one change, you can change one element to any other element.

    For example:
    smallest_change([1,2,3,5,4,7,9,6]) == 4
    smallest_change([1, 2, 3, 4, 3, 2, 2]) == 1
    smallest_change([1, 2, 3, 2, 1]) == 0
    """"""","def smallest_change(arr):
    """"""
    Given an array arr of integers, find the minimum number of elements that
    need to be changed to make the array palindromic. A palindromic array is an array that
    is read the same backwards and forwards. In one change, you can change one element to any other element.

    For example:
    smallest_change([1,2,3,5,4,7,9,6]) == 4
    smallest_change([1, 2, 3, 4, 3, 2, 2]) == 1
    smallest_change([1, 2, 3, 2, 1]) == 0
    """"""
    ans = 0
    for i in range(len(arr) // 2):
        if arr[i] != arr[len(arr) - i - 1]:
            ans += 1
    return ans",,,,,,,
Q75,HumanEval-74,humaneval,"Complete the following Python function. Return only the full function implementation.

def total_match(lst1, lst2):
    '''
    Write a function that accepts two lists of strings and returns the list that has 
    total number of chars in the all strings of the list less than the other list.

    if the two lists have the same number of chars, return the first list.

    Examples
    total_match([], []) ➞ []
    total_match(['hi', 'admin'], ['hI', 'Hi']) ➞ ['hI', 'Hi']
    total_match(['hi', 'admin'], ['hi', 'hi', 'admin', 'project']) ➞ ['hi', 'admin']
    total_match(['hi', 'admin'], ['hI', 'hi', 'hi']) ➞ ['hI', 'hi', 'hi']
    total_match(['4'], ['1', '2', '3', '4', '5']) ➞ ['4']
    '''","def total_match(lst1, lst2):
    '''
    Write a function that accepts two lists of strings and returns the list that has 
    total number of chars in the all strings of the list less than the other list.

    if the two lists have the same number of chars, return the first list.

    Examples
    total_match([], []) ➞ []
    total_match(['hi', 'admin'], ['hI', 'Hi']) ➞ ['hI', 'Hi']
    total_match(['hi', 'admin'], ['hi', 'hi', 'admin', 'project']) ➞ ['hi', 'admin']
    total_match(['hi', 'admin'], ['hI', 'hi', 'hi']) ➞ ['hI', 'hi', 'hi']
    total_match(['4'], ['1', '2', '3', '4', '5']) ➞ ['4']
    '''
    l1 = 0
    for st in lst1:
        l1 += len(st)
    
    l2 = 0
    for st in lst2:
        l2 += len(st)
    
    if l1 <= l2:
        return lst1
    else:
        return lst2",,,,,,,
Q76,HumanEval-75,humaneval,"Complete the following Python function. Return only the full function implementation.

def is_multiply_prime(a):
    """"""Write a function that returns true if the given number is the multiplication of 3 prime numbers
    and false otherwise.
    Knowing that (a) is less then 100. 
    Example:
    is_multiply_prime(30) == True
    30 = 2 * 3 * 5
    """"""","def is_multiply_prime(a):
    """"""Write a function that returns true if the given number is the multiplication of 3 prime numbers
    and false otherwise.
    Knowing that (a) is less then 100. 
    Example:
    is_multiply_prime(30) == True
    30 = 2 * 3 * 5
    """"""
    def is_prime(n):
        for j in range(2,n):
            if n%j == 0:
                return False
        return True

    for i in range(2,101):
        if not is_prime(i): continue
        for j in range(2,101):
            if not is_prime(j): continue
            for k in range(2,101):
                if not is_prime(k): continue
                if i*j*k == a: return True
    return False",,,,,,,
Q77,HumanEval-76,humaneval,"Complete the following Python function. Return only the full function implementation.

def is_simple_power(x, n):
    """"""Your task is to write a function that returns true if a number x is a simple
    power of n and false in other cases.
    x is a simple power of n if n**int=x
    For example:
    is_simple_power(1, 4) => true
    is_simple_power(2, 2) => true
    is_simple_power(8, 2) => true
    is_simple_power(3, 2) => false
    is_simple_power(3, 1) => false
    is_simple_power(5, 3) => false
    """"""","def is_simple_power(x, n):
    """"""Your task is to write a function that returns true if a number x is a simple
    power of n and false in other cases.
    x is a simple power of n if n**int=x
    For example:
    is_simple_power(1, 4) => true
    is_simple_power(2, 2) => true
    is_simple_power(8, 2) => true
    is_simple_power(3, 2) => false
    is_simple_power(3, 1) => false
    is_simple_power(5, 3) => false
    """"""
    if (n == 1): 
        return (x == 1) 
    power = 1
    while (power < x): 
        power = power * n 
    return (power == x)",,,,,,,
Q78,HumanEval-77,humaneval,"Complete the following Python function. Return only the full function implementation.

def iscube(a):
    '''
    Write a function that takes an integer a and returns True 
    if this ingeger is a cube of some integer number.
    Note: you may assume the input is always valid.
    Examples:
    iscube(1) ==> True
    iscube(2) ==> False
    iscube(-1) ==> True
    iscube(64) ==> True
    iscube(0) ==> True
    iscube(180) ==> False
    '''","def iscube(a):
    '''
    Write a function that takes an integer a and returns True 
    if this ingeger is a cube of some integer number.
    Note: you may assume the input is always valid.
    Examples:
    iscube(1) ==> True
    iscube(2) ==> False
    iscube(-1) ==> True
    iscube(64) ==> True
    iscube(0) ==> True
    iscube(180) ==> False
    '''
    a = abs(a)
    return int(round(a ** (1. / 3))) ** 3 == a",,,,,,,
Q79,HumanEval-78,humaneval,"Complete the following Python function. Return only the full function implementation.

def hex_key(num):
    """"""You have been tasked to write a function that receives 
    a hexadecimal number as a string and counts the number of hexadecimal 
    digits that are primes (prime number, or a prime, is a natural number 
    greater than 1 that is not a product of two smaller natural numbers).
    Hexadecimal digits are 0, 1, 2, 3, 4, 5, 6, 7, 8, 9, A, B, C, D, E, F.
    Prime numbers are 2, 3, 5, 7, 11, 13, 17,...
    So you have to determine a number of the following digits: 2, 3, 5, 7, 
    B (=decimal 11), D (=decimal 13).
    Note: you may assume the input is always correct or empty string, 
    and symbols A,B,C,D,E,F are always uppercase.
    Examples:
    For num = ""AB"" the output should be 1.
    For num = ""1077E"" the output should be 2.
    For num = ""ABED1A33"" the output should be 4.
    For num = ""123456789ABCDEF0"" the output should be 6.
    For num = ""2020"" the output should be 2.
    """"""","def hex_key(num):
    """"""You have been tasked to write a function that receives 
    a hexadecimal number as a string and counts the number of hexadecimal 
    digits that are primes (prime number, or a prime, is a natural number 
    greater than 1 that is not a product of two smaller natural numbers).
    Hexadecimal digits are 0, 1, 2, 3, 4, 5, 6, 7, 8, 9, A, B, C, D, E, F.
    Prime numbers are 2, 3, 5, 7, 11, 13, 17,...
    So you have to determine a number of the following digits: 2, 3, 5, 7, 
    B (=decimal 11), D (=decimal 13).
    Note: you may assume the input is always correct or empty string, 
    and symbols A,B,C,D,E,F are always uppercase.
    Examples:
    For num = ""AB"" the output should be 1.
    For num = ""1077E"" the output should be 2.
    For num = ""ABED1A33"" the output should be 4.
    For num = ""123456789ABCDEF0"" the output should be 6.
    For num = ""2020"" the output should be 2.
    """"""
    primes = ('2', '3', '5', '7', 'B', 'D')
    total = 0
    for i in range(0, len(num)):
        if num[i] in primes:
            total += 1
    return total",,,,,,,
Q80,HumanEval-79,humaneval,"Complete the following Python function. Return only the full function implementation.

def decimal_to_binary(decimal):
    """"""You will be given a number in decimal form and your task is to convert it to
    binary format. The function should return a string, with each character representing a binary
    number. Each character in the string will be '0' or '1'.

    There will be an extra couple of characters 'db' at the beginning and at the end of the string.
    The extra characters are there to help with the format.

    Examples:
    decimal_to_binary(15)   # returns ""db1111db""
    decimal_to_binary(32)   # returns ""db100000db""
    """"""","def decimal_to_binary(decimal):
    """"""You will be given a number in decimal form and your task is to convert it to
    binary format. The function should return a string, with each character representing a binary
    number. Each character in the string will be '0' or '1'.

    There will be an extra couple of characters 'db' at the beginning and at the end of the string.
    The extra characters are there to help with the format.

    Examples:
    decimal_to_binary(15)   # returns ""db1111db""
    decimal_to_binary(32)   # returns ""db100000db""
    """"""
    return ""db"" + bin(decimal)[2:] + ""db""",,,,,,,
Q81,HumanEval-80,humaneval,"Complete the following Python function. Return only the full function implementation.

def is_happy(s):
    """"""You are given a string s.
    Your task is to check if the string is happy or not.
    A string is happy if its length is at least 3 and every 3 consecutive letters are distinct
    For example:
    is_happy(a) => False
    is_happy(aa) => False
    is_happy(abcd) => True
    is_happy(aabb) => False
    is_happy(adb) => True
    is_happy(xyy) => False
    """"""","def is_happy(s):
    """"""You are given a string s.
    Your task is to check if the string is happy or not.
    A string is happy if its length is at least 3 and every 3 consecutive letters are distinct
    For example:
    is_happy(a) => False
    is_happy(aa) => False
    is_happy(abcd) => True
    is_happy(aabb) => False
    is_happy(adb) => True
    is_happy(xyy) => False
    """"""
    if len(s) < 3:
      return False

    for i in range(len(s) - 2):
      
      if s[i] == s[i+1] or s[i+1] == s[i+2] or s[i] == s[i+2]:
        return False
    return True",,,,,,,
Q82,HumanEval-81,humaneval,"Complete the following Python function. Return only the full function implementation.

def numerical_letter_grade(grades):
    """"""It is the last week of the semester and the teacher has to give the grades
    to students. The teacher has been making her own algorithm for grading.
    The only problem is, she has lost the code she used for grading.
    She has given you a list of GPAs for some students and you have to write 
    a function that can output a list of letter grades using the following table:
             GPA       |    Letter grade
              4.0                A+
            > 3.7                A 
            > 3.3                A- 
            > 3.0                B+
            > 2.7                B 
            > 2.3                B-
            > 2.0                C+
            > 1.7                C
            > 1.3                C-
            > 1.0                D+ 
            > 0.7                D 
            > 0.0                D-
              0.0                E
    

    Example:
    grade_equation([4.0, 3, 1.7, 2, 3.5]) ==> ['A+', 'B', 'C-', 'C', 'A-']
    """"""","def numerical_letter_grade(grades):
    """"""It is the last week of the semester and the teacher has to give the grades
    to students. The teacher has been making her own algorithm for grading.
    The only problem is, she has lost the code she used for grading.
    She has given you a list of GPAs for some students and you have to write 
    a function that can output a list of letter grades using the following table:
             GPA       |    Letter grade
              4.0                A+
            > 3.7                A 
            > 3.3                A- 
            > 3.0                B+
            > 2.7                B 
            > 2.3                B-
            > 2.0                C+
            > 1.7                C
            > 1.3                C-
            > 1.0                D+ 
            > 0.7                D 
            > 0.0                D-
              0.0                E
    

    Example:
    grade_equation([4.0, 3, 1.7, 2, 3.5]) ==> ['A+', 'B', 'C-', 'C', 'A-']
    """"""

   
    letter_grade = []
    for gpa in grades:
        if gpa == 4.0:
            letter_grade.append(""A+"")
        elif gpa > 3.7:
            letter_grade.append(""A"")
        elif gpa > 3.3:
            letter_grade.append(""A-"")
        elif gpa > 3.0:
            letter_grade.append(""B+"")
        elif gpa > 2.7:
            letter_grade.append(""B"")
        elif gpa > 2.3:
            letter_grade.append(""B-"")
        elif gpa > 2.0:
            letter_grade.append(""C+"")
        elif gpa > 1.7:
            letter_grade.append(""C"")
        elif gpa > 1.3:
            letter_grade.append(""C-"")
        elif gpa > 1.0:
            letter_grade.append(""D+"")
        elif gpa > 0.7:
            letter_grade.append(""D"")
        elif gpa > 0.0:
            letter_grade.append(""D-"")
        else:
            letter_grade.append(""E"")
    return letter_grade",,,,,,,
Q83,HumanEval-82,humaneval,"Complete the following Python function. Return only the full function implementation.

def prime_length(string):
    """"""Write a function that takes a string and returns True if the string
    length is a prime number or False otherwise
    Examples
    prime_length('Hello') == True
    prime_length('abcdcba') == True
    prime_length('kittens') == True
    prime_length('orange') == False
    """"""","def prime_length(string):
    """"""Write a function that takes a string and returns True if the string
    length is a prime number or False otherwise
    Examples
    prime_length('Hello') == True
    prime_length('abcdcba') == True
    prime_length('kittens') == True
    prime_length('orange') == False
    """"""
    l = len(string)
    if l == 0 or l == 1:
        return False
    for i in range(2, l):
        if l % i == 0:
            return False
    return True",,,,,,,
Q84,HumanEval-83,humaneval,"Complete the following Python function. Return only the full function implementation.

def starts_one_ends(n):
    """"""
    Given a positive integer n, return the count of the numbers of n-digit
    positive integers that start or end with 1.
    """"""","def starts_one_ends(n):
    """"""
    Given a positive integer n, return the count of the numbers of n-digit
    positive integers that start or end with 1.
    """"""
    if n == 1: return 1
    return 18 * (10 ** (n - 2))",,,,,,,
Q85,HumanEval-84,humaneval,"Complete the following Python function. Return only the full function implementation.

def solve(N):
    """"""Given a positive integer N, return the total sum of its digits in binary.
    
    Example
        For N = 1000, the sum of digits will be 1 the output should be ""1"".
        For N = 150, the sum of digits will be 6 the output should be ""110"".
        For N = 147, the sum of digits will be 12 the output should be ""1100"".
    
    Variables:
        @N integer
             Constraints: 0 ≤ N ≤ 10000.
    Output:
         a string of binary number
    """"""","def solve(N):
    """"""Given a positive integer N, return the total sum of its digits in binary.
    
    Example
        For N = 1000, the sum of digits will be 1 the output should be ""1"".
        For N = 150, the sum of digits will be 6 the output should be ""110"".
        For N = 147, the sum of digits will be 12 the output should be ""1100"".
    
    Variables:
        @N integer
             Constraints: 0 ≤ N ≤ 10000.
    Output:
         a string of binary number
    """"""
    return bin(sum(int(i) for i in str(N)))[2:]",,,,,,,
Q86,HumanEval-85,humaneval,"Complete the following Python function. Return only the full function implementation.

def add(lst):
    """"""Given a non-empty list of integers lst. add the even elements that are at odd indices..


    Examples:
        add([4, 2, 6, 7]) ==> 2 
    """"""","def add(lst):
    """"""Given a non-empty list of integers lst. add the even elements that are at odd indices..


    Examples:
        add([4, 2, 6, 7]) ==> 2 
    """"""
    return sum([lst[i] for i in range(1, len(lst), 2) if lst[i]%2 == 0])",,,,,,,
Q87,HumanEval-86,humaneval,"Complete the following Python function. Return only the full function implementation.

def anti_shuffle(s):
    """"""
    Write a function that takes a string and returns an ordered version of it.
    Ordered version of string, is a string where all words (separated by space)
    are replaced by a new word where all the characters arranged in
    ascending order based on ascii value.
    Note: You should keep the order of words and blank spaces in the sentence.

    For example:
    anti_shuffle('Hi') returns 'Hi'
    anti_shuffle('hello') returns 'ehllo'
    anti_shuffle('Hello World!!!') returns 'Hello !!!Wdlor'
    """"""","def anti_shuffle(s):
    """"""
    Write a function that takes a string and returns an ordered version of it.
    Ordered version of string, is a string where all words (separated by space)
    are replaced by a new word where all the characters arranged in
    ascending order based on ascii value.
    Note: You should keep the order of words and blank spaces in the sentence.

    For example:
    anti_shuffle('Hi') returns 'Hi'
    anti_shuffle('hello') returns 'ehllo'
    anti_shuffle('Hello World!!!') returns 'Hello !!!Wdlor'
    """"""
    return ' '.join([''.join(sorted(list(i))) for i in s.split(' ')])",,,,,,,
Q88,HumanEval-87,humaneval,"Complete the following Python function. Return only the full function implementation.

def get_row(lst, x):
    """"""
    You are given a 2 dimensional data, as a nested lists,
    which is similar to matrix, however, unlike matrices,
    each row may contain a different number of columns.
    Given lst, and integer x, find integers x in the list,
    and return list of tuples, [(x1, y1), (x2, y2) ...] such that
    each tuple is a coordinate - (row, columns), starting with 0.
    Sort coordinates initially by rows in ascending order.
    Also, sort coordinates of the row by columns in descending order.
    
    Examples:
    get_row([
      [1,2,3,4,5,6],
      [1,2,3,4,1,6],
      [1,2,3,4,5,1]
    ], 1) == [(0, 0), (1, 4), (1, 0), (2, 5), (2, 0)]
    get_row([], 1) == []
    get_row([[], [1], [1, 2, 3]], 3) == [(2, 2)]
    """"""","def get_row(lst, x):
    """"""
    You are given a 2 dimensional data, as a nested lists,
    which is similar to matrix, however, unlike matrices,
    each row may contain a different number of columns.
    Given lst, and integer x, find integers x in the list,
    and return list of tuples, [(x1, y1), (x2, y2) ...] such that
    each tuple is a coordinate - (row, columns), starting with 0.
    Sort coordinates initially by rows in ascending order.
    Also, sort coordinates of the row by columns in descending order.
    
    Examples:
    get_row([
      [1,2,3,4,5,6],
      [1,2,3,4,1,6],
      [1,2,3,4,5,1]
    ], 1) == [(0, 0), (1, 4), (1, 0), (2, 5), (2, 0)]
    get_row([], 1) == []
    get_row([[], [1], [1, 2, 3]], 3) == [(2, 2)]
    """"""
    coords = [(i, j) for i in range(len(lst)) for j in range(len(lst[i])) if lst[i][j] == x]
    return sorted(sorted(coords, key=lambda x: x[1], reverse=True), key=lambda x: x[0])",,,,,,,
Q89,HumanEval-88,humaneval,"Complete the following Python function. Return only the full function implementation.

def sort_array(array):
    """"""
    Given an array of non-negative integers, return a copy of the given array after sorting,
    you will sort the given array in ascending order if the sum( first index value, last index value) is odd,
    or sort it in descending order if the sum( first index value, last index value) is even.

    Note:
    * don't change the given array.

    Examples:
    * sort_array([]) => []
    * sort_array([5]) => [5]
    * sort_array([2, 4, 3, 0, 1, 5]) => [0, 1, 2, 3, 4, 5]
    * sort_array([2, 4, 3, 0, 1, 5, 6]) => [6, 5, 4, 3, 2, 1, 0]
    """"""","def sort_array(array):
    """"""
    Given an array of non-negative integers, return a copy of the given array after sorting,
    you will sort the given array in ascending order if the sum( first index value, last index value) is odd,
    or sort it in descending order if the sum( first index value, last index value) is even.

    Note:
    * don't change the given array.

    Examples:
    * sort_array([]) => []
    * sort_array([5]) => [5]
    * sort_array([2, 4, 3, 0, 1, 5]) => [0, 1, 2, 3, 4, 5]
    * sort_array([2, 4, 3, 0, 1, 5, 6]) => [6, 5, 4, 3, 2, 1, 0]
    """"""
    return [] if len(array) == 0 else sorted(array, reverse= (array[0]+array[-1]) % 2 == 0)",,,,,,,
Q90,HumanEval-89,humaneval,"Complete the following Python function. Return only the full function implementation.

def encrypt(s):
    """"""Create a function encrypt that takes a string as an argument and
    returns a string encrypted with the alphabet being rotated. 
    The alphabet should be rotated in a manner such that the letters 
    shift down by two multiplied to two places.
    For example:
    encrypt('hi') returns 'lm'
    encrypt('asdfghjkl') returns 'ewhjklnop'
    encrypt('gf') returns 'kj'
    encrypt('et') returns 'ix'
    """"""","def encrypt(s):
    """"""Create a function encrypt that takes a string as an argument and
    returns a string encrypted with the alphabet being rotated. 
    The alphabet should be rotated in a manner such that the letters 
    shift down by two multiplied to two places.
    For example:
    encrypt('hi') returns 'lm'
    encrypt('asdfghjkl') returns 'ewhjklnop'
    encrypt('gf') returns 'kj'
    encrypt('et') returns 'ix'
    """"""
    d = 'abcdefghijklmnopqrstuvwxyz'
    out = ''
    for c in s:
        if c in d:
            out += d[(d.index(c)+2*2) % 26]
        else:
            out += c
    return out",,,,,,,
Q91,HumanEval-90,humaneval,"Complete the following Python function. Return only the full function implementation.

def next_smallest(lst):
    """"""
    You are given a list of integers.
    Write a function next_smallest() that returns the 2nd smallest element of the list.
    Return None if there is no such element.
    
    next_smallest([1, 2, 3, 4, 5]) == 2
    next_smallest([5, 1, 4, 3, 2]) == 2
    next_smallest([]) == None
    next_smallest([1, 1]) == None
    """"""","def next_smallest(lst):
    """"""
    You are given a list of integers.
    Write a function next_smallest() that returns the 2nd smallest element of the list.
    Return None if there is no such element.
    
    next_smallest([1, 2, 3, 4, 5]) == 2
    next_smallest([5, 1, 4, 3, 2]) == 2
    next_smallest([]) == None
    next_smallest([1, 1]) == None
    """"""
    lst = sorted(set(lst))
    return None if len(lst) < 2 else lst[1]",,,,,,,
Q92,HumanEval-91,humaneval,"Complete the following Python function. Return only the full function implementation.

def is_bored(S):
    """"""
    You'll be given a string of words, and your task is to count the number
    of boredoms. A boredom is a sentence that starts with the word ""I"".
    Sentences are delimited by '.', '?' or '!'.
   
    For example:
    >>> is_bored(""Hello world"")
    0
    >>> is_bored(""The sky is blue. The sun is shining. I love this weather"")
    1
    """"""","def is_bored(S):
    """"""
    You'll be given a string of words, and your task is to count the number
    of boredoms. A boredom is a sentence that starts with the word ""I"".
    Sentences are delimited by '.', '?' or '!'.
   
    For example:
    >>> is_bored(""Hello world"")
    0
    >>> is_bored(""The sky is blue. The sun is shining. I love this weather"")
    1
    """"""
    import re
    sentences = re.split(r'[.?!]\s*', S)
    return sum(sentence[0:2] == 'I ' for sentence in sentences)",,,,,,,
Q93,HumanEval-92,humaneval,"Complete the following Python function. Return only the full function implementation.

def any_int(x, y, z):
    '''
    Create a function that takes 3 numbers.
    Returns true if one of the numbers is equal to the sum of the other two, and all numbers are integers.
    Returns false in any other cases.
    
    Examples
    any_int(5, 2, 7) ➞ True
    
    any_int(3, 2, 2) ➞ False

    any_int(3, -2, 1) ➞ True
    
    any_int(3.6, -2.2, 2) ➞ False
  

    
    '''","def any_int(x, y, z):
    '''
    Create a function that takes 3 numbers.
    Returns true if one of the numbers is equal to the sum of the other two, and all numbers are integers.
    Returns false in any other cases.
    
    Examples
    any_int(5, 2, 7) ➞ True
    
    any_int(3, 2, 2) ➞ False

    any_int(3, -2, 1) ➞ True
    
    any_int(3.6, -2.2, 2) ➞ False
  

    
    '''
    
    if isinstance(x,int) and isinstance(y,int) and isinstance(z,int):
        if (x+y==z) or (x+z==y) or (y+z==x):
            return True
        return False
    return False",,,,,,,
Q94,HumanEval-93,humaneval,"Complete the following Python function. Return only the full function implementation.

def encode(message):
    """"""
    Write a function that takes a message, and encodes in such a 
    way that it swaps case of all letters, replaces all vowels in 
    the message with the letter that appears 2 places ahead of that 
    vowel in the english alphabet. 
    Assume only letters. 
    
    Examples:
    >>> encode('test')
    'TGST'
    >>> encode('This is a message')
    'tHKS KS C MGSSCGG'
    """"""","def encode(message):
    """"""
    Write a function that takes a message, and encodes in such a 
    way that it swaps case of all letters, replaces all vowels in 
    the message with the letter that appears 2 places ahead of that 
    vowel in the english alphabet. 
    Assume only letters. 
    
    Examples:
    >>> encode('test')
    'TGST'
    >>> encode('This is a message')
    'tHKS KS C MGSSCGG'
    """"""
    vowels = ""aeiouAEIOU""
    vowels_replace = dict([(i, chr(ord(i) + 2)) for i in vowels])
    message = message.swapcase()
    return ''.join([vowels_replace[i] if i in vowels else i for i in message])",,,,,,,
Q95,HumanEval-94,humaneval,"Complete the following Python function. Return only the full function implementation.

def skjkasdkd(lst):
    """"""You are given a list of integers.
    You need to find the largest prime value and return the sum of its digits.

    Examples:
    For lst = [0,3,2,1,3,5,7,4,5,5,5,2,181,32,4,32,3,2,32,324,4,3] the output should be 10
    For lst = [1,0,1,8,2,4597,2,1,3,40,1,2,1,2,4,2,5,1] the output should be 25
    For lst = [1,3,1,32,5107,34,83278,109,163,23,2323,32,30,1,9,3] the output should be 13
    For lst = [0,724,32,71,99,32,6,0,5,91,83,0,5,6] the output should be 11
    For lst = [0,81,12,3,1,21] the output should be 3
    For lst = [0,8,1,2,1,7] the output should be 7
    """"""","def skjkasdkd(lst):
    """"""You are given a list of integers.
    You need to find the largest prime value and return the sum of its digits.

    Examples:
    For lst = [0,3,2,1,3,5,7,4,5,5,5,2,181,32,4,32,3,2,32,324,4,3] the output should be 10
    For lst = [1,0,1,8,2,4597,2,1,3,40,1,2,1,2,4,2,5,1] the output should be 25
    For lst = [1,3,1,32,5107,34,83278,109,163,23,2323,32,30,1,9,3] the output should be 13
    For lst = [0,724,32,71,99,32,6,0,5,91,83,0,5,6] the output should be 11
    For lst = [0,81,12,3,1,21] the output should be 3
    For lst = [0,8,1,2,1,7] the output should be 7
    """"""
    def isPrime(n):
        for i in range(2,int(n**0.5)+1):
            if n%i==0:
                return False

        return True
    maxx = 0
    i = 0
    while i < len(lst):
        if(lst[i] > maxx and isPrime(lst[i])):
            maxx = lst[i]
        i+=1
    result = sum(int(digit) for digit in str(maxx))
    return result",,,,,,,
Q96,HumanEval-95,humaneval,"Complete the following Python function. Return only the full function implementation.

def check_dict_case(dict):
    """"""
    Given a dictionary, return True if all keys are strings in lower 
    case or all keys are strings in upper case, else return False.
    The function should return False is the given dictionary is empty.
    Examples:
    check_dict_case({""a"":""apple"", ""b"":""banana""}) should return True.
    check_dict_case({""a"":""apple"", ""A"":""banana"", ""B"":""banana""}) should return False.
    check_dict_case({""a"":""apple"", 8:""banana"", ""a"":""apple""}) should return False.
    check_dict_case({""Name"":""John"", ""Age"":""36"", ""City"":""Houston""}) should return False.
    check_dict_case({""STATE"":""NC"", ""ZIP"":""12345"" }) should return True.
    """"""","def check_dict_case(dict):
    """"""
    Given a dictionary, return True if all keys are strings in lower 
    case or all keys are strings in upper case, else return False.
    The function should return False is the given dictionary is empty.
    Examples:
    check_dict_case({""a"":""apple"", ""b"":""banana""}) should return True.
    check_dict_case({""a"":""apple"", ""A"":""banana"", ""B"":""banana""}) should return False.
    check_dict_case({""a"":""apple"", 8:""banana"", ""a"":""apple""}) should return False.
    check_dict_case({""Name"":""John"", ""Age"":""36"", ""City"":""Houston""}) should return False.
    check_dict_case({""STATE"":""NC"", ""ZIP"":""12345"" }) should return True.
    """"""
    if len(dict.keys()) == 0:
        return False
    else:
        state = ""start""
        for key in dict.keys():

            if isinstance(key, str) == False:
                state = ""mixed""
                break
            if state == ""start"":
                if key.isupper():
                    state = ""upper""
                elif key.islower():
                    state = ""lower""
                else:
                    break
            elif (state == ""upper"" and not key.isupper()) or (state == ""lower"" and not key.islower()):
                    state = ""mixed""
                    break
            else:
                break
        return state == ""upper"" or state == ""lower""",,,,,,,
Q97,HumanEval-96,humaneval,"Complete the following Python function. Return only the full function implementation.

def count_up_to(n):
    """"""Implement a function that takes an non-negative integer and returns an array of the first n
    integers that are prime numbers and less than n.
    for example:
    count_up_to(5) => [2,3]
    count_up_to(11) => [2,3,5,7]
    count_up_to(0) => []
    count_up_to(20) => [2,3,5,7,11,13,17,19]
    count_up_to(1) => []
    count_up_to(18) => [2,3,5,7,11,13,17]
    """"""","def count_up_to(n):
    """"""Implement a function that takes an non-negative integer and returns an array of the first n
    integers that are prime numbers and less than n.
    for example:
    count_up_to(5) => [2,3]
    count_up_to(11) => [2,3,5,7]
    count_up_to(0) => []
    count_up_to(20) => [2,3,5,7,11,13,17,19]
    count_up_to(1) => []
    count_up_to(18) => [2,3,5,7,11,13,17]
    """"""
    primes = []
    for i in range(2, n):
        is_prime = True
        for j in range(2, i):
            if i % j == 0:
                is_prime = False
                break
        if is_prime:
            primes.append(i)
    return primes",,,,,,,
Q98,HumanEval-97,humaneval,"Complete the following Python function. Return only the full function implementation.

def multiply(a, b):
    """"""Complete the function that takes two integers and returns 
    the product of their unit digits.
    Assume the input is always valid.
    Examples:
    multiply(148, 412) should return 16.
    multiply(19, 28) should return 72.
    multiply(2020, 1851) should return 0.
    multiply(14,-15) should return 20.
    """"""","def multiply(a, b):
    """"""Complete the function that takes two integers and returns 
    the product of their unit digits.
    Assume the input is always valid.
    Examples:
    multiply(148, 412) should return 16.
    multiply(19, 28) should return 72.
    multiply(2020, 1851) should return 0.
    multiply(14,-15) should return 20.
    """"""
    return abs(a % 10) * abs(b % 10)",,,,,,,
Q99,HumanEval-98,humaneval,"Complete the following Python function. Return only the full function implementation.

def count_upper(s):
    """"""
    Given a string s, count the number of uppercase vowels in even indices.
    
    For example:
    count_upper('aBCdEf') returns 1
    count_upper('abcdefg') returns 0
    count_upper('dBBE') returns 0
    """"""","def count_upper(s):
    """"""
    Given a string s, count the number of uppercase vowels in even indices.
    
    For example:
    count_upper('aBCdEf') returns 1
    count_upper('abcdefg') returns 0
    count_upper('dBBE') returns 0
    """"""
    count = 0
    for i in range(0,len(s),2):
        if s[i] in ""AEIOU"":
            count += 1
    return count",,,,,,,
Q100,HumanEval-99,humaneval,"Complete the following Python function. Return only the full function implementation.

def closest_integer(value):
    '''
    Create a function that takes a value (string) representing a number
    and returns the closest integer to it. If the number is equidistant
    from two integers, round it away from zero.

    Examples
    >>> closest_integer(""10"")
    10
    >>> closest_integer(""15.3"")
    15

    Note:
    Rounding away from zero means that if the given number is equidistant
    from two integers, the one you should return is the one that is the
    farthest from zero. For example closest_integer(""14.5"") should
    return 15 and closest_integer(""-14.5"") should return -15.
    '''","def closest_integer(value):
    '''
    Create a function that takes a value (string) representing a number
    and returns the closest integer to it. If the number is equidistant
    from two integers, round it away from zero.

    Examples
    >>> closest_integer(""10"")
    10
    >>> closest_integer(""15.3"")
    15

    Note:
    Rounding away from zero means that if the given number is equidistant
    from two integers, the one you should return is the one that is the
    farthest from zero. For example closest_integer(""14.5"") should
    return 15 and closest_integer(""-14.5"") should return -15.
    '''
    from math import floor, ceil

    if value.count('.') == 1:
        # remove trailing zeros
        while (value[-1] == '0'):
            value = value[:-1]

    num = float(value)
    if value[-2:] == '.5':
        if num > 0:
            res = ceil(num)
        else:
            res = floor(num)
    elif len(value) > 0:
        res = int(round(num))
    else:
        res = 0

    return res",,,,,,,
Q101,HumanEval-100,humaneval,"Complete the following Python function. Return only the full function implementation.

def make_a_pile(n):
    """"""
    Given a positive integer n, you have to make a pile of n levels of stones.
    The first level has n stones.
    The number of stones in the next level is:
        - the next odd number if n is odd.
        - the next even number if n is even.
    Return the number of stones in each level in a list, where element at index
    i represents the number of stones in the level (i+1).

    Examples:
    >>> make_a_pile(3)
    [3, 5, 7]
    """"""","def make_a_pile(n):
    """"""
    Given a positive integer n, you have to make a pile of n levels of stones.
    The first level has n stones.
    The number of stones in the next level is:
        - the next odd number if n is odd.
        - the next even number if n is even.
    Return the number of stones in each level in a list, where element at index
    i represents the number of stones in the level (i+1).

    Examples:
    >>> make_a_pile(3)
    [3, 5, 7]
    """"""
    return [n + 2*i for i in range(n)]",,,,,,,
Q102,HumanEval-101,humaneval,"Complete the following Python function. Return only the full function implementation.

def words_string(s):
    """"""
    You will be given a string of words separated by commas or spaces. Your task is
    to split the string into words and return an array of the words.
    
    For example:
    words_string(""Hi, my name is John"") == [""Hi"", ""my"", ""name"", ""is"", ""John""]
    words_string(""One, two, three, four, five, six"") == [""One"", ""two"", ""three"", ""four"", ""five"", ""six""]
    """"""","def words_string(s):
    """"""
    You will be given a string of words separated by commas or spaces. Your task is
    to split the string into words and return an array of the words.
    
    For example:
    words_string(""Hi, my name is John"") == [""Hi"", ""my"", ""name"", ""is"", ""John""]
    words_string(""One, two, three, four, five, six"") == [""One"", ""two"", ""three"", ""four"", ""five"", ""six""]
    """"""
    if not s:
        return []

    s_list = []

    for letter in s:
        if letter == ',':
            s_list.append(' ')
        else:
            s_list.append(letter)

    s_list = """".join(s_list)
    return s_list.split()",,,,,,,
Q103,HumanEval-102,humaneval,"Complete the following Python function. Return only the full function implementation.

def choose_num(x, y):
    """"""This function takes two positive numbers x and y and returns the
    biggest even integer number that is in the range [x, y] inclusive. If 
    there's no such number, then the function should return -1.

    For example:
    choose_num(12, 15) = 14
    choose_num(13, 12) = -1
    """"""","def choose_num(x, y):
    """"""This function takes two positive numbers x and y and returns the
    biggest even integer number that is in the range [x, y] inclusive. If 
    there's no such number, then the function should return -1.

    For example:
    choose_num(12, 15) = 14
    choose_num(13, 12) = -1
    """"""
    if x > y:
        return -1
    if y % 2 == 0:
        return y
    if x == y:
        return -1
    return y - 1",,,,,,,
Q104,HumanEval-103,humaneval,"Complete the following Python function. Return only the full function implementation.

def rounded_avg(n, m):
    """"""You are given two positive integers n and m, and your task is to compute the
    average of the integers from n through m (including n and m). 
    Round the answer to the nearest integer and convert that to binary.
    If n is greater than m, return -1.
    Example:
    rounded_avg(1, 5) => ""0b11""
    rounded_avg(7, 5) => -1
    rounded_avg(10, 20) => ""0b1111""
    rounded_avg(20, 33) => ""0b11010""
    """"""","def rounded_avg(n, m):
    """"""You are given two positive integers n and m, and your task is to compute the
    average of the integers from n through m (including n and m). 
    Round the answer to the nearest integer and convert that to binary.
    If n is greater than m, return -1.
    Example:
    rounded_avg(1, 5) => ""0b11""
    rounded_avg(7, 5) => -1
    rounded_avg(10, 20) => ""0b1111""
    rounded_avg(20, 33) => ""0b11010""
    """"""
    if m < n:
        return -1
    summation = 0
    for i in range(n, m+1):
        summation += i
    return bin(round(summation/(m - n + 1)))",,,,,,,
Q105,HumanEval-104,humaneval,"Complete the following Python function. Return only the full function implementation.

def unique_digits(x):
    """"""Given a list of positive integers x. return a sorted list of all 
    elements that hasn't any even digit.

    Note: Returned list should be sorted in increasing order.
    
    For example:
    >>> unique_digits([15, 33, 1422, 1])
    [1, 15, 33]
    >>> unique_digits([152, 323, 1422, 10])
    []
    """"""","def unique_digits(x):
    """"""Given a list of positive integers x. return a sorted list of all 
    elements that hasn't any even digit.

    Note: Returned list should be sorted in increasing order.
    
    For example:
    >>> unique_digits([15, 33, 1422, 1])
    [1, 15, 33]
    >>> unique_digits([152, 323, 1422, 10])
    []
    """"""
    odd_digit_elements = []
    for i in x:
        if all (int(c) % 2 == 1 for c in str(i)):
            odd_digit_elements.append(i)
    return sorted(odd_digit_elements)",,,,,,,
Q106,HumanEval-105,humaneval,"Complete the following Python function. Return only the full function implementation.

def by_length(arr):
    """"""
    Given an array of integers, sort the integers that are between 1 and 9 inclusive,
    reverse the resulting array, and then replace each digit by its corresponding name from
    ""One"", ""Two"", ""Three"", ""Four"", ""Five"", ""Six"", ""Seven"", ""Eight"", ""Nine"".

    For example:
      arr = [2, 1, 1, 4, 5, 8, 2, 3]   
            -> sort arr -> [1, 1, 2, 2, 3, 4, 5, 8] 
            -> reverse arr -> [8, 5, 4, 3, 2, 2, 1, 1]
      return [""Eight"", ""Five"", ""Four"", ""Three"", ""Two"", ""Two"", ""One"", ""One""]
    
      If the array is empty, return an empty array:
      arr = []
      return []
    
      If the array has any strange number ignore it:
      arr = [1, -1 , 55] 
            -> sort arr -> [-1, 1, 55]
            -> reverse arr -> [55, 1, -1]
      return = ['One']
    """"""","def by_length(arr):
    """"""
    Given an array of integers, sort the integers that are between 1 and 9 inclusive,
    reverse the resulting array, and then replace each digit by its corresponding name from
    ""One"", ""Two"", ""Three"", ""Four"", ""Five"", ""Six"", ""Seven"", ""Eight"", ""Nine"".

    For example:
      arr = [2, 1, 1, 4, 5, 8, 2, 3]   
            -> sort arr -> [1, 1, 2, 2, 3, 4, 5, 8] 
            -> reverse arr -> [8, 5, 4, 3, 2, 2, 1, 1]
      return [""Eight"", ""Five"", ""Four"", ""Three"", ""Two"", ""Two"", ""One"", ""One""]
    
      If the array is empty, return an empty array:
      arr = []
      return []
    
      If the array has any strange number ignore it:
      arr = [1, -1 , 55] 
            -> sort arr -> [-1, 1, 55]
            -> reverse arr -> [55, 1, -1]
      return = ['One']
    """"""
    dic = {
        1: ""One"",
        2: ""Two"",
        3: ""Three"",
        4: ""Four"",
        5: ""Five"",
        6: ""Six"",
        7: ""Seven"",
        8: ""Eight"",
        9: ""Nine"",
    }
    sorted_arr = sorted(arr, reverse=True)
    new_arr = []
    for var in sorted_arr:
        try:
            new_arr.append(dic[var])
        except:
            pass
    return new_arr",,,,,,,
Q107,HumanEval-106,humaneval,"Complete the following Python function. Return only the full function implementation.

def f(n):
    """""" Implement the function f that takes n as a parameter,
    and returns a list of size n, such that the value of the element at index i is the factorial of i if i is even
    or the sum of numbers from 1 to i otherwise.
    i starts from 1.
    the factorial of i is the multiplication of the numbers from 1 to i (1 * 2 * ... * i).
    Example:
    f(5) == [1, 2, 6, 24, 15]
    """"""","def f(n):
    """""" Implement the function f that takes n as a parameter,
    and returns a list of size n, such that the value of the element at index i is the factorial of i if i is even
    or the sum of numbers from 1 to i otherwise.
    i starts from 1.
    the factorial of i is the multiplication of the numbers from 1 to i (1 * 2 * ... * i).
    Example:
    f(5) == [1, 2, 6, 24, 15]
    """"""
    ret = []
    for i in range(1,n+1):
        if i%2 == 0:
            x = 1
            for j in range(1,i+1): x *= j
            ret += [x]
        else:
            x = 0
            for j in range(1,i+1): x += j
            ret += [x]
    return ret",,,,,,,
Q108,HumanEval-107,humaneval,"Complete the following Python function. Return only the full function implementation.

def even_odd_palindrome(n):
    """"""
    Given a positive integer n, return a tuple that has the number of even and odd
    integer palindromes that fall within the range(1, n), inclusive.

    Example 1:

        Input: 3
        Output: (1, 2)
        Explanation:
        Integer palindrome are 1, 2, 3. one of them is even, and two of them are odd.

    Example 2:

        Input: 12
        Output: (4, 6)
        Explanation:
        Integer palindrome are 1, 2, 3, 4, 5, 6, 7, 8, 9, 11. four of them are even, and 6 of them are odd.

    Note:
        1. 1 <= n <= 10^3
        2. returned tuple has the number of even and odd integer palindromes respectively.
    """"""","def even_odd_palindrome(n):
    """"""
    Given a positive integer n, return a tuple that has the number of even and odd
    integer palindromes that fall within the range(1, n), inclusive.

    Example 1:

        Input: 3
        Output: (1, 2)
        Explanation:
        Integer palindrome are 1, 2, 3. one of them is even, and two of them are odd.

    Example 2:

        Input: 12
        Output: (4, 6)
        Explanation:
        Integer palindrome are 1, 2, 3, 4, 5, 6, 7, 8, 9, 11. four of them are even, and 6 of them are odd.

    Note:
        1. 1 <= n <= 10^3
        2. returned tuple has the number of even and odd integer palindromes respectively.
    """"""
    def is_palindrome(n):
        return str(n) == str(n)[::-1]

    even_palindrome_count = 0
    odd_palindrome_count = 0

    for i in range(1, n+1):
        if i%2 == 1 and is_palindrome(i):
                odd_palindrome_count += 1
        elif i%2 == 0 and is_palindrome(i):
            even_palindrome_count += 1
    return (even_palindrome_count, odd_palindrome_count)",,,,,,,
Q109,HumanEval-108,humaneval,"Complete the following Python function. Return only the full function implementation.

def count_nums(arr):
    """"""
    Write a function count_nums which takes an array of integers and returns
    the number of elements which has a sum of digits > 0.
    If a number is negative, then its first signed digit will be negative:
    e.g. -123 has signed digits -1, 2, and 3.
    >>> count_nums([]) == 0
    >>> count_nums([-1, 11, -11]) == 1
    >>> count_nums([1, 1, 2]) == 3
    """"""","def count_nums(arr):
    """"""
    Write a function count_nums which takes an array of integers and returns
    the number of elements which has a sum of digits > 0.
    If a number is negative, then its first signed digit will be negative:
    e.g. -123 has signed digits -1, 2, and 3.
    >>> count_nums([]) == 0
    >>> count_nums([-1, 11, -11]) == 1
    >>> count_nums([1, 1, 2]) == 3
    """"""
    def digits_sum(n):
        neg = 1
        if n < 0: n, neg = -1 * n, -1 
        n = [int(i) for i in str(n)]
        n[0] = n[0] * neg
        return sum(n)
    return len(list(filter(lambda x: x > 0, [digits_sum(i) for i in arr])))",,,,,,,
Q110,HumanEval-109,humaneval,"Complete the following Python function. Return only the full function implementation.

def move_one_ball(arr):
    """"""We have an array 'arr' of N integers arr[1], arr[2], ..., arr[N].The
    numbers in the array will be randomly ordered. Your task is to determine if
    it is possible to get an array sorted in non-decreasing order by performing 
    the following operation on the given array:
        You are allowed to perform right shift operation any number of times.
    
    One right shift operation means shifting all elements of the array by one
    position in the right direction. The last element of the array will be moved to
    the starting position in the array i.e. 0th index. 

    If it is possible to obtain the sorted array by performing the above operation
    then return True else return False.
    If the given array is empty then return True.

    Note: The given list is guaranteed to have unique elements.

    For Example:
    
    move_one_ball([3, 4, 5, 1, 2])==>True
    Explanation: By performin 2 right shift operations, non-decreasing order can
                 be achieved for the given array.
    move_one_ball([3, 5, 4, 1, 2])==>False
    Explanation:It is not possible to get non-decreasing order for the given
                array by performing any number of right shift operations.
                
    """"""","def move_one_ball(arr):
    """"""We have an array 'arr' of N integers arr[1], arr[2], ..., arr[N].The
    numbers in the array will be randomly ordered. Your task is to determine if
    it is possible to get an array sorted in non-decreasing order by performing 
    the following operation on the given array:
        You are allowed to perform right shift operation any number of times.
    
    One right shift operation means shifting all elements of the array by one
    position in the right direction. The last element of the array will be moved to
    the starting position in the array i.e. 0th index. 

    If it is possible to obtain the sorted array by performing the above operation
    then return True else return False.
    If the given array is empty then return True.

    Note: The given list is guaranteed to have unique elements.

    For Example:
    
    move_one_ball([3, 4, 5, 1, 2])==>True
    Explanation: By performin 2 right shift operations, non-decreasing order can
                 be achieved for the given array.
    move_one_ball([3, 5, 4, 1, 2])==>False
    Explanation:It is not possible to get non-decreasing order for the given
                array by performing any number of right shift operations.
                
    """"""
    if len(arr)==0:
      return True
    sorted_array=sorted(arr)
    my_arr=[]
    
    min_value=min(arr)
    min_index=arr.index(min_value)
    my_arr=arr[min_index:]+arr[0:min_index]
    for i in range(len(arr)):
      if my_arr[i]!=sorted_array[i]:
        return False
    return True",,,,,,,
Q111,HumanEval-110,humaneval,"Complete the following Python function. Return only the full function implementation.

def exchange(lst1, lst2):
    """"""In this problem, you will implement a function that takes two lists of numbers,
    and determines whether it is possible to perform an exchange of elements
    between them to make lst1 a list of only even numbers.
    There is no limit on the number of exchanged elements between lst1 and lst2.
    If it is possible to exchange elements between the lst1 and lst2 to make
    all the elements of lst1 to be even, return ""YES"".
    Otherwise, return ""NO"".
    For example:
    exchange([1, 2, 3, 4], [1, 2, 3, 4]) => ""YES""
    exchange([1, 2, 3, 4], [1, 5, 3, 4]) => ""NO""
    It is assumed that the input lists will be non-empty.
    """"""","def exchange(lst1, lst2):
    """"""In this problem, you will implement a function that takes two lists of numbers,
    and determines whether it is possible to perform an exchange of elements
    between them to make lst1 a list of only even numbers.
    There is no limit on the number of exchanged elements between lst1 and lst2.
    If it is possible to exchange elements between the lst1 and lst2 to make
    all the elements of lst1 to be even, return ""YES"".
    Otherwise, return ""NO"".
    For example:
    exchange([1, 2, 3, 4], [1, 2, 3, 4]) => ""YES""
    exchange([1, 2, 3, 4], [1, 5, 3, 4]) => ""NO""
    It is assumed that the input lists will be non-empty.
    """"""
    odd = 0
    even = 0
    for i in lst1:
        if i%2 == 1:
            odd += 1
    for i in lst2:
        if i%2 == 0:
            even += 1
    if even >= odd:
        return ""YES""
    return ""NO""",,,,,,,
Q112,HumanEval-111,humaneval,"Complete the following Python function. Return only the full function implementation.

def histogram(test):
    """"""Given a string representing a space separated lowercase letters, return a dictionary
    of the letter with the most repetition and containing the corresponding count.
    If several letters have the same occurrence, return all of them.
    
    Example:
    histogram('a b c') == {'a': 1, 'b': 1, 'c': 1}
    histogram('a b b a') == {'a': 2, 'b': 2}
    histogram('a b c a b') == {'a': 2, 'b': 2}
    histogram('b b b b a') == {'b': 4}
    histogram('') == {}

    """"""","def histogram(test):
    """"""Given a string representing a space separated lowercase letters, return a dictionary
    of the letter with the most repetition and containing the corresponding count.
    If several letters have the same occurrence, return all of them.
    
    Example:
    histogram('a b c') == {'a': 1, 'b': 1, 'c': 1}
    histogram('a b b a') == {'a': 2, 'b': 2}
    histogram('a b c a b') == {'a': 2, 'b': 2}
    histogram('b b b b a') == {'b': 4}
    histogram('') == {}

    """"""
    dict1={}
    list1=test.split("" "")
    t=0

    for i in list1:
        if(list1.count(i)>t) and i!='':
            t=list1.count(i)
    if t>0:
        for i in list1:
            if(list1.count(i)==t):
                
                dict1[i]=t
    return dict1",,,,,,,
Q113,HumanEval-112,humaneval,"Complete the following Python function. Return only the full function implementation.

def reverse_delete(s,c):
    """"""Task
    We are given two strings s and c, you have to deleted all the characters in s that are equal to any character in c
    then check if the result string is palindrome.
    A string is called palindrome if it reads the same backward as forward.
    You should return a tuple containing the result string and True/False for the check.
    Example
    For s = ""abcde"", c = ""ae"", the result should be ('bcd',False)
    For s = ""abcdef"", c = ""b""  the result should be ('acdef',False)
    For s = ""abcdedcba"", c = ""ab"", the result should be ('cdedc',True)
    """"""","def reverse_delete(s,c):
    """"""Task
    We are given two strings s and c, you have to deleted all the characters in s that are equal to any character in c
    then check if the result string is palindrome.
    A string is called palindrome if it reads the same backward as forward.
    You should return a tuple containing the result string and True/False for the check.
    Example
    For s = ""abcde"", c = ""ae"", the result should be ('bcd',False)
    For s = ""abcdef"", c = ""b""  the result should be ('acdef',False)
    For s = ""abcdedcba"", c = ""ab"", the result should be ('cdedc',True)
    """"""
    s = ''.join([char for char in s if char not in c])
    return (s,s[::-1] == s)",,,,,,,
Q114,HumanEval-113,humaneval,"Complete the following Python function. Return only the full function implementation.

def odd_count(lst):
    """"""Given a list of strings, where each string consists of only digits, return a list.
    Each element i of the output should be ""the number of odd elements in the
    string i of the input."" where all the i's should be replaced by the number
    of odd digits in the i'th string of the input.

    >>> odd_count(['1234567'])
    [""the number of odd elements 4n the str4ng 4 of the 4nput.""]
    >>> odd_count(['3',""11111111""])
    [""the number of odd elements 1n the str1ng 1 of the 1nput."",
     ""the number of odd elements 8n the str8ng 8 of the 8nput.""]
    """"""","def odd_count(lst):
    """"""Given a list of strings, where each string consists of only digits, return a list.
    Each element i of the output should be ""the number of odd elements in the
    string i of the input."" where all the i's should be replaced by the number
    of odd digits in the i'th string of the input.

    >>> odd_count(['1234567'])
    [""the number of odd elements 4n the str4ng 4 of the 4nput.""]
    >>> odd_count(['3',""11111111""])
    [""the number of odd elements 1n the str1ng 1 of the 1nput."",
     ""the number of odd elements 8n the str8ng 8 of the 8nput.""]
    """"""
    res = []
    for arr in lst:
        n = sum(int(d)%2==1 for d in arr)
        res.append(""the number of odd elements "" + str(n) + ""n the str""+ str(n) +""ng ""+ str(n) +"" of the ""+ str(n) +""nput."")
    return res",,,,,,,
Q115,HumanEval-114,humaneval,"Complete the following Python function. Return only the full function implementation.

def minSubArraySum(nums):
    """"""
    Given an array of integers nums, find the minimum sum of any non-empty sub-array
    of nums.
    Example
    minSubArraySum([2, 3, 4, 1, 2, 4]) == 1
    minSubArraySum([-1, -2, -3]) == -6
    """"""","def minSubArraySum(nums):
    """"""
    Given an array of integers nums, find the minimum sum of any non-empty sub-array
    of nums.
    Example
    minSubArraySum([2, 3, 4, 1, 2, 4]) == 1
    minSubArraySum([-1, -2, -3]) == -6
    """"""
    max_sum = 0
    s = 0
    for num in nums:
        s += -num
        if (s < 0):
            s = 0
        max_sum = max(s, max_sum)
    if max_sum == 0:
        max_sum = max(-i for i in nums)
    min_sum = -max_sum
    return min_sum",,,,,,,
Q116,HumanEval-115,humaneval,"Complete the following Python function. Return only the full function implementation.

def max_fill(grid, capacity):
    import math
    """"""
    You are given a rectangular grid of wells. Each row represents a single well,
    and each 1 in a row represents a single unit of water.
    Each well has a corresponding bucket that can be used to extract water from it, 
    and all buckets have the same capacity.
    Your task is to use the buckets to empty the wells.
    Output the number of times you need to lower the buckets.

    Example 1:
        Input: 
            grid : [[0,0,1,0], [0,1,0,0], [1,1,1,1]]
            bucket_capacity : 1
        Output: 6

    Example 2:
        Input: 
            grid : [[0,0,1,1], [0,0,0,0], [1,1,1,1], [0,1,1,1]]
            bucket_capacity : 2
        Output: 5
    
    Example 3:
        Input: 
            grid : [[0,0,0], [0,0,0]]
            bucket_capacity : 5
        Output: 0

    Constraints:
        * all wells have the same length
        * 1 <= grid.length <= 10^2
        * 1 <= grid[:,1].length <= 10^2
        * grid[i][j] -> 0 | 1
        * 1 <= capacity <= 10
    """"""","def max_fill(grid, capacity):
    import math
    """"""
    You are given a rectangular grid of wells. Each row represents a single well,
    and each 1 in a row represents a single unit of water.
    Each well has a corresponding bucket that can be used to extract water from it, 
    and all buckets have the same capacity.
    Your task is to use the buckets to empty the wells.
    Output the number of times you need to lower the buckets.

    Example 1:
        Input: 
            grid : [[0,0,1,0], [0,1,0,0], [1,1,1,1]]
            bucket_capacity : 1
        Output: 6

    Example 2:
        Input: 
            grid : [[0,0,1,1], [0,0,0,0], [1,1,1,1], [0,1,1,1]]
            bucket_capacity : 2
        Output: 5
    
    Example 3:
        Input: 
            grid : [[0,0,0], [0,0,0]]
            bucket_capacity : 5
        Output: 0

    Constraints:
        * all wells have the same length
        * 1 <= grid.length <= 10^2
        * 1 <= grid[:,1].length <= 10^2
        * grid[i][j] -> 0 | 1
        * 1 <= capacity <= 10
    """"""
    return sum([math.ceil(sum(arr)/capacity) for arr in grid])",,,,,,,
Q117,HumanEval-116,humaneval,"Complete the following Python function. Return only the full function implementation.

def sort_array(arr):
    """"""
    In this Kata, you have to sort an array of non-negative integers according to
    number of ones in their binary representation in ascending order.
    For similar number of ones, sort based on decimal value.

    It must be implemented like this:
    >>> sort_array([1, 5, 2, 3, 4]) == [1, 2, 3, 4, 5]
    >>> sort_array([-2, -3, -4, -5, -6]) == [-6, -5, -4, -3, -2]
    >>> sort_array([1, 0, 2, 3, 4]) [0, 1, 2, 3, 4]
    """"""","def sort_array(arr):
    """"""
    In this Kata, you have to sort an array of non-negative integers according to
    number of ones in their binary representation in ascending order.
    For similar number of ones, sort based on decimal value.

    It must be implemented like this:
    >>> sort_array([1, 5, 2, 3, 4]) == [1, 2, 3, 4, 5]
    >>> sort_array([-2, -3, -4, -5, -6]) == [-6, -5, -4, -3, -2]
    >>> sort_array([1, 0, 2, 3, 4]) [0, 1, 2, 3, 4]
    """"""
    return sorted(sorted(arr), key=lambda x: bin(x)[2:].count('1'))",,,,,,,
Q118,HumanEval-117,humaneval,"Complete the following Python function. Return only the full function implementation.

def select_words(s, n):
    """"""Given a string s and a natural number n, you have been tasked to implement 
    a function that returns a list of all words from string s that contain exactly 
    n consonants, in order these words appear in the string s.
    If the string s is empty then the function should return an empty list.
    Note: you may assume the input string contains only letters and spaces.
    Examples:
    select_words(""Mary had a little lamb"", 4) ==> [""little""]
    select_words(""Mary had a little lamb"", 3) ==> [""Mary"", ""lamb""]
    select_words(""simple white space"", 2) ==> []
    select_words(""Hello world"", 4) ==> [""world""]
    select_words(""Uncle sam"", 3) ==> [""Uncle""]
    """"""","def select_words(s, n):
    """"""Given a string s and a natural number n, you have been tasked to implement 
    a function that returns a list of all words from string s that contain exactly 
    n consonants, in order these words appear in the string s.
    If the string s is empty then the function should return an empty list.
    Note: you may assume the input string contains only letters and spaces.
    Examples:
    select_words(""Mary had a little lamb"", 4) ==> [""little""]
    select_words(""Mary had a little lamb"", 3) ==> [""Mary"", ""lamb""]
    select_words(""simple white space"", 2) ==> []
    select_words(""Hello world"", 4) ==> [""world""]
    select_words(""Uncle sam"", 3) ==> [""Uncle""]
    """"""
    result = []
    for word in s.split():
        n_consonants = 0
        for i in range(0, len(word)):
            if word[i].lower() not in [""a"",""e"",""i"",""o"",""u""]:
                n_consonants += 1 
        if n_consonants == n:
            result.append(word)
    return result",,,,,,,
Q119,HumanEval-118,humaneval,"Complete the following Python function. Return only the full function implementation.

def get_closest_vowel(word):
    """"""You are given a word. Your task is to find the closest vowel that stands between 
    two consonants from the right side of the word (case sensitive).
    
    Vowels in the beginning and ending doesn't count. Return empty string if you didn't
    find any vowel met the above condition. 

    You may assume that the given string contains English letter only.

    Example:
    get_closest_vowel(""yogurt"") ==> ""u""
    get_closest_vowel(""FULL"") ==> ""U""
    get_closest_vowel(""quick"") ==> """"
    get_closest_vowel(""ab"") ==> """"
    """"""","def get_closest_vowel(word):
    """"""You are given a word. Your task is to find the closest vowel that stands between 
    two consonants from the right side of the word (case sensitive).
    
    Vowels in the beginning and ending doesn't count. Return empty string if you didn't
    find any vowel met the above condition. 

    You may assume that the given string contains English letter only.

    Example:
    get_closest_vowel(""yogurt"") ==> ""u""
    get_closest_vowel(""FULL"") ==> ""U""
    get_closest_vowel(""quick"") ==> """"
    get_closest_vowel(""ab"") ==> """"
    """"""
    if len(word) < 3:
        return """"

    vowels = {""a"", ""e"", ""i"", ""o"", ""u"", ""A"", ""E"", 'O', 'U', 'I'}
    for i in range(len(word)-2, 0, -1):
        if word[i] in vowels:
            if (word[i+1] not in vowels) and (word[i-1] not in vowels):
                return word[i]
    return """"",,,,,,,
Q120,HumanEval-119,humaneval,"Complete the following Python function. Return only the full function implementation.

def match_parens(lst):
    '''
    You are given a list of two strings, both strings consist of open
    parentheses '(' or close parentheses ')' only.
    Your job is to check if it is possible to concatenate the two strings in
    some order, that the resulting string will be good.
    A string S is considered to be good if and only if all parentheses in S
    are balanced. For example: the string '(())()' is good, while the string
    '())' is not.
    Return 'Yes' if there's a way to make a good string, and return 'No' otherwise.

    Examples:
    match_parens(['()(', ')']) == 'Yes'
    match_parens([')', ')']) == 'No'
    '''","def match_parens(lst):
    '''
    You are given a list of two strings, both strings consist of open
    parentheses '(' or close parentheses ')' only.
    Your job is to check if it is possible to concatenate the two strings in
    some order, that the resulting string will be good.
    A string S is considered to be good if and only if all parentheses in S
    are balanced. For example: the string '(())()' is good, while the string
    '())' is not.
    Return 'Yes' if there's a way to make a good string, and return 'No' otherwise.

    Examples:
    match_parens(['()(', ')']) == 'Yes'
    match_parens([')', ')']) == 'No'
    '''
    def check(s):
        val = 0
        for i in s:
            if i == '(':
                val = val + 1
            else:
                val = val - 1
            if val < 0:
                return False
        return True if val == 0 else False

    S1 = lst[0] + lst[1]
    S2 = lst[1] + lst[0]
    return 'Yes' if check(S1) or check(S2) else 'No'",,,,,,,
Q121,HumanEval-120,humaneval,"Complete the following Python function. Return only the full function implementation.

def maximum(arr, k):
    """"""
    Given an array arr of integers and a positive integer k, return a sorted list 
    of length k with the maximum k numbers in arr.

    Example 1:

        Input: arr = [-3, -4, 5], k = 3
        Output: [-4, -3, 5]

    Example 2:

        Input: arr = [4, -4, 4], k = 2
        Output: [4, 4]

    Example 3:

        Input: arr = [-3, 2, 1, 2, -1, -2, 1], k = 1
        Output: [2]

    Note:
        1. The length of the array will be in the range of [1, 1000].
        2. The elements in the array will be in the range of [-1000, 1000].
        3. 0 <= k <= len(arr)
    """"""","def maximum(arr, k):
    """"""
    Given an array arr of integers and a positive integer k, return a sorted list 
    of length k with the maximum k numbers in arr.

    Example 1:

        Input: arr = [-3, -4, 5], k = 3
        Output: [-4, -3, 5]

    Example 2:

        Input: arr = [4, -4, 4], k = 2
        Output: [4, 4]

    Example 3:

        Input: arr = [-3, 2, 1, 2, -1, -2, 1], k = 1
        Output: [2]

    Note:
        1. The length of the array will be in the range of [1, 1000].
        2. The elements in the array will be in the range of [-1000, 1000].
        3. 0 <= k <= len(arr)
    """"""
    if k == 0:
        return []
    arr.sort()
    ans = arr[-k:]
    return ans",,,,,,,
Q122,HumanEval-121,humaneval,"Complete the following Python function. Return only the full function implementation.

def solution(lst):
    """"""Given a non-empty list of integers, return the sum of all of the odd elements that are in even positions.
    

    Examples
    solution([5, 8, 7, 1]) ==> 12
    solution([3, 3, 3, 3, 3]) ==> 9
    solution([30, 13, 24, 321]) ==>0
    """"""","def solution(lst):
    """"""Given a non-empty list of integers, return the sum of all of the odd elements that are in even positions.
    

    Examples
    solution([5, 8, 7, 1]) ==> 12
    solution([3, 3, 3, 3, 3]) ==> 9
    solution([30, 13, 24, 321]) ==>0
    """"""
    return sum([x for idx, x in enumerate(lst) if idx%2==0 and x%2==1])",,,,,,,
Q123,HumanEval-122,humaneval,"Complete the following Python function. Return only the full function implementation.

def add_elements(arr, k):
    """"""
    Given a non-empty array of integers arr and an integer k, return
    the sum of the elements with at most two digits from the first k elements of arr.

    Example:

        Input: arr = [111,21,3,4000,5,6,7,8,9], k = 4
        Output: 24 # sum of 21 + 3

    Constraints:
        1. 1 <= len(arr) <= 100
        2. 1 <= k <= len(arr)
    """"""","def add_elements(arr, k):
    """"""
    Given a non-empty array of integers arr and an integer k, return
    the sum of the elements with at most two digits from the first k elements of arr.

    Example:

        Input: arr = [111,21,3,4000,5,6,7,8,9], k = 4
        Output: 24 # sum of 21 + 3

    Constraints:
        1. 1 <= len(arr) <= 100
        2. 1 <= k <= len(arr)
    """"""
    return sum(elem for elem in arr[:k] if len(str(elem)) <= 2)",,,,,,,
Q124,HumanEval-123,humaneval,"Complete the following Python function. Return only the full function implementation.

def get_odd_collatz(n):
    """"""
    Given a positive integer n, return a sorted list that has the odd numbers in collatz sequence.

    The Collatz conjecture is a conjecture in mathematics that concerns a sequence defined
    as follows: start with any positive integer n. Then each term is obtained from the 
    previous term as follows: if the previous term is even, the next term is one half of 
    the previous term. If the previous term is odd, the next term is 3 times the previous
    term plus 1. The conjecture is that no matter what value of n, the sequence will always reach 1.

    Note: 
        1. Collatz(1) is [1].
        2. returned list sorted in increasing order.

    For example:
    get_odd_collatz(5) returns [1, 5] # The collatz sequence for 5 is [5, 16, 8, 4, 2, 1], so the odd numbers are only 1, and 5.
    """"""","def get_odd_collatz(n):
    """"""
    Given a positive integer n, return a sorted list that has the odd numbers in collatz sequence.

    The Collatz conjecture is a conjecture in mathematics that concerns a sequence defined
    as follows: start with any positive integer n. Then each term is obtained from the 
    previous term as follows: if the previous term is even, the next term is one half of 
    the previous term. If the previous term is odd, the next term is 3 times the previous
    term plus 1. The conjecture is that no matter what value of n, the sequence will always reach 1.

    Note: 
        1. Collatz(1) is [1].
        2. returned list sorted in increasing order.

    For example:
    get_odd_collatz(5) returns [1, 5] # The collatz sequence for 5 is [5, 16, 8, 4, 2, 1], so the odd numbers are only 1, and 5.
    """"""
    if n%2==0:
        odd_collatz = [] 
    else:
        odd_collatz = [n]
    while n > 1:
        if n % 2 == 0:
            n = n/2
        else:
            n = n*3 + 1
            
        if n%2 == 1:
            odd_collatz.append(int(n))

    return sorted(odd_collatz)",,,,,,,
Q125,HumanEval-124,humaneval,"Complete the following Python function. Return only the full function implementation.

def valid_date(date):
    """"""You have to write a function which validates a given date string and
    returns True if the date is valid otherwise False.
    The date is valid if all of the following rules are satisfied:
    1. The date string is not empty.
    2. The number of days is not less than 1 or higher than 31 days for months 1,3,5,7,8,10,12. And the number of days is not less than 1 or higher than 30 days for months 4,6,9,11. And, the number of days is not less than 1 or higher than 29 for the month 2.
    3. The months should not be less than 1 or higher than 12.
    4. The date should be in the format: mm-dd-yyyy

    for example: 
    valid_date('03-11-2000') => True

    valid_date('15-01-2012') => False

    valid_date('04-0-2040') => False

    valid_date('06-04-2020') => True

    valid_date('06/04/2020') => False
    """"""","def valid_date(date):
    """"""You have to write a function which validates a given date string and
    returns True if the date is valid otherwise False.
    The date is valid if all of the following rules are satisfied:
    1. The date string is not empty.
    2. The number of days is not less than 1 or higher than 31 days for months 1,3,5,7,8,10,12. And the number of days is not less than 1 or higher than 30 days for months 4,6,9,11. And, the number of days is not less than 1 or higher than 29 for the month 2.
    3. The months should not be less than 1 or higher than 12.
    4. The date should be in the format: mm-dd-yyyy

    for example: 
    valid_date('03-11-2000') => True

    valid_date('15-01-2012') => False

    valid_date('04-0-2040') => False

    valid_date('06-04-2020') => True

    valid_date('06/04/2020') => False
    """"""
    try:
        date = date.strip()
        month, day, year = date.split('-')
        month, day, year = int(month), int(day), int(year)
        if month < 1 or month > 12:
            return False
        if month in [1,3,5,7,8,10,12] and day < 1 or day > 31:
            return False
        if month in [4,6,9,11] and day < 1 or day > 30:
            return False
        if month == 2 and day < 1 or day > 29:
            return False
    except:
        return False

    return True",,,,,,,
Q126,HumanEval-125,humaneval,"Complete the following Python function. Return only the full function implementation.

def split_words(txt):
    '''
    Given a string of words, return a list of words split on whitespace, if no whitespaces exists in the text you
    should split on commas ',' if no commas exists you should return the number of lower-case letters with odd order in the
    alphabet, ord('a') = 0, ord('b') = 1, ... ord('z') = 25
    Examples
    split_words(""Hello world!"") ➞ [""Hello"", ""world!""]
    split_words(""Hello,world!"") ➞ [""Hello"", ""world!""]
    split_words(""abcdef"") == 3 
    '''","def split_words(txt):
    '''
    Given a string of words, return a list of words split on whitespace, if no whitespaces exists in the text you
    should split on commas ',' if no commas exists you should return the number of lower-case letters with odd order in the
    alphabet, ord('a') = 0, ord('b') = 1, ... ord('z') = 25
    Examples
    split_words(""Hello world!"") ➞ [""Hello"", ""world!""]
    split_words(""Hello,world!"") ➞ [""Hello"", ""world!""]
    split_words(""abcdef"") == 3 
    '''
    if "" "" in txt:
        return txt.split()
    elif "","" in txt:
        return txt.replace(',',' ').split()
    else:
        return len([i for i in txt if i.islower() and ord(i)%2 == 0])",,,,,,,
Q127,HumanEval-126,humaneval,"Complete the following Python function. Return only the full function implementation.

def is_sorted(lst):
    '''
    Given a list of numbers, return whether or not they are sorted
    in ascending order. If list has more than 1 duplicate of the same
    number, return False. Assume no negative numbers and only integers.

    Examples
    is_sorted([5]) ➞ True
    is_sorted([1, 2, 3, 4, 5]) ➞ True
    is_sorted([1, 3, 2, 4, 5]) ➞ False
    is_sorted([1, 2, 3, 4, 5, 6]) ➞ True
    is_sorted([1, 2, 3, 4, 5, 6, 7]) ➞ True
    is_sorted([1, 3, 2, 4, 5, 6, 7]) ➞ False
    is_sorted([1, 2, 2, 3, 3, 4]) ➞ True
    is_sorted([1, 2, 2, 2, 3, 4]) ➞ False
    '''","def is_sorted(lst):
    '''
    Given a list of numbers, return whether or not they are sorted
    in ascending order. If list has more than 1 duplicate of the same
    number, return False. Assume no negative numbers and only integers.

    Examples
    is_sorted([5]) ➞ True
    is_sorted([1, 2, 3, 4, 5]) ➞ True
    is_sorted([1, 3, 2, 4, 5]) ➞ False
    is_sorted([1, 2, 3, 4, 5, 6]) ➞ True
    is_sorted([1, 2, 3, 4, 5, 6, 7]) ➞ True
    is_sorted([1, 3, 2, 4, 5, 6, 7]) ➞ False
    is_sorted([1, 2, 2, 3, 3, 4]) ➞ True
    is_sorted([1, 2, 2, 2, 3, 4]) ➞ False
    '''
    count_digit = dict([(i, 0) for i in lst])
    for i in lst:
        count_digit[i]+=1 
    if any(count_digit[i] > 2 for i in lst):
        return False
    if all(lst[i-1] <= lst[i] for i in range(1, len(lst))):
        return True
    else:
        return False",,,,,,,
Q128,HumanEval-127,humaneval,"Complete the following Python function. Return only the full function implementation.

def intersection(interval1, interval2):
    """"""You are given two intervals,
    where each interval is a pair of integers. For example, interval = (start, end) = (1, 2).
    The given intervals are closed which means that the interval (start, end)
    includes both start and end.
    For each given interval, it is assumed that its start is less or equal its end.
    Your task is to determine whether the length of intersection of these two 
    intervals is a prime number.
    Example, the intersection of the intervals (1, 3), (2, 4) is (2, 3)
    which its length is 1, which not a prime number.
    If the length of the intersection is a prime number, return ""YES"",
    otherwise, return ""NO"".
    If the two intervals don't intersect, return ""NO"".


    [input/output] samples:
    intersection((1, 2), (2, 3)) ==> ""NO""
    intersection((-1, 1), (0, 4)) ==> ""NO""
    intersection((-3, -1), (-5, 5)) ==> ""YES""
    """"""","def intersection(interval1, interval2):
    """"""You are given two intervals,
    where each interval is a pair of integers. For example, interval = (start, end) = (1, 2).
    The given intervals are closed which means that the interval (start, end)
    includes both start and end.
    For each given interval, it is assumed that its start is less or equal its end.
    Your task is to determine whether the length of intersection of these two 
    intervals is a prime number.
    Example, the intersection of the intervals (1, 3), (2, 4) is (2, 3)
    which its length is 1, which not a prime number.
    If the length of the intersection is a prime number, return ""YES"",
    otherwise, return ""NO"".
    If the two intervals don't intersect, return ""NO"".


    [input/output] samples:
    intersection((1, 2), (2, 3)) ==> ""NO""
    intersection((-1, 1), (0, 4)) ==> ""NO""
    intersection((-3, -1), (-5, 5)) ==> ""YES""
    """"""
    def is_prime(num):
        if num == 1 or num == 0:
            return False
        if num == 2:
            return True
        for i in range(2, num):
            if num%i == 0:
                return False
        return True

    l = max(interval1[0], interval2[0])
    r = min(interval1[1], interval2[1])
    length = r - l
    if length > 0 and is_prime(length):
        return ""YES""
    return ""NO""",,,,,,,
Q129,HumanEval-128,humaneval,"Complete the following Python function. Return only the full function implementation.

def prod_signs(arr):
    """"""
    You are given an array arr of integers and you need to return
    sum of magnitudes of integers multiplied by product of all signs
    of each number in the array, represented by 1, -1 or 0.
    Note: return None for empty arr.

    Example:
    >>> prod_signs([1, 2, 2, -4]) == -9
    >>> prod_signs([0, 1]) == 0
    >>> prod_signs([]) == None
    """"""","def prod_signs(arr):
    """"""
    You are given an array arr of integers and you need to return
    sum of magnitudes of integers multiplied by product of all signs
    of each number in the array, represented by 1, -1 or 0.
    Note: return None for empty arr.

    Example:
    >>> prod_signs([1, 2, 2, -4]) == -9
    >>> prod_signs([0, 1]) == 0
    >>> prod_signs([]) == None
    """"""
    if not arr: return None
    prod = 0 if 0 in arr else (-1) ** len(list(filter(lambda x: x < 0, arr)))
    return prod * sum([abs(i) for i in arr])",,,,,,,
Q130,HumanEval-129,humaneval,"Complete the following Python function. Return only the full function implementation.

def minPath(grid, k):
    """"""
    Given a grid with N rows and N columns (N >= 2) and a positive integer k, 
    each cell of the grid contains a value. Every integer in the range [1, N * N]
    inclusive appears exactly once on the cells of the grid.

    You have to find the minimum path of length k in the grid. You can start
    from any cell, and in each step you can move to any of the neighbor cells,
    in other words, you can go to cells which share an edge with you current
    cell.
    Please note that a path of length k means visiting exactly k cells (not
    necessarily distinct).
    You CANNOT go off the grid.
    A path A (of length k) is considered less than a path B (of length k) if
    after making the ordered lists of the values on the cells that A and B go
    through (let's call them lst_A and lst_B), lst_A is lexicographically less
    than lst_B, in other words, there exist an integer index i (1 <= i <= k)
    such that lst_A[i] < lst_B[i] and for any j (1 <= j < i) we have
    lst_A[j] = lst_B[j].
    It is guaranteed that the answer is unique.
    Return an ordered list of the values on the cells that the minimum path go through.

    Examples:

        Input: grid = [ [1,2,3], [4,5,6], [7,8,9]], k = 3
        Output: [1, 2, 1]

        Input: grid = [ [5,9,3], [4,1,6], [7,8,2]], k = 1
        Output: [1]
    """"""","def minPath(grid, k):
    """"""
    Given a grid with N rows and N columns (N >= 2) and a positive integer k, 
    each cell of the grid contains a value. Every integer in the range [1, N * N]
    inclusive appears exactly once on the cells of the grid.

    You have to find the minimum path of length k in the grid. You can start
    from any cell, and in each step you can move to any of the neighbor cells,
    in other words, you can go to cells which share an edge with you current
    cell.
    Please note that a path of length k means visiting exactly k cells (not
    necessarily distinct).
    You CANNOT go off the grid.
    A path A (of length k) is considered less than a path B (of length k) if
    after making the ordered lists of the values on the cells that A and B go
    through (let's call them lst_A and lst_B), lst_A is lexicographically less
    than lst_B, in other words, there exist an integer index i (1 <= i <= k)
    such that lst_A[i] < lst_B[i] and for any j (1 <= j < i) we have
    lst_A[j] = lst_B[j].
    It is guaranteed that the answer is unique.
    Return an ordered list of the values on the cells that the minimum path go through.

    Examples:

        Input: grid = [ [1,2,3], [4,5,6], [7,8,9]], k = 3
        Output: [1, 2, 1]

        Input: grid = [ [5,9,3], [4,1,6], [7,8,2]], k = 1
        Output: [1]
    """"""
    n = len(grid)
    val = n * n + 1
    for i in range(n):
        for j in range(n):
            if grid[i][j] == 1:
                temp = []
                if i != 0:
                    temp.append(grid[i - 1][j])

                if j != 0:
                    temp.append(grid[i][j - 1])

                if i != n - 1:
                    temp.append(grid[i + 1][j])

                if j != n - 1:
                    temp.append(grid[i][j + 1])

                val = min(temp)

    ans = []
    for i in range(k):
        if i % 2 == 0:
            ans.append(1)
        else:
            ans.append(val)
    return ans",,,,,,,
Q131,HumanEval-130,humaneval,"Complete the following Python function. Return only the full function implementation.

def tri(n):
    """"""Everyone knows Fibonacci sequence, it was studied deeply by mathematicians in 
    the last couple centuries. However, what people don't know is Tribonacci sequence.
    Tribonacci sequence is defined by the recurrence:
    tri(1) = 3
    tri(n) = 1 + n / 2, if n is even.
    tri(n) =  tri(n - 1) + tri(n - 2) + tri(n + 1), if n is odd.
    For example:
    tri(2) = 1 + (2 / 2) = 2
    tri(4) = 3
    tri(3) = tri(2) + tri(1) + tri(4)
           = 2 + 3 + 3 = 8 
    You are given a non-negative integer number n, you have to a return a list of the 
    first n + 1 numbers of the Tribonacci sequence.
    Examples:
    tri(3) = [1, 3, 2, 8]
    """"""","def tri(n):
    """"""Everyone knows Fibonacci sequence, it was studied deeply by mathematicians in 
    the last couple centuries. However, what people don't know is Tribonacci sequence.
    Tribonacci sequence is defined by the recurrence:
    tri(1) = 3
    tri(n) = 1 + n / 2, if n is even.
    tri(n) =  tri(n - 1) + tri(n - 2) + tri(n + 1), if n is odd.
    For example:
    tri(2) = 1 + (2 / 2) = 2
    tri(4) = 3
    tri(3) = tri(2) + tri(1) + tri(4)
           = 2 + 3 + 3 = 8 
    You are given a non-negative integer number n, you have to a return a list of the 
    first n + 1 numbers of the Tribonacci sequence.
    Examples:
    tri(3) = [1, 3, 2, 8]
    """"""
    if n == 0:
        return [1]
    my_tri = [1, 3]
    for i in range(2, n + 1):
        if i % 2 == 0:
            my_tri.append(i / 2 + 1)
        else:
            my_tri.append(my_tri[i - 1] + my_tri[i - 2] + (i + 3) / 2)
    return my_tri",,,,,,,
Q132,HumanEval-131,humaneval,"Complete the following Python function. Return only the full function implementation.

def digits(n):
    """"""Given a positive integer n, return the product of the odd digits.
    Return 0 if all digits are even.
    For example:
    digits(1)  == 1
    digits(4)  == 0
    digits(235) == 15
    """"""","def digits(n):
    """"""Given a positive integer n, return the product of the odd digits.
    Return 0 if all digits are even.
    For example:
    digits(1)  == 1
    digits(4)  == 0
    digits(235) == 15
    """"""
    product = 1
    odd_count = 0
    for digit in str(n):
        int_digit = int(digit)
        if int_digit%2 == 1:
            product= product*int_digit
            odd_count+=1
    if odd_count ==0:
        return 0
    else:
        return product",,,,,,,
Q133,HumanEval-132,humaneval,"Complete the following Python function. Return only the full function implementation.

def is_nested(string):
    '''
    Create a function that takes a string as input which contains only square brackets.
    The function should return True if and only if there is a valid subsequence of brackets 
    where at least one bracket in the subsequence is nested.

    is_nested('[[]]') ➞ True
    is_nested('[]]]]]]][[[[[]') ➞ False
    is_nested('[][]') ➞ False
    is_nested('[]') ➞ False
    is_nested('[[][]]') ➞ True
    is_nested('[[]][[') ➞ True
    '''","def is_nested(string):
    '''
    Create a function that takes a string as input which contains only square brackets.
    The function should return True if and only if there is a valid subsequence of brackets 
    where at least one bracket in the subsequence is nested.

    is_nested('[[]]') ➞ True
    is_nested('[]]]]]]][[[[[]') ➞ False
    is_nested('[][]') ➞ False
    is_nested('[]') ➞ False
    is_nested('[[][]]') ➞ True
    is_nested('[[]][[') ➞ True
    '''
    opening_bracket_index = []
    closing_bracket_index = []
    for i in range(len(string)):
        if string[i] == '[':
            opening_bracket_index.append(i)
        else:
            closing_bracket_index.append(i)
    closing_bracket_index.reverse()
    cnt = 0
    i = 0
    l = len(closing_bracket_index)
    for idx in opening_bracket_index:
        if i < l and idx < closing_bracket_index[i]:
            cnt += 1
            i += 1
    return cnt >= 2",,,,,,,
Q134,HumanEval-133,humaneval,"Complete the following Python function. Return only the full function implementation.

def sum_squares(lst):
    """"""You are given a list of numbers.
    You need to return the sum of squared numbers in the given list,
    round each element in the list to the upper int(Ceiling) first.
    Examples:
    For lst = [1,2,3] the output should be 14
    For lst = [1,4,9] the output should be 98
    For lst = [1,3,5,7] the output should be 84
    For lst = [1.4,4.2,0] the output should be 29
    For lst = [-2.4,1,1] the output should be 6
    

    """"""","def sum_squares(lst):
    """"""You are given a list of numbers.
    You need to return the sum of squared numbers in the given list,
    round each element in the list to the upper int(Ceiling) first.
    Examples:
    For lst = [1,2,3] the output should be 14
    For lst = [1,4,9] the output should be 98
    For lst = [1,3,5,7] the output should be 84
    For lst = [1.4,4.2,0] the output should be 29
    For lst = [-2.4,1,1] the output should be 6
    

    """"""
    import math
    squared = 0
    for i in lst:
        squared += math.ceil(i)**2
    return squared",,,,,,,
Q135,HumanEval-134,humaneval,"Complete the following Python function. Return only the full function implementation.

def check_if_last_char_is_a_letter(txt):
    '''
    Create a function that returns True if the last character
    of a given string is an alphabetical character and is not
    a part of a word, and False otherwise.
    Note: ""word"" is a group of characters separated by space.

    Examples:
    check_if_last_char_is_a_letter(""apple pie"") ➞ False
    check_if_last_char_is_a_letter(""apple pi e"") ➞ True
    check_if_last_char_is_a_letter(""apple pi e "") ➞ False
    check_if_last_char_is_a_letter("""") ➞ False 
    '''","def check_if_last_char_is_a_letter(txt):
    '''
    Create a function that returns True if the last character
    of a given string is an alphabetical character and is not
    a part of a word, and False otherwise.
    Note: ""word"" is a group of characters separated by space.

    Examples:
    check_if_last_char_is_a_letter(""apple pie"") ➞ False
    check_if_last_char_is_a_letter(""apple pi e"") ➞ True
    check_if_last_char_is_a_letter(""apple pi e "") ➞ False
    check_if_last_char_is_a_letter("""") ➞ False 
    '''
 
    check = txt.split(' ')[-1]
    return True if len(check) == 1 and (97 <= ord(check.lower()) <= 122) else False",,,,,,,
Q136,HumanEval-135,humaneval,"Complete the following Python function. Return only the full function implementation.

def can_arrange(arr):
    """"""Create a function which returns the largest index of an element which
    is not greater than or equal to the element immediately preceding it. If
    no such element exists then return -1. The given array will not contain
    duplicate values.

    Examples:
    can_arrange([1,2,4,3,5]) = 3
    can_arrange([1,2,3]) = -1
    """"""","def can_arrange(arr):
    """"""Create a function which returns the largest index of an element which
    is not greater than or equal to the element immediately preceding it. If
    no such element exists then return -1. The given array will not contain
    duplicate values.

    Examples:
    can_arrange([1,2,4,3,5]) = 3
    can_arrange([1,2,3]) = -1
    """"""
    ind=-1
    i=1
    while i<len(arr):
      if arr[i]<arr[i-1]:
        ind=i
      i+=1
    return ind",,,,,,,
Q137,HumanEval-136,humaneval,"Complete the following Python function. Return only the full function implementation.

def largest_smallest_integers(lst):
    '''
    Create a function that returns a tuple (a, b), where 'a' is
    the largest of negative integers, and 'b' is the smallest
    of positive integers in a list.
    If there is no negative or positive integers, return them as None.

    Examples:
    largest_smallest_integers([2, 4, 1, 3, 5, 7]) == (None, 1)
    largest_smallest_integers([]) == (None, None)
    largest_smallest_integers([0]) == (None, None)
    '''","def largest_smallest_integers(lst):
    '''
    Create a function that returns a tuple (a, b), where 'a' is
    the largest of negative integers, and 'b' is the smallest
    of positive integers in a list.
    If there is no negative or positive integers, return them as None.

    Examples:
    largest_smallest_integers([2, 4, 1, 3, 5, 7]) == (None, 1)
    largest_smallest_integers([]) == (None, None)
    largest_smallest_integers([0]) == (None, None)
    '''
    smallest = list(filter(lambda x: x < 0, lst))
    largest = list(filter(lambda x: x > 0, lst))
    return (max(smallest) if smallest else None, min(largest) if largest else None)",,,,,,,
Q138,HumanEval-137,humaneval,"Complete the following Python function. Return only the full function implementation.

def compare_one(a, b):
    """"""
    Create a function that takes integers, floats, or strings representing
    real numbers, and returns the larger variable in its given variable type.
    Return None if the values are equal.
    Note: If a real number is represented as a string, the floating point might be . or ,

    compare_one(1, 2.5) ➞ 2.5
    compare_one(1, ""2,3"") ➞ ""2,3""
    compare_one(""5,1"", ""6"") ➞ ""6""
    compare_one(""1"", 1) ➞ None
    """"""","def compare_one(a, b):
    """"""
    Create a function that takes integers, floats, or strings representing
    real numbers, and returns the larger variable in its given variable type.
    Return None if the values are equal.
    Note: If a real number is represented as a string, the floating point might be . or ,

    compare_one(1, 2.5) ➞ 2.5
    compare_one(1, ""2,3"") ➞ ""2,3""
    compare_one(""5,1"", ""6"") ➞ ""6""
    compare_one(""1"", 1) ➞ None
    """"""
    temp_a, temp_b = a, b
    if isinstance(temp_a, str): temp_a = temp_a.replace(',','.')
    if isinstance(temp_b, str): temp_b = temp_b.replace(',','.')
    if float(temp_a) == float(temp_b): return None
    return a if float(temp_a) > float(temp_b) else b",,,,,,,
Q139,HumanEval-138,humaneval,"Complete the following Python function. Return only the full function implementation.

def is_equal_to_sum_even(n):
    """"""Evaluate whether the given number n can be written as the sum of exactly 4 positive even numbers
    Example
    is_equal_to_sum_even(4) == False
    is_equal_to_sum_even(6) == False
    is_equal_to_sum_even(8) == True
    """"""","def is_equal_to_sum_even(n):
    """"""Evaluate whether the given number n can be written as the sum of exactly 4 positive even numbers
    Example
    is_equal_to_sum_even(4) == False
    is_equal_to_sum_even(6) == False
    is_equal_to_sum_even(8) == True
    """"""
    return n%2 == 0 and n >= 8",,,,,,,
Q140,HumanEval-139,humaneval,"Complete the following Python function. Return only the full function implementation.

def special_factorial(n):
    """"""The Brazilian factorial is defined as:
    brazilian_factorial(n) = n! * (n-1)! * (n-2)! * ... * 1!
    where n > 0

    For example:
    >>> special_factorial(4)
    288

    The function will receive an integer as input and should return the special
    factorial of this integer.
    """"""","def special_factorial(n):
    """"""The Brazilian factorial is defined as:
    brazilian_factorial(n) = n! * (n-1)! * (n-2)! * ... * 1!
    where n > 0

    For example:
    >>> special_factorial(4)
    288

    The function will receive an integer as input and should return the special
    factorial of this integer.
    """"""
    fact_i = 1
    special_fact = 1
    for i in range(1, n+1):
        fact_i *= i
        special_fact *= fact_i
    return special_fact",,,,,,,
Q141,HumanEval-140,humaneval,"Complete the following Python function. Return only the full function implementation.

def fix_spaces(text):
    """"""
    Given a string text, replace all spaces in it with underscores, 
    and if a string has more than 2 consecutive spaces, 
    then replace all consecutive spaces with - 
    
    fix_spaces(""Example"") == ""Example""
    fix_spaces(""Example 1"") == ""Example_1""
    fix_spaces("" Example 2"") == ""_Example_2""
    fix_spaces("" Example   3"") == ""_Example-3""
    """"""","def fix_spaces(text):
    """"""
    Given a string text, replace all spaces in it with underscores, 
    and if a string has more than 2 consecutive spaces, 
    then replace all consecutive spaces with - 
    
    fix_spaces(""Example"") == ""Example""
    fix_spaces(""Example 1"") == ""Example_1""
    fix_spaces("" Example 2"") == ""_Example_2""
    fix_spaces("" Example   3"") == ""_Example-3""
    """"""
    new_text = """"
    i = 0
    start, end = 0, 0
    while i < len(text):
        if text[i] == "" "":
            end += 1
        else:
            if end - start > 2:
                new_text += ""-""+text[i]
            elif end - start > 0:
                new_text += ""_""*(end - start)+text[i]
            else:
                new_text += text[i]
            start, end = i+1, i+1
        i+=1
    if end - start > 2:
        new_text += ""-""
    elif end - start > 0:
        new_text += ""_""
    return new_text",,,,,,,
Q142,HumanEval-141,humaneval,"Complete the following Python function. Return only the full function implementation.

def file_name_check(file_name):
    """"""Create a function which takes a string representing a file's name, and returns
    'Yes' if the the file's name is valid, and returns 'No' otherwise.
    A file's name is considered to be valid if and only if all the following conditions 
    are met:
    - There should not be more than three digits ('0'-'9') in the file's name.
    - The file's name contains exactly one dot '.'
    - The substring before the dot should not be empty, and it starts with a letter from 
    the latin alphapet ('a'-'z' and 'A'-'Z').
    - The substring after the dot should be one of these: ['txt', 'exe', 'dll']
    Examples:
    file_name_check(""example.txt"") # => 'Yes'
    file_name_check(""1example.dll"") # => 'No' (the name should start with a latin alphapet letter)
    """"""","def file_name_check(file_name):
    """"""Create a function which takes a string representing a file's name, and returns
    'Yes' if the the file's name is valid, and returns 'No' otherwise.
    A file's name is considered to be valid if and only if all the following conditions 
    are met:
    - There should not be more than three digits ('0'-'9') in the file's name.
    - The file's name contains exactly one dot '.'
    - The substring before the dot should not be empty, and it starts with a letter from 
    the latin alphapet ('a'-'z' and 'A'-'Z').
    - The substring after the dot should be one of these: ['txt', 'exe', 'dll']
    Examples:
    file_name_check(""example.txt"") # => 'Yes'
    file_name_check(""1example.dll"") # => 'No' (the name should start with a latin alphapet letter)
    """"""
    suf = ['txt', 'exe', 'dll']
    lst = file_name.split(sep='.')
    if len(lst) != 2:
        return 'No'
    if not lst[1] in suf:
        return 'No'
    if len(lst[0]) == 0:
        return 'No'
    if not lst[0][0].isalpha():
        return 'No'
    t = len([x for x in lst[0] if x.isdigit()])
    if t > 3:
        return 'No'
    return 'Yes'",,,,,,,
Q143,HumanEval-142,humaneval,"Complete the following Python function. Return only the full function implementation.

def sum_squares(lst):
    """"""""
    This function will take a list of integers. For all entries in the list, the function shall square the integer entry if its index is a 
    multiple of 3 and will cube the integer entry if its index is a multiple of 4 and not a multiple of 3. The function will not 
    change the entries in the list whose indexes are not a multiple of 3 or 4. The function shall then return the sum of all entries. 
    
    Examples:
    For lst = [1,2,3] the output should be 6
    For lst = []  the output should be 0
    For lst = [-1,-5,2,-1,-5]  the output should be -126
    """"""","def sum_squares(lst):
    """"""""
    This function will take a list of integers. For all entries in the list, the function shall square the integer entry if its index is a 
    multiple of 3 and will cube the integer entry if its index is a multiple of 4 and not a multiple of 3. The function will not 
    change the entries in the list whose indexes are not a multiple of 3 or 4. The function shall then return the sum of all entries. 
    
    Examples:
    For lst = [1,2,3] the output should be 6
    For lst = []  the output should be 0
    For lst = [-1,-5,2,-1,-5]  the output should be -126
    """"""
    result =[]
    for i in range(len(lst)):
        if i %3 == 0:
            result.append(lst[i]**2)
        elif i % 4 == 0 and i%3 != 0:
            result.append(lst[i]**3)
        else:
            result.append(lst[i])
    return sum(result)",,,,,,,
Q144,HumanEval-143,humaneval,"Complete the following Python function. Return only the full function implementation.

def words_in_sentence(sentence):
    """"""
    You are given a string representing a sentence,
    the sentence contains some words separated by a space,
    and you have to return a string that contains the words from the original sentence,
    whose lengths are prime numbers,
    the order of the words in the new string should be the same as the original one.

    Example 1:
        Input: sentence = ""This is a test""
        Output: ""is""

    Example 2:
        Input: sentence = ""lets go for swimming""
        Output: ""go for""

    Constraints:
        * 1 <= len(sentence) <= 100
        * sentence contains only letters
    """"""","def words_in_sentence(sentence):
    """"""
    You are given a string representing a sentence,
    the sentence contains some words separated by a space,
    and you have to return a string that contains the words from the original sentence,
    whose lengths are prime numbers,
    the order of the words in the new string should be the same as the original one.

    Example 1:
        Input: sentence = ""This is a test""
        Output: ""is""

    Example 2:
        Input: sentence = ""lets go for swimming""
        Output: ""go for""

    Constraints:
        * 1 <= len(sentence) <= 100
        * sentence contains only letters
    """"""
    new_lst = []
    for word in sentence.split():
        flg = 0
        if len(word) == 1:
            flg = 1
        for i in range(2, len(word)):
            if len(word)%i == 0:
                flg = 1
        if flg == 0 or len(word) == 2:
            new_lst.append(word)
    return "" "".join(new_lst)",,,,,,,
Q145,HumanEval-144,humaneval,"Complete the following Python function. Return only the full function implementation.

def simplify(x, n):
    """"""Your task is to implement a function that will simplify the expression
    x * n. The function returns True if x * n evaluates to a whole number and False
    otherwise. Both x and n, are string representation of a fraction, and have the following format,
    <numerator>/<denominator> where both numerator and denominator are positive whole numbers.

    You can assume that x, and n are valid fractions, and do not have zero as denominator.

    simplify(""1/5"", ""5/1"") = True
    simplify(""1/6"", ""2/1"") = False
    simplify(""7/10"", ""10/2"") = False
    """"""","def simplify(x, n):
    """"""Your task is to implement a function that will simplify the expression
    x * n. The function returns True if x * n evaluates to a whole number and False
    otherwise. Both x and n, are string representation of a fraction, and have the following format,
    <numerator>/<denominator> where both numerator and denominator are positive whole numbers.

    You can assume that x, and n are valid fractions, and do not have zero as denominator.

    simplify(""1/5"", ""5/1"") = True
    simplify(""1/6"", ""2/1"") = False
    simplify(""7/10"", ""10/2"") = False
    """"""
    a, b = x.split(""/"")
    c, d = n.split(""/"")
    numerator = int(a) * int(c)
    denom = int(b) * int(d)
    if (numerator/denom == int(numerator/denom)):
        return True
    return False",,,,,,,
Q146,HumanEval-145,humaneval,"Complete the following Python function. Return only the full function implementation.

def order_by_points(nums):
    """"""
    Write a function which sorts the given list of integers
    in ascending order according to the sum of their digits.
    Note: if there are several items with similar sum of their digits,
    order them based on their index in original list.

    For example:
    >>> order_by_points([1, 11, -1, -11, -12]) == [-1, -11, 1, -12, 11]
    >>> order_by_points([]) == []
    """"""","def order_by_points(nums):
    """"""
    Write a function which sorts the given list of integers
    in ascending order according to the sum of their digits.
    Note: if there are several items with similar sum of their digits,
    order them based on their index in original list.

    For example:
    >>> order_by_points([1, 11, -1, -11, -12]) == [-1, -11, 1, -12, 11]
    >>> order_by_points([]) == []
    """"""
    def digits_sum(n):
        neg = 1
        if n < 0: n, neg = -1 * n, -1 
        n = [int(i) for i in str(n)]
        n[0] = n[0] * neg
        return sum(n)
    return sorted(nums, key=digits_sum)",,,,,,,
Q147,HumanEval-146,humaneval,"Complete the following Python function. Return only the full function implementation.

def specialFilter(nums):
    """"""Write a function that takes an array of numbers as input and returns 
    the number of elements in the array that are greater than 10 and both 
    first and last digits of a number are odd (1, 3, 5, 7, 9).
    For example:
    specialFilter([15, -73, 14, -15]) => 1 
    specialFilter([33, -2, -3, 45, 21, 109]) => 2
    """"""","def specialFilter(nums):
    """"""Write a function that takes an array of numbers as input and returns 
    the number of elements in the array that are greater than 10 and both 
    first and last digits of a number are odd (1, 3, 5, 7, 9).
    For example:
    specialFilter([15, -73, 14, -15]) => 1 
    specialFilter([33, -2, -3, 45, 21, 109]) => 2
    """"""
    
    count = 0
    for num in nums:
        if num > 10:
            odd_digits = (1, 3, 5, 7, 9)
            number_as_string = str(num)
            if int(number_as_string[0]) in odd_digits and int(number_as_string[-1]) in odd_digits:
                count += 1
        
    return count",,,,,,,
Q148,HumanEval-147,humaneval,"Complete the following Python function. Return only the full function implementation.

def get_max_triples(n):
    """"""
    You are given a positive integer n. You have to create an integer array a of length n.
        For each i (1 ≤ i ≤ n), the value of a[i] = i * i - i + 1.
        Return the number of triples (a[i], a[j], a[k]) of a where i < j < k, 
    and a[i] + a[j] + a[k] is a multiple of 3.

    Example :
        Input: n = 5
        Output: 1
        Explanation: 
        a = [1, 3, 7, 13, 21]
        The only valid triple is (1, 7, 13).
    """"""","def get_max_triples(n):
    """"""
    You are given a positive integer n. You have to create an integer array a of length n.
        For each i (1 ≤ i ≤ n), the value of a[i] = i * i - i + 1.
        Return the number of triples (a[i], a[j], a[k]) of a where i < j < k, 
    and a[i] + a[j] + a[k] is a multiple of 3.

    Example :
        Input: n = 5
        Output: 1
        Explanation: 
        a = [1, 3, 7, 13, 21]
        The only valid triple is (1, 7, 13).
    """"""
    A = [i*i - i + 1 for i in range(1,n+1)]
    ans = []
    for i in range(n):
        for j in range(i+1,n):
            for k in range(j+1,n):
                if (A[i]+A[j]+A[k])%3 == 0:
                    ans += [(A[i],A[j],A[k])]
    return len(ans)",,,,,,,
Q149,HumanEval-148,humaneval,"Complete the following Python function. Return only the full function implementation.

def bf(planet1, planet2):
    '''
    There are eight planets in our solar system: the closerst to the Sun 
    is Mercury, the next one is Venus, then Earth, Mars, Jupiter, Saturn, 
    Uranus, Neptune.
    Write a function that takes two planet names as strings planet1 and planet2. 
    The function should return a tuple containing all planets whose orbits are 
    located between the orbit of planet1 and the orbit of planet2, sorted by 
    the proximity to the sun. 
    The function should return an empty tuple if planet1 or planet2
    are not correct planet names. 
    Examples
    bf(""Jupiter"", ""Neptune"") ==> (""Saturn"", ""Uranus"")
    bf(""Earth"", ""Mercury"") ==> (""Venus"")
    bf(""Mercury"", ""Uranus"") ==> (""Venus"", ""Earth"", ""Mars"", ""Jupiter"", ""Saturn"")
    '''","def bf(planet1, planet2):
    '''
    There are eight planets in our solar system: the closerst to the Sun 
    is Mercury, the next one is Venus, then Earth, Mars, Jupiter, Saturn, 
    Uranus, Neptune.
    Write a function that takes two planet names as strings planet1 and planet2. 
    The function should return a tuple containing all planets whose orbits are 
    located between the orbit of planet1 and the orbit of planet2, sorted by 
    the proximity to the sun. 
    The function should return an empty tuple if planet1 or planet2
    are not correct planet names. 
    Examples
    bf(""Jupiter"", ""Neptune"") ==> (""Saturn"", ""Uranus"")
    bf(""Earth"", ""Mercury"") ==> (""Venus"")
    bf(""Mercury"", ""Uranus"") ==> (""Venus"", ""Earth"", ""Mars"", ""Jupiter"", ""Saturn"")
    '''
    planet_names = (""Mercury"", ""Venus"", ""Earth"", ""Mars"", ""Jupiter"", ""Saturn"", ""Uranus"", ""Neptune"")
    if planet1 not in planet_names or planet2 not in planet_names or planet1 == planet2:
        return ()
    planet1_index = planet_names.index(planet1)
    planet2_index = planet_names.index(planet2)
    if planet1_index < planet2_index:
        return (planet_names[planet1_index + 1: planet2_index])
    else:
        return (planet_names[planet2_index + 1 : planet1_index])",,,,,,,
Q150,HumanEval-149,humaneval,"Complete the following Python function. Return only the full function implementation.

def sorted_list_sum(lst):
    """"""Write a function that accepts a list of strings as a parameter,
    deletes the strings that have odd lengths from it,
    and returns the resulted list with a sorted order,
    The list is always a list of strings and never an array of numbers,
    and it may contain duplicates.
    The order of the list should be ascending by length of each word, and you
    should return the list sorted by that rule.
    If two words have the same length, sort the list alphabetically.
    The function should return a list of strings in sorted order.
    You may assume that all words will have the same length.
    For example:
    assert list_sort([""aa"", ""a"", ""aaa""]) => [""aa""]
    assert list_sort([""ab"", ""a"", ""aaa"", ""cd""]) => [""ab"", ""cd""]
    """"""","def sorted_list_sum(lst):
    """"""Write a function that accepts a list of strings as a parameter,
    deletes the strings that have odd lengths from it,
    and returns the resulted list with a sorted order,
    The list is always a list of strings and never an array of numbers,
    and it may contain duplicates.
    The order of the list should be ascending by length of each word, and you
    should return the list sorted by that rule.
    If two words have the same length, sort the list alphabetically.
    The function should return a list of strings in sorted order.
    You may assume that all words will have the same length.
    For example:
    assert list_sort([""aa"", ""a"", ""aaa""]) => [""aa""]
    assert list_sort([""ab"", ""a"", ""aaa"", ""cd""]) => [""ab"", ""cd""]
    """"""
    lst.sort()
    new_lst = []
    for i in lst:
        if len(i)%2 == 0:
            new_lst.append(i)
    return sorted(new_lst, key=len)",,,,,,,
Q151,HumanEval-150,humaneval,"Complete the following Python function. Return only the full function implementation.

def x_or_y(n, x, y):
    """"""A simple program which should return the value of x if n is 
    a prime number and should return the value of y otherwise.

    Examples:
    for x_or_y(7, 34, 12) == 34
    for x_or_y(15, 8, 5) == 5
    
    """"""","def x_or_y(n, x, y):
    """"""A simple program which should return the value of x if n is 
    a prime number and should return the value of y otherwise.

    Examples:
    for x_or_y(7, 34, 12) == 34
    for x_or_y(15, 8, 5) == 5
    
    """"""
    if n == 1:
        return y
    for i in range(2, n):
        if n % i == 0:
            return y
            break
    else:
        return x",,,,,,,
Q152,HumanEval-151,humaneval,"Complete the following Python function. Return only the full function implementation.

def double_the_difference(lst):
    '''
    Given a list of numbers, return the sum of squares of the numbers
    in the list that are odd. Ignore numbers that are negative or not integers.
    
    double_the_difference([1, 3, 2, 0]) == 1 + 9 + 0 + 0 = 10
    double_the_difference([-1, -2, 0]) == 0
    double_the_difference([9, -2]) == 81
    double_the_difference([0]) == 0  
   
    If the input list is empty, return 0.
    '''","def double_the_difference(lst):
    '''
    Given a list of numbers, return the sum of squares of the numbers
    in the list that are odd. Ignore numbers that are negative or not integers.
    
    double_the_difference([1, 3, 2, 0]) == 1 + 9 + 0 + 0 = 10
    double_the_difference([-1, -2, 0]) == 0
    double_the_difference([9, -2]) == 81
    double_the_difference([0]) == 0  
   
    If the input list is empty, return 0.
    '''
    return sum([i**2 for i in lst if i > 0 and i%2!=0 and ""."" not in str(i)])",,,,,,,
Q153,HumanEval-152,humaneval,"Complete the following Python function. Return only the full function implementation.

def compare(game,guess):
    """"""I think we all remember that feeling when the result of some long-awaited
    event is finally known. The feelings and thoughts you have at that moment are
    definitely worth noting down and comparing.
    Your task is to determine if a person correctly guessed the results of a number of matches.
    You are given two arrays of scores and guesses of equal length, where each index shows a match. 
    Return an array of the same length denoting how far off each guess was. If they have guessed correctly,
    the value is 0, and if not, the value is the absolute difference between the guess and the score.
    
    
    example:

    compare([1,2,3,4,5,1],[1,2,3,4,2,-2]) -> [0,0,0,0,3,3]
    compare([0,5,0,0,0,4],[4,1,1,0,0,-2]) -> [4,4,1,0,0,6]
    """"""","def compare(game,guess):
    """"""I think we all remember that feeling when the result of some long-awaited
    event is finally known. The feelings and thoughts you have at that moment are
    definitely worth noting down and comparing.
    Your task is to determine if a person correctly guessed the results of a number of matches.
    You are given two arrays of scores and guesses of equal length, where each index shows a match. 
    Return an array of the same length denoting how far off each guess was. If they have guessed correctly,
    the value is 0, and if not, the value is the absolute difference between the guess and the score.
    
    
    example:

    compare([1,2,3,4,5,1],[1,2,3,4,2,-2]) -> [0,0,0,0,3,3]
    compare([0,5,0,0,0,4],[4,1,1,0,0,-2]) -> [4,4,1,0,0,6]
    """"""
    return [abs(x-y) for x,y in zip(game,guess)]",,,,,,,
Q154,HumanEval-153,humaneval,"Complete the following Python function. Return only the full function implementation.

def Strongest_Extension(class_name, extensions):
    """"""You will be given the name of a class (a string) and a list of extensions.
    The extensions are to be used to load additional classes to the class. The
    strength of the extension is as follows: Let CAP be the number of the uppercase
    letters in the extension's name, and let SM be the number of lowercase letters 
    in the extension's name, the strength is given by the fraction CAP - SM. 
    You should find the strongest extension and return a string in this 
    format: ClassName.StrongestExtensionName.
    If there are two or more extensions with the same strength, you should
    choose the one that comes first in the list.
    For example, if you are given ""Slices"" as the class and a list of the
    extensions: ['SErviNGSliCes', 'Cheese', 'StuFfed'] then you should
    return 'Slices.SErviNGSliCes' since 'SErviNGSliCes' is the strongest extension 
    (its strength is -1).
    Example:
    for Strongest_Extension('my_class', ['AA', 'Be', 'CC']) == 'my_class.AA'
    """"""","def Strongest_Extension(class_name, extensions):
    """"""You will be given the name of a class (a string) and a list of extensions.
    The extensions are to be used to load additional classes to the class. The
    strength of the extension is as follows: Let CAP be the number of the uppercase
    letters in the extension's name, and let SM be the number of lowercase letters 
    in the extension's name, the strength is given by the fraction CAP - SM. 
    You should find the strongest extension and return a string in this 
    format: ClassName.StrongestExtensionName.
    If there are two or more extensions with the same strength, you should
    choose the one that comes first in the list.
    For example, if you are given ""Slices"" as the class and a list of the
    extensions: ['SErviNGSliCes', 'Cheese', 'StuFfed'] then you should
    return 'Slices.SErviNGSliCes' since 'SErviNGSliCes' is the strongest extension 
    (its strength is -1).
    Example:
    for Strongest_Extension('my_class', ['AA', 'Be', 'CC']) == 'my_class.AA'
    """"""
    strong = extensions[0]
    my_val = len([x for x in extensions[0] if x.isalpha() and x.isupper()]) - len([x for x in extensions[0] if x.isalpha() and x.islower()])
    for s in extensions:
        val = len([x for x in s if x.isalpha() and x.isupper()]) - len([x for x in s if x.isalpha() and x.islower()])
        if val > my_val:
            strong = s
            my_val = val

    ans = class_name + ""."" + strong
    return ans",,,,,,,
Q155,HumanEval-154,humaneval,"Complete the following Python function. Return only the full function implementation.

def cycpattern_check(a , b):
    """"""You are given 2 words. You need to return True if the second word or any of its rotations is a substring in the first word
    cycpattern_check(""abcd"",""abd"") => False
    cycpattern_check(""hello"",""ell"") => True
    cycpattern_check(""whassup"",""psus"") => False
    cycpattern_check(""abab"",""baa"") => True
    cycpattern_check(""efef"",""eeff"") => False
    cycpattern_check(""himenss"",""simen"") => True

    """"""","def cycpattern_check(a , b):
    """"""You are given 2 words. You need to return True if the second word or any of its rotations is a substring in the first word
    cycpattern_check(""abcd"",""abd"") => False
    cycpattern_check(""hello"",""ell"") => True
    cycpattern_check(""whassup"",""psus"") => False
    cycpattern_check(""abab"",""baa"") => True
    cycpattern_check(""efef"",""eeff"") => False
    cycpattern_check(""himenss"",""simen"") => True

    """"""
    l = len(b)
    pat = b + b
    for i in range(len(a) - l + 1):
        for j in range(l + 1):
            if a[i:i+l] == pat[j:j+l]:
                return True
    return False",,,,,,,
Q156,HumanEval-155,humaneval,"Complete the following Python function. Return only the full function implementation.

def even_odd_count(num):
    """"""Given an integer. return a tuple that has the number of even and odd digits respectively.

     Example:
        even_odd_count(-12) ==> (1, 1)
        even_odd_count(123) ==> (1, 2)
    """"""","def even_odd_count(num):
    """"""Given an integer. return a tuple that has the number of even and odd digits respectively.

     Example:
        even_odd_count(-12) ==> (1, 1)
        even_odd_count(123) ==> (1, 2)
    """"""
    even_count = 0
    odd_count = 0
    for i in str(abs(num)):
        if int(i)%2==0:
            even_count +=1
        else:
            odd_count +=1
    return (even_count, odd_count)",,,,,,,
Q157,HumanEval-156,humaneval,"Complete the following Python function. Return only the full function implementation.

def int_to_mini_roman(number):
    """"""
    Given a positive integer, obtain its roman numeral equivalent as a string,
    and return it in lowercase.
    Restrictions: 1 <= num <= 1000

    Examples:
    >>> int_to_mini_roman(19) == 'xix'
    >>> int_to_mini_roman(152) == 'clii'
    >>> int_to_mini_roman(426) == 'cdxxvi'
    """"""","def int_to_mini_roman(number):
    """"""
    Given a positive integer, obtain its roman numeral equivalent as a string,
    and return it in lowercase.
    Restrictions: 1 <= num <= 1000

    Examples:
    >>> int_to_mini_roman(19) == 'xix'
    >>> int_to_mini_roman(152) == 'clii'
    >>> int_to_mini_roman(426) == 'cdxxvi'
    """"""
    num = [1, 4, 5, 9, 10, 40, 50, 90,  
           100, 400, 500, 900, 1000] 
    sym = [""I"", ""IV"", ""V"", ""IX"", ""X"", ""XL"",  
           ""L"", ""XC"", ""C"", ""CD"", ""D"", ""CM"", ""M""] 
    i = 12
    res = ''
    while number: 
        div = number // num[i] 
        number %= num[i] 
        while div: 
            res += sym[i] 
            div -= 1
        i -= 1
    return res.lower()",,,,,,,
Q158,HumanEval-157,humaneval,"Complete the following Python function. Return only the full function implementation.

def right_angle_triangle(a, b, c):
    '''
    Given the lengths of the three sides of a triangle. Return True if the three
    sides form a right-angled triangle, False otherwise.
    A right-angled triangle is a triangle in which one angle is right angle or 
    90 degree.
    Example:
    right_angle_triangle(3, 4, 5) == True
    right_angle_triangle(1, 2, 3) == False
    '''","def right_angle_triangle(a, b, c):
    '''
    Given the lengths of the three sides of a triangle. Return True if the three
    sides form a right-angled triangle, False otherwise.
    A right-angled triangle is a triangle in which one angle is right angle or 
    90 degree.
    Example:
    right_angle_triangle(3, 4, 5) == True
    right_angle_triangle(1, 2, 3) == False
    '''
    return a*a == b*b + c*c or b*b == a*a + c*c or c*c == a*a + b*b",,,,,,,
Q159,HumanEval-158,humaneval,"Complete the following Python function. Return only the full function implementation.

def find_max(words):
    """"""Write a function that accepts a list of strings.
    The list contains different words. Return the word with maximum number
    of unique characters. If multiple strings have maximum number of unique
    characters, return the one which comes first in lexicographical order.

    find_max([""name"", ""of"", ""string""]) == ""string""
    find_max([""name"", ""enam"", ""game""]) == ""enam""
    find_max([""aaaaaaa"", ""bb"" ,""cc""]) == """"aaaaaaa""
    """"""","def find_max(words):
    """"""Write a function that accepts a list of strings.
    The list contains different words. Return the word with maximum number
    of unique characters. If multiple strings have maximum number of unique
    characters, return the one which comes first in lexicographical order.

    find_max([""name"", ""of"", ""string""]) == ""string""
    find_max([""name"", ""enam"", ""game""]) == ""enam""
    find_max([""aaaaaaa"", ""bb"" ,""cc""]) == """"aaaaaaa""
    """"""
    return sorted(words, key = lambda x: (-len(set(x)), x))[0]",,,,,,,
Q160,HumanEval-159,humaneval,"Complete the following Python function. Return only the full function implementation.

def eat(number, need, remaining):
    """"""
    You're a hungry rabbit, and you already have eaten a certain number of carrots,
    but now you need to eat more carrots to complete the day's meals.
    you should return an array of [ total number of eaten carrots after your meals,
                                    the number of carrots left after your meals ]
    if there are not enough remaining carrots, you will eat all remaining carrots, but will still be hungry.
    
    Example:
    * eat(5, 6, 10) -> [11, 4]
    * eat(4, 8, 9) -> [12, 1]
    * eat(1, 10, 10) -> [11, 0]
    * eat(2, 11, 5) -> [7, 0]
    
    Variables:
    @number : integer
        the number of carrots that you have eaten.
    @need : integer
        the number of carrots that you need to eat.
    @remaining : integer
        the number of remaining carrots thet exist in stock
    
    Constrain:
    * 0 <= number <= 1000
    * 0 <= need <= 1000
    * 0 <= remaining <= 1000

    Have fun :)
    """"""","def eat(number, need, remaining):
    """"""
    You're a hungry rabbit, and you already have eaten a certain number of carrots,
    but now you need to eat more carrots to complete the day's meals.
    you should return an array of [ total number of eaten carrots after your meals,
                                    the number of carrots left after your meals ]
    if there are not enough remaining carrots, you will eat all remaining carrots, but will still be hungry.
    
    Example:
    * eat(5, 6, 10) -> [11, 4]
    * eat(4, 8, 9) -> [12, 1]
    * eat(1, 10, 10) -> [11, 0]
    * eat(2, 11, 5) -> [7, 0]
    
    Variables:
    @number : integer
        the number of carrots that you have eaten.
    @need : integer
        the number of carrots that you need to eat.
    @remaining : integer
        the number of remaining carrots thet exist in stock
    
    Constrain:
    * 0 <= number <= 1000
    * 0 <= need <= 1000
    * 0 <= remaining <= 1000

    Have fun :)
    """"""
    if(need <= remaining):
        return [ number + need , remaining-need ]
    else:
        return [ number + remaining , 0]",,,,,,,
Q161,HumanEval-160,humaneval,"Complete the following Python function. Return only the full function implementation.

def do_algebra(operator, operand):
    """"""
    Given two lists operator, and operand. The first list has basic algebra operations, and 
    the second list is a list of integers. Use the two given lists to build the algebric 
    expression and return the evaluation of this expression.

    The basic algebra operations:
    Addition ( + ) 
    Subtraction ( - ) 
    Multiplication ( * ) 
    Floor division ( // ) 
    Exponentiation ( ** ) 

    Example:
    operator['+', '*', '-']
    array = [2, 3, 4, 5]
    result = 2 + 3 * 4 - 5
    => result = 9

    Note:
        The length of operator list is equal to the length of operand list minus one.
        Operand is a list of of non-negative integers.
        Operator list has at least one operator, and operand list has at least two operands.

    """"""","def do_algebra(operator, operand):
    """"""
    Given two lists operator, and operand. The first list has basic algebra operations, and 
    the second list is a list of integers. Use the two given lists to build the algebric 
    expression and return the evaluation of this expression.

    The basic algebra operations:
    Addition ( + ) 
    Subtraction ( - ) 
    Multiplication ( * ) 
    Floor division ( // ) 
    Exponentiation ( ** ) 

    Example:
    operator['+', '*', '-']
    array = [2, 3, 4, 5]
    result = 2 + 3 * 4 - 5
    => result = 9

    Note:
        The length of operator list is equal to the length of operand list minus one.
        Operand is a list of of non-negative integers.
        Operator list has at least one operator, and operand list has at least two operands.

    """"""
    expression = str(operand[0])
    for oprt, oprn in zip(operator, operand[1:]):
        expression+= oprt + str(oprn)
    return eval(expression)",,,,,,,
Q162,HumanEval-161,humaneval,"Complete the following Python function. Return only the full function implementation.

def solve(s):
    """"""You are given a string s.
    if s[i] is a letter, reverse its case from lower to upper or vise versa, 
    otherwise keep it as it is.
    If the string contains no letters, reverse the string.
    The function should return the resulted string.
    Examples
    solve(""1234"") = ""4321""
    solve(""ab"") = ""AB""
    solve(""#a@C"") = ""#A@c""
    """"""","def solve(s):
    """"""You are given a string s.
    if s[i] is a letter, reverse its case from lower to upper or vise versa, 
    otherwise keep it as it is.
    If the string contains no letters, reverse the string.
    The function should return the resulted string.
    Examples
    solve(""1234"") = ""4321""
    solve(""ab"") = ""AB""
    solve(""#a@C"") = ""#A@c""
    """"""
    flg = 0
    idx = 0
    new_str = list(s)
    for i in s:
        if i.isalpha():
            new_str[idx] = i.swapcase()
            flg = 1
        idx += 1
    s = """"
    for i in new_str:
        s += i
    if flg == 0:
        return s[len(s)::-1]
    return s",,,,,,,
Q163,HumanEval-162,humaneval,"Complete the following Python function. Return only the full function implementation.

def string_to_md5(text):
    """"""
    Given a string 'text', return its md5 hash equivalent string.
    If 'text' is an empty string, return None.

    >>> string_to_md5('Hello world') == '3e25960a79dbc69b674cd4ec67a72c62'
    """"""","def string_to_md5(text):
    """"""
    Given a string 'text', return its md5 hash equivalent string.
    If 'text' is an empty string, return None.

    >>> string_to_md5('Hello world') == '3e25960a79dbc69b674cd4ec67a72c62'
    """"""
    import hashlib
    return hashlib.md5(text.encode('ascii')).hexdigest() if text else None",,,,,,,
Q164,HumanEval-163,humaneval,"Complete the following Python function. Return only the full function implementation.

def generate_integers(a, b):
    """"""
    Given two positive integers a and b, return the even digits between a
    and b, in ascending order.

    For example:
    generate_integers(2, 8) => [2, 4, 6, 8]
    generate_integers(8, 2) => [2, 4, 6, 8]
    generate_integers(10, 14) => []
    """"""","def generate_integers(a, b):
    """"""
    Given two positive integers a and b, return the even digits between a
    and b, in ascending order.

    For example:
    generate_integers(2, 8) => [2, 4, 6, 8]
    generate_integers(8, 2) => [2, 4, 6, 8]
    generate_integers(10, 14) => []
    """"""
    lower = max(2, min(a, b))
    upper = min(8, max(a, b))

    return [i for i in range(lower, upper+1) if i % 2 == 0]",,,,,,,
Q165,MBPP-11,mbpp,"Write a Python function for the following problem. Return only code.

Write a python function to remove first and last occurrence of a given character from the string.","def remove_Occ(s,ch): 
    for i in range(len(s)): 
        if (s[i] == ch): 
            s = s[0 : i] + s[i + 1:] 
            break
    for i in range(len(s) - 1,-1,-1):  
        if (s[i] == ch): 
            s = s[0 : i] + s[i + 1:] 
            break
    return s",0.0,0.8,0.2967032967032967,0.0,0.4,0.14835164835164835,Semantic (vector)
Q166,MBPP-12,mbpp,"Write a Python function for the following problem. Return only code.

Write a function to sort a given matrix in ascending order according to the sum of its rows.","def sort_matrix(M):
    result = sorted(M, key=sum)
    return result",0.0,0.75,0.1,0.0,0.375,0.05,Semantic (vector)
Q167,MBPP-13,mbpp,"Write a Python function for the following problem. Return only code.

Write a function to count the most common words in a dictionary.","from collections import Counter
def count_common(words):
  word_counts = Counter(words)
  top_four = word_counts.most_common(4)
  return (top_four)",0.0,0.8,0.125,0.5,0.65,0.0625,Vector + rerank
Q168,MBPP-14,mbpp,"Write a Python function for the following problem. Return only code.

Write a python function to find the volume of a triangular prism.","def find_Volume(l,b,h) : 
    return ((l * b * h) / 2)",0.0,0.5,0.5357142857142858,0.0,0.25,0.2678571428571429,Semantic (vector)
Q169,MBPP-15,mbpp,"Write a Python function for the following problem. Return only code.

Write a function to split a string at lowercase letters.","import re
def split_lowerstring(text):
 return (re.findall('[a-z][^a-z]*', text))",0.0,0.5,0.5,0.5,0.5,0.25,Vector + rerank
Q170,MBPP-16,mbpp,"Write a Python function for the following problem. Return only code.

Write a function to find sequences of lowercase letters joined with an underscore.","import re
def text_lowercase_underscore(text):
        patterns = '^[a-z]+_[a-z]+$'
        if re.search(patterns,  text):
                return 'Found a match!'
        else:
                return('Not matched!')",0.0,0.55,0.1176470588235294,0.0,0.275,0.0588235294117647,Semantic (vector)
Q171,MBPP-17,mbpp,"Write a Python function for the following problem. Return only code.

Write a function to find the perimeter of a square.","def square_perimeter(a):
  perimeter=4*a
  return perimeter",0.0,0.5,0.8035714285714286,0.0,0.25,0.4017857142857143,Semantic (vector)
Q172,MBPP-18,mbpp,"Write a Python function for the following problem. Return only code.

Write a function to remove characters from the first string which are present in the second string.","NO_OF_CHARS = 256
def str_to_list(string): 
	temp = [] 
	for x in string: 
		temp.append(x) 
	return temp 
def lst_to_string(List): 
	return ''.join(List) 
def get_char_count_array(string): 
	count = [0] * NO_OF_CHARS 
	for i in string: 
		count[ord(i)] += 1
	return count 
def remove_dirty_chars(string, second_string): 
	count = get_char_count_array(second_string) 
	ip_ind = 0
	res_ind = 0
	temp = '' 
	str_list = str_to_list(string) 
	while ip_ind != len(str_list): 
		temp = str_list[ip_ind] 
		if count[ord(temp)] == 0: 
			str_list[res_ind] = str_list[ip_ind] 
			res_ind += 1
		ip_ind+=1
	return lst_to_string(str_list[0:res_ind])",0.0,0.5,0.1139601139601139,0.0,0.25,0.05698005698005695,Semantic (vector)
Q173,MBPP-19,mbpp,"Write a Python function for the following problem. Return only code.

Write a function to find whether a given array of integers contains any duplicate element.","def test_duplicate(arraynums):
    nums_set = set(arraynums)    
    return len(arraynums) != len(nums_set)",0.0,0.5,0.25757575757575757,0.0,0.25,0.12878787878787878,Semantic (vector)
Q174,MBPP-20,mbpp,"Write a Python function for the following problem. Return only code.

Write a function to check if the given number is woodball or not.","def is_woodall(x): 
	if (x % 2 == 0): 
		return False
	if (x == 1): 
		return True
	x = x + 1 
	p = 0
	while (x % 2 == 0): 
		x = x/2
		p = p + 1
		if (p == x): 
			return True
	return False",0.0,0.5,0.0,0.0,0.25,0.0,Semantic (vector)
Q175,MBPP-21,mbpp,"Write a Python function for the following problem. Return only code.

Write a function to find m number of multiples of n.","def multiples_of_num(m,n): 
    multiples_of_num= list(range(n,(m+1)*n, n)) 
    return list(multiples_of_num)",,,,,,,
Q176,MBPP-22,mbpp,"Write a Python function for the following problem. Return only code.

Write a function to find the first duplicate element in a given array of integers.","def find_first_duplicate(nums):
    num_set = set()
    no_duplicate = -1

    for i in range(len(nums)):

        if nums[i] in num_set:
            return nums[i]
        else:
            num_set.add(nums[i])

    return no_duplicate",,,,,,,
Q177,MBPP-23,mbpp,"Write a Python function for the following problem. Return only code.

Write a python function to find the maximum sum of elements of list in a list of lists.","def maximum_Sum(list1): 
    maxi = -100000
    for x in list1: 
        sum = 0 
        for y in x: 
            sum+= y      
        maxi = max(sum,maxi)     
    return maxi",,,,,,,
Q178,MBPP-24,mbpp,"Write a Python function for the following problem. Return only code.

Write a function to convert the given binary number to its decimal equivalent.","def binary_to_decimal(binary): 
    binary1 = binary 
    decimal, i, n = 0, 0, 0
    while(binary != 0): 
        dec = binary % 10
        decimal = decimal + dec * pow(2, i) 
        binary = binary//10
        i += 1
    return (decimal)",,,,,,,
Q179,MBPP-25,mbpp,"Write a Python function for the following problem. Return only code.

Write a python function to find the product of non-repeated elements in a given array.","def find_Product(arr,n): 
    arr.sort() 
    prod = 1
    for i in range(0,n,1): 
        if (arr[i - 1] != arr[i]): 
            prod = prod * arr[i] 
    return prod;",,,,,,,
Q180,MBPP-26,mbpp,"Write a Python function for the following problem. Return only code.

Write a function to check if the given tuple list has all k elements.","def check_k_elements(test_list, K):
  res = True
  for tup in test_list:
    for ele in tup:
      if ele != K:
        res = False
  return (res)",,,,,,,
Q181,MBPP-27,mbpp,"Write a Python function for the following problem. Return only code.

Write a python function to remove all digits from a list of strings.","import re  
def remove(list): 
    pattern = '[0-9]'
    list = [re.sub(pattern, '', i) for i in list] 
    return list",,,,,,,
Q182,MBPP-28,mbpp,"Write a Python function for the following problem. Return only code.

Write a python function to find binomial co-efficient.","def binomial_Coeff(n,k): 
    if k > n : 
       return 0
    if k==0 or k ==n : 
        return 1 
    return binomial_Coeff(n-1,k-1) + binomial_Coeff(n-1,k)",,,,,,,
Q183,MBPP-29,mbpp,"Write a Python function for the following problem. Return only code.

Write a python function to find the element occurring odd number of times.","def get_Odd_Occurrence(arr,arr_size):   
    for i in range(0,arr_size): 
        count = 0
        for j in range(0,arr_size): 
            if arr[i] == arr[j]: 
                count+=1     
        if (count % 2 != 0): 
            return arr[i]     
    return -1",,,,,,,
Q184,MBPP-30,mbpp,"Write a Python function for the following problem. Return only code.

Write a python function to count all the substrings starting and ending with same characters.","def check_Equality(s): 
    return (ord(s[0]) == ord(s[len(s) - 1])); 
def count_Substring_With_Equal_Ends(s): 
    result = 0; 
    n = len(s); 
    for i in range(n): 
        for j in range(1,n-i+1):  
            if (check_Equality(s[i:i+j])): 
                result+=1; 
    return result;",,,,,,,
Q185,MBPP-31,mbpp,"Write a Python function for the following problem. Return only code.

Write a function to find the top k integers that occur most frequently from given lists of sorted and distinct integers using heap queue algorithm.","def func(nums, k):
    import collections
    d = collections.defaultdict(int)
    for row in nums:
        for i in row:
            d[i] += 1
    temp = []
    import heapq
    for key, v in d.items():
        if len(temp) < k:
            temp.append((v, key))
            if len(temp) == k:
                heapq.heapify(temp)
        else:
            if v > temp[0][0]:
                heapq.heappop(temp)
                heapq.heappush(temp, (v, key))
    result = []
    while temp:
        v, key = heapq.heappop(temp)
        result.append(key)
    return result",,,,,,,
Q186,MBPP-32,mbpp,"Write a Python function for the following problem. Return only code.

Write a python function to find the largest prime factor of a given number.","import math 
def max_Prime_Factors (n): 
    maxPrime = -1 
    while n%2 == 0: 
        maxPrime = 2
        n >>= 1    
    for i in range(3,int(math.sqrt(n))+1,2): 
        while n % i == 0: 
            maxPrime = i 
            n = n / i 
    if n > 2: 
        maxPrime = n  
    return int(maxPrime)",,,,,,,
Q187,MBPP-33,mbpp,"Write a Python function for the following problem. Return only code.

Write a python function to convert a decimal number to binary number.","def decimal_To_Binary(N): 
    B_Number = 0
    cnt = 0
    while (N != 0): 
        rem = N % 2
        c = pow(10,cnt)  
        B_Number += rem*c  
        N //= 2 
        cnt += 1
    return B_Number",,,,,,,
Q188,MBPP-34,mbpp,"Write a Python function for the following problem. Return only code.

Write a python function to find the missing number in a sorted array.","def find_missing(ar,N): 
    l = 0
    r = N - 1
    while (l <= r):  
        mid = (l + r) / 2
        mid= int (mid) 
        if (ar[mid] != mid + 1 and ar[mid - 1] == mid): 
            return (mid + 1)  
        elif (ar[mid] != mid + 1): 
            r = mid - 1 
        else: 
            l = mid + 1
    return (-1)",,,,,,,
Q189,MBPP-35,mbpp,"Write a Python function for the following problem. Return only code.

Write a function to find the n-th rectangular number.","def find_rect_num(n):
  return n*(n + 1)",,,,,,,
Q190,MBPP-36,mbpp,"Write a Python function for the following problem. Return only code.

Write a python function to find the nth digit in the proper fraction of two given numbers.","def find_Nth_Digit(p,q,N) :  
    while (N > 0) : 
        N -= 1;  
        p *= 10;  
        res = p // q;  
        p %= q;  
    return res;",,,,,,,
Q191,MBPP-37,mbpp,"Write a Python function for the following problem. Return only code.

Write a function to sort a given mixed list of integers and strings.","def sort_mixed_list(mixed_list):
    int_part = sorted([i for i in mixed_list if type(i) is int])
    str_part = sorted([i for i in mixed_list if type(i) is str])
    return int_part + str_part",,,,,,,
Q192,MBPP-38,mbpp,"Write a Python function for the following problem. Return only code.

Write a function to find the division of first even and odd number of a given list.","def div_even_odd(list1):
    first_even = next((el for el in list1 if el%2==0),-1)
    first_odd = next((el for el in list1 if el%2!=0),-1)
    return (first_even/first_odd)",,,,,,,
Q193,MBPP-39,mbpp,"Write a Python function for the following problem. Return only code.

Write a function to check if the letters of a given string can be rearranged so that two characters that are adjacent to each other are different.","import heapq
from collections import Counter
def rearange_string(S):
    ctr = Counter(S)
    heap = [(-value, key) for key, value in ctr.items()]
    heapq.heapify(heap)
    if (-heap[0][0]) * 2 > len(S) + 1: 
        return """"
    ans = []
    while len(heap) >= 2:
        nct1, char1 = heapq.heappop(heap)
        nct2, char2 = heapq.heappop(heap)
        ans.extend([char1, char2])
        if nct1 + 1: heapq.heappush(heap, (nct1 + 1, char1))
        if nct2 + 1: heapq.heappush(heap, (nct2 + 1, char2))
    return """".join(ans) + (heap[0][1] if heap else """")",,,,,,,
Q194,MBPP-40,mbpp,"Write a Python function for the following problem. Return only code.

Write a function to find frequency of the elements in a given list of lists using collections module.","from collections import Counter
from itertools import chain
def freq_element(nums):
  result = Counter(chain.from_iterable(nums))
  return result",,,,,,,
Q195,MBPP-41,mbpp,"Write a Python function for the following problem. Return only code.

Write a function to filter even numbers using lambda function.","def filter_evennumbers(nums):
 even_nums = list(filter(lambda x: x%2 == 0, nums))
 return even_nums",,,,,,,
Q196,MBPP-42,mbpp,"Write a Python function for the following problem. Return only code.

Write a python function to find the sum of repeated elements in a given array.","def find_Sum(arr,n): 
    return sum([x for x in arr if arr.count(x) > 1])",,,,,,,
Q197,MBPP-43,mbpp,"Write a Python function for the following problem. Return only code.

Write a function to find sequences of lowercase letters joined with an underscore using regex.","import re
def text_match(text):
  patterns = '^[a-z]+_[a-z]+$'
  if re.search(patterns,  text):
    return ('Found a match!')
  else:
    return ('Not matched!')",,,,,,,
Q198,MBPP-44,mbpp,"Write a Python function for the following problem. Return only code.

Write a function that matches a word at the beginning of a string.","import re
def text_match_string(text):
        patterns = '^\w+'
        if re.search(patterns,  text):
                return 'Found a match!'
        else:
                return 'Not matched!'",,,,,,,
Q199,MBPP-45,mbpp,"Write a Python function for the following problem. Return only code.

Write a function to find the gcd of the given array elements.","def find_gcd(x, y): 
	while(y): 
		x, y = y, x % y 
	return x 
def get_gcd(l):
  num1 = l[0]
  num2 = l[1]
  gcd = find_gcd(num1, num2)
  for i in range(2, len(l)):
    gcd = find_gcd(gcd, l[i])
  return gcd",,,,,,,
Q200,MBPP-46,mbpp,"Write a Python function for the following problem. Return only code.

Write a python function to determine whether all the numbers are different from each other are not.","def test_distinct(data):
  if len(data) == len(set(data)):
    return True
  else:
    return False;",,,,,,,
Q201,MBPP-47,mbpp,"Write a Python function for the following problem. Return only code.

Write a python function to find the last digit when factorial of a divides factorial of b.","def compute_Last_Digit(A,B): 
    variable = 1
    if (A == B): 
        return 1
    elif ((B - A) >= 5):  
        return 0
    else:   
        for i in range(A + 1,B + 1): 
            variable = (variable * (i % 10)) % 10
        return variable % 10",,,,,,,
Q202,MBPP-48,mbpp,"Write a Python function for the following problem. Return only code.

Write a python function to set all odd bits of a given number.","def odd_bit_set_number(n):
    count = 0;res = 0;temp = n
    while temp > 0:
        if count % 2 == 0:
            res |= (1 << count)
        count += 1
        temp >>= 1
    return (n | res)",,,,,,,
Q203,MBPP-49,mbpp,"Write a Python function for the following problem. Return only code.

Write a function to extract every first or specified element from a given two-dimensional list.","def specified_element(nums, N):
    result = [i[N] for i in nums]
    return result",,,,,,,
Q204,MBPP-50,mbpp,"Write a Python function for the following problem. Return only code.

Write a function to find the list with minimum length using lambda function.","def min_length_list(input_list):
    min_length = min(len(x) for x in input_list )  
    min_list = min(input_list, key = lambda i: len(i))
    return(min_length, min_list)",,,,,,,
Q205,MBPP-51,mbpp,"Write a Python function for the following problem. Return only code.

Write a function to print check if the triangle is equilateral or not.","def check_equilateral(x,y,z):
  if x == y == z:
	   return True
  else:
     return False",,,,,,,
Q206,MBPP-52,mbpp,"Write a Python function for the following problem. Return only code.

Write a function to caluclate area of a parallelogram.","def parallelogram_area(b,h):
  area=b*h
  return area",,,,,,,
Q207,MBPP-53,mbpp,"Write a Python function for the following problem. Return only code.

Write a python function to check whether the first and last characters of a given string are equal or not.","def check_Equality(str):
  if (str[0] == str[-1]):  
    return (""Equal"") 
  else:  
    return (""Not Equal"")",,,,,,,
Q208,MBPP-54,mbpp,"Write a Python function for the following problem. Return only code.

Write a function to sort the given array by using counting sort.","def counting_sort(my_list):
    max_value = 0
    for i in range(len(my_list)):
        if my_list[i] > max_value:
            max_value = my_list[i]
    buckets = [0] * (max_value + 1)
    for i in my_list:
        buckets[i] += 1
    i = 0
    for j in range(max_value + 1):
         for a in range(buckets[j]):
             my_list[i] = j
             i += 1
    return my_list",,,,,,,
Q209,MBPP-55,mbpp,"Write a Python function for the following problem. Return only code.

Write a function to find t-nth term of geometric series.","import math
def tn_gp(a,n,r):
  tn = a * (math.pow(r, n - 1))
  return tn",,,,,,,
Q210,MBPP-56,mbpp,"Write a Python function for the following problem. Return only code.

Write a python function to check if a given number is one less than twice its reverse.","def rev(num):    
    rev_num = 0
    while (num > 0):  
        rev_num = (rev_num * 10 + num % 10) 
        num = num // 10  
    return rev_num  
def check(n):    
    return (2 * rev(n) == n + 1)",,,,,,,
Q211,MBPP-57,mbpp,"Write a Python function for the following problem. Return only code.

Write a python function to find the largest number that can be formed with the given digits.","def find_Max_Num(arr,n) : 
    arr.sort(reverse = True) 
    num = arr[0] 
    for i in range(1,n) : 
        num = num * 10 + arr[i] 
    return num",,,,,,,
Q212,MBPP-58,mbpp,"Write a Python function for the following problem. Return only code.

Write a python function to check whether the given two integers have opposite sign or not.","def opposite_Signs(x,y): 
    return ((x ^ y) < 0);",,,,,,,
Q213,MBPP-59,mbpp,"Write a Python function for the following problem. Return only code.

Write a function to find the nth octagonal number.","def is_octagonal(n): 
	return 3 * n * n - 2 * n",,,,,,,
Q214,MBPP-60,mbpp,"Write a Python function for the following problem. Return only code.

Write a function to find the maximum length of the subsequence with difference between adjacent elements for the given array.","def max_len_sub( arr, n): 
	mls=[] 
	max = 0
	for i in range(n): 
		mls.append(1) 
	for i in range(n): 
		for j in range(i): 
			if (abs(arr[i] - arr[j]) <= 1 and mls[i] < mls[j] + 1): 
				mls[i] = mls[j] + 1
	for i in range(n): 
		if (max < mls[i]): 
			max = mls[i] 
	return max",,,,,,,
Q215,MBPP-61,mbpp,"Write a Python function for the following problem. Return only code.

Write a python function to count number of substrings with the sum of digits equal to their length.","from collections import defaultdict
def count_Substrings(s,n):
    count,sum = 0,0
    mp = defaultdict(lambda : 0)
    mp[0] += 1
    for i in range(n):
        sum += ord(s[i]) - ord('0')
        count += mp[sum - (i + 1)]
        mp[sum - (i + 1)] += 1
    return count",,,,,,,
Q216,MBPP-62,mbpp,"Write a Python function for the following problem. Return only code.

Write a python function to find smallest number in a list.","def smallest_num(xs):
  return min(xs)",,,,,,,
Q217,MBPP-63,mbpp,"Write a Python function for the following problem. Return only code.

Write a function to find the maximum difference between available pairs in the given tuple list.","def max_difference(test_list):
  temp = [abs(b - a) for a, b in test_list]
  res = max(temp)
  return (res)",,,,,,,
Q218,MBPP-64,mbpp,"Write a Python function for the following problem. Return only code.

Write a function to sort a list of tuples using lambda.","def subject_marks(subjectmarks):
#subject_marks = [('English', 88), ('Science', 90), ('Maths', 97), ('Social sciences', 82)])
 subjectmarks.sort(key = lambda x: x[1])
 return subjectmarks",,,,,,,
Q219,MBPP-65,mbpp,"Write a Python function for the following problem. Return only code.

Write a function of recursion list sum.","def recursive_list_sum(data_list):
	total = 0
	for element in data_list:
		if type(element) == type([]):
			total = total + recursive_list_sum(element)
		else:
			total = total + element
	return total",,,,,,,
Q220,MBPP-66,mbpp,"Write a Python function for the following problem. Return only code.

Write a python function to count positive numbers in a list.","def pos_count(list):
  pos_count= 0
  for num in list: 
    if num >= 0: 
      pos_count += 1
  return pos_count",,,,,,,
Q221,MBPP-67,mbpp,"Write a Python function for the following problem. Return only code.

Write a function to find the number of ways to partition a set of bell numbers.","def bell_number(n):   
    bell = [[0 for i in range(n+1)] for j in range(n+1)] 
    bell[0][0] = 1
    for i in range(1, n+1): 
        bell[i][0] = bell[i-1][i-1]  
        for j in range(1, i+1): 
            bell[i][j] = bell[i-1][j-1] + bell[i][j-1]   
    return bell[n][0]",,,,,,,
Q222,MBPP-68,mbpp,"Write a Python function for the following problem. Return only code.

Write a python function to check whether the given array is monotonic or not.","def is_Monotonic(A): 
    return (all(A[i] <= A[i + 1] for i in range(len(A) - 1)) or
            all(A[i] >= A[i + 1] for i in range(len(A) - 1)))",,,,,,,
Q223,MBPP-69,mbpp,"Write a Python function for the following problem. Return only code.

Write a function to check whether a list contains the given sublist or not.","def is_sublist(l, s):
	sub_set = False
	if s == []:
		sub_set = True
	elif s == l:
		sub_set = True
	elif len(s) > len(l):
		sub_set = False
	else:
		for i in range(len(l)):
			if l[i] == s[0]:
				n = 1
				while (n < len(s)) and (l[i+n] == s[n]):
					n += 1				
				if n == len(s):
					sub_set = True
	return sub_set",,,,,,,
Q224,MBPP-70,mbpp,"Write a Python function for the following problem. Return only code.

Write a function to find whether all the given tuples have equal length or not.","def find_equal_tuple(Input, k):
  flag = 1
  for tuple in Input:
    if len(tuple) != k:
      flag = 0
      break
  return flag
def get_equal(Input, k):
  if find_equal_tuple(Input, k) == 1:
    return (""All tuples have same length"")
  else:
    return (""All tuples do not have same length"")",,,,,,,
Q225,MBPP-71,mbpp,"Write a Python function for the following problem. Return only code.

Write a function to sort a list of elements using comb sort.","def comb_sort(nums):
    shrink_fact = 1.3
    gaps = len(nums)
    swapped = True
    i = 0
    while gaps > 1 or swapped:
        gaps = int(float(gaps) / shrink_fact)
        swapped = False
        i = 0
        while gaps + i < len(nums):
            if nums[i] > nums[i+gaps]:
                nums[i], nums[i+gaps] = nums[i+gaps], nums[i]
                swapped = True
            i += 1
    return nums",,,,,,,
Q226,MBPP-72,mbpp,"Write a Python function for the following problem. Return only code.

Write a python function to check whether the given number can be represented as difference of two squares or not.","def dif_Square(n): 
    if (n % 4 != 2): 
        return True
    return False",,,,,,,
Q227,MBPP-73,mbpp,"Write a Python function for the following problem. Return only code.

Write a function to split the given string with multiple delimiters by using regex.","import re
def multiple_split(text):
  return (re.split('; |, |\*|\n',text))",,,,,,,
Q228,MBPP-74,mbpp,"Write a Python function for the following problem. Return only code.

Write a function to check whether it follows the sequence given in the patterns array.","def is_samepatterns(colors, patterns):    
    if len(colors) != len(patterns):
        return False    
    sdict = {}
    pset = set()
    sset = set()    
    for i in range(len(patterns)):
        pset.add(patterns[i])
        sset.add(colors[i])
        if patterns[i] not in sdict.keys():
            sdict[patterns[i]] = []

        keys = sdict[patterns[i]]
        keys.append(colors[i])
        sdict[patterns[i]] = keys

    if len(pset) != len(sset):
        return False   

    for values in sdict.values():

        for i in range(len(values) - 1):
            if values[i] != values[i+1]:
                return False

    return True",,,,,,,
Q229,MBPP-75,mbpp,"Write a Python function for the following problem. Return only code.

Write a function to find tuples which have all elements divisible by k from the given list of tuples.","def find_tuples(test_list, K):
  res = [sub for sub in test_list if all(ele % K == 0 for ele in sub)]
  return (str(res))",,,,,,,
Q230,MBPP-76,mbpp,"Write a Python function for the following problem. Return only code.

Write a python function to count the number of squares in a rectangle.","def count_Squares(m,n):
    if(n < m):
        temp = m
        m = n
        n = temp
    return ((m * (m + 1) * (2 * m + 1) / 6 + (n - m) * m * (m + 1) / 2))",,,,,,,
Q231,MBPP-77,mbpp,"Write a Python function for the following problem. Return only code.

Write a python function to find the difference between sum of even and odd digits.","def is_Diff(n): 
    return (n % 11 == 0)",,,,,,,
Q232,MBPP-78,mbpp,"Write a Python function for the following problem. Return only code.

Write a python function to find number of integers with odd number of set bits.","def count_With_Odd_SetBits(n): 
    if (n % 2 != 0): 
        return (n + 1) / 2
    count = bin(n).count('1') 
    ans = n / 2
    if (count % 2 != 0): 
        ans += 1
    return ans",,,,,,,
Q233,MBPP-79,mbpp,"Write a Python function for the following problem. Return only code.

Write a python function to check whether the length of the word is odd or not.","def word_len(s): 
    s = s.split(' ')   
    for word in s:    
        if len(word)%2!=0: 
            return True  
        else:
          return False",,,,,,,
Q234,MBPP-80,mbpp,"Write a Python function for the following problem. Return only code.

Write a function to find the nth tetrahedral number.","def tetrahedral_number(n): 
	return (n * (n + 1) * (n + 2)) / 6",,,,,,,
Q235,MBPP-81,mbpp,"Write a Python function for the following problem. Return only code.

Write a function to zip the two given tuples.","def zip_tuples(test_tup1, test_tup2):
  res = []
  for i, j in enumerate(test_tup1):
    res.append((j, test_tup2[i % len(test_tup2)])) 
  return (res)",,,,,,,
Q236,MBPP-82,mbpp,"Write a Python function for the following problem. Return only code.

Write a function to find the volume of a sphere.","import math
def volume_sphere(r):
  volume=(4/3)*math.pi*r*r*r
  return volume",,,,,,,
Q237,MBPP-83,mbpp,"Write a Python function for the following problem. Return only code.

Write a python function to find the character made by adding all the characters of the given string.","def get_Char(strr):  
    summ = 0
    for i in range(len(strr)): 
        summ += (ord(strr[i]) - ord('a') + 1)  
    if (summ % 26 == 0): 
        return ord('z') 
    else: 
        summ = summ % 26
        return chr(ord('a') + summ - 1)",,,,,,,
Q238,MBPP-84,mbpp,"Write a Python function for the following problem. Return only code.

Write a function to find the n-th number in newman conway sequence.","def sequence(n): 
	if n == 1 or n == 2: 
		return 1
	else: 
		return sequence(sequence(n-1)) + sequence(n-sequence(n-1))",,,,,,,
Q239,MBPP-85,mbpp,"Write a Python function for the following problem. Return only code.

Write a function to find the surface area of a sphere.","import math
def surfacearea_sphere(r):
  surfacearea=4*math.pi*r*r
  return surfacearea",,,,,,,
Q240,MBPP-86,mbpp,"Write a Python function for the following problem. Return only code.

Write a function to find nth centered hexagonal number.","def centered_hexagonal_number(n):
  return 3 * n * (n - 1) + 1",,,,,,,
Q241,MBPP-87,mbpp,"Write a Python function for the following problem. Return only code.

Write a function to merge three dictionaries into a single expression.","import collections as ct
def merge_dictionaries_three(dict1,dict2, dict3):
    merged_dict = dict(ct.ChainMap({},dict1,dict2,dict3))
    return merged_dict",,,,,,,
Q242,MBPP-88,mbpp,"Write a Python function for the following problem. Return only code.

Write a function to get the frequency of the elements in a list.","import collections
def freq_count(list1):
  freq_count= collections.Counter(list1)
  return freq_count",,,,,,,
Q243,MBPP-89,mbpp,"Write a Python function for the following problem. Return only code.

Write a function to find the closest smaller number than n.","def closest_num(N):
  return (N - 1)",,,,,,,
Q244,MBPP-90,mbpp,"Write a Python function for the following problem. Return only code.

Write a python function to find the length of the longest word.","def len_log(list1):
    max=len(list1[0])
    for i in list1:
        if len(i)>max:
            max=len(i)
    return max",,,,,,,
Q245,MBPP-91,mbpp,"Write a Python function for the following problem. Return only code.

Write a function to check if a substring is present in a given list of string values.","def find_substring(str1, sub_str):
   if any(sub_str in s for s in str1):
       return True
   return False",,,,,,,
Q246,MBPP-92,mbpp,"Write a Python function for the following problem. Return only code.

Write a function to check whether the given number is undulating or not.","def is_undulating(n): 
	if (len(n) <= 2): 
		return False
	for i in range(2, len(n)): 
		if (n[i - 2] != n[i]): 
			return False
	return True",,,,,,,
Q247,MBPP-93,mbpp,"Write a Python function for the following problem. Return only code.

Write a function to calculate the value of 'a' to the power 'b'.","def power(a,b):
	if b==0:
		return 1
	elif a==0:
		return 0
	elif b==1:
		return a
	else:
		return a*power(a,b-1)",,,,,,,
Q248,MBPP-94,mbpp,"Write a Python function for the following problem. Return only code.

Write a function to extract the index minimum value record from the given tuples.","from operator import itemgetter 
def index_minimum(test_list):
  res = min(test_list, key = itemgetter(1))[0]
  return (res)",,,,,,,
Q249,MBPP-95,mbpp,"Write a Python function for the following problem. Return only code.

Write a python function to find the minimum length of sublist.","def Find_Min_Length(lst):  
    minLength = min(len(x) for x in lst )
    return minLength",,,,,,,
Q250,MBPP-96,mbpp,"Write a Python function for the following problem. Return only code.

Write a python function to find the number of divisors of a given integer.","def divisor(n):
  for i in range(n):
    x = len([i for i in range(1,n+1) if not n % i])
  return x",,,,,,,
Q251,MBPP-97,mbpp,"Write a Python function for the following problem. Return only code.

Write a function to find frequency count of list of lists.","def frequency_lists(list1):
    list1 = [item for sublist in list1 for item in sublist]
    dic_data = {}
    for num in list1:
        if num in dic_data.keys():
            dic_data[num] += 1
        else:
            key = num
            value = 1
            dic_data[key] = value
    return dic_data",,,,,,,
Q252,MBPP-98,mbpp,"Write a Python function for the following problem. Return only code.

Write a function to multiply all the numbers in a list and divide with the length of the list.","def multiply_num(numbers):  
    total = 1
    for x in numbers:
        total *= x  
    return total/len(numbers)",,,,,,,
Q253,MBPP-99,mbpp,"Write a Python function for the following problem. Return only code.

Write a function to convert the given decimal number to its binary equivalent.","def decimal_to_binary(n): 
    return bin(n).replace(""0b"","""")",,,,,,,
Q254,MBPP-100,mbpp,"Write a Python function for the following problem. Return only code.

Write a function to find the next smallest palindrome of a specified number.","import sys
def next_smallest_palindrome(num):
    numstr = str(num)
    for i in range(num+1,sys.maxsize):
        if str(i) == str(i)[::-1]:
            return i",,,,,,,
Q255,MBPP-101,mbpp,"Write a Python function for the following problem. Return only code.

Write a function to find the kth element in the given array.","def kth_element(arr, n, k):
  for i in range(n):
    for j in range(0, n-i-1):
      if arr[j] > arr[j+1]:
        arr[j], arr[j+1] == arr[j+1], arr[j]
  return arr[k-1]",,,,,,,
Q256,MBPP-102,mbpp,"Write a Python function for the following problem. Return only code.

Write a function to convert snake case string to camel case string.","def snake_to_camel(word):
        import re
        return ''.join(x.capitalize() or '_' for x in word.split('_'))",,,,,,,
Q257,MBPP-103,mbpp,"Write a Python function for the following problem. Return only code.

Write a function to find eulerian number a(n, m).","def eulerian_num(n, m): 
	if (m >= n or n == 0): 
		return 0 
	if (m == 0): 
		return 1 
	return ((n - m) * eulerian_num(n - 1, m - 1) +(m + 1) * eulerian_num(n - 1, m))",,,,,,,
Q258,MBPP-104,mbpp,"Write a Python function for the following problem. Return only code.

Write a function to sort each sublist of strings in a given list of lists using lambda function.","def sort_sublists(input_list):
    result = [sorted(x, key = lambda x:x[0]) for x in input_list] 
    return result",,,,,,,
Q259,MBPP-105,mbpp,"Write a Python function for the following problem. Return only code.

Write a python function to count true booleans in the given list.","def count(lst):   
    return sum(lst)",,,,,,,
Q260,MBPP-106,mbpp,"Write a Python function for the following problem. Return only code.

Write a function to add the given list to the given tuples.","def add_lists(test_list, test_tup):
  res = tuple(list(test_tup) + test_list)
  return (res)",,,,,,,
Q261,MBPP-107,mbpp,"Write a Python function for the following problem. Return only code.

Write a python function to count hexadecimal numbers for a given range.","def count_Hexadecimal(L,R) :  
    count = 0;  
    for i in range(L,R + 1) : 
        if (i >= 10 and i <= 15) : 
            count += 1;  
        elif (i > 15) : 
            k = i;  
            while (k != 0) :  
                if (k % 16 >= 10) : 
                    count += 1;  
                k = k // 16;  
    return count;",,,,,,,
Q262,MBPP-108,mbpp,"Write a Python function for the following problem. Return only code.

Write a function to merge multiple sorted inputs into a single sorted iterator using heap queue algorithm.","import heapq
def merge_sorted_list(num1,num2,num3):
  num1=sorted(num1)
  num2=sorted(num2)
  num3=sorted(num3)
  result = heapq.merge(num1,num2,num3)
  return list(result)",,,,,,,
Q263,MBPP-109,mbpp,"Write a Python function for the following problem. Return only code.

Write a python function to find the count of rotations of a binary string with odd value.","def odd_Equivalent(s,n): 
    count=0
    for i in range(0,n): 
        if (s[i] == '1'): 
            count = count + 1
    return count",,,,,,,
Q264,MBPP-110,mbpp,"Write a Python function for the following problem. Return only code.

Write a function to extract the ranges that are missing from the given list with the given start range and end range values.","def extract_missing(test_list, strt_val, stop_val):
  res = []
  for sub in test_list:
    if sub[0] > strt_val:
      res.append((strt_val, sub[0]))
      strt_val = sub[1]
    if strt_val < stop_val:
      res.append((strt_val, stop_val))
  return (res)",,,,,,,
Q265,MBPP-111,mbpp,"Write a Python function for the following problem. Return only code.

Write a function to find common elements in given nested lists. * list item * list item * list item * list item","def common_in_nested_lists(nestedlist):
    result = list(set.intersection(*map(set, nestedlist)))
    return result",,,,,,,
Q266,MBPP-112,mbpp,"Write a Python function for the following problem. Return only code.

Write a python function to find the perimeter of a cylinder.","def perimeter(diameter,height) : 
    return 2*(diameter+height)",,,,,,,
Q267,MBPP-113,mbpp,"Write a Python function for the following problem. Return only code.

Write a function to check if a string represents an integer or not.","def check_integer(text):
 text = text.strip()
 if len(text) < 1:
    return None
 else:
     if all(text[i] in ""0123456789"" for i in range(len(text))):
          return True
     elif (text[0] in ""+-"") and \
         all(text[i] in ""0123456789"" for i in range(1,len(text))):
         return True
     else:
        return False",,,,,,,
Q268,MBPP-114,mbpp,"Write a Python function for the following problem. Return only code.

Write a function to assign frequency to each tuple in the given tuple list.","from collections import Counter 
def assign_freq(test_list):
  res = [(*key, val) for key, val in Counter(test_list).items()]
  return (str(res))",,,,,,,
Q269,MBPP-115,mbpp,"Write a Python function for the following problem. Return only code.

Write a function to check whether all dictionaries in a list are empty or not.","def empty_dit(list1):
 empty_dit=all(not d for d in list1)
 return empty_dit",,,,,,,
Q270,MBPP-116,mbpp,"Write a Python function for the following problem. Return only code.

Write a function to convert a given tuple of positive integers into an integer.","def tuple_to_int(nums):
    result = int(''.join(map(str,nums)))
    return result",,,,,,,
Q271,MBPP-117,mbpp,"Write a Python function for the following problem. Return only code.

Write a function to convert all possible convertible elements in the list to float.","def list_to_float(test_list):
  res = []
  for tup in test_list:
    temp = []
    for ele in tup:
      if ele.isalpha():
        temp.append(ele)
      else:
        temp.append(float(ele))
    res.append((temp[0],temp[1])) 
  return (str(res))",,,,,,,
Q272,MBPP-118,mbpp,"Write a Python function for the following problem. Return only code.

[link text](https:// [link text](https:// [link text](https://)))write a function to convert a string to a list.","def string_to_list(string): 
    lst = list(string.split("" "")) 
    return lst",,,,,,,
Q273,MBPP-119,mbpp,"Write a Python function for the following problem. Return only code.

Write a python function to find the element that appears only once in a sorted array.","def search(arr,n) :
    XOR = 0
    for i in range(n) :
        XOR = XOR ^ arr[i]
    return (XOR)",,,,,,,
Q274,MBPP-120,mbpp,"Write a Python function for the following problem. Return only code.

Write a function to find the maximum product from the pairs of tuples within a given list.","def max_product_tuple(list1):
    result_max = max([abs(x * y) for x, y in list1] )
    return result_max",,,,,,,
Q275,MBPP-121,mbpp,"Write a Python function for the following problem. Return only code.

Write a function to find the triplet with sum of the given array","def check_triplet(A, n, sum, count):
    if count == 3 and sum == 0:
        return True
    if count == 3 or n == 0 or sum < 0:
        return False
    return check_triplet(A, n - 1, sum - A[n - 1], count + 1) or\
           check_triplet(A, n - 1, sum, count)",,,,,,,
Q276,MBPP-122,mbpp,"Write a Python function for the following problem. Return only code.

Write a function to find n’th smart number.","MAX = 3000 
def smartNumber(n): 
	primes = [0] * MAX 
	result = [] 
	for i in range(2, MAX): 
		if (primes[i] == 0): 
			primes[i] = 1 
			j = i * 2 
			while (j < MAX): 
				primes[j] -= 1 
				if ( (primes[j] + 3) == 0): 
					result.append(j) 
				j = j + i 
	result.sort() 
	return result[n - 1]",,,,,,,
Q277,MBPP-123,mbpp,"Write a Python function for the following problem. Return only code.

Write a function to sum all amicable numbers from 1 to a specified number.","def amicable_numbers_sum(limit):
    if not isinstance(limit, int):
        return ""Input is not an integer!""
    if limit < 1:
        return ""Input must be bigger than 0!""
    amicables = set()
    for num in range(2, limit+1):
        if num in amicables:
            continue
        sum_fact = sum([fact for fact in range(1, num) if num % fact == 0])
        sum_fact2 = sum([fact for fact in range(1, sum_fact) if sum_fact % fact == 0])
        if num == sum_fact2 and num != sum_fact:
            amicables.add(num)
            amicables.add(sum_fact2)
    return sum(amicables)",,,,,,,
Q278,MBPP-124,mbpp,"Write a Python function for the following problem. Return only code.

Write a function to get the angle of a complex number.","import cmath
def angle_complex(a,b):
  cn=complex(a,b)
  angle=cmath.phase(a+b)
  return angle",,,,,,,
Q279,MBPP-125,mbpp,"Write a Python function for the following problem. Return only code.

Write a function to find the maximum difference between the number of 0s and number of 1s in any sub-string of the given binary string.","def find_length(string, n): 
	current_sum = 0
	max_sum = 0
	for i in range(n): 
		current_sum += (1 if string[i] == '0' else -1) 
		if current_sum < 0: 
			current_sum = 0
		max_sum = max(current_sum, max_sum) 
	return max_sum if max_sum else 0",,,,,,,
Q280,MBPP-126,mbpp,"Write a Python function for the following problem. Return only code.

Write a python function to find the sum of common divisors of two given numbers.","def sum(a,b): 
    sum = 0
    for i in range (1,min(a,b)): 
        if (a % i == 0 and b % i == 0): 
            sum += i 
    return sum",,,,,,,
Q281,MBPP-127,mbpp,"Write a Python function for the following problem. Return only code.

Write a function to multiply two integers without using the * operator in python.","def multiply_int(x, y):
    if y < 0:
        return -multiply_int(x, -y)
    elif y == 0:
        return 0
    elif y == 1:
        return x
    else:
        return x + multiply_int(x, y - 1)",,,,,,,
Q282,MBPP-128,mbpp,"Write a Python function for the following problem. Return only code.

Write a function to shortlist words that are longer than n from a given list of words.","def long_words(n, str):
    word_len = []
    txt = str.split("" "")
    for x in txt:
        if len(x) > n:
            word_len.append(x)
    return word_len",,,,,,,
Q283,MBPP-129,mbpp,"Write a Python function for the following problem. Return only code.

Write a function to calculate magic square.","def magic_square_test(my_matrix):
    iSize = len(my_matrix[0])
    sum_list = []
    sum_list.extend([sum (lines) for lines in my_matrix])   
    for col in range(iSize):
        sum_list.append(sum(row[col] for row in my_matrix))
    result1 = 0
    for i in range(0,iSize):
        result1 +=my_matrix[i][i]
    sum_list.append(result1)      
    result2 = 0
    for i in range(iSize-1,-1,-1):
        result2 +=my_matrix[i][i]
    sum_list.append(result2)
    if len(set(sum_list))>1:
        return False
    return True",,,,,,,
Q284,MBPP-130,mbpp,"Write a Python function for the following problem. Return only code.

Write a function to find the item with maximum frequency in a given list.","from collections import defaultdict
def max_occurrences(nums):
    dict = defaultdict(int)
    for i in nums:
        dict[i] += 1
    result = max(dict.items(), key=lambda x: x[1]) 
    return result",,,,,,,
Q285,MBPP-131,mbpp,"Write a Python function for the following problem. Return only code.

Write a python function to reverse only the vowels of a given string.","def reverse_vowels(str1):
	vowels = """"
	for char in str1:
		if char in ""aeiouAEIOU"":
			vowels += char
	result_string = """"
	for char in str1:
		if char in ""aeiouAEIOU"":
			result_string += vowels[-1]
			vowels = vowels[:-1]
		else:
			result_string += char
	return result_string",,,,,,,
Q286,MBPP-132,mbpp,"Write a Python function for the following problem. Return only code.

Write a function to convert tuple to a string.","def tup_string(tup1):
  str =  ''.join(tup1)
  return str",,,,,,,
Q287,MBPP-133,mbpp,"Write a Python function for the following problem. Return only code.

Write a function to calculate the sum of the negative numbers of a given list of numbers using lambda function.","def sum_negativenum(nums):
  sum_negativenum = list(filter(lambda nums:nums<0,nums))
  return sum(sum_negativenum)",,,,,,,
Q288,MBPP-134,mbpp,"Write a Python function for the following problem. Return only code.

Write a python function to check whether the last element of given array is even or odd after performing an operation p times.","def check_last (arr,n,p): 
    _sum = 0
    for i in range(n): 
        _sum = _sum + arr[i] 
    if p == 1: 
        if _sum % 2 == 0: 
            return ""ODD""
        else: 
            return ""EVEN""
    return ""EVEN""",,,,,,,
Q289,MBPP-135,mbpp,"Write a Python function for the following problem. Return only code.

Write a function to find the nth hexagonal number.","def hexagonal_num(n): 
	return n*(2*n - 1)",,,,,,,
Q290,MBPP-136,mbpp,"Write a Python function for the following problem. Return only code.

Write a function to calculate electricity bill.","def cal_electbill(units):
 if(units < 50):
    amount = units * 2.60
    surcharge = 25
 elif(units <= 100):
    amount = 130 + ((units - 50) * 3.25)
    surcharge = 35
 elif(units <= 200):
    amount = 130 + 162.50 + ((units - 100) * 5.26)
    surcharge = 45
 else:
    amount = 130 + 162.50 + 526 + ((units - 200) * 8.45)
    surcharge = 75
 total = amount + surcharge
 return total",,,,,,,
Q291,MBPP-137,mbpp,"Write a Python function for the following problem. Return only code.

Write a function to find the ration of zeroes in an array of integers.","from array import array
def zero_count(nums):
    n = len(nums)
    n1 = 0
    for x in nums:
        if x == 0:
            n1 += 1
        else:
          None
    return round(n1/n,2)",,,,,,,
Q292,MBPP-138,mbpp,"Write a Python function for the following problem. Return only code.

Write a python function to check whether the given number can be represented as sum of non-zero powers of 2 or not.","def is_Sum_Of_Powers_Of_Two(n): 
    if (n % 2 == 1): 
        return False
    else: 
        return True",,,,,,,
Q293,MBPP-139,mbpp,"Write a Python function for the following problem. Return only code.

Write a function to find the circumference of a circle.","def circle_circumference(r):
  perimeter=2*3.1415*r
  return perimeter",,,,,,,
Q294,MBPP-140,mbpp,"Write a Python function for the following problem. Return only code.

Write a function to extract elements that occur singly in the given tuple list.","def extract_singly(test_list):
  res = []
  temp = set()
  for inner in test_list:
    for ele in inner:
      if not ele in temp:
        temp.add(ele)
        res.append(ele)
  return (res)",,,,,,,
Q295,MBPP-141,mbpp,"Write a Python function for the following problem. Return only code.

Write a function to sort a list of elements using pancake sort.","def pancake_sort(nums):
    arr_len = len(nums)
    while arr_len > 1:
        mi = nums.index(max(nums[0:arr_len]))
        nums = nums[mi::-1] + nums[mi+1:len(nums)]
        nums = nums[arr_len-1::-1] + nums[arr_len:len(nums)]
        arr_len -= 1
    return nums",,,,,,,
Q296,MBPP-142,mbpp,"Write a Python function for the following problem. Return only code.

Write a function to count the same pair in three given lists.","def count_samepair(list1,list2,list3):
    result = sum(m == n == o for m, n, o in zip(list1,list2,list3))
    return result",,,,,,,
Q297,MBPP-143,mbpp,"Write a Python function for the following problem. Return only code.

Write a function to find number of lists present in the given tuple.","def find_lists(Input): 
	if isinstance(Input, list): 
		return 1
	else: 
		return len(Input)",,,,,,,
Q298,MBPP-144,mbpp,"Write a Python function for the following problem. Return only code.

Write a python function to find the sum of absolute differences in all pairs of the given array.","def sum_Pairs(arr,n): 
    sum = 0
    for i in range(n - 1,-1,-1): 
        sum += i*arr[i] - (n-1-i) * arr[i] 
    return sum",,,,,,,
Q299,MBPP-145,mbpp,"Write a Python function for the following problem. Return only code.

Write a python function to find the maximum difference between any two elements in a given array.","def max_Abs_Diff(arr,n): 
    minEle = arr[0] 
    maxEle = arr[0] 
    for i in range(1, n): 
        minEle = min(minEle,arr[i]) 
        maxEle = max(maxEle,arr[i]) 
    return (maxEle - minEle)",,,,,,,
Q300,MBPP-146,mbpp,"Write a Python function for the following problem. Return only code.

Write a function to find the ascii value of total characters in a string.","def ascii_value_string(str1):
  for i in range(len(str1)):
   return ord(str1[i])",,,,,,,
Q301,MBPP-147,mbpp,"Write a Python function for the following problem. Return only code.

Write a function to find the maximum total path sum in the given triangle.","def max_path_sum(tri, m, n): 
	for i in range(m-1, -1, -1): 
		for j in range(i+1): 
			if (tri[i+1][j] > tri[i+1][j+1]): 
				tri[i][j] += tri[i+1][j] 
			else: 
				tri[i][j] += tri[i+1][j+1] 
	return tri[0][0]",,,,,,,
Q302,MBPP-148,mbpp,"Write a Python function for the following problem. Return only code.

Write a function to divide a number into two parts such that the sum of digits is maximum.","def sum_digits_single(x) : 
    ans = 0
    while x : 
        ans += x % 10
        x //= 10  
    return ans 
def closest(x) : 
    ans = 0
    while (ans * 10 + 9 <= x) : 
        ans = ans * 10 + 9  
    return ans   
def sum_digits_twoparts(N) : 
    A = closest(N)  
    return sum_digits_single(A) + sum_digits_single(N - A)",,,,,,,
Q303,MBPP-149,mbpp,"Write a Python function for the following problem. Return only code.

Write a function to find the longest subsequence such that the difference between adjacents is one for the given array.","def longest_subseq_with_diff_one(arr, n): 
	dp = [1 for i in range(n)] 
	for i in range(n): 
		for j in range(i): 
			if ((arr[i] == arr[j]+1) or (arr[i] == arr[j]-1)): 
				dp[i] = max(dp[i], dp[j]+1) 
	result = 1
	for i in range(n): 
		if (result < dp[i]): 
			result = dp[i] 
	return result",,,,,,,
Q304,MBPP-150,mbpp,"Write a Python function for the following problem. Return only code.

Write a python function to find whether the given number is present in the infinite sequence or not.","def does_Contain_B(a,b,c): 
    if (a == b): 
        return True
    if ((b - a) * c > 0 and (b - a) % c == 0): 
        return True
    return False",,,,,,,
Q305,MBPP-151,mbpp,"Write a Python function for the following problem. Return only code.

Write a python function to check whether the given number is co-prime or not.","def gcd(p,q):
    while q != 0:
        p, q = q,p%q
    return p
def is_coprime(x,y):
    return gcd(x,y) == 1",,,,,,,
Q306,MBPP-152,mbpp,"Write a Python function for the following problem. Return only code.

Write a function to sort the given array by using merge sort.","def merge(a,b):
    c = []
    while len(a) != 0 and len(b) != 0:
        if a[0] < b[0]:
            c.append(a[0])
            a.remove(a[0])
        else:
            c.append(b[0])
            b.remove(b[0])
    if len(a) == 0:
        c += b
    else:
        c += a
    return c
def merge_sort(x):
    if len(x) == 0 or len(x) == 1:
        return x
    else:
        middle = len(x)//2
        a = merge_sort(x[:middle])
        b = merge_sort(x[middle:])
        return merge(a,b)",,,,,,,
Q307,MBPP-153,mbpp,"Write a Python function for the following problem. Return only code.

Write a function to find the vertex of a parabola.","def parabola_vertex(a, b, c): 
  vertex=(((-b / (2 * a)),(((4 * a * c) - (b * b)) / (4 * a))))
  return vertex",,,,,,,
Q308,MBPP-154,mbpp,"Write a Python function for the following problem. Return only code.

Write a function to extract every specified element from a given two dimensional list.","def specified_element(nums, N):
    result = [i[N] for i in nums]
    return result",,,,,,,
Q309,MBPP-155,mbpp,"Write a Python function for the following problem. Return only code.

Write a python function to toggle all even bits of a given number.","def even_bit_toggle_number(n) : 
    res = 0; count = 0; temp = n 
    while (temp > 0) :     
        if (count % 2 == 1) : 
            res = res | (1 << count)      
        count = count + 1
        temp >>= 1 
    return n ^ res",,,,,,,
Q310,MBPP-156,mbpp,"Write a Python function for the following problem. Return only code.

Write a function to convert a tuple of string values to a tuple of integer values.","def tuple_int_str(tuple_str):
    result = tuple((int(x[0]), int(x[1])) for x in tuple_str)
    return result",,,,,,,
Q311,MBPP-157,mbpp,"Write a Python function for the following problem. Return only code.

Write a function to reflect the run-length encoding from a list.","from itertools import groupby
def encode_list(list1):
    return [[len(list(group)), key] for key, group in groupby(list1)]",,,,,,,
Q312,MBPP-158,mbpp,"Write a Python function for the following problem. Return only code.

Write a python function to find k number of operations required to make all elements equal.","def min_Ops(arr,n,k): 
    max1 = max(arr) 
    res = 0
    for i in range(0,n):  
        if ((max1 - arr[i]) % k != 0): 
            return -1 
        else: 
            res += (max1 - arr[i]) / k 
    return int(res)",,,,,,,
Q313,MBPP-159,mbpp,"Write a Python function for the following problem. Return only code.

Write a function to print the season for the given month and day.","def month_season(month,days):
 if month in ('January', 'February', 'March'):
	 season = 'winter'
 elif month in ('April', 'May', 'June'):
	 season = 'spring'
 elif month in ('July', 'August', 'September'):
	 season = 'summer'
 else:
	 season = 'autumn'
 if (month == 'March') and (days > 19):
	 season = 'spring'
 elif (month == 'June') and (days > 20):
	 season = 'summer'
 elif (month == 'September') and (days > 21):
	 season = 'autumn'
 elif (month == 'October') and (days > 21):
	 season = 'autumn'
 elif (month == 'November') and (days > 21):
	 season = 'autumn'
 elif (month == 'December') and (days > 20):
	 season = 'winter'
 return season",,,,,,,
Q314,MBPP-160,mbpp,"Write a Python function for the following problem. Return only code.

Write a function to find x and y that satisfies ax + by = n.","def solution (a, b, n): 
	i = 0
	while i * a <= n: 
		if (n - (i * a)) % b == 0: 
			return (""x = "",i ,"", y = "", 
			int((n - (i * a)) / b)) 
			return 0
		i = i + 1
	return (""No solution"")",,,,,,,
Q315,MBPP-161,mbpp,"Write a Python function for the following problem. Return only code.

Write a function to remove all elements from a given list present in another list.","def remove_elements(list1, list2):
    result = [x for x in list1 if x not in list2]
    return result",,,,,,,
Q316,MBPP-162,mbpp,"Write a Python function for the following problem. Return only code.

Write a function to calculate the sum of the positive integers of n+(n-2)+(n-4)... (until n-x =< 0).","def sum_series(n):
  if n < 1:
    return 0
  else:
    return n + sum_series(n - 2)",,,,,,,
Q317,MBPP-163,mbpp,"Write a Python function for the following problem. Return only code.

Write a function to calculate the area of a regular polygon.","from math import tan, pi
def area_polygon(s,l):
  area = s * (l ** 2) / (4 * tan(pi / s))
  return area",,,,,,,
Q318,MBPP-164,mbpp,"Write a Python function for the following problem. Return only code.

Write a python function to check whether the sum of divisors are same or not.","import math 
def divSum(n): 
    sum = 1; 
    i = 2; 
    while(i * i <= n): 
        if (n % i == 0): 
            sum = (sum + i +math.floor(n / i)); 
        i += 1; 
    return sum; 
def areEquivalent(num1,num2): 
    return divSum(num1) == divSum(num2);",,,,,,,
Q319,MBPP-165,mbpp,"Write a Python function for the following problem. Return only code.

Write a python function to count characters at same position in a given string (lower and uppercase characters) as in english alphabet.","def count_char_position(str1): 
    count_chars = 0
    for i in range(len(str1)):
        if ((i == ord(str1[i]) - ord('A')) or 
            (i == ord(str1[i]) - ord('a'))): 
            count_chars += 1
    return count_chars",,,,,,,
Q320,MBPP-166,mbpp,"Write a Python function for the following problem. Return only code.

Write a python function to count the pairs with xor as an even number.","def find_even_Pair(A,N): 
    evenPair = 0
    for i in range(0,N): 
        for j in range(i+1,N): 
            if ((A[i] ^ A[j]) % 2 == 0): 
                evenPair+=1
    return evenPair;",,,,,,,
Q321,MBPP-167,mbpp,"Write a Python function for the following problem. Return only code.

Write a python function to find smallest power of 2 greater than or equal to n.","def next_Power_Of_2(n): 
    count = 0; 
    if (n and not(n & (n - 1))): 
        return n   
    while( n != 0): 
        n >>= 1
        count += 1
    return 1 << count;",,,,,,,
Q322,MBPP-168,mbpp,"Write a Python function for the following problem. Return only code.

Write a python function to find the frequency of a number in a given array.","def frequency(a,x): 
    count = 0  
    for i in a: 
        if i == x: count += 1
    return count",,,,,,,
Q323,MBPP-169,mbpp,"Write a Python function for the following problem. Return only code.

Write a function to calculate the nth pell number.","def get_pell(n): 
	if (n <= 2): 
		return n 
	a = 1
	b = 2
	for i in range(3, n+1): 
		c = 2 * b + a 
		a = b 
		b = c 
	return b",,,,,,,
Q324,MBPP-170,mbpp,"Write a Python function for the following problem. Return only code.

Write a function to find sum of the numbers in a list between the indices of a specified range.","def sum_range_list(list1, m, n):                                                                                                                                                                                                
    sum_range = 0                                                                                                                                                                                                         
    for i in range(m, n+1, 1):                                                                                                                                                                                        
        sum_range += list1[i]                                                                                                                                                                                                  
    return sum_range",,,,,,,
Q325,MBPP-171,mbpp,"Write a Python function for the following problem. Return only code.

Write a function to find the perimeter of a pentagon.","import math
def perimeter_pentagon(a):
  perimeter=(5*a)
  return perimeter",,,,,,,
Q326,MBPP-172,mbpp,"Write a Python function for the following problem. Return only code.

Write a function to find the occurence of characters 'std' in the given string 1. list item 1. list item 1. list item 2. list item 2. list item 2. list item","def count_occurance(s):
  count=0
  for i in range(len(s)):
    if (s[i]== 's' and s[i+1]=='t' and s[i+2]== 'd'):
      count = count + 1
  return count",,,,,,,
Q327,MBPP-173,mbpp,"Write a Python function for the following problem. Return only code.

Write a function to remove everything except alphanumeric characters from a string.","import re
def remove_splchar(text): 
 pattern = re.compile('[\W_]+')
 return (pattern.sub('', text))",,,,,,,
Q328,MBPP-174,mbpp,"Write a Python function for the following problem. Return only code.

Write a function to group a sequence of key-value pairs into a dictionary of lists.","def group_keyvalue(l):
    result = {}
    for k, v in l:
         result.setdefault(k, []).append(v)
    return result",,,,,,,
Q329,MBPP-175,mbpp,"Write a Python function for the following problem. Return only code.

Write a function to verify validity of a string of parentheses.","def is_valid_parenthese( str1):
        stack, pchar = [], {""("": "")"", ""{"": ""}"", ""["": ""]""}
        for parenthese in str1:
            if parenthese in pchar:
                stack.append(parenthese)
            elif len(stack) == 0 or pchar[stack.pop()] != parenthese:
                return False
        return len(stack) == 0",,,,,,,
Q330,MBPP-176,mbpp,"Write a Python function for the following problem. Return only code.

Write a function to find the perimeter of a triangle.","def perimeter_triangle(a,b,c):
  perimeter=a+b+c
  return perimeter",,,,,,,
Q331,MBPP-177,mbpp,"Write a Python function for the following problem. Return only code.

Write a python function to find two distinct numbers such that their lcm lies within the given range.","def answer(L,R): 
    if (2 * L <= R): 
        return (L ,2*L)
    else: 
        return (-1)",,,,,,,
Q332,MBPP-178,mbpp,"Write a Python function for the following problem. Return only code.

Write a function to search some literals strings in a string.","import re
def string_literals(patterns,text):
  for pattern in patterns:
     if re.search(pattern,  text):
       return ('Matched!')
     else:
       return ('Not Matched!')",,,,,,,
Q333,MBPP-179,mbpp,"Write a Python function for the following problem. Return only code.

Write a function to find if the given number is a keith number or not.","def is_num_keith(x): 
	terms = [] 
	temp = x 
	n = 0 
	while (temp > 0): 
		terms.append(temp % 10) 
		temp = int(temp / 10) 
		n+=1 
	terms.reverse() 
	next_term = 0 
	i = n 
	while (next_term < x): 
		next_term = 0 
		for j in range(1,n+1): 
			next_term += terms[i - j] 
		terms.append(next_term) 
		i+=1 
	return (next_term == x)",,,,,,,
Q334,MBPP-180,mbpp,"Write a Python function for the following problem. Return only code.

Write a function to calculate distance between two points using latitude and longitude.","from math import radians, sin, cos, acos
def distance_lat_long(slat,slon,elat,elon):
 dist = 6371.01 * acos(sin(slat)*sin(elat) + cos(slat)*cos(elat)*cos(slon - elon))
 return dist",,,,,,,
Q335,MBPP-181,mbpp,"Write a Python function for the following problem. Return only code.

Write a function to find the longest common prefix in the given set of strings.","def common_prefix_util(str1, str2): 
	result = """"; 
	n1 = len(str1) 
	n2 = len(str2) 
	i = 0
	j = 0
	while i <= n1 - 1 and j <= n2 - 1: 
		if (str1[i] != str2[j]): 
			break
		result += str1[i] 
		i += 1
		j += 1
	return (result) 
def common_prefix (arr, n): 
	prefix = arr[0] 
	for i in range (1, n): 
		prefix = common_prefix_util(prefix, arr[i]) 
	return (prefix)",,,,,,,
Q336,MBPP-182,mbpp,"Write a Python function for the following problem. Return only code.

Write a function to find uppercase, lowercase, special character and numeric values using regex.","import re
def find_character(string):
  uppercase_characters = re.findall(r""[A-Z]"", string) 
  lowercase_characters = re.findall(r""[a-z]"", string) 
  numerical_characters = re.findall(r""[0-9]"", string) 
  special_characters = re.findall(r""[, .!?]"", string) 
  return uppercase_characters, lowercase_characters, numerical_characters, special_characters",,,,,,,
Q337,MBPP-183,mbpp,"Write a Python function for the following problem. Return only code.

Write a function to count all the distinct pairs having a difference of k in any array.","def count_pairs(arr, n, k):
  count=0;
  for i in range(0,n):
    for j in range(i+1, n):
      if arr[i] - arr[j] == k or arr[j] - arr[i] == k:
        count += 1
  return count",,,,,,,
Q338,MBPP-184,mbpp,"Write a Python function for the following problem. Return only code.

Write a function to find all the values in a list that are greater than a specified number.","def greater_specificnum(list,num):
 greater_specificnum=all(x >= num for x in list)
 return greater_specificnum",,,,,,,
Q339,MBPP-185,mbpp,"Write a Python function for the following problem. Return only code.

Write a function to find the focus of a parabola.","def parabola_focus(a, b, c): 
  focus= (((-b / (2 * a)),(((4 * a * c) - (b * b) + 1) / (4 * a))))
  return focus",,,,,,,
Q340,MBPP-186,mbpp,"Write a Python function for the following problem. Return only code.

Write a function to search some literals strings in a string by using regex.","import re
def check_literals(text, patterns):
  for pattern in patterns:
    if re.search(pattern,  text):
        return ('Matched!')
    else:
        return ('Not Matched!')",,,,,,,
Q341,MBPP-187,mbpp,"Write a Python function for the following problem. Return only code.

Write a function to find the longest common subsequence for the given two sequences.","def longest_common_subsequence(X, Y, m, n): 
    if m == 0 or n == 0: 
       return 0 
    elif X[m-1] == Y[n-1]: 
       return 1 + longest_common_subsequence(X, Y, m-1, n-1) 
    else: 
       return max(longest_common_subsequence(X, Y, m, n-1), longest_common_subsequence(X, Y, m-1, n))",,,,,,,
Q342,MBPP-188,mbpp,"Write a Python function for the following problem. Return only code.

Write a python function to check whether the given number can be represented by product of two squares or not.","def prod_Square(n):
    for i in range(2,(n) + 1):
        if (i*i < (n+1)):
            for j in range(2,n + 1):
                if ((i*i*j*j) == n):
                    return True;
    return False;",,,,,,,
Q343,MBPP-189,mbpp,"Write a Python function for the following problem. Return only code.

Write a python function to find the first missing positive number.","def first_Missing_Positive(arr,n): 
    ptr = 0
    for i in range(n):
        if arr[i] == 1:
            ptr = 1
            break
    if ptr == 0:
        return(1)
    for i in range(n):
        if arr[i] <= 0 or arr[i] > n:
            arr[i] = 1
    for i in range(n):
        arr[(arr[i] - 1) % n] += n
    for i in range(n):
        if arr[i] <= n:
            return(i + 1)
    return(n + 1)",,,,,,,
Q344,MBPP-190,mbpp,"Write a Python function for the following problem. Return only code.

Write a python function to count the number of integral co-ordinates that lie inside a square.","def count_Intgral_Points(x1,y1,x2,y2): 
    return ((y2 - y1 - 1) * (x2 - x1 - 1))",,,,,,,
Q345,MBPP-191,mbpp,"Write a Python function for the following problem. Return only code.

Write a function to check whether the given month name contains 30 days or not.","def check_monthnumber(monthname3):
  if monthname3 ==""April"" or monthname3== ""June"" or monthname3== ""September"" or monthname3== ""November"":
    return True
  else:
    return False",,,,,,,
Q346,MBPP-192,mbpp,"Write a Python function for the following problem. Return only code.

Write a python function to check whether a string has atleast one letter and one number.","def check_String(str): 
    flag_l = False
    flag_n = False
    for i in str: 
        if i.isalpha(): 
            flag_l = True  
        if i.isdigit(): 
            flag_n = True
    return flag_l and flag_n",,,,,,,
Q347,MBPP-193,mbpp,"Write a Python function for the following problem. Return only code.

Write a function to remove the duplicates from the given tuple.","def remove_tuple(test_tup):
  res = tuple(set(test_tup))
  return (res)",,,,,,,
Q348,MBPP-194,mbpp,"Write a Python function for the following problem. Return only code.

Write a python function to convert octal number to decimal number.","def octal_To_Decimal(n):  
    num = n; 
    dec_value = 0; 
    base = 1; 
    temp = num; 
    while (temp): 
        last_digit = temp % 10; 
        temp = int(temp / 10); 
        dec_value += last_digit*base; 
        base = base * 8; 
    return dec_value;",,,,,,,
Q349,MBPP-195,mbpp,"Write a Python function for the following problem. Return only code.

Write a python function to find the first position of an element in a sorted array.","def first(arr,x,n): 
    low = 0
    high = n - 1
    res = -1  
    while (low <= high):
        mid = (low + high) // 2 
        if arr[mid] > x:
            high = mid - 1
        elif arr[mid] < x:
            low = mid + 1
        else:
            res = mid
            high = mid - 1
    return res",,,,,,,
Q350,MBPP-196,mbpp,"Write a Python function for the following problem. Return only code.

Write a function to remove all the tuples with length k.","def remove_tuples(test_list, K):
  res = [ele for ele in test_list if len(ele) != K]
  return (res)",,,,,,,
Q351,MBPP-197,mbpp,"Write a Python function for the following problem. Return only code.

Write a function to perform the exponentiation of the given two tuples.","def find_exponentio(test_tup1, test_tup2):
  res = tuple(ele1 ** ele2 for ele1, ele2 in zip(test_tup1, test_tup2))
  return (res)",,,,,,,
Q352,MBPP-198,mbpp,"Write a Python function for the following problem. Return only code.

Write a function to find the largest triangle that can be inscribed in an ellipse.","import math
def largest_triangle(a,b): 
    if (a < 0 or b < 0): 
        return -1 
    area = (3 * math.sqrt(3) * pow(a, 2)) / (4 * b);  
    return area",,,,,,,
Q353,MBPP-199,mbpp,"Write a Python function for the following problem. Return only code.

Write a python function to find highest power of 2 less than or equal to given number.","def highest_Power_of_2(n): 
    res = 0; 
    for i in range(n, 0, -1):  
        if ((i & (i - 1)) == 0): 
            res = i; 
            break;      
    return res;",,,,,,,
Q354,MBPP-200,mbpp,"Write a Python function for the following problem. Return only code.

Write a function to find all index positions of the maximum values in a given list.","def position_max(list1):
    max_val = max(list1)
    max_result = [i for i, j in enumerate(list1) if j == max_val]
    return max_result",,,,,,,
Q355,MBPP-201,mbpp,"Write a Python function for the following problem. Return only code.

Write a python function to check whether the elements in a list are same or not.","def chkList(lst): 
    return len(set(lst)) == 1",,,,,,,
Q356,MBPP-202,mbpp,"Write a Python function for the following problem. Return only code.

Write a function to remove even characters in a string.","def remove_even(str1):
 str2 = ''
 for i in range(1, len(str1) + 1):
    if(i % 2 != 0):
        str2 = str2 + str1[i - 1]
 return str2",,,,,,,
Q357,MBPP-203,mbpp,"Write a Python function for the following problem. Return only code.

Write a python function to find the hamming distance between given two integers.","def hamming_Distance(n1,n2) : 
    x = n1 ^ n2  
    setBits = 0
    while (x > 0) : 
        setBits += x & 1
        x >>= 1
    return setBits",,,,,,,
Q358,MBPP-204,mbpp,"Write a Python function for the following problem. Return only code.

Write a python function to count the occurrence of a given character in a string.","def count(s,c) : 
    res = 0 
    for i in range(len(s)) : 
        if (s[i] == c): 
            res = res + 1
    return res",,,,,,,
Q359,MBPP-205,mbpp,"Write a Python function for the following problem. Return only code.

Write a function to find the inversions of tuple elements in the given tuple list.","def inversion_elements(test_tup):
  res = tuple(list(map(lambda x: ~x, list(test_tup))))
  return (res)",,,,,,,
Q360,MBPP-206,mbpp,"Write a Python function for the following problem. Return only code.

Write a function to perform the adjacent element concatenation in the given tuples.","def concatenate_elements(test_tup):
  res = tuple(i + j for i, j in zip(test_tup, test_tup[1:]))
  return (res)",,,,,,,
Q361,MBPP-207,mbpp,"Write a Python function for the following problem. Return only code.

Write a function to count the longest repeating subsequences such that the two subsequences don’t have same string characters at same positions.","def find_longest_repeating_subseq(str): 
	n = len(str) 
	dp = [[0 for k in range(n+1)] for l in range(n+1)] 
	for i in range(1, n+1): 
		for j in range(1, n+1): 
			if (str[i-1] == str[j-1] and i != j): 
				dp[i][j] = 1 + dp[i-1][j-1] 
			else: 
				dp[i][j] = max(dp[i][j-1], dp[i-1][j]) 
	return dp[n][n]",,,,,,,
Q362,MBPP-208,mbpp,"Write a Python function for the following problem. Return only code.

Write a function to check the given decimal with a precision of 2 by using regex.","import re
def is_decimal(num):
  num_fetch = re.compile(r""""""^[0-9]+(\.[0-9]{1,2})?$"""""")
  result = num_fetch.search(num)
  return bool(result)",,,,,,,
Q363,MBPP-209,mbpp,"Write a Python function for the following problem. Return only code.

Write a function to delete the smallest element from the given heap and then insert a new item.","import heapq as hq
def heap_replace(heap,a):
  hq.heapify(heap)
  hq.heapreplace(heap, a)
  return heap",,,,,,,
Q364,MBPP-210,mbpp,"Write a Python function for the following problem. Return only code.

Write a function to check that the given string contains only a certain set of characters(in this case a-z, a-z and 0-9) by using regex.","import re
def is_allowed_specific_char(string):
    get_char = re.compile(r'[^a-zA-Z0-9.]')
    string = get_char.search(string)
    return not bool(string)",,,,,,,
Q365,MBPP-211,mbpp,"Write a Python function for the following problem. Return only code.

Write a python function to count numbers whose oth and nth bits are set.","def count_Num(n): 
    if (n == 1): 
        return 1
    count = pow(2,n - 2) 
    return count",,,,,,,
Q366,MBPP-212,mbpp,"Write a Python function for the following problem. Return only code.

Write a python function to find the sum of fourth power of n natural numbers.","import math  
def fourth_Power_Sum(n): 
    sum = 0
    for i in range(1,n+1) : 
        sum = sum + (i*i*i*i) 
    return sum",,,,,,,
Q367,MBPP-213,mbpp,"Write a Python function for the following problem. Return only code.

Write a function to perform the concatenation of two string tuples.","def concatenate_strings(test_tup1, test_tup2):
  res = tuple(ele1 + ele2 for ele1, ele2 in zip(test_tup1, test_tup2))
  return (res)",,,,,,,
Q368,MBPP-214,mbpp,"Write a Python function for the following problem. Return only code.

Write a function to convert radians to degrees.","import math
def degree_radian(radian):
 degree = radian*(180/math.pi)
 return degree",,,,,,,
Q369,MBPP-215,mbpp,"Write a Python function for the following problem. Return only code.

Write a function to decode a run-length encoded given list.","def decode_list(alist):
    def aux(g):
        if isinstance(g, list):
            return [(g[1], range(g[0]))]
        else:
            return [(g, [0])]
    return [x for g in alist for x, R in aux(g) for i in R]",,,,,,,
Q370,MBPP-216,mbpp,"Write a Python function for the following problem. Return only code.

Write a function to check if a nested list is a subset of another nested list.","def check_subset_list(list1, list2): 
    l1, l2 = list1[0], list2[0] 
    exist = True
    for i in list2: 
        if i not in list1: 
            exist = False
    return exist",,,,,,,
Q371,MBPP-217,mbpp,"Write a Python function for the following problem. Return only code.

Write a python function to find the first repeated character in a given string.","def first_Repeated_Char(str): 
    h = {}
    for ch in str:
        if ch in h: 
            return ch;
        else: 
            h[ch] = 0
    return '\0'",,,,,,,
Q372,MBPP-218,mbpp,"Write a Python function for the following problem. Return only code.

Write a python function to find the minimum operations required to make two numbers equal.","import math   
def min_Operations(A,B):  
    if (A > B): 
        swap(A,B)  
    B = B // math.gcd(A,B);  
    return B - 1",,,,,,,
Q373,MBPP-219,mbpp,"Write a Python function for the following problem. Return only code.

Write a function to extract maximum and minimum k elements in the given tuple.","def extract_min_max(test_tup, K):
  res = []
  test_tup = list(test_tup)
  temp = sorted(test_tup)
  for idx, val in enumerate(temp):
    if idx < K or idx >= len(temp) - K:
      res.append(val)
  res = tuple(res)
  return (res)",,,,,,,
Q374,MBPP-220,mbpp,"Write a Python function for the following problem. Return only code.

Write a function to replace maximum n occurrences of spaces, commas, or dots with a colon.","import re
def replace_max_specialchar(text,n):
 return (re.sub(""[ ,.]"", "":"", text, n))",,,,,,,
Q375,MBPP-221,mbpp,"Write a Python function for the following problem. Return only code.

Write a python function to find the first even number in a given list of numbers.","def first_even(nums):
    first_even = next((el for el in nums if el%2==0),-1)
    return first_even",,,,,,,
Q376,MBPP-222,mbpp,"Write a Python function for the following problem. Return only code.

Write a function to check if all the elements in tuple have same data type or not.","def check_type(test_tuple):
  res = True
  for ele in test_tuple:
    if not isinstance(ele, type(test_tuple[0])):
      res = False
      break
  return (res)",,,,,,,
Q377,MBPP-223,mbpp,"Write a Python function for the following problem. Return only code.

Write a function to check for majority element in the given sorted array.","def is_majority(arr, n, x):
	i = binary_search(arr, 0, n-1, x)
	if i == -1:
		return False
	if ((i + n//2) <= (n -1)) and arr[i + n//2] == x:
		return True
	else:
		return False
def binary_search(arr, low, high, x):
	if high >= low:
		mid = (low + high)//2 
		if (mid == 0 or x > arr[mid-1]) and (arr[mid] == x):
			return mid
		elif x > arr[mid]:
			return binary_search(arr, (mid + 1), high, x)
		else:
			return binary_search(arr, low, (mid -1), x)
	return -1",,,,,,,
Q378,MBPP-224,mbpp,"Write a Python function for the following problem. Return only code.

Write a python function to count set bits of a given number.","def count_Set_Bits(n): 
    count = 0
    while (n): 
        count += n & 1
        n >>= 1
    return count",,,,,,,
Q379,MBPP-225,mbpp,"Write a Python function for the following problem. Return only code.

Write a python function to find the minimum element in a sorted and rotated array.","def find_Min(arr,low,high): 
    while (low < high): 
        mid = low + (high - low) // 2;   
        if (arr[mid] == arr[high]): 
            high -= 1; 
        elif (arr[mid] > arr[high]): 
            low = mid + 1; 
        else: 
            high = mid; 
    return arr[high];",,,,,,,
Q380,MBPP-226,mbpp,"Write a Python function for the following problem. Return only code.

Write a python function to remove the characters which have odd index values of a given string.","def odd_values_string(str):
  result = """" 
  for i in range(len(str)):
    if i % 2 == 0:
      result = result + str[i]
  return result",,,,,,,
Q381,MBPP-227,mbpp,"Write a Python function for the following problem. Return only code.

Write a function to find minimum of three numbers.","def min_of_three(a,b,c): 
      if (a <= b) and (a <= c): 
        smallest = a 
      elif (b <= a) and (b <= c): 
        smallest = b 
      else: 
        smallest = c 
      return smallest",,,,,,,
Q382,MBPP-228,mbpp,"Write a Python function for the following problem. Return only code.

Write a python function to check whether all the bits are unset in the given range or not.","def all_Bits_Set_In_The_Given_Range(n,l,r):  
    num = (((1 << r) - 1) ^ ((1 << (l - 1)) - 1)) 
    new_num = n & num
    if (new_num == 0): 
        return True
    return False",,,,,,,
Q383,MBPP-229,mbpp,"Write a Python function for the following problem. Return only code.

Write a function to re-arrange the elements of the given array so that all negative elements appear before positive ones.","def re_arrange_array(arr, n):
  j=0
  for i in range(0, n):
    if (arr[i] < 0):
      temp = arr[i]
      arr[i] = arr[j]
      arr[j] = temp
      j = j + 1
  return arr",,,,,,,
Q384,MBPP-230,mbpp,"Write a Python function for the following problem. Return only code.

Write a function to replace blank spaces with any character in a string.","def replace_blank(str1,char):
 str2 = str1.replace(' ', char)
 return str2",,,,,,,
Q385,MBPP-231,mbpp,"Write a Python function for the following problem. Return only code.

Write a function to find the maximum sum in the given right triangle of numbers.","def max_sum(tri, n): 
	if n > 1: 
		tri[1][1] = tri[1][1]+tri[0][0] 
		tri[1][0] = tri[1][0]+tri[0][0] 
	for i in range(2, n): 
		tri[i][0] = tri[i][0] + tri[i-1][0] 
		tri[i][i] = tri[i][i] + tri[i-1][i-1] 
		for j in range(1, i): 
			if tri[i][j]+tri[i-1][j-1] >= tri[i][j]+tri[i-1][j]: 
				tri[i][j] = tri[i][j] + tri[i-1][j-1] 
			else: 
				tri[i][j] = tri[i][j]+tri[i-1][j] 
	return (max(tri[n-1]))",,,,,,,
Q386,MBPP-232,mbpp,"Write a Python function for the following problem. Return only code.

Write a function to get the n largest items from a dataset.","import heapq
def larg_nnum(list1,n):
 largest=heapq.nlargest(n,list1)
 return largest",,,,,,,
Q387,MBPP-233,mbpp,"Write a Python function for the following problem. Return only code.

Write a function to find the lateral surface area of a cylinder.","def lateralsuface_cylinder(r,h):
  lateralsurface= 2*3.1415*r*h
  return lateralsurface",,,,,,,
Q388,MBPP-234,mbpp,"Write a Python function for the following problem. Return only code.

Write a function to find the volume of a cube.","def volume_cube(l):
  volume = l * l * l
  return volume",,,,,,,
Q389,MBPP-235,mbpp,"Write a Python function for the following problem. Return only code.

Write a python function to set all even bits of a given number.","def even_bit_set_number(n): 
    count = 0;res = 0;temp = n 
    while(temp > 0): 
        if (count % 2 == 1): 
            res |= (1 << count)
        count+=1
        temp >>= 1
    return (n | res)",,,,,,,
Q390,MBPP-236,mbpp,"Write a Python function for the following problem. Return only code.

Write a python function to count the maximum number of equilateral triangles that can be formed within a given equilateral triangle.","def No_of_Triangle(N,K):
    if (N < K):
        return -1;
    else:
        Tri_up = 0;
        Tri_up = ((N - K + 1) *(N - K + 2)) // 2;
        Tri_down = 0;
        Tri_down = ((N - 2 * K + 1) *(N - 2 * K + 2)) // 2;
        return Tri_up + Tri_down;",,,,,,,
Q391,MBPP-237,mbpp,"Write a Python function for the following problem. Return only code.

Write a function to check the occurrences of records which occur similar times in the given tuples.","from collections import Counter 
def check_occurences(test_list):
  res = dict(Counter(tuple(ele) for ele in map(sorted, test_list)))
  return  (res)",,,,,,,
Q392,MBPP-238,mbpp,"Write a Python function for the following problem. Return only code.

Write a python function to count number of non-empty substrings of a given string.","def number_of_substrings(str): 
	str_len = len(str); 
	return int(str_len * (str_len + 1) / 2);",,,,,,,
Q393,MBPP-239,mbpp,"Write a Python function for the following problem. Return only code.

Write a function to find the number of possible sequences of length n such that each of the next element is greater than or equal to twice of the previous element but less than or equal to m.","def get_total_number_of_sequences(m,n): 
	T=[[0 for i in range(n+1)] for i in range(m+1)] 
	for i in range(m+1): 
		for j in range(n+1): 
			if i==0 or j==0: 
				T[i][j]=0
			elif i<j: 
				T[i][j]=0
			elif j==1: 
				T[i][j]=i 
			else: 
				T[i][j]=T[i-1][j]+T[i//2][j-1] 
	return T[m][n]",,,,,,,
Q394,MBPP-240,mbpp,"Write a Python function for the following problem. Return only code.

Write a function to replace the last element of the list with another list.","def replace_list(list1,list2):
 list1[-1:] = list2
 replace_list=list1
 return replace_list",,,,,,,
Q395,MBPP-241,mbpp,"Write a Python function for the following problem. Return only code.

Write a function to generate a 3d array having each element as '*'.","def array_3d(m,n,o):
 array_3d = [[ ['*' for col in range(m)] for col in range(n)] for row in range(o)]
 return array_3d",,,,,,,
Q396,MBPP-242,mbpp,"Write a Python function for the following problem. Return only code.

Write a function to count total characters in a string.","def count_charac(str1):
 total = 0
 for i in str1:
    total = total + 1
 return total",,,,,,,
Q397,MBPP-243,mbpp,"Write a Python function for the following problem. Return only code.

Write a function to sort the given list based on the occurrence of first element of tuples.","def sort_on_occurence(lst): 
	dct = {} 
	for i, j in lst: 
		dct.setdefault(i, []).append(j) 
	return ([(i, *dict.fromkeys(j), len(j)) 
				for i, j in dct.items()])",,,,,,,
Q398,MBPP-244,mbpp,"Write a Python function for the following problem. Return only code.

Write a python function to find the next perfect square greater than a given number.","import math  
def next_Perfect_Square(N): 
    nextN = math.floor(math.sqrt(N)) + 1
    return nextN * nextN",,,,,,,
Q399,MBPP-245,mbpp,"Write a Python function for the following problem. Return only code.

Write a function to find the maximum sum of bi-tonic sub-sequence for the given array.","def max_sum(arr, n): 
	MSIBS = arr[:] 
	for i in range(n): 
		for j in range(0, i): 
			if arr[i] > arr[j] and MSIBS[i] < MSIBS[j] + arr[i]: 
				MSIBS[i] = MSIBS[j] + arr[i] 
	MSDBS = arr[:] 
	for i in range(1, n + 1): 
		for j in range(1, i): 
			if arr[-i] > arr[-j] and MSDBS[-i] < MSDBS[-j] + arr[-i]: 
				MSDBS[-i] = MSDBS[-j] + arr[-i] 
	max_sum = float(""-Inf"") 
	for i, j, k in zip(MSIBS, MSDBS, arr): 
		max_sum = max(max_sum, i + j - k) 
	return max_sum",,,,,,,
Q400,MBPP-246,mbpp,"Write a Python function for the following problem. Return only code.

Write a function for computing square roots using the babylonian method.","def babylonian_squareroot(number):
    if(number == 0):
        return 0;
    g = number/2.0;
    g2 = g + 1;
    while(g != g2):
        n = number/ g;
        g2 = g;
        g = (g + n)/2;
    return g;",,,,,,,
Q401,MBPP-247,mbpp,"Write a Python function for the following problem. Return only code.

Write a function to find the longest palindromic subsequence in the given string.","def lps(str): 
	n = len(str) 
	L = [[0 for x in range(n)] for x in range(n)] 
	for i in range(n): 
		L[i][i] = 1
	for cl in range(2, n+1): 
		for i in range(n-cl+1): 
			j = i+cl-1
			if str[i] == str[j] and cl == 2: 
				L[i][j] = 2
			elif str[i] == str[j]: 
				L[i][j] = L[i+1][j-1] + 2
			else: 
				L[i][j] = max(L[i][j-1], L[i+1][j]); 
	return L[0][n-1]",,,,,,,
Q402,MBPP-248,mbpp,"Write a Python function for the following problem. Return only code.

Write a function to calculate the harmonic sum of n-1.","def harmonic_sum(n):
  if n < 2:
    return 1
  else:
    return 1 / n + (harmonic_sum(n - 1))",,,,,,,
Q403,MBPP-249,mbpp,"Write a Python function for the following problem. Return only code.

Write a function to find the intersection of two arrays using lambda function.","def intersection_array(array_nums1,array_nums2):
 result = list(filter(lambda x: x in array_nums1, array_nums2)) 
 return result",,,,,,,
Q404,MBPP-250,mbpp,"Write a Python function for the following problem. Return only code.

Write a python function to count the occcurences of an element in a tuple.","def count_X(tup, x): 
    count = 0
    for ele in tup: 
        if (ele == x): 
            count = count + 1
    return count",,,,,,,
Q405,MBPP-251,mbpp,"Write a Python function for the following problem. Return only code.

Write a function to insert an element before each element of a list.","def insert_element(list,element):
 list = [v for elt in list for v in (element, elt)]
 return list",,,,,,,
Q406,MBPP-252,mbpp,"Write a Python function for the following problem. Return only code.

Write a python function to convert complex numbers to polar coordinates.","import cmath  
def convert(numbers):    
  num = cmath.polar(numbers)  
  return (num)",,,,,,,
Q407,MBPP-253,mbpp,"Write a Python function for the following problem. Return only code.

Write a python function to count integers from a given list.","def count_integer(list1):
    ctr = 0
    for i in list1:
        if isinstance(i, int):
            ctr = ctr + 1
    return ctr",,,,,,,
Q408,MBPP-254,mbpp,"Write a Python function for the following problem. Return only code.

Write a function to find all words starting with 'a' or 'e' in a given string.","import re
def words_ae(text):
 list = re.findall(""[ae]\w+"", text)
 return list",,,,,,,
Q409,MBPP-255,mbpp,"Write a Python function for the following problem. Return only code.

Write a function to choose specified number of colours from three different colours and generate all the combinations with repetitions.","from itertools import combinations_with_replacement 
def combinations_colors(l, n):
    return list(combinations_with_replacement(l,n))",,,,,,,
Q410,MBPP-256,mbpp,"Write a Python function for the following problem. Return only code.

Write a python function to count the number of prime numbers less than a given non-negative number.","def count_Primes_nums(n):
    ctr = 0
    for num in range(n):
        if num <= 1:
            continue
        for i in range(2,num):
            if (num % i) == 0:
                break
        else:
            ctr += 1
    return ctr",,,,,,,
Q411,MBPP-257,mbpp,"Write a Python function for the following problem. Return only code.

Write a function to swap two numbers.","def swap_numbers(a,b):
 temp = a
 a = b
 b = temp
 return (a,b)",,,,,,,
Q412,MBPP-258,mbpp,"Write a Python function for the following problem. Return only code.

Write a function to find number of odd elements in the given list using lambda function.","def count_odd(array_nums):
   count_odd = len(list(filter(lambda x: (x%2 != 0) , array_nums)))
   return count_odd",,,,,,,
Q413,MBPP-259,mbpp,"Write a Python function for the following problem. Return only code.

Write a function to maximize the given two tuples.","def maximize_elements(test_tup1, test_tup2):
  res = tuple(tuple(max(a, b) for a, b in zip(tup1, tup2))
   for tup1, tup2 in zip(test_tup1, test_tup2))
  return (res)",,,,,,,
Q414,MBPP-260,mbpp,"Write a Python function for the following problem. Return only code.

Write a function to find the nth newman–shanks–williams prime number.","def newman_prime(n): 
	if n == 0 or n == 1: 
		return 1
	return 2 * newman_prime(n - 1) + newman_prime(n - 2)",,,,,,,
Q415,MBPP-261,mbpp,"Write a Python function for the following problem. Return only code.

Write a function to perform mathematical division operation across the given tuples.","def division_elements(test_tup1, test_tup2):
  res = tuple(ele1 // ele2 for ele1, ele2 in zip(test_tup1, test_tup2))
  return (res)",,,,,,,
Q416,MBPP-262,mbpp,"Write a Python function for the following problem. Return only code.

Write a function to split a given list into two parts where the length of the first part of the list is given.","def split_two_parts(list1, L):
    return list1[:L], list1[L:]",,,,,,,
Q417,MBPP-263,mbpp,"Write a Python function for the following problem. Return only code.

Write a function to merge two dictionaries.","def merge_dict(d1,d2):
 d = d1.copy()
 d.update(d2)
 return d",,,,,,,
Q418,MBPP-264,mbpp,"Write a Python function for the following problem. Return only code.

Write a function to calculate a dog's age in dog's years.","def dog_age(h_age):
 if h_age < 0:
 	exit()
 elif h_age <= 2:
	 d_age = h_age * 10.5
 else:
	 d_age = 21 + (h_age - 2)*4
 return d_age",,,,,,,
Q419,MBPP-265,mbpp,"Write a Python function for the following problem. Return only code.

Write a function to split a list for every nth element.","def list_split(S, step):
    return [S[i::step] for i in range(step)]",,,,,,,
Q420,MBPP-266,mbpp,"Write a Python function for the following problem. Return only code.

Write a function to find the lateral surface area of a cube.","def lateralsurface_cube(l):
  LSA = 4 * (l * l)
  return LSA",,,,,,,
Q421,MBPP-267,mbpp,"Write a Python function for the following problem. Return only code.

Write a python function to find the sum of squares of first n odd natural numbers.","def square_Sum(n):  
    return int(n*(4*n*n-1)/3)",,,,,,,
Q422,MBPP-268,mbpp,"Write a Python function for the following problem. Return only code.

Write a function to find the n'th star number.","def find_star_num(n): 
	return (6 * n * (n - 1) + 1)",,,,,,,
Q423,MBPP-269,mbpp,"Write a Python function for the following problem. Return only code.

Write a function to find the ascii value of a character.","def ascii_value(k):
  ch=k
  return ord(ch)",,,,,,,
Q424,MBPP-270,mbpp,"Write a Python function for the following problem. Return only code.

Write a python function to find the sum of even numbers at even positions.","def sum_even_and_even_index(arr,n):  
    i = 0
    sum = 0
    for i in range(0,n,2): 
        if (arr[i] % 2 == 0) : 
            sum += arr[i]  
    return sum",,,,,,,
Q425,MBPP-271,mbpp,"Write a Python function for the following problem. Return only code.

Write a python function to find the sum of fifth power of first n even natural numbers.","def even_Power_Sum(n): 
    sum = 0; 
    for i in range(1,n+1): 
        j = 2*i; 
        sum = sum + (j*j*j*j*j); 
    return sum;",,,,,,,
Q426,MBPP-272,mbpp,"Write a Python function for the following problem. Return only code.

Write a function to perfom the rear element extraction from list of tuples records.","def rear_extract(test_list):
  res = [lis[-1] for lis in test_list]
  return (res)",,,,,,,
Q427,MBPP-273,mbpp,"Write a Python function for the following problem. Return only code.

Write a function to substract the contents of one tuple with corresponding index of other tuple.","def substract_elements(test_tup1, test_tup2):
  res = tuple(map(lambda i, j: i - j, test_tup1, test_tup2))
  return (res)",,,,,,,
Q428,MBPP-274,mbpp,"Write a Python function for the following problem. Return only code.

Write a python function to find sum of even index binomial coefficients.","import math  
def even_binomial_Coeff_Sum( n): 
    return (1 << (n - 1))",,,,,,,
Q429,MBPP-275,mbpp,"Write a Python function for the following problem. Return only code.

Write a python function to find the position of the last removed element from the given array.","import math as mt 
def get_Position(a,n,m): 
    for i in range(n): 
        a[i] = (a[i] // m + (a[i] % m != 0))  
    result,maxx = -1,-1
    for i in range(n - 1,-1,-1): 
        if (maxx < a[i]): 
            maxx = a[i] 
            result = i 
    return result + 1",,,,,,,
Q430,MBPP-276,mbpp,"Write a Python function for the following problem. Return only code.

Write a function to find the volume of a cylinder.","def volume_cylinder(r,h):
  volume=3.1415*r*r*h
  return volume",,,,,,,
Q431,MBPP-277,mbpp,"Write a Python function for the following problem. Return only code.

Write a function to filter a dictionary based on values.","def dict_filter(dict,n):
 result = {key:value for (key, value) in dict.items() if value >=n}
 return result",,,,,,,
Q432,MBPP-278,mbpp,"Write a Python function for the following problem. Return only code.

Write a function to find the element count that occurs before the record in the given tuple.","def count_first_elements(test_tup):
  for count, ele in enumerate(test_tup):
    if isinstance(ele, tuple):
      break
  return (count)",,,,,,,
Q433,MBPP-279,mbpp,"Write a Python function for the following problem. Return only code.

Write a function to find the nth decagonal number.","def is_num_decagonal(n): 
	return 4 * n * n - 3 * n",,,,,,,
Q434,MBPP-280,mbpp,"Write a Python function for the following problem. Return only code.

Write a function to search an element in the given array by using sequential search.","def sequential_search(dlist, item):
    pos = 0
    found = False
    while pos < len(dlist) and not found:
        if dlist[pos] == item:
            found = True
        else:
            pos = pos + 1
    return found, pos",,,,,,,
Q435,MBPP-281,mbpp,"Write a Python function for the following problem. Return only code.

Write a python function to check if the elements of a given list are unique or not.","def all_unique(test_list):
    if len(test_list) > len(set(test_list)):
        return False
    return True",,,,,,,
Q436,MBPP-282,mbpp,"Write a Python function for the following problem. Return only code.

Write a function to substaract two lists using map and lambda function.","def sub_list(nums1,nums2):
  result = map(lambda x, y: x - y, nums1, nums2)
  return list(result)",,,,,,,
Q437,MBPP-283,mbpp,"Write a Python function for the following problem. Return only code.

Write a python function to check whether the frequency of each digit is less than or equal to the digit itself.","def validate(n): 
    for i in range(10): 
        temp = n;  
        count = 0; 
        while (temp): 
            if (temp % 10 == i): 
                count+=1;  
            if (count > i): 
                return False
            temp //= 10; 
    return True",,,,,,,
Q438,MBPP-284,mbpp,"Write a Python function for the following problem. Return only code.

Write a function to check whether all items of a list are equal to a given string.","def check_element(list,element):
  check_element=all(v== element for v in list)
  return check_element",,,,,,,
Q439,MBPP-285,mbpp,"Write a Python function for the following problem. Return only code.

Write a function that matches a string that has an a followed by two to three 'b'.","import re
def text_match_two_three(text):
        patterns = 'ab{2,3}'
        if re.search(patterns,  text):
                return 'Found a match!'
        else:
                return('Not matched!')",,,,,,,
Q440,MBPP-286,mbpp,"Write a Python function for the following problem. Return only code.

Write a function to find the largest sum of contiguous array in the modified array which is formed by repeating the given array k times.","def max_sub_array_sum_repeated(a, n, k): 
	max_so_far = -2147483648
	max_ending_here = 0
	for i in range(n*k): 
		max_ending_here = max_ending_here + a[i%n] 
		if (max_so_far < max_ending_here): 
			max_so_far = max_ending_here 
		if (max_ending_here < 0): 
			max_ending_here = 0
	return max_so_far",,,,,,,
Q441,MBPP-287,mbpp,"Write a Python function for the following problem. Return only code.

Write a python function to find the sum of squares of first n even natural numbers.","def square_Sum(n):  
    return int(2*n*(n+1)*(2*n+1)/3)",,,,,,,
Q442,MBPP-288,mbpp,"Write a Python function for the following problem. Return only code.

Write a function to count array elements having modular inverse under given prime number p equal to itself.","def modular_inverse(arr, N, P):
	current_element = 0
	for i in range(0, N):
		if ((arr[i] * arr[i]) % P == 1):
			current_element = current_element + 1
	return current_element",,,,,,,
Q443,MBPP-289,mbpp,"Write a Python function for the following problem. Return only code.

Write a python function to calculate the number of odd days in a given year.","def odd_Days(N): 
    hund1 = N // 100
    hund4 = N // 400
    leap = N >> 2
    ordd = N - leap 
    if (hund1): 
        ordd += hund1 
        leap -= hund1 
    if (hund4): 
        ordd -= hund4 
        leap += hund4 
    days = ordd + leap * 2
    odd = days % 7
    return odd",,,,,,,
Q444,MBPP-290,mbpp,"Write a Python function for the following problem. Return only code.

Write a function to find the list of lists with maximum length.","def max_length(list1):
    max_length = max(len(x) for x in  list1 )  
    max_list = max((x) for x in   list1)
    return(max_length, max_list)",,,,,,,
Q445,MBPP-291,mbpp,"Write a Python function for the following problem. Return only code.

Write a function to find out the number of ways of painting the fence such that at most 2 adjacent posts have the same color for the given fence with n posts and k colors.","def count_no_of_ways(n, k): 
	dp = [0] * (n + 1) 
	total = k 
	mod = 1000000007
	dp[1] = k 
	dp[2] = k * k	 
	for i in range(3,n+1): 
		dp[i] = ((k - 1) * (dp[i - 1] + dp[i - 2])) % mod 
	return dp[n]",,,,,,,
Q446,MBPP-292,mbpp,"Write a Python function for the following problem. Return only code.

Write a python function to find quotient of two numbers.","def find(n,m):  
    q = n//m 
    return (q)",,,,,,,
Q447,MBPP-293,mbpp,"Write a Python function for the following problem. Return only code.

Write a function to find the third side of a right angled triangle.","import math
def otherside_rightangle(w,h):
  s=math.sqrt((w*w)+(h*h))
  return s",,,,,,,
Q448,MBPP-294,mbpp,"Write a Python function for the following problem. Return only code.

Write a function to find the maximum value in a given heterogeneous list.","def max_val(listval):
     max_val = max(i for i in listval if isinstance(i, int)) 
     return(max_val)",,,,,,,
Q449,MBPP-295,mbpp,"Write a Python function for the following problem. Return only code.

Write a function to return the sum of all divisors of a number.","def sum_div(number):
    divisors = [1]
    for i in range(2, number):
        if (number % i)==0:
            divisors.append(i)
    return sum(divisors)",,,,,,,
Q450,MBPP-296,mbpp,"Write a Python function for the following problem. Return only code.

Write a python function to count inversions in an array.","def get_Inv_Count(arr,n): 
    inv_count = 0
    for i in range(n): 
        for j in range(i + 1,n): 
            if (arr[i] > arr[j]): 
                inv_count += 1
    return inv_count",,,,,,,
Q451,MBPP-297,mbpp,"Write a Python function for the following problem. Return only code.

Write a function to flatten a given nested list structure.","def flatten_list(list1):
    result_list = []
    if not list1: return result_list
    stack = [list(list1)]
    while stack:
        c_num = stack.pop()
        next = c_num.pop()
        if c_num: stack.append(c_num)
        if isinstance(next, list):
            if next: stack.append(list(next))
        else: result_list.append(next)
    result_list.reverse()
    return result_list",,,,,,,
Q452,MBPP-298,mbpp,"Write a Python function for the following problem. Return only code.

Write a function to find the nested list elements which are present in another list.","def intersection_nested_lists(l1, l2):
    result = [[n for n in lst if n in l1] for lst in l2]
    return result",,,,,,,
Q453,MBPP-299,mbpp,"Write a Python function for the following problem. Return only code.

Write a function to calculate the maximum aggregate from the list of tuples.","from collections import defaultdict
def max_aggregate(stdata):
    temp = defaultdict(int)
    for name, marks in stdata:
        temp[name] += marks
    return max(temp.items(), key=lambda x: x[1])",,,,,,,
Q454,MBPP-300,mbpp,"Write a Python function for the following problem. Return only code.

Write a function to find the count of all binary sequences of length 2n such that sum of first n bits is same as sum of last n bits.","def count_binary_seq(n): 
	nCr = 1
	res = 1
	for r in range(1, n + 1): 
		nCr = (nCr * (n + 1 - r)) / r 
		res += nCr * nCr 
	return res",,,,,,,
Q455,MBPP-301,mbpp,"Write a Python function for the following problem. Return only code.

Write a function to find the depth of a dictionary.","def dict_depth(d):
    if isinstance(d, dict):
        return 1 + (max(map(dict_depth, d.values())) if d else 0)
    return 0",,,,,,,
Q456,MBPP-302,mbpp,"Write a Python function for the following problem. Return only code.

Write a python function to find the most significant bit number which is also a set bit.","def set_Bit_Number(n): 
    if (n == 0): 
        return 0; 
    msb = 0; 
    n = int(n / 2); 
    while (n > 0): 
        n = int(n / 2); 
        msb += 1; 
    return (1 << msb)",,,,,,,
Q457,MBPP-303,mbpp,"Write a Python function for the following problem. Return only code.

Write a python function to check whether the count of inversion of two types are same or not.","import sys 
def solve(a,n):   
    mx = -sys.maxsize - 1
    for j in range(1,n):  
        if (mx > a[j]):  
            return False  
        mx = max(mx,a[j - 1])    
    return True",,,,,,,
Q458,MBPP-304,mbpp,"Write a Python function for the following problem. Return only code.

Write a python function to find element at a given index after number of rotations.","def find_Element(arr,ranges,rotations,index) :  
    for i in range(rotations - 1,-1,-1 ) : 
        left = ranges[i][0] 
        right = ranges[i][1] 
        if (left <= index and right >= index) : 
            if (index == left) : 
                index = right 
            else : 
                index = index - 1 
    return arr[index]",,,,,,,
Q459,MBPP-305,mbpp,"Write a Python function for the following problem. Return only code.

Write a function to match two words from a list of words starting with letter 'p'.","import re
def start_withp(words):
 for w in words:
        m = re.match(""(P\w+)\W(P\w+)"", w)
        if m:
            return m.groups()",,,,,,,
Q460,MBPP-306,mbpp,"Write a Python function for the following problem. Return only code.

Write a function to find the maximum sum of increasing subsequence from prefix till ith index and also including a given kth element which is after i, i.e., k > i .","def max_sum_increasing_subseq(a, n, index, k):
	dp = [[0 for i in range(n)] 
			for i in range(n)]
	for i in range(n):
		if a[i] > a[0]:
			dp[0][i] = a[i] + a[0]
		else:
			dp[0][i] = a[i]
	for i in range(1, n):
		for j in range(n):
			if a[j] > a[i] and j > i:
				if dp[i - 1][i] + a[j] > dp[i - 1][j]:
					dp[i][j] = dp[i - 1][i] + a[j]
				else:
					dp[i][j] = dp[i - 1][j]
			else:
				dp[i][j] = dp[i - 1][j]
	return dp[index][k]",,,,,,,
Q461,MBPP-307,mbpp,"Write a Python function for the following problem. Return only code.

Write a function to get a colon of a tuple.","from copy import deepcopy
def colon_tuplex(tuplex,m,n):
  tuplex_colon = deepcopy(tuplex)
  tuplex_colon[m].append(n)
  return tuplex_colon",,,,,,,
Q462,MBPP-308,mbpp,"Write a Python function for the following problem. Return only code.

Write a function to find the specified number of largest products from two given lists.","def large_product(nums1, nums2, N):
    result = sorted([x*y for x in nums1 for y in nums2], reverse=True)[:N]
    return result",,,,,,,
Q463,MBPP-309,mbpp,"Write a Python function for the following problem. Return only code.

Write a python function to find the maximum of two numbers.","def maximum(a,b):   
    if a >= b: 
        return a 
    else: 
        return b",,,,,,,
Q464,MBPP-310,mbpp,"Write a Python function for the following problem. Return only code.

Write a function to convert a given string to a tuple.","def string_to_tuple(str1):
    result = tuple(x for x in str1 if not x.isspace()) 
    return result",,,,,,,
Q465,MBPP-311,mbpp,"Write a Python function for the following problem. Return only code.

Write a python function to set the left most unset bit.","def set_left_most_unset_bit(n): 
    if not (n & (n + 1)): 
        return n 
    pos, temp, count = 0, n, 0 
    while temp: 
        if not (temp & 1): 
            pos = count      
        count += 1; temp>>=1
    return (n | (1 << (pos)))",,,,,,,
Q466,MBPP-312,mbpp,"Write a Python function for the following problem. Return only code.

Write a function to find the volume of a cone.","import math
def volume_cone(r,h):
  volume = (1.0/3) * math.pi * r * r * h
  return volume",,,,,,,
Q467,MBPP-313,mbpp,"Write a Python function for the following problem. Return only code.

Write a python function to print positive numbers in a list.","def pos_nos(list1):
  for num in list1: 
    if num >= 0: 
       return num",,,,,,,
Q468,MBPP-314,mbpp,"Write a Python function for the following problem. Return only code.

Write a function to find out the maximum sum such that no two chosen numbers are adjacent for the given rectangular grid of dimension 2 x n.","def max_sum_rectangular_grid(grid, n) : 
	incl = max(grid[0][0], grid[1][0]) 
	excl = 0
	for i in range(1, n) : 
		excl_new = max(excl, incl) 
		incl = excl + max(grid[0][i], grid[1][i]) 
		excl = excl_new 
	return max(excl, incl)",,,,,,,
Q469,MBPP-315,mbpp,"Write a Python function for the following problem. Return only code.

Write a python function to find the first maximum length of even word.","def find_Max_Len_Even(str): 
    n = len(str) 
    i = 0
    currlen = 0
    maxlen = 0
    st = -1
    while (i < n): 
        if (str[i] == ' '): 
            if (currlen % 2 == 0): 
                if (maxlen < currlen): 
                    maxlen = currlen 
                    st = i - currlen 
            currlen = 0 
        else : 
            currlen += 1
        i += 1
    if (currlen % 2 == 0): 
        if (maxlen < currlen): 
            maxlen = currlen 
            st = i - currlen 
    if (st == -1): 
        return ""-1"" 
    return str[st: st + maxlen]",,,,,,,
Q470,MBPP-316,mbpp,"Write a Python function for the following problem. Return only code.

Write a function to find the index of the last occurrence of a given number in a sorted array.","def find_last_occurrence(A, x):
    (left, right) = (0, len(A) - 1)
    result = -1
    while left <= right:
        mid = (left + right) // 2
        if x == A[mid]:
            result = mid
            left = mid + 1
        elif x < A[mid]:
            right = mid - 1
        else:
            left = mid + 1
    return result",,,,,,,
Q471,MBPP-317,mbpp,"Write a Python function for the following problem. Return only code.

Write a function to reflect the modified run-length encoding from a list.","from itertools import groupby
def modified_encode(alist):
        def ctr_ele(el):
            if len(el)>1: return [len(el), el[0]]
            else: return el[0]
        return [ctr_ele(list(group)) for key, group in groupby(alist)]",,,,,,,
Q472,MBPP-318,mbpp,"Write a Python function for the following problem. Return only code.

Write a python function to find the maximum volume of a cuboid with given sum of sides.","def max_volume (s): 
    maxvalue = 0
    i = 1
    for i in range(s - 1): 
        j = 1
        for j in range(s): 
            k = s - i - j 
            maxvalue = max(maxvalue, i * j * k)         
    return maxvalue",,,,,,,
Q473,MBPP-319,mbpp,"Write a Python function for the following problem. Return only code.

Write a function to find all five characters long word in the given string by using regex.","import re
def find_long_word(text):
  return (re.findall(r""\b\w{5}\b"", text))",,,,,,,
Q474,MBPP-320,mbpp,"Write a Python function for the following problem. Return only code.

Write a function to calculate the difference between the squared sum of first n natural numbers and the sum of squared first n natural numbers.","def sum_difference(n):
    sumofsquares = 0
    squareofsum = 0
    for num in range(1, n+1):
        sumofsquares += num * num
        squareofsum += num
    squareofsum = squareofsum ** 2
    return squareofsum - sumofsquares",,,,,,,
Q475,MBPP-321,mbpp,"Write a Python function for the following problem. Return only code.

Write a function to find the demlo number for the given number.","def find_demlo(s): 
	l = len(s) 
	res = """" 
	for i in range(1,l+1): 
		res = res + str(i) 
	for i in range(l-1,0,-1): 
		res = res + str(i) 
	return res",,,,,,,
Q476,MBPP-322,mbpp,"Write a Python function for the following problem. Return only code.

Write a function to find all index positions of the minimum values in a given list.","def position_min(list1):
    min_val = min(list1)
    min_result = [i for i, j in enumerate(list1) if j == min_val]
    return min_result",,,,,,,
Q477,MBPP-323,mbpp,"Write a Python function for the following problem. Return only code.

Write a function to re-arrange the given array in alternating positive and negative items.","def right_rotate(arr, n, out_of_place, cur):
	temp = arr[cur]
	for i in range(cur, out_of_place, -1):
		arr[i] = arr[i - 1]
	arr[out_of_place] = temp
	return arr
def re_arrange(arr, n):
	out_of_place = -1
	for index in range(n):
		if (out_of_place >= 0):
			if ((arr[index] >= 0 and arr[out_of_place] < 0) or
			(arr[index] < 0 and arr[out_of_place] >= 0)):
				arr = right_rotate(arr, n, out_of_place, index)
				if (index-out_of_place > 2):
					out_of_place += 2
				else:
					out_of_place = - 1
		if (out_of_place == -1):
			if ((arr[index] >= 0 and index % 2 == 0) or
			 (arr[index] < 0 and index % 2 == 1)):
				out_of_place = index
	return arr",,,,,,,
Q478,MBPP-324,mbpp,"Write a Python function for the following problem. Return only code.

Write a function to extract the sum of alternate chains of tuples.","def sum_of_alternates(test_tuple):
  sum1 = 0
  sum2 = 0
  for idx, ele in enumerate(test_tuple):
    if idx % 2:
      sum1 += ele
    else:
      sum2 += ele
  return ((sum1),(sum2))",,,,,,,
Q479,MBPP-325,mbpp,"Write a Python function for the following problem. Return only code.

Write a python function to find the minimum number of squares whose sum is equal to a given number.","def get_Min_Squares(n):
    if n <= 3:
        return n;
    res = n 
    for x in range(1,n + 1):
        temp = x * x;
        if temp > n:
            break
        else:
            res = min(res,1 + get_Min_Squares(n  - temp)) 
    return res;",,,,,,,
Q480,MBPP-326,mbpp,"Write a Python function for the following problem. Return only code.

Write a function to get the word with most number of occurrences in the given strings list.","from collections import defaultdict 

def most_occurrences(test_list):
  temp = defaultdict(int)
  for sub in test_list:
    for wrd in sub.split():
      temp[wrd] += 1
  res = max(temp, key=temp.get)
  return (str(res))",,,,,,,
Q481,MBPP-327,mbpp,"Write a Python function for the following problem. Return only code.

Write a function to print check if the triangle is isosceles or not.","def check_isosceles(x,y,z):
  if x==y or y==z or z==x:
	   return True
  else:
     return False",,,,,,,
Q482,MBPP-328,mbpp,"Write a Python function for the following problem. Return only code.

Write a function to rotate a given list by specified number of items to the left direction.","def rotate_left(list1,m,n):
  result =  list1[m:]+list1[:n]
  return result",,,,,,,
Q483,MBPP-329,mbpp,"Write a Python function for the following problem. Return only code.

Write a python function to count negative numbers in a list.","def neg_count(list):
  neg_count= 0
  for num in list: 
    if num <= 0: 
      neg_count += 1
  return neg_count",,,,,,,
Q484,MBPP-330,mbpp,"Write a Python function for the following problem. Return only code.

Write a function to find all three, four, five characters long words in the given string by using regex.","import re
def find_char(text):
  return (re.findall(r""\b\w{3,5}\b"", text))",,,,,,,
Q485,MBPP-331,mbpp,"Write a Python function for the following problem. Return only code.

Write a python function to count unset bits of a given number.","def count_unset_bits(n): 
    count = 0
    x = 1
    while(x < n + 1): 
        if ((x & n) == 0): 
            count += 1
        x = x << 1
    return count",,,,,,,
Q486,MBPP-332,mbpp,"Write a Python function for the following problem. Return only code.

Write a function to count character frequency of a given string.","def char_frequency(str1):
    dict = {}
    for n in str1:
        keys = dict.keys()
        if n in keys:
            dict[n] += 1
        else:
            dict[n] = 1
    return dict",,,,,,,
Q487,MBPP-333,mbpp,"Write a Python function for the following problem. Return only code.

Write a python function to sort a list according to the second element in sublist.","def Sort(sub_li): 
    sub_li.sort(key = lambda x: x[1]) 
    return sub_li",,,,,,,
Q488,MBPP-334,mbpp,"Write a Python function for the following problem. Return only code.

Write a python function to check whether the triangle is valid or not if sides are given.","def check_Validity(a,b,c):  
    if (a + b <= c) or (a + c <= b) or (b + c <= a) : 
        return False
    else: 
        return True",,,,,,,
Q489,MBPP-335,mbpp,"Write a Python function for the following problem. Return only code.

Write a function to find the sum of arithmetic progression.","def ap_sum(a,n,d):
  total = (n * (2 * a + (n - 1) * d)) / 2
  return total",,,,,,,
Q490,MBPP-336,mbpp,"Write a Python function for the following problem. Return only code.

Write a function to check whether the given month name contains 28 days or not.","def check_monthnum(monthname1):
  if monthname1 == ""February"":
    return True
  else:
    return False",,,,,,,
Q491,MBPP-337,mbpp,"Write a Python function for the following problem. Return only code.

Write a function that matches a word at the end of a string, with optional punctuation.","import re
def text_match_word(text):
        patterns = '\w+\S*$'
        if re.search(patterns,  text):
                return 'Found a match!'
        else:
                return 'Not matched!'",,,,,,,
Q492,MBPP-338,mbpp,"Write a Python function for the following problem. Return only code.

Write a python function to count the number of substrings with same first and last characters.","def check_Equality(s): 
    return (ord(s[0]) == ord(s[len(s) - 1])); 
def count_Substring_With_Equal_Ends(s): 
    result = 0; 
    n = len(s); 
    for i in range(n):
        for j in range(1,n-i+1): 
            if (check_Equality(s[i:i+j])): 
                result+=1; 
    return result;",,,,,,,
Q493,MBPP-339,mbpp,"Write a Python function for the following problem. Return only code.

Write a python function to find the maximum occuring divisor in an interval.","def find_Divisor(x,y):  
    if (x==y): 
        return y 
    return 2",,,,,,,
Q494,MBPP-340,mbpp,"Write a Python function for the following problem. Return only code.

Write a python function to find the sum of the three lowest positive numbers from a given list of numbers.","def sum_three_smallest_nums(lst):
	return sum(sorted([x for x in lst if x > 0])[:3])",,,,,,,
Q495,MBPP-341,mbpp,"Write a Python function for the following problem. Return only code.

Write a function to convert the given set into ordered tuples.","def set_to_tuple(s):
  t = tuple(sorted(s))
  return (t)",,,,,,,
Q496,MBPP-342,mbpp,"Write a Python function for the following problem. Return only code.

Write a function to find the smallest range that includes at-least one element from each of the given arrays.","from heapq import heappop, heappush
class Node:
    def __init__(self, value, list_num, index):
        self.value = value
        self.list_num = list_num
        self.index = index
    def __lt__(self, other):
        return self.value < other.value
def find_minimum_range(list):
    high = float('-inf')
    p = (0, float('inf'))
    pq = []
    for i in range(len(list)):
        heappush(pq, Node(list[i][0], i, 0))
        high = max(high, list[i][0])
    while True:
        top = heappop(pq)
        low = top.value
        i = top.list_num
        j = top.index
        if high - low < p[1] - p[0]:
            p = (low, high)
        if j == len(list[i]) - 1:
            return p
        heappush(pq, Node(list[i][j + 1], i, j + 1))
        high = max(high, list[i][j + 1])",,,,,,,
Q497,MBPP-343,mbpp,"Write a Python function for the following problem. Return only code.

Write a function to calculate the number of digits and letters in a string.","def dig_let(s):
 d=l=0
 for c in s:
    if c.isdigit():
        d=d+1
    elif c.isalpha():
        l=l+1
    else:
        pass
 return (l,d)",,,,,,,
Q498,MBPP-344,mbpp,"Write a Python function for the following problem. Return only code.

Write a python function to find number of elements with odd factors in a given range.","def count_Odd_Squares(n,m): 
    return int(m**0.5) - int((n-1)**0.5)",,,,,,,
Q499,MBPP-345,mbpp,"Write a Python function for the following problem. Return only code.

Write a function to find the difference between two consecutive numbers in a given list.","def diff_consecutivenums(nums):
    result = [b-a for a, b in zip(nums[:-1], nums[1:])]
    return result",,,,,,,
Q500,MBPP-346,mbpp,"Write a Python function for the following problem. Return only code.

Write a function to find entringer number e(n, k).","def zigzag(n, k): 
	if (n == 0 and k == 0): 
		return 1
	if (k == 0): 
		return 0
	return zigzag(n, k - 1) + zigzag(n - 1, n - k)",,,,,,,
Q501,MBPP-347,mbpp,"Write a Python function for the following problem. Return only code.

Write a python function to count the number of squares in a rectangle.","def count_Squares(m,n): 
    if (n < m): 
        temp = m 
        m = n 
        n = temp 
    return n * (n + 1) * (3 * m - n + 1) // 6",,,,,,,
Q502,MBPP-348,mbpp,"Write a Python function for the following problem. Return only code.

Write a function to count sequences of given length having non-negative prefix sums that can be generated by given values.","def bin_coff(n, r): 
	val = 1
	if (r > (n - r)): 
		r = (n - r) 
	for i in range(0, r): 
		val *= (n - i) 
		val //= (i + 1) 
	return val 
def find_ways(M): 
	n = M // 2
	a = bin_coff(2 * n, n) 
	b = a // (n + 1) 
	return (b)",,,,,,,
Q503,MBPP-349,mbpp,"Write a Python function for the following problem. Return only code.

Write a python function to check whether the given string is a binary string or not.","def check(string) :
    p = set(string) 
    s = {'0', '1'} 
    if s == p or p == {'0'} or p == {'1'}: 
        return (""Yes"") 
    else : 
        return (""No"")",,,,,,,
Q504,MBPP-350,mbpp,"Write a Python function for the following problem. Return only code.

Write a python function to minimize the length of the string by removing occurrence of only one character.","def minimum_Length(s) : 
    maxOcc = 0
    n = len(s) 
    arr = [0]*26
    for i in range(n) : 
        arr[ord(s[i]) -ord('a')] += 1
    for i in range(26) : 
        if arr[i] > maxOcc : 
            maxOcc = arr[i] 
    return n - maxOcc",,,,,,,
Q505,MBPP-351,mbpp,"Write a Python function for the following problem. Return only code.

Write a python function to find the first element occurring k times in a given array.","def first_Element(arr,n,k): 
    count_map = {}; 
    for i in range(0, n): 
        if(arr[i] in count_map.keys()): 
            count_map[arr[i]] += 1
        else: 
            count_map[arr[i]] = 1
        i += 1
    for i in range(0, n):  
        if (count_map[arr[i]] == k): 
            return arr[i] 
        i += 1 
    return -1",,,,,,,
Q506,MBPP-352,mbpp,"Write a Python function for the following problem. Return only code.

Write a python function to check whether all the characters in a given string are unique.","def unique_Characters(str):
    for i in range(len(str)):
        for j in range(i + 1,len(str)): 
            if (str[i] == str[j]):
                return False;
    return True;",,,,,,,
Q507,MBPP-353,mbpp,"Write a Python function for the following problem. Return only code.

Write a function to remove a specified column from a given nested list.","def remove_column(list1, n):
   for i in list1: 
    del i[n] 
   return list1",,,,,,,
Q508,MBPP-354,mbpp,"Write a Python function for the following problem. Return only code.

Write a function to find t-nth term of arithemetic progression.","def tn_ap(a,n,d):
  tn = a + (n - 1) * d
  return tn",,,,,,,
Q509,MBPP-355,mbpp,"Write a Python function for the following problem. Return only code.

Write a python function to count the number of rectangles in a circle of radius r.","def count_Rectangles(radius):  
    rectangles = 0 
    diameter = 2 * radius 
    diameterSquare = diameter * diameter 
    for a in range(1, 2 * radius):  
        for b in range(1, 2 * radius): 
            diagnalLengthSquare = (a * a +  b * b)  
            if (diagnalLengthSquare <= diameterSquare) : 
                rectangles += 1
    return rectangles",,,,,,,
Q510,MBPP-356,mbpp,"Write a Python function for the following problem. Return only code.

Write a function to find the third angle of a triangle using two angles.","def find_angle(a,b):
 c = 180 - (a + b)
 return c",,,,,,,
Q511,MBPP-357,mbpp,"Write a Python function for the following problem. Return only code.

Write a function to find the maximum element of all the given tuple records.","def find_max(test_list):
  res = max(int(j) for i in test_list for j in i)
  return (res)",,,,,,,
Q512,MBPP-358,mbpp,"Write a Python function for the following problem. Return only code.

Write a function to find modulo division of two lists using map and lambda function.","def moddiv_list(nums1,nums2):
  result = map(lambda x, y: x % y, nums1, nums2)
  return list(result)",,,,,,,
Q513,MBPP-359,mbpp,"Write a Python function for the following problem. Return only code.

Write a python function to check whether one root of the quadratic equation is twice of the other or not.","def Check_Solution(a,b,c): 
    if (2*b*b == 9*a*c): 
        return (""Yes""); 
    else: 
        return (""No"");",,,,,,,
Q514,MBPP-360,mbpp,"Write a Python function for the following problem. Return only code.

Write a function to find the n’th carol number.","def get_carol(n): 
	result = (2**n) - 1
	return result * result - 2",,,,,,,
Q515,MBPP-361,mbpp,"Write a Python function for the following problem. Return only code.

Write a function to remove empty lists from a given list of lists.","def remove_empty(list1):
  remove_empty = [x for x in list1 if x]
  return remove_empty",,,,,,,
Q516,MBPP-362,mbpp,"Write a Python function for the following problem. Return only code.

Write a python function to find the item with maximum occurrences in a given list.","def max_occurrences(nums):
    max_val = 0
    result = nums[0] 
    for i in nums:
        occu = nums.count(i)
        if occu > max_val:
            max_val = occu
            result = i 
    return result",,,,,,,
Q517,MBPP-363,mbpp,"Write a Python function for the following problem. Return only code.

Write a function to add the k elements to each element in the tuple.","def add_K_element(test_list, K):
  res = [tuple(j + K for j in sub ) for sub in test_list]
  return (res)",,,,,,,
Q518,MBPP-364,mbpp,"Write a Python function for the following problem. Return only code.

Write a function to find the number of flips required to make the given binary string a sequence of alternate characters.","def make_flip(ch): 
	return '1' if (ch == '0') else '0'
def get_flip_with_starting_charcter(str, expected): 
	flip_count = 0
	for i in range(len( str)): 
		if (str[i] != expected): 
			flip_count += 1
		expected = make_flip(expected) 
	return flip_count 
def min_flip_to_make_string_alternate(str): 
	return min(get_flip_with_starting_charcter(str, '0'),get_flip_with_starting_charcter(str, '1'))",,,,,,,
Q519,MBPP-365,mbpp,"Write a Python function for the following problem. Return only code.

Write a python function to count the number of digits of a given number.","def count_Digit(n):
    count = 0
    while n != 0:
        n //= 10
        count += 1
    return count",,,,,,,
Q520,MBPP-366,mbpp,"Write a Python function for the following problem. Return only code.

Write a python function to find the largest product of the pair of adjacent elements from a given list of integers.","def adjacent_num_product(list_nums):
    return max(a*b for a, b in zip(list_nums, list_nums[1:]))",,,,,,,
Q521,MBPP-367,mbpp,"Write a Python function for the following problem. Return only code.

Write a function to check if a binary tree is balanced or not.","class Node: 
	def __init__(self, data): 
		self.data = data 
		self.left = None
		self.right = None
def get_height(root): 
	if root is None: 
		return 0
	return max(get_height(root.left), get_height(root.right)) + 1
def is_tree_balanced(root): 
	if root is None: 
		return True
	lh = get_height(root.left) 
	rh = get_height(root.right) 
	if (abs(lh - rh) <= 1) and is_tree_balanced( 
	root.left) is True and is_tree_balanced( root.right) is True: 
		return True
	return False",,,,,,,
Q522,MBPP-368,mbpp,"Write a Python function for the following problem. Return only code.

Write a function to repeat the given tuple n times.","def repeat_tuples(test_tup, N):
  res = ((test_tup, ) * N)
  return (res)",,,,,,,
Q523,MBPP-369,mbpp,"Write a Python function for the following problem. Return only code.

Write a function to find the lateral surface area of cuboid","def lateralsurface_cuboid(l,w,h):
  LSA = 2*h*(l+w)
  return LSA",,,,,,,
Q524,MBPP-370,mbpp,"Write a Python function for the following problem. Return only code.

Write a function to sort a tuple by its float element.","def float_sort(price):
  float_sort=sorted(price, key=lambda x: float(x[1]), reverse=True)
  return float_sort",,,,,,,
Q525,MBPP-371,mbpp,"Write a Python function for the following problem. Return only code.

Write a function to find the smallest missing element in a sorted array.","def smallest_missing(A, left_element, right_element):
    if left_element > right_element:
        return left_element
    mid = left_element + (right_element - left_element) // 2
    if A[mid] == mid:
        return smallest_missing(A, mid + 1, right_element)
    else:
        return smallest_missing(A, left_element, mid - 1)",,,,,,,
Q526,MBPP-372,mbpp,"Write a Python function for the following problem. Return only code.

Write a function to sort a given list of elements in ascending order using heap queue algorithm.","import heapq as hq
def heap_assending(nums):
  hq.heapify(nums)
  s_result = [hq.heappop(nums) for i in range(len(nums))]
  return s_result",,,,,,,
Q527,MBPP-373,mbpp,"Write a Python function for the following problem. Return only code.

Write a function to find the volume of a cuboid.","def volume_cuboid(l,w,h):
  volume=l*w*h
  return volume",,,,,,,
Q528,MBPP-374,mbpp,"Write a Python function for the following problem. Return only code.

Write a function to print all permutations of a given string including duplicates.","def permute_string(str):
    if len(str) == 0:
        return ['']
    prev_list = permute_string(str[1:len(str)])
    next_list = []
    for i in range(0,len(prev_list)):
        for j in range(0,len(str)):
            new_str = prev_list[i][0:j]+str[0]+prev_list[i][j:len(str)-1]
            if new_str not in next_list:
                next_list.append(new_str)
    return next_list",,,,,,,
Q529,MBPP-375,mbpp,"Write a Python function for the following problem. Return only code.

Write a function to round the given number to the nearest multiple of a specific number.","def round_num(n,m):
    a = (n //m) * m
    b = a + m
    return (b if n - a > b - n else a)",,,,,,,
Q530,MBPP-376,mbpp,"Write a Python function for the following problem. Return only code.

Write a function to remove tuple elements that occur more than once and replace the duplicates with some custom value.","def remove_replica(test_tup):
  temp = set()
  res = tuple(ele if ele not in temp and not temp.add(ele) 
				else 'MSP' for ele in test_tup)
  return (res)",,,,,,,
Q531,MBPP-377,mbpp,"Write a Python function for the following problem. Return only code.

Write a python function to remove all occurrences of a character in a given string.","def remove_Char(s,c) :  
    counts = s.count(c) 
    s = list(s) 
    while counts :  
        s.remove(c) 
        counts -= 1 
    s = '' . join(s)   
    return (s)",,,,,,,
Q532,MBPP-378,mbpp,"Write a Python function for the following problem. Return only code.

Write a python function to shift last element to first position in the given list.","def move_first(test_list):
  test_list = test_list[-1:] + test_list[:-1]  
  return test_list",,,,,,,
Q533,MBPP-379,mbpp,"Write a Python function for the following problem. Return only code.

Write a function to find the surface area of a cuboid.","def surfacearea_cuboid(l,w,h):
  SA = 2*(l*w + l * h + w * h)
  return SA",,,,,,,
Q534,MBPP-380,mbpp,"Write a Python function for the following problem. Return only code.

Write a function to generate a two-dimensional array.","def multi_list(rownum,colnum):
  multi_list = [[0 for col in range(colnum)] for row in range(rownum)]
  for row in range(rownum):
    for col in range(colnum):
        multi_list[row][col]= row*col
  return multi_list",,,,,,,
Q535,MBPP-381,mbpp,"Write a Python function for the following problem. Return only code.

Write a function to sort a list of lists by a given index of the inner list.","from operator import itemgetter
def index_on_inner_list(list_data, index_no):
    result = sorted(list_data, key=itemgetter(index_no))
    return result",,,,,,,
Q536,MBPP-382,mbpp,"Write a Python function for the following problem. Return only code.

Write a function to find the number of rotations in a circularly sorted array.","def find_rotation_count(A):
    (left, right) = (0, len(A) - 1)
    while left <= right:
        if A[left] <= A[right]:
            return left
        mid = (left + right) // 2
        next = (mid + 1) % len(A)
        prev = (mid - 1 + len(A)) % len(A)
        if A[mid] <= A[next] and A[mid] <= A[prev]:
            return mid
        elif A[mid] <= A[right]:
            right = mid - 1
        elif A[mid] >= A[left]:
            left = mid + 1
    return -1",,,,,,,
Q537,MBPP-383,mbpp,"Write a Python function for the following problem. Return only code.

Write a python function to toggle all odd bits of a given number.","def even_bit_toggle_number(n) : 
    res = 0; count = 0; temp = n    
    while(temp > 0 ) : 
        if (count % 2 == 0) : 
            res = res | (1 << count)      
        count = count + 1
        temp >>= 1 
    return n ^ res",,,,,,,
Q538,MBPP-384,mbpp,"Write a Python function for the following problem. Return only code.

Write a python function to find the frequency of the smallest value in a given array.","def frequency_Of_Smallest(n,arr): 
    mn = arr[0] 
    freq = 1
    for i in range(1,n): 
        if (arr[i] < mn): 
            mn = arr[i] 
            freq = 1
        elif (arr[i] == mn): 
            freq += 1
    return freq",,,,,,,
Q539,MBPP-385,mbpp,"Write a Python function for the following problem. Return only code.

Write a function to find the n'th perrin number using recursion.","def get_perrin(n):
  if (n == 0):
    return 3
  if (n == 1):
    return 0
  if (n == 2):
    return 2 
  return get_perrin(n - 2) + get_perrin(n - 3)",,,,,,,
Q540,MBPP-386,mbpp,"Write a Python function for the following problem. Return only code.

Write a function to find out the minimum no of swaps required for bracket balancing in the given string.","def swap_count(s):
	chars = s
	count_left = 0
	count_right = 0
	swap = 0
	imbalance = 0; 
	for i in range(len(chars)):
		if chars[i] == '[':
			count_left += 1
			if imbalance > 0:
				swap += imbalance
				imbalance -= 1
		elif chars[i] == ']':
			count_right += 1
			imbalance = (count_right - count_left) 
	return swap",,,,,,,
Q541,MBPP-387,mbpp,"Write a Python function for the following problem. Return only code.

Write a python function to check whether the hexadecimal number is even or odd.","def even_or_odd(N): 
    l = len(N) 
    if (N[l-1] =='0'or N[l-1] =='2'or 
        N[l-1] =='4'or N[l-1] =='6'or 
        N[l-1] =='8'or N[l-1] =='A'or 
        N[l-1] =='C'or N[l-1] =='E'): 
        return (""Even"") 
    else: 
        return (""Odd"")",,,,,,,
Q542,MBPP-388,mbpp,"Write a Python function for the following problem. Return only code.

Write a python function to find the highest power of 2 that is less than or equal to n.","def highest_Power_of_2(n): 
    res = 0; 
    for i in range(n, 0, -1): 
        if ((i & (i - 1)) == 0): 
            res = i; 
            break; 
    return res;",,,,,,,
Q543,MBPP-389,mbpp,"Write a Python function for the following problem. Return only code.

Write a function to find the n'th lucas number.","def find_lucas(n): 
	if (n == 0): 
		return 2
	if (n == 1): 
		return 1
	return find_lucas(n - 1) + find_lucas(n - 2)",,,,,,,
Q544,MBPP-390,mbpp,"Write a Python function for the following problem. Return only code.

Write a function to insert a given string at the beginning of all items in a list.","def add_string(list,string):
 add_string=[string.format(i) for i in  list]
 return add_string",,,,,,,
Q545,MBPP-391,mbpp,"Write a Python function for the following problem. Return only code.

Write a function to convert more than one list to nested dictionary.","def convert_list_dictionary(l1, l2, l3):
     result = [{x: {y: z}} for (x, y, z) in zip(l1, l2, l3)]
     return result",,,,,,,
Q546,MBPP-392,mbpp,"Write a Python function for the following problem. Return only code.

Write a function to find the maximum sum possible by using the given equation f(n) = max( (f(n/2) + f(n/3) + f(n/4) + f(n/5)), n).","def get_max_sum (n):
	res = list()
	res.append(0)
	res.append(1)
	i = 2
	while i<n + 1:
		res.append(max(i, (res[int(i / 2)] 
						+ res[int(i / 3)] +
							res[int(i / 4)]
						+ res[int(i / 5)])))
		i = i + 1
	return res[n]",,,,,,,
Q547,MBPP-393,mbpp,"Write a Python function for the following problem. Return only code.

Write a function to find the list with maximum length using lambda function.","def max_length_list(input_list):
    max_length = max(len(x) for x in input_list )   
    max_list = max(input_list, key = lambda i: len(i))    
    return(max_length, max_list)",,,,,,,
Q548,MBPP-394,mbpp,"Write a Python function for the following problem. Return only code.

Write a function to check if given tuple is distinct or not.","def check_distinct(test_tup):
  res = True
  temp = set()
  for ele in test_tup:
    if ele in temp:
      res = False
      break
    temp.add(ele)
  return (res)",,,,,,,
Q549,MBPP-395,mbpp,"Write a Python function for the following problem. Return only code.

Write a python function to find the first non-repeated character in a given string.","def first_non_repeating_character(str1):
  char_order = []
  ctr = {}
  for c in str1:
    if c in ctr:
      ctr[c] += 1
    else:
      ctr[c] = 1 
      char_order.append(c)
  for c in char_order:
    if ctr[c] == 1:
      return c
  return None",,,,,,,
Q550,MBPP-396,mbpp,"Write a Python function for the following problem. Return only code.

Write a function to check whether the given string starts and ends with the same character or not using regex.","import re  
regex = r'^[a-z]$|^([a-z]).*\1$'
def check_char(string): 
	if(re.search(regex, string)): 
		return ""Valid"" 
	else: 
		return ""Invalid""",,,,,,,
Q551,MBPP-397,mbpp,"Write a Python function for the following problem. Return only code.

Write a function to find the median of three specific numbers.","def median_numbers(a,b,c):
 if a > b:
    if a < c:
        median = a
    elif b > c:
        median = b
    else:
        median = c
 else:
    if a > c:
        median = a
    elif b < c:
        median = b
    else:
        median = c
 return median",,,,,,,
Q552,MBPP-398,mbpp,"Write a Python function for the following problem. Return only code.

Write a function to compute the sum of digits of each number of a given list.","def sum_of_digits(nums):
    return sum(int(el) for n in nums for el in str(n) if el.isdigit())",,,,,,,
Q553,MBPP-399,mbpp,"Write a Python function for the following problem. Return only code.

Write a function to perform the mathematical bitwise xor operation across the given tuples.","def bitwise_xor(test_tup1, test_tup2):
  res = tuple(ele1 ^ ele2 for ele1, ele2 in zip(test_tup1, test_tup2))
  return (res)",,,,,,,
Q554,MBPP-400,mbpp,"Write a Python function for the following problem. Return only code.

Write a function to extract the frequency of unique tuples in the given list order irrespective.","def extract_freq(test_list):
  res = len(list(set(tuple(sorted(sub)) for sub in test_list)))
  return (res)",,,,,,,
Q555,MBPP-401,mbpp,"Write a Python function for the following problem. Return only code.

Write a function to perform index wise addition of tuple elements in the given two nested tuples.","def add_nested_tuples(test_tup1, test_tup2):
  res = tuple(tuple(a + b for a, b in zip(tup1, tup2))
   for tup1, tup2 in zip(test_tup1, test_tup2))
  return (res)",,,,,,,
Q556,MBPP-402,mbpp,"Write a Python function for the following problem. Return only code.

Write a function to compute the value of ncr%p.","def ncr_modp(n, r, p): 
    C = [0 for i in range(r+1)]   
    C[0] = 1
    for i in range(1, n+1): 
        for j in range(min(i, r), 0, -1): 
            C[j] = (C[j] + C[j-1]) % p   
    return C[r]",,,,,,,
Q557,MBPP-403,mbpp,"Write a Python function for the following problem. Return only code.

Write a function to check if a url is valid or not using regex.","import re
def is_valid_URL(str):
	regex = (""((http|https)://)(www.)?"" +
			""[a-zA-Z0-9@:%._\\+~#?&//=]"" +
			""{2,256}\\.[a-z]"" +
			""{2,6}\\b([-a-zA-Z0-9@:%"" +
			""._\\+~#?&//=]*)"")
	p = re.compile(regex)
	if (str == None):
		return False
	if(re.search(p, str)):
		return True
	else:
		return False",,,,,,,
Q558,MBPP-404,mbpp,"Write a Python function for the following problem. Return only code.

Write a python function to find the minimum of two numbers.","def minimum(a,b):   
    if a <= b: 
        return a 
    else: 
        return b",,,,,,,
Q559,MBPP-405,mbpp,"Write a Python function for the following problem. Return only code.

Write a function to check whether an element exists within a tuple.","def check_tuplex(tuplex,tuple1): 
  if tuple1 in tuplex:
    return True
  else:
     return False",,,,,,,
Q560,MBPP-406,mbpp,"Write a Python function for the following problem. Return only code.

Write a python function to find the parity of a given number.","def find_Parity(x): 
    y = x ^ (x >> 1); 
    y = y ^ (y >> 2); 
    y = y ^ (y >> 4); 
    y = y ^ (y >> 8); 
    y = y ^ (y >> 16); 
    if (y & 1): 
        return (""Odd Parity""); 
    return (""Even Parity"");",,,,,,,
Q561,MBPP-407,mbpp,"Write a Python function for the following problem. Return only code.

Write a function to create the next bigger number by rearranging the digits of a given number.","def rearrange_bigger(n):
    nums = list(str(n))
    for i in range(len(nums)-2,-1,-1):
        if nums[i] < nums[i+1]:
            z = nums[i:]
            y = min(filter(lambda x: x > z[0], z))
            z.remove(y)
            z.sort()
            nums[i:] = [y] + z
            return int("""".join(nums))
    return False",,,,,,,
Q562,MBPP-408,mbpp,"Write a Python function for the following problem. Return only code.

Write a function to find k number of pairs which consist of one element from the first array and one element from the second array.","import heapq
def k_smallest_pairs(nums1, nums2, k):
   queue = []
   def push(i, j):
       if i < len(nums1) and j < len(nums2):
           heapq.heappush(queue, [nums1[i] + nums2[j], i, j])
   push(0, 0)
   pairs = []
   while queue and len(pairs) < k:
       _, i, j = heapq.heappop(queue)
       pairs.append([nums1[i], nums2[j]])
       push(i, j + 1)
       if j == 0:
           push(i + 1, 0)
   return pairs",,,,,,,
Q563,MBPP-409,mbpp,"Write a Python function for the following problem. Return only code.

Write a function to find the minimum product from the pairs of tuples within a given list.","def min_product_tuple(list1):
    result_min = min([abs(x * y) for x, y in list1] )
    return result_min",,,,,,,
Q564,MBPP-410,mbpp,"Write a Python function for the following problem. Return only code.

Write a function to find the minimum value in a given heterogeneous list.","def min_val(listval):
     min_val = min(i for i in listval if isinstance(i, int))
     return min_val",,,,,,,
Q565,MBPP-411,mbpp,"Write a Python function for the following problem. Return only code.

Write a function to convert the given snake case string to camel case string by using regex.","import re
def snake_to_camel(word):
  return ''.join(x.capitalize() or '_' for x in word.split('_'))",,,,,,,
Q566,MBPP-412,mbpp,"Write a Python function for the following problem. Return only code.

Write a python function to remove odd numbers from a given list.","def remove_odd(l):
    for i in l:
        if i % 2 != 0:
            l.remove(i)
    return l",,,,,,,
Q567,MBPP-413,mbpp,"Write a Python function for the following problem. Return only code.

Write a function to extract the nth element from a given list of tuples.","def extract_nth_element(list1, n):
    result = [x[n] for x in list1]
    return result",,,,,,,
Q568,MBPP-414,mbpp,"Write a Python function for the following problem. Return only code.

Write a python function to check whether the value exists in a sequence or not.","def overlapping(list1,list2):  
    c=0
    d=0
    for i in list1: 
        c+=1
    for i in list2: 
        d+=1
    for i in range(0,c): 
        for j in range(0,d): 
            if(list1[i]==list2[j]): 
                return 1
    return 0",,,,,,,
Q569,MBPP-415,mbpp,"Write a Python function for the following problem. Return only code.

Write a python function to find a pair with highest product from a given array of integers.","def max_Product(arr): 
    arr_len = len(arr) 
    if (arr_len < 2): 
        return (""No pairs exists"")           
    x = arr[0]; y = arr[1]      
    for i in range(0,arr_len): 
        for j in range(i + 1,arr_len): 
            if (arr[i] * arr[j] > x * y): 
                x = arr[i]; y = arr[j] 
    return x,y",,,,,,,
Q570,MBPP-416,mbpp,"Write a Python function for the following problem. Return only code.

Write a function to find the maximum sum we can make by dividing number in three parts recursively and summing them up together for the given number.","MAX = 1000000
def breakSum(n): 
	dp = [0]*(n+1) 
	dp[0] = 0
	dp[1] = 1
	for i in range(2, n+1): 
		dp[i] = max(dp[int(i/2)] + dp[int(i/3)] + dp[int(i/4)], i); 
	return dp[n]",,,,,,,
Q571,MBPP-417,mbpp,"Write a Python function for the following problem. Return only code.

Write a function to find common first element in given list of tuple.","def group_tuples(Input): 
	out = {} 
	for elem in Input: 
		try: 
			out[elem[0]].extend(elem[1:]) 
		except KeyError: 
			out[elem[0]] = list(elem) 
	return [tuple(values) for values in out.values()]",,,,,,,
Q572,MBPP-418,mbpp,"Write a Python function for the following problem. Return only code.

Write a python function to find the sublist having maximum length.","def Find_Max(lst): 
    maxList = max((x) for x in lst) 
    return maxList",,,,,,,
Q573,MBPP-419,mbpp,"Write a Python function for the following problem. Return only code.

Write a function to round every number of a given list of numbers and print the total sum multiplied by the length of the list.","def round_and_sum(list1):
  lenght=len(list1)
  round_and_sum=sum(list(map(round,list1))* lenght)
  return round_and_sum",,,,,,,
Q574,MBPP-420,mbpp,"Write a Python function for the following problem. Return only code.

Write a python function to find the cube sum of first n even natural numbers.","def cube_Sum(n): 
    sum = 0
    for i in range(1,n + 1): 
        sum += (2*i)*(2*i)*(2*i) 
    return sum",,,,,,,
Q575,MBPP-421,mbpp,"Write a Python function for the following problem. Return only code.

Write a function to concatenate each element of tuple by the delimiter.","def concatenate_tuple(test_tup):
    delim = ""-""
    res = ''.join([str(ele) + delim for ele in test_tup])
    res = res[ : len(res) - len(delim)]
    return (str(res))",,,,,,,
Q576,MBPP-422,mbpp,"Write a Python function for the following problem. Return only code.

Write a python function to find the average of cubes of first n natural numbers.","def find_Average_Of_Cube(n):  
    sum = 0
    for i in range(1, n + 1): 
        sum += i * i * i  
    return round(sum / n, 6)",,,,,,,
Q577,MBPP-423,mbpp,"Write a Python function for the following problem. Return only code.

Write a function to solve gold mine problem.","def get_maxgold(gold, m, n): 
    goldTable = [[0 for i in range(n)] 
                        for j in range(m)]   
    for col in range(n-1, -1, -1): 
        for row in range(m):  
            if (col == n-1): 
                right = 0
            else: 
                right = goldTable[row][col+1] 
            if (row == 0 or col == n-1): 
                right_up = 0
            else: 
                right_up = goldTable[row-1][col+1] 
            if (row == m-1 or col == n-1): 
                right_down = 0
            else: 
                right_down = goldTable[row+1][col+1] 
            goldTable[row][col] = gold[row][col] + max(right, right_up, right_down) 
    res = goldTable[0][0] 
    for i in range(1, m): 
        res = max(res, goldTable[i][0])  
    return res",,,,,,,
Q578,MBPP-424,mbpp,"Write a Python function for the following problem. Return only code.

Write a function to extract only the rear index element of each string in the given tuple.","def extract_rear(test_tuple):
  res = list(sub[len(sub) - 1] for sub in test_tuple)
  return (res)",,,,,,,
Q579,MBPP-425,mbpp,"Write a Python function for the following problem. Return only code.

Write a function to count the number of sublists containing a particular element.","def count_element_in_list(list1, x): 
    ctr = 0
    for i in range(len(list1)): 
        if x in list1[i]: 
            ctr+= 1          
    return ctr",,,,,,,
Q580,MBPP-426,mbpp,"Write a Python function for the following problem. Return only code.

Write a function to filter odd numbers using lambda function.","def filter_oddnumbers(nums):
 odd_nums = list(filter(lambda x: x%2 != 0, nums))
 return odd_nums",,,,,,,
Q581,MBPP-427,mbpp,"Write a Python function for the following problem. Return only code.

Write a function to convert a date of yyyy-mm-dd format to dd-mm-yyyy format by using regex.","import re
def change_date_format(dt):
        return re.sub(r'(\d{4})-(\d{1,2})-(\d{1,2})', '\\3-\\2-\\1', dt)",,,,,,,
Q582,MBPP-428,mbpp,"Write a Python function for the following problem. Return only code.

Write a function to sort the given array by using shell sort.","def shell_sort(my_list):
    gap = len(my_list) // 2
    while gap > 0:
        for i in range(gap, len(my_list)):
            current_item = my_list[i]
            j = i
            while j >= gap and my_list[j - gap] > current_item:
                my_list[j] = my_list[j - gap]
                j -= gap
            my_list[j] = current_item
        gap //= 2

    return my_list",,,,,,,
Q583,MBPP-429,mbpp,"Write a Python function for the following problem. Return only code.

Write a function to extract the elementwise and tuples from the given two tuples.","def and_tuples(test_tup1, test_tup2):
  res = tuple(ele1 & ele2 for ele1, ele2 in zip(test_tup1, test_tup2))
  return (res)",,,,,,,
Q584,MBPP-430,mbpp,"Write a Python function for the following problem. Return only code.

Write a function to find the directrix of a parabola.","def parabola_directrix(a, b, c): 
  directrix=((int)(c - ((b * b) + 1) * 4 * a ))
  return directrix",,,,,,,
Q585,MBPP-431,mbpp,"Write a Python function for the following problem. Return only code.

Write a function that takes two lists and returns true if they have at least one common element.","def common_element(list1, list2):
     result = False
     for x in list1:
         for y in list2:
             if x == y:
                 result = True
                 return result",,,,,,,
Q586,MBPP-432,mbpp,"Write a Python function for the following problem. Return only code.

Write a function to find the median of a trapezium.","def median_trapezium(base1,base2,height):
 median = 0.5 * (base1+ base2)
 return median",,,,,,,
Q587,MBPP-433,mbpp,"Write a Python function for the following problem. Return only code.

Write a function to check whether the entered number is greater than the elements of the given array.","def check_greater(arr, number):
  arr.sort()
  if number > arr[-1]:
    return ('Yes, the entered number is greater than those in the array')
  else:
    return ('No, entered number is less than those in the array')",,,,,,,
Q588,MBPP-434,mbpp,"Write a Python function for the following problem. Return only code.

Write a function that matches a string that has an a followed by one or more b's.","import re
def text_match_one(text):
        patterns = 'ab+?'
        if re.search(patterns,  text):
                return 'Found a match!'
        else:
                return('Not matched!')",,,,,,,
Q589,MBPP-435,mbpp,"Write a Python function for the following problem. Return only code.

Write a python function to find the last digit of a given number.","def last_Digit(n) :
    return (n % 10)",,,,,,,
Q590,MBPP-436,mbpp,"Write a Python function for the following problem. Return only code.

Write a python function to print negative numbers in a list.","def neg_nos(list1):
  for num in list1: 
    if num < 0: 
       return num",,,,,,,
Q591,MBPP-437,mbpp,"Write a Python function for the following problem. Return only code.

Write a function to remove odd characters in a string.","def remove_odd(str1):
 str2 = ''
 for i in range(1, len(str1) + 1):
    if(i % 2 == 0):
        str2 = str2 + str1[i - 1]
 return str2",,,,,,,
Q592,MBPP-438,mbpp,"Write a Python function for the following problem. Return only code.

Write a function to count bidirectional tuple pairs.","def count_bidirectional(test_list):
  res = 0
  for idx in range(0, len(test_list)):
    for iidx in range(idx + 1, len(test_list)):
      if test_list[iidx][0] == test_list[idx][1] and test_list[idx][1] == test_list[iidx][0]:
        res += 1
  return (str(res))",,,,,,,
Q593,MBPP-439,mbpp,"Write a Python function for the following problem. Return only code.

Write a function to convert a list of multiple integers into a single integer.","def multiple_to_single(L):
  x = int("""".join(map(str, L)))
  return x",,,,,,,
Q594,MBPP-440,mbpp,"Write a Python function for the following problem. Return only code.

Write a function to find all adverbs and their positions in a given sentence.","import re
def find_adverb_position(text):
 for m in re.finditer(r""\w+ly"", text):
    return (m.start(), m.end(), m.group(0))",,,,,,,
Q595,MBPP-441,mbpp,"Write a Python function for the following problem. Return only code.

Write a function to find the surface area of a cube.","def surfacearea_cube(l):
  surfacearea= 6*l*l
  return surfacearea",,,,,,,
Q596,MBPP-442,mbpp,"Write a Python function for the following problem. Return only code.

Write a function to find the ration of positive numbers in an array of integers.","from array import array
def positive_count(nums):
    n = len(nums)
    n1 = 0
    for x in nums:
        if x > 0:
            n1 += 1
        else:
          None
    return round(n1/n,2)",,,,,,,
Q597,MBPP-443,mbpp,"Write a Python function for the following problem. Return only code.

Write a python function to find the largest negative number from the given list.","def largest_neg(list1): 
    max = list1[0] 
    for x in list1: 
        if x < max : 
             max = x  
    return max",,,,,,,
Q598,MBPP-444,mbpp,"Write a Python function for the following problem. Return only code.

Write a function to trim each tuple by k in the given tuple list.","def trim_tuple(test_list, K):
  res = []
  for ele in test_list:
    N = len(ele)
    res.append(tuple(list(ele)[K: N - K]))
  return (str(res))",,,,,,,
Q599,MBPP-445,mbpp,"Write a Python function for the following problem. Return only code.

Write a function to perform index wise multiplication of tuple elements in the given two tuples.","def index_multiplication(test_tup1, test_tup2):
  res = tuple(tuple(a * b for a, b in zip(tup1, tup2))
   for tup1, tup2 in zip(test_tup1, test_tup2))
  return (res)",,,,,,,
Q600,MBPP-446,mbpp,"Write a Python function for the following problem. Return only code.

Write a python function to count the occurence of all elements of list in a tuple.","from collections import Counter 
def count_Occurrence(tup, lst): 
    count = 0
    for item in tup: 
        if item in lst: 
            count+= 1 
    return count",,,,,,,
Q601,MBPP-447,mbpp,"Write a Python function for the following problem. Return only code.

Write a function to find cubes of individual elements in a list using lambda function.","def cube_nums(nums):
 cube_nums = list(map(lambda x: x ** 3, nums))
 return cube_nums",,,,,,,
Q602,MBPP-448,mbpp,"Write a Python function for the following problem. Return only code.

Write a function to calculate the sum of perrin numbers.","def cal_sum(n): 
	a = 3
	b = 0
	c = 2
	if (n == 0): 
		return 3
	if (n == 1): 
		return 3
	if (n == 2): 
		return 5
	sum = 5
	while (n > 2): 
		d = a + b 
		sum = sum + d 
		a = b 
		b = c 
		c = d 
		n = n-1
	return sum",,,,,,,
Q603,MBPP-449,mbpp,"Write a Python function for the following problem. Return only code.

Write a python function to check whether the triangle is valid or not if 3 points are given.","def check_Triangle(x1,y1,x2,y2,x3,y3): 
    a = (x1*(y2-y3)+x2*(y3-y1)+x3*(y1-y2))   
    if a == 0: 
        return ('No') 
    else: 
        return ('Yes')",,,,,,,
Q604,MBPP-450,mbpp,"Write a Python function for the following problem. Return only code.

Write a function to extract specified size of strings from a give list of string values.","def extract_string(str, l):
    result = [e for e in str if len(e) == l] 
    return result",,,,,,,
Q605,MBPP-451,mbpp,"Write a Python function for the following problem. Return only code.

Write a function to remove all whitespaces from the given string using regex.","import re
def remove_whitespaces(text1):
  return (re.sub(r'\s+', '',text1))",,,,,,,
Q606,MBPP-452,mbpp,"Write a Python function for the following problem. Return only code.

Write a function that gives loss amount if the given amount has loss else return none.","def loss_amount(actual_cost,sale_amount): 
  if(sale_amount > actual_cost):
    amount = sale_amount - actual_cost
    return amount
  else:
    return None",,,,,,,
Q607,MBPP-453,mbpp,"Write a Python function for the following problem. Return only code.

Write a python function to find the sum of even factors of a number.","import math 
def sumofFactors(n) : 
    if (n % 2 != 0) : 
        return 0
    res = 1
    for i in range(2, (int)(math.sqrt(n)) + 1) :    
        count = 0
        curr_sum = 1
        curr_term = 1
        while (n % i == 0) : 
            count= count + 1
            n = n // i 
            if (i == 2 and count == 1) : 
                curr_sum = 0
            curr_term = curr_term * i 
            curr_sum = curr_sum + curr_term 
        res = res * curr_sum  
    if (n >= 2) : 
        res = res * (1 + n) 
    return res",,,,,,,
Q608,MBPP-454,mbpp,"Write a Python function for the following problem. Return only code.

Write a function that matches a word containing 'z'.","import re
def text_match_wordz(text):
        patterns = '\w*z.\w*'
        if re.search(patterns,  text):
                return 'Found a match!'
        else:
                return('Not matched!')",,,,,,,
Q609,MBPP-455,mbpp,"Write a Python function for the following problem. Return only code.

Write a function to check whether the given month number contains 31 days or not.","def check_monthnumb_number(monthnum2):
  if(monthnum2==1 or monthnum2==3 or monthnum2==5 or monthnum2==7 or monthnum2==8 or monthnum2==10 or monthnum2==12):
    return True
  else:
    return False",,,,,,,
Q610,MBPP-456,mbpp,"Write a Python function for the following problem. Return only code.

Write a function to reverse strings in a given list of string values.","def reverse_string_list(stringlist):
    result = [x[::-1] for x in stringlist]
    return result",,,,,,,
Q611,MBPP-457,mbpp,"Write a Python function for the following problem. Return only code.

Write a python function to find the sublist having minimum length.","def Find_Min(lst): 
    minList = min((x) for x in lst) 
    return minList",,,,,,,
Q612,MBPP-458,mbpp,"Write a Python function for the following problem. Return only code.

Write a function to find the area of a rectangle.","def rectangle_area(l,b):
  area=l*b
  return area",,,,,,,
Q613,MBPP-459,mbpp,"Write a Python function for the following problem. Return only code.

Write a function to remove uppercase substrings from a given string by using regex.","import re
def remove_uppercase(str1):
  remove_upper = lambda text: re.sub('[A-Z]', '', text)
  result =  remove_upper(str1)
  return (result)",,,,,,,
Q614,MBPP-460,mbpp,"Write a Python function for the following problem. Return only code.

Write a python function to get the first element of each sublist.","def Extract(lst): 
    return [item[0] for item in lst]",,,,,,,
Q615,MBPP-461,mbpp,"Write a Python function for the following problem. Return only code.

Write a python function to count the upper case characters in a given string.","def upper_ctr(str):
    upper_ctr = 0
    for i in range(len(str)):
          if str[i] >= 'A' and str[i] <= 'Z': upper_ctr += 1
          return upper_ctr",,,,,,,
Q616,MBPP-462,mbpp,"Write a Python function for the following problem. Return only code.

Write a function to find all possible combinations of the elements of a given list.","def combinations_list(list1):
    if len(list1) == 0:
        return [[]]
    result = []
    for el in combinations_list(list1[1:]):
        result += [el, el+[list1[0]]]
    return result",,,,,,,
Q617,MBPP-463,mbpp,"Write a Python function for the following problem. Return only code.

Write a function to find the maximum product subarray of the given array.","def max_subarray_product(arr):
	n = len(arr)
	max_ending_here = 1
	min_ending_here = 1
	max_so_far = 0
	flag = 0
	for i in range(0, n):
		if arr[i] > 0:
			max_ending_here = max_ending_here * arr[i]
			min_ending_here = min (min_ending_here * arr[i], 1)
			flag = 1
		elif arr[i] == 0:
			max_ending_here = 1
			min_ending_here = 1
		else:
			temp = max_ending_here
			max_ending_here = max (min_ending_here * arr[i], 1)
			min_ending_here = temp * arr[i]
		if (max_so_far < max_ending_here):
			max_so_far = max_ending_here
	if flag == 0 and max_so_far == 0:
		return 0
	return max_so_far",,,,,,,
Q618,MBPP-464,mbpp,"Write a Python function for the following problem. Return only code.

Write a function to check if all values are same in a dictionary.","def check_value(dict, n):
    result = all(x == n for x in dict.values()) 
    return result",,,,,,,
Q619,MBPP-465,mbpp,"Write a Python function for the following problem. Return only code.

Write a function to drop empty items from a given dictionary.","def drop_empty(dict1):
  dict1 = {key:value for (key, value) in dict1.items() if value is not None}
  return dict1",,,,,,,
Q620,MBPP-466,mbpp,"Write a Python function for the following problem. Return only code.

Write a function to find the peak element in the given array.","def find_peak_util(arr, low, high, n): 
	mid = low + (high - low)/2
	mid = int(mid) 
	if ((mid == 0 or arr[mid - 1] <= arr[mid]) and
		(mid == n - 1 or arr[mid + 1] <= arr[mid])): 
		return mid 
	elif (mid > 0 and arr[mid - 1] > arr[mid]): 
		return find_peak_util(arr, low, (mid - 1), n) 
	else: 
		return find_peak_util(arr, (mid + 1), high, n) 
def find_peak(arr, n): 
	return find_peak_util(arr, 0, n - 1, n)",,,,,,,
Q621,MBPP-467,mbpp,"Write a Python function for the following problem. Return only code.

Write a python function to convert decimal number to octal number.","def decimal_to_Octal(deciNum):
    octalNum = 0
    countval = 1;
    dNo = deciNum;
    while (deciNum!= 0):
        remainder= deciNum % 8;
        octalNum+= remainder*countval;
        countval= countval*10;
        deciNum //= 8; 
    return (octalNum)",,,,,,,
Q622,MBPP-468,mbpp,"Write a Python function for the following problem. Return only code.

Write a function to find the maximum product formed by multiplying numbers of an increasing subsequence of that array.","def max_product(arr, n ): 
	mpis =[0] * (n) 
	for i in range(n): 
		mpis[i] = arr[i] 
	for i in range(1, n): 
		for j in range(i): 
			if (arr[i] > arr[j] and
					mpis[i] < (mpis[j] * arr[i])): 
						mpis[i] = mpis[j] * arr[i] 
	return max(mpis)",,,,,,,
Q623,MBPP-469,mbpp,"Write a Python function for the following problem. Return only code.

Write a function to find the maximum profit earned from a maximum of k stock transactions","def max_profit(price, k):
    n = len(price)
    final_profit = [[None for x in range(n)] for y in range(k + 1)]
    for i in range(k + 1):
        for j in range(n):
            if i == 0 or j == 0:
                final_profit[i][j] = 0
            else:
                max_so_far = 0
                for x in range(j):
                    curr_price = price[j] - price[x] + final_profit[i-1][x]
                    if max_so_far < curr_price:
                        max_so_far = curr_price
                final_profit[i][j] = max(final_profit[i][j-1], max_so_far)
    return final_profit[k][n-1]",,,,,,,
Q624,MBPP-470,mbpp,"Write a Python function for the following problem. Return only code.

Write a function to find the pairwise addition of the elements of the given tuples.","def add_pairwise(test_tup):
  res = tuple(i + j for i, j in zip(test_tup, test_tup[1:]))
  return (res)",,,,,,,
Q625,MBPP-471,mbpp,"Write a Python function for the following problem. Return only code.

Write a python function to find remainder of array multiplication divided by n.","def find_remainder(arr, lens, n): 
    mul = 1
    for i in range(lens):  
        mul = (mul * (arr[i] % n)) % n 
    return mul % n",,,,,,,
Q626,MBPP-472,mbpp,"Write a Python function for the following problem. Return only code.

Write a python function to check whether the given list contains consecutive numbers or not.","def check_Consecutive(l): 
    return sorted(l) == list(range(min(l),max(l)+1))",,,,,,,
Q627,MBPP-473,mbpp,"Write a Python function for the following problem. Return only code.

Write a function to find the tuple intersection of elements in the given tuple list irrespective of their order.","def tuple_intersection(test_list1, test_list2):
  res = set([tuple(sorted(ele)) for ele in test_list1]) & set([tuple(sorted(ele)) for ele in test_list2])
  return (res)",,,,,,,
Q628,MBPP-474,mbpp,"Write a Python function for the following problem. Return only code.

Write a function to replace characters in a string.","def replace_char(str1,ch,newch):
 str2 = str1.replace(ch, newch)
 return str2",,,,,,,
Q629,MBPP-475,mbpp,"Write a Python function for the following problem. Return only code.

Write a function to sort counter by value.","from collections import Counter
def sort_counter(dict1):
 x = Counter(dict1)
 sort_counter=x.most_common()
 return sort_counter",,,,,,,
Q630,MBPP-476,mbpp,"Write a Python function for the following problem. Return only code.

Write a python function to find the sum of the largest and smallest value in a given array.","def big_sum(nums):
      sum= max(nums)+min(nums)
      return sum",,,,,,,
Q631,MBPP-477,mbpp,"Write a Python function for the following problem. Return only code.

Write a python function to convert the given string to lower case.","def is_lower(string):
  return (string.lower())",,,,,,,
Q632,MBPP-478,mbpp,"Write a Python function for the following problem. Return only code.

Write a function to remove lowercase substrings from a given string.","import re
def remove_lowercase(str1):
 remove_lower = lambda text: re.sub('[a-z]', '', text)
 result =  remove_lower(str1)
 return result",,,,,,,
Q633,MBPP-479,mbpp,"Write a Python function for the following problem. Return only code.

Write a python function to find the first digit of a given number.","def first_Digit(n) :  
    while n >= 10:  
        n = n / 10; 
    return int(n)",,,,,,,
Q634,MBPP-480,mbpp,"Write a Python function for the following problem. Return only code.

Write a python function to find the maximum occurring character in a given string.","def get_max_occuring_char(str1):
  ASCII_SIZE = 256
  ctr = [0] * ASCII_SIZE
  max = -1
  ch = ''
  for i in str1:
    ctr[ord(i)]+=1;
  for i in str1:
    if max < ctr[ord(i)]:
      max = ctr[ord(i)]
      ch = i
  return ch",,,,,,,
Q635,MBPP-481,mbpp,"Write a Python function for the following problem. Return only code.

Write a function to determine if there is a subset of the given set with sum equal to the given sum.","def is_subset_sum(set, n, sum):
	if (sum == 0):
		return True
	if (n == 0):
		return False
	if (set[n - 1] > sum):
		return is_subset_sum(set, n - 1, sum)
	return is_subset_sum(set, n-1, sum) or is_subset_sum(set, n-1, sum-set[n-1])",,,,,,,
Q636,MBPP-482,mbpp,"Write a Python function for the following problem. Return only code.

Write a function to find sequences of one upper case letter followed by lower case letters in the given string by using regex.","import re 
def match(text): 
		pattern = '[A-Z]+[a-z]+$'
		if re.search(pattern, text): 
				return('Yes') 
		else: 
				return('No')",,,,,,,
Q637,MBPP-483,mbpp,"Write a Python function for the following problem. Return only code.

Write a python function to find the first natural number whose factorial is divisible by x.","def first_Factorial_Divisible_Number(x): 
    i = 1;
    fact = 1; 
    for i in range(1,x): 
        fact = fact * i 
        if (fact % x == 0): 
            break
    return i",,,,,,,
Q638,MBPP-484,mbpp,"Write a Python function for the following problem. Return only code.

Write a function to remove the matching tuples from the given two tuples.","def remove_matching_tuple(test_list1, test_list2):
  res = [sub for sub in test_list1 if sub not in test_list2]
  return (res)",,,,,,,
Q639,MBPP-485,mbpp,"Write a Python function for the following problem. Return only code.

Write a function to find the largest palindromic number in the given array.","def is_palindrome(n) : 
	divisor = 1
	while (n / divisor >= 10) : 
		divisor *= 10
	while (n != 0) : 
		leading = n // divisor 
		trailing = n % 10
		if (leading != trailing) : 
			return False
		n = (n % divisor) // 10
		divisor = divisor // 100
	return True
def largest_palindrome(A, n) : 
	A.sort() 
	for i in range(n - 1, -1, -1) : 
		if (is_palindrome(A[i])) : 
			return A[i] 
	return -1",,,,,,,
Q640,MBPP-486,mbpp,"Write a Python function for the following problem. Return only code.

Write a function to compute binomial probability for the given number.","def nCr(n, r): 
	if (r > n / 2): 
		r = n - r 
	answer = 1 
	for i in range(1, r + 1): 
		answer *= (n - r + i) 
		answer /= i 
	return answer 
def binomial_probability(n, k, p): 
	return (nCr(n, k) * pow(p, k) *	pow(1 - p, n - k))",,,,,,,
Q641,MBPP-487,mbpp,"Write a Python function for the following problem. Return only code.

Write a function to sort a list of tuples in increasing order by the last element in each tuple.","def sort_tuple(tup): 
	lst = len(tup) 
	for i in range(0, lst): 
		for j in range(0, lst-i-1): 
			if (tup[j][-1] > tup[j + 1][-1]): 
				temp = tup[j] 
				tup[j]= tup[j + 1] 
				tup[j + 1]= temp 
	return tup",,,,,,,
Q642,MBPP-488,mbpp,"Write a Python function for the following problem. Return only code.

Write a function to find the area of a pentagon.","import math
def area_pentagon(a):
  area=(math.sqrt(5*(5+2*math.sqrt(5)))*pow(a,2))/4.0
  return area",,,,,,,
Q643,MBPP-489,mbpp,"Write a Python function for the following problem. Return only code.

Write a python function to find the frequency of the largest value in a given array.","def frequency_Of_Largest(n,arr): 
    mn = arr[0] 
    freq = 1
    for i in range(1,n): 
        if (arr[i] >mn): 
            mn = arr[i] 
            freq = 1
        elif (arr[i] == mn): 
            freq += 1
    return freq",,,,,,,
Q644,MBPP-490,mbpp,"Write a Python function for the following problem. Return only code.

Write a function to extract all the pairs which are symmetric in the given tuple list.","def extract_symmetric(test_list):
  temp = set(test_list) & {(b, a) for a, b in test_list}
  res = {(a, b) for a, b in temp if a < b}
  return (res)",,,,,,,
Q645,MBPP-491,mbpp,"Write a Python function for the following problem. Return only code.

Write a function to find the sum of geometric progression series.","import math
def sum_gp(a,n,r):
 total = (a * (1 - math.pow(r, n ))) / (1- r)
 return total",,,,,,,
Q646,MBPP-492,mbpp,"Write a Python function for the following problem. Return only code.

Write a function to search an element in the given array by using binary search.","def binary_search(item_list,item):
	first = 0
	last = len(item_list)-1
	found = False
	while( first<=last and not found):
		mid = (first + last)//2
		if item_list[mid] == item :
			found = True
		else:
			if item < item_list[mid]:
				last = mid - 1
			else:
				first = mid + 1	
	return found",,,,,,,
Q647,MBPP-493,mbpp,"Write a Python function for the following problem. Return only code.

Write a function to calculate a grid of hexagon coordinates where function returns a list of lists containing 6 tuples of x, y point coordinates.","import math
def calculate_polygons(startx, starty, endx, endy, radius):
    sl = (2 * radius) * math.tan(math.pi / 6)
    p = sl * 0.5
    b = sl * math.cos(math.radians(30))
    w = b * 2
    h = 2 * sl   
    startx = startx - w
    starty = starty - h
    endx = endx + w
    endy = endy + h
    origx = startx
    origy = starty
    xoffset = b
    yoffset = 3 * p
    polygons = []
    row = 1
    counter = 0
    while starty < endy:
        if row % 2 == 0:
            startx = origx + xoffset
        else:
            startx = origx
        while startx < endx:
            p1x = startx
            p1y = starty + p
            p2x = startx
            p2y = starty + (3 * p)
            p3x = startx + b
            p3y = starty + h
            p4x = startx + w
            p4y = starty + (3 * p)
            p5x = startx + w
            p5y = starty + p
            p6x = startx + b
            p6y = starty
            poly = [
                (p1x, p1y),
                (p2x, p2y),
                (p3x, p3y),
                (p4x, p4y),
                (p5x, p5y),
                (p6x, p6y),
                (p1x, p1y)]
            polygons.append(poly)
            counter += 1
            startx += w
        starty += yoffset
        row += 1
    return polygons",,,,,,,
Q648,MBPP-494,mbpp,"Write a Python function for the following problem. Return only code.

Write a function to convert the given binary tuple to integer.","def binary_to_integer(test_tup):
  res = int("""".join(str(ele) for ele in test_tup), 2)
  return (str(res))",,,,,,,
Q649,MBPP-495,mbpp,"Write a Python function for the following problem. Return only code.

Write a function to remove lowercase substrings from a given string by using regex.","import re
def remove_lowercase(str1):
  remove_lower = lambda text: re.sub('[a-z]', '', text)
  result =  remove_lower(str1)
  return (result)",,,,,,,
Q650,MBPP-496,mbpp,"Write a Python function for the following problem. Return only code.

Write a function to find the smallest integers from a given list of numbers using heap queue algorithm.","import heapq as hq
def heap_queue_smallest(nums,n):
  smallest_nums = hq.nsmallest(n, nums)
  return smallest_nums",,,,,,,
Q651,MBPP-497,mbpp,"Write a Python function for the following problem. Return only code.

Write a function to find the surface area of a cone.","import math
def surfacearea_cone(r,h):
  l = math.sqrt(r * r + h * h)
  SA = math.pi * r * (r + l)
  return SA",,,,,,,
Q652,MBPP-498,mbpp,"Write a Python function for the following problem. Return only code.

Write a python function to find gcd of two positive integers.","def gcd(x, y):
    gcd = 1
    if x % y == 0:
        return y
    for k in range(int(y / 2), 0, -1):
        if x % k == 0 and y % k == 0:
            gcd = k
            break  
    return gcd",,,,,,,
Q653,MBPP-499,mbpp,"Write a Python function for the following problem. Return only code.

Write a function to find the diameter of a circle.","def diameter_circle(r):
  diameter=2*r
  return diameter",,,,,,,
Q654,MBPP-500,mbpp,"Write a Python function for the following problem. Return only code.

Write a function to concatenate all elements of the given list into a string.","def concatenate_elements(list):
  ans = ' '
  for i in list:
    ans = ans+ ' '+i
  return (ans)",,,,,,,
Q655,MBPP-501,mbpp,"Write a Python function for the following problem. Return only code.

Write a python function to find common divisor between two numbers in a given pair.","def ngcd(x,y):
    i=1
    while(i<=x and i<=y):
        if(x%i==0 and y%i == 0):
            gcd=i;
        i+=1
    return gcd;
def num_comm_div(x,y):
  n = ngcd(x,y)
  result = 0
  z = int(n**0.5)
  i = 1
  while(i <= z):
    if(n % i == 0):
      result += 2 
      if(i == n/i):
        result-=1
    i+=1
  return result",,,,,,,
Q656,MBPP-502,mbpp,"Write a Python function for the following problem. Return only code.

Write a python function to find remainder of two numbers.","def find(n,m):
  r = n%m
  return (r)",,,,,,,
Q657,MBPP-503,mbpp,"Write a Python function for the following problem. Return only code.

Write a function to add consecutive numbers of a given list.","def add_consecutive_nums(nums):
    result = [b+a for a, b in zip(nums[:-1], nums[1:])]
    return result",,,,,,,
Q658,MBPP-504,mbpp,"Write a Python function for the following problem. Return only code.

Write a python function to find the cube sum of first n natural numbers.","def sum_Of_Series(n): 
    sum = 0
    for i in range(1,n + 1): 
        sum += i * i*i       
    return sum",,,,,,,
Q659,MBPP-505,mbpp,"Write a Python function for the following problem. Return only code.

Write a function to move all zeroes to the end of the given array.","def re_order(A):
    k = 0
    for i in A:
        if i:
            A[k] = i
            k = k + 1
    for i in range(k, len(A)):
        A[i] = 0
    return A",,,,,,,
Q660,MBPP-506,mbpp,"Write a Python function for the following problem. Return only code.

Write a function to calculate the permutation coefficient of given p(n, k).","def permutation_coefficient(n, k): 
	P = [[0 for i in range(k + 1)] 
			for j in range(n + 1)] 
	for i in range(n + 1): 
		for j in range(min(i, k) + 1): 
			if (j == 0): 
				P[i][j] = 1
			else: 
				P[i][j] = P[i - 1][j] + ( 
						j * P[i - 1][j - 1]) 
			if (j < k): 
				P[i][j + 1] = 0
	return P[n][k]",,,,,,,
Q661,MBPP-507,mbpp,"Write a Python function for the following problem. Return only code.

Write a function to remove specific words from a given list.","def remove_words(list1, removewords):
    for word in list(list1):
        if word in removewords:
            list1.remove(word)
    return list1",,,,,,,
Q662,MBPP-508,mbpp,"Write a Python function for the following problem. Return only code.

Write a function to check if the common elements between two given lists are in the same order or not.","def same_order(l1, l2):
    common_elements = set(l1) & set(l2)
    l1 = [e for e in l1 if e in common_elements]
    l2 = [e for e in l2 if e in common_elements]
    return l1 == l2",,,,,,,
Q663,MBPP-509,mbpp,"Write a Python function for the following problem. Return only code.

Write a python function to find the average of odd numbers till a given odd number.","def average_Odd(n) : 
    if (n%2==0) : 
        return (""Invalid Input"") 
        return -1 
    sm =0
    count =0
    while (n>=1) : 
        count=count+1
        sm = sm + n 
        n = n-2
    return sm//count",,,,,,,
Q664,MBPP-510,mbpp,"Write a Python function for the following problem. Return only code.

Write a function to find the number of subsequences having product smaller than k for the given non negative array.","def no_of_subsequences(arr, k): 
	n = len(arr) 
	dp = [[0 for i in range(n + 1)] 
			for j in range(k + 1)] 
	for i in range(1, k + 1): 
		for j in range(1, n + 1): 
			dp[i][j] = dp[i][j - 1] 
			if arr[j - 1] <= i and arr[j - 1] > 0: 
				dp[i][j] += dp[i // arr[j - 1]][j - 1] + 1
	return dp[k][n]",,,,,,,
