label,method,mean_composite_score,usable_answer_rate,tokens_per_query,quality_per_1k_tokens,mean_query_latency_seconds,p95_query_latency_seconds,meets_latency_slo,meets_quality_bar,index_seconds
Semantic (vector),semantic_rag,0.06991400308249238,0.2857142857142857,7969.0,0.008773246716337354,5.68717088086331,7.3403239537088645,False,False,0.8745371669938322
Vector + rerank,rerank_semantic,0.023504273504273504,0.0,4517.714285714285,0.005202691453640101,5.05369126786744,7.645524012413806,False,False,0.02228974999161437
Hybrid (vec+graph local),hybrid_rag,0.1377788594577219,0.42857142857142855,5048.857142857143,0.027289118222060246,20.14513703556648,29.290656979309272,False,False,950.6634237499966
FrontierRAG (adaptive+CRAG),frontier_rag,0.060511978402513225,0.0,6939.714285714285,0.008719664226966788,13.013628279565767,27.694081549998362,False,False,0.07695633298135363
