method,mean_composite_score,mean_llm_judge,mean_token_f1,exact_match_rate,contains_answer_rate,total_tokens,prompt_tokens,completion_tokens,estimated_cost_usd,index_seconds,mean_query_latency_seconds,p95_query_latency_seconds,total_elapsed_seconds,tokens_per_query
semantic_rag,0.14637774767123693,0.2942857142857143,0.1483681335420907,0.0,0.14285714285714285,30588,29931,657,0.0,0.12484916602261364,5.594879898845518,6.684122828682302,48.53865429200232,4369.714285714285
rerank_semantic,0.11922017891405645,0.19999999999999998,0.134023572799083,0.0,0.14285714285714285,31717,30932,785,0.0,0.028284291009185836,5.185406958281029,6.7835019831924,44.12221379199764,4531.0
hybrid_rag,0.08839065254426233,0.24285714285714285,0.1107054673199064,0.0,0.0,35512,32788,2724,0.0,0.02856545799295418,16.465870244141634,23.066771437405258,124.72700762501336,5073.142857142857
frontier_rag,0.1518819615758391,0.31428571428571433,0.15038498916049936,0.0,0.14285714285714285,48312,46785,1527,0.0,0.07062895799754187,8.470632148856696,20.04781650440417,68.68861983399256,6901.714285714285
