method,mean_composite_score,mean_llm_judge,mean_token_f1,exact_match_rate,contains_answer_rate,total_tokens,prompt_tokens,completion_tokens,estimated_cost_usd,index_seconds,mean_query_latency_seconds,p95_query_latency_seconds,total_elapsed_seconds,tokens_per_query
semantic_rag,0.06991400308249238,0.24714285714285714,0.03251315518711233,0.0,0.0,55783,54998,785,0.0,0.8745371669938322,5.68717088086331,7.3403239537088645,49.11595854201005,7969.0
rerank_semantic,0.023504273504273504,0.05714285714285715,0.03687423687423687,0.0,0.0,31624,30929,695,0.0,0.02228974999161437,5.05369126786744,7.645524012413806,43.013801249995595,4517.714285714285
hybrid_rag,0.1377788594577219,0.30428571428571427,0.10397258068803035,0.0,0.14285714285714285,35342,32543,2799,0.0,950.6634237499966,20.14513703556648,29.290656979309272,1101.2673127909948,5048.857142857143
frontier_rag,0.060511978402513225,0.13285714285714284,0.10919077075291003,0.0,0.0,48578,46695,1883,0.0,0.07695633298135363,13.013628279565767,27.694081549998362,101.30167974997312,6939.714285714285
