label,method,mean_composite_score,usable_answer_rate,tokens_per_query,quality_per_1k_tokens,mean_query_latency_seconds,p95_query_latency_seconds,meets_latency_slo,meets_quality_bar,index_seconds
Semantic (vector),semantic_rag,0.2471315721315721,0.7777777777777778,5316.555555555556,0.04648339880006163,12.263596356555354,16.777052091411313,False,False,0.1475972080079373
Vector + rerank,rerank_semantic,0.2519157088122605,0.8888888888888888,5310.0,0.0474417530719888,11.160911171331666,13.10175759178237,False,False,0.0460670409956947
Hybrid (vec+graph local),hybrid_rag,0.270499213836478,0.8888888888888888,5893.0,0.045901784122938744,21.512940254890257,25.23529122500913,False,False,0.0471086670004297
FrontierRAG (adaptive+CRAG),frontier_rag,0.2241379310344827,0.7777777777777778,7675.111111111111,0.029203216447251493,16.00593099522262,26.4591444504098,False,False,0.1242908330168575
