method,question_id,query_type,llm_judge_score,token_f1,exact_match,contains_answer,composite_score,generative_score,extractive_score
graph_rag,5a8c7595554299585d9e36b6,hybrid,0.0,0.0,False,False,0.0,,
graph_rag,5a85ea095542994775f606a8,hybrid,0.0,0.0,False,False,0.0,,
graph_rag,5a8e3ea95542995a26add48d,hybrid,0.0,0.0,False,False,0.0,,
graph_rag,5abd94525542992ac4f382d2,hybrid,0.0,0.0,False,False,0.0,,
graph_rag,5a85b2d95542997b5ce40028,hybrid,0.0,0.0,False,False,0.0,,
graph_rag,5a87ab905542996e4f3088c1,hybrid,0.0,0.0,False,False,0.0,,
graph_rag,5a8b57f25542995d1e6f1371,local,0.8,0.0,False,False,0.2,,
graph_rag,5adbf0a255429947ff17385a,local,0.0,0.0,False,True,0.25,,
graph_rag,5a8db19d5542994ba4e3dd00,local,0.2,0.0,False,False,0.05,,
graph_rag,5ab56e32554299637185c594,local,0.8,0.0,False,True,0.45,,
graph_rag,5ab29c24554299449642c932,local,0.2,0.0,False,False,0.05,,
graph_rag,5a8133725542995ce29dcbdb,local,0.2,0.1153846153846153,False,True,0.3288461538461538,,
graph_local_rag,5a8c7595554299585d9e36b6,hybrid,0.0,0.0,False,False,0.0,,
graph_local_rag,5a85ea095542994775f606a8,hybrid,0.0,0.0,False,False,0.0,,
graph_local_rag,5a8e3ea95542995a26add48d,hybrid,0.0,0.075,False,False,0.01875,,
graph_local_rag,5abd94525542992ac4f382d2,hybrid,0.33,0.0,False,False,0.0825,,
graph_local_rag,5a85b2d95542997b5ce40028,hybrid,0.2,0.0,False,False,0.05,,
graph_local_rag,5a87ab905542996e4f3088c1,hybrid,0.0,0.0,False,False,0.0,,
graph_local_rag,5a8b57f25542995d1e6f1371,local,0.5,0.0,False,False,0.125,,
graph_local_rag,5adbf0a255429947ff17385a,local,0.5,0.0,False,True,0.375,,
graph_local_rag,5a8db19d5542994ba4e3dd00,local,0.8,0.0,False,False,0.2,,
graph_local_rag,5ab56e32554299637185c594,local,0.8,0.0,False,True,0.45,,
graph_local_rag,5ab29c24554299449642c932,local,0.8,0.0,False,False,0.2,,
graph_local_rag,5a8133725542995ce29dcbdb,local,0.0,0.0689655172413793,False,True,0.2672413793103448,,
hybrid_rag,5a8c7595554299585d9e36b6,hybrid,0.5,0.0,False,False,0.125,,
hybrid_rag,5a85ea095542994775f606a8,hybrid,0.8,0.0606060606060606,False,True,0.4651515151515151,,
hybrid_rag,5a8e3ea95542995a26add48d,hybrid,0.2,0.12,False,False,0.08,,
hybrid_rag,5abd94525542992ac4f382d2,hybrid,0.5,0.0,False,False,0.125,,
hybrid_rag,5a85b2d95542997b5ce40028,hybrid,1.0,1.0,True,True,1.0,,
hybrid_rag,5a87ab905542996e4f3088c1,hybrid,1.0,0.2,False,False,0.3,,
hybrid_rag,5a8b57f25542995d1e6f1371,local,0.0,0.0,False,False,0.0,,
hybrid_rag,5adbf0a255429947ff17385a,local,0.8,0.0,False,True,0.45,,
hybrid_rag,5a8db19d5542994ba4e3dd00,local,1.0,0.0,False,False,0.25,,
hybrid_rag,5ab56e32554299637185c594,local,0.0,0.0,False,False,0.0,,
hybrid_rag,5ab29c24554299449642c932,local,0.5,1.0,True,True,0.875,,
hybrid_rag,5a8133725542995ce29dcbdb,local,0.5,0.6,False,True,0.525,,
lazygraph_rag,5a8c7595554299585d9e36b6,hybrid,0.4,0.0,False,False,0.1,,
lazygraph_rag,5a85ea095542994775f606a8,hybrid,0.8,0.032258064516129,False,True,0.4580645161290322,,
lazygraph_rag,5a8e3ea95542995a26add48d,hybrid,0.5,0.3448275862068966,False,True,0.4612068965517241,,
lazygraph_rag,5abd94525542992ac4f382d2,hybrid,0.8,0.054054054054054,False,True,0.4635135135135135,,
lazygraph_rag,5a85b2d95542997b5ce40028,hybrid,0.5,0.1025641025641025,False,True,0.4006410256410256,,
lazygraph_rag,5a87ab905542996e4f3088c1,hybrid,1.0,0.0454545454545454,False,False,0.2613636363636363,,
lazygraph_rag,5a8b57f25542995d1e6f1371,local,0.5,0.1111111111111111,False,True,0.4027777777777778,,
lazygraph_rag,5adbf0a255429947ff17385a,local,0.0,0.0,False,False,0.0,,
lazygraph_rag,5a8db19d5542994ba4e3dd00,local,0.5,0.0392156862745098,False,True,0.3848039215686274,,
lazygraph_rag,5ab56e32554299637185c594,local,0.8,0.0,False,False,0.2,,
lazygraph_rag,5ab29c24554299449642c932,local,0.8,0.0333333333333333,False,True,0.4583333333333333,,
lazygraph_rag,5a8133725542995ce29dcbdb,local,0.2,0.1621621621621621,False,True,0.3405405405405405,,
adaptive_rag,5a8c7595554299585d9e36b6,hybrid,0.0,0.0,False,False,0.0,,
adaptive_rag,5a85ea095542994775f606a8,hybrid,0.5,1.0,True,True,0.875,,
adaptive_rag,5a8e3ea95542995a26add48d,hybrid,0.0,0.0,False,False,0.0,,
adaptive_rag,5abd94525542992ac4f382d2,hybrid,0.0,0.0,False,False,0.0,,
adaptive_rag,5a85b2d95542997b5ce40028,hybrid,1.0,1.0,True,True,1.0,,
adaptive_rag,5a87ab905542996e4f3088c1,hybrid,0.0,0.0,False,False,0.0,,
adaptive_rag,5a8b57f25542995d1e6f1371,local,0.0,0.0,False,False,0.0,,
adaptive_rag,5adbf0a255429947ff17385a,local,1.0,0.0,True,True,0.75,,
adaptive_rag,5a8db19d5542994ba4e3dd00,local,0.5,1.0,True,True,0.875,,
adaptive_rag,5ab56e32554299637185c594,local,0.0,0.0,False,False,0.0,,
adaptive_rag,5ab29c24554299449642c932,local,0.5,1.0,True,True,0.875,,
adaptive_rag,5a8133725542995ce29dcbdb,local,1.0,0.8571428571428571,False,True,0.7142857142857143,,
hybrid_dense_sparse,5a8c7595554299585d9e36b6,hybrid,0.5,0.0,False,False,0.125,,
hybrid_dense_sparse,5a85ea095542994775f606a8,hybrid,0.0,0.0,False,False,0.0,,
hybrid_dense_sparse,5a8e3ea95542995a26add48d,hybrid,0.5,0.7499999999999999,False,True,0.5625,,
hybrid_dense_sparse,5abd94525542992ac4f382d2,hybrid,0.0,0.0,False,False,0.0,,
hybrid_dense_sparse,5a85b2d95542997b5ce40028,hybrid,0.5,0.0,False,False,0.125,,
hybrid_dense_sparse,5a87ab905542996e4f3088c1,hybrid,0.0,0.0,False,False,0.0,,
hybrid_dense_sparse,5a8b57f25542995d1e6f1371,local,0.0,0.0,False,False,0.0,,
hybrid_dense_sparse,5adbf0a255429947ff17385a,local,1.0,0.0,True,True,0.75,,
hybrid_dense_sparse,5a8db19d5542994ba4e3dd00,local,0.5,0.0,False,True,0.375,,
hybrid_dense_sparse,5ab56e32554299637185c594,local,0.0,0.0,False,False,0.0,,
hybrid_dense_sparse,5ab29c24554299449642c932,local,0.5,1.0,True,True,0.875,,
hybrid_dense_sparse,5a8133725542995ce29dcbdb,local,1.0,0.8571428571428571,False,True,0.7142857142857143,,
rerank_semantic,5a8c7595554299585d9e36b6,hybrid,0.5,0.0,False,False,0.125,,
rerank_semantic,5a85ea095542994775f606a8,hybrid,0.0,0.0,False,False,0.0,,
rerank_semantic,5a8e3ea95542995a26add48d,hybrid,0.5,0.5714285714285715,False,True,0.5178571428571429,,
rerank_semantic,5abd94525542992ac4f382d2,hybrid,1.0,1.0,True,True,1.0,,
rerank_semantic,5a85b2d95542997b5ce40028,hybrid,0.5,0.0,False,False,0.125,,
rerank_semantic,5a87ab905542996e4f3088c1,hybrid,0.0,0.0,False,False,0.0,,
rerank_semantic,5a8b57f25542995d1e6f1371,local,0.5,1.0,True,True,0.875,,
rerank_semantic,5adbf0a255429947ff17385a,local,1.0,0.0,True,True,0.75,,
rerank_semantic,5a8db19d5542994ba4e3dd00,local,0.5,0.0,False,False,0.125,,
rerank_semantic,5ab56e32554299637185c594,local,0.0,0.0,False,False,0.0,,
rerank_semantic,5ab29c24554299449642c932,local,0.5,1.0,True,True,0.875,,
rerank_semantic,5a8133725542995ce29dcbdb,local,1.0,0.8571428571428571,False,True,0.7142857142857143,,
frontier_rag,5a8c7595554299585d9e36b6,hybrid,0.5,0.0,False,False,0.125,,
frontier_rag,5a85ea095542994775f606a8,hybrid,0.5,1.0,True,True,0.875,,
frontier_rag,5a8e3ea95542995a26add48d,hybrid,0.5,0.7499999999999999,False,True,0.5625,,
frontier_rag,5abd94525542992ac4f382d2,hybrid,0.0,0.0,False,False,0.0,,
frontier_rag,5a85b2d95542997b5ce40028,hybrid,0.5,1.0,True,True,0.875,,
frontier_rag,5a87ab905542996e4f3088c1,hybrid,0.0,0.0,False,False,0.0,,
frontier_rag,5a8b57f25542995d1e6f1371,local,0.5,1.0,True,True,0.875,,
frontier_rag,5adbf0a255429947ff17385a,local,0.0,0.0,False,False,0.0,,
frontier_rag,5a8db19d5542994ba4e3dd00,local,0.5,0.0,False,False,0.125,,
frontier_rag,5ab56e32554299637185c594,local,0.0,0.0,False,False,0.0,,
frontier_rag,5ab29c24554299449642c932,local,0.5,1.0,True,True,0.875,,
frontier_rag,5a8133725542995ce29dcbdb,local,1.0,0.8571428571428571,False,True,0.7142857142857143,,
semantic_rag,5a8b57f25542995d1e6f1371,local,0.0,0.0,False,False,0.0,0.0,0.0
semantic_rag,5a8c7595554299585d9e36b6,hybrid,0.5,0.0,False,False,0.125,0.25,0.0
semantic_rag,5a85ea095542994775f606a8,hybrid,0.0,0.0,False,False,0.0,0.0,0.0
semantic_rag,5adbf0a255429947ff17385a,local,1.0,0.0,True,True,0.75,1.0,0.5
semantic_rag,5a8e3ea95542995a26add48d,hybrid,0.5,0.5714285714285715,False,True,0.5178571428571429,0.75,0.2857142857142857
semantic_rag,5abd94525542992ac4f382d2,hybrid,1.0,1.0,True,True,1.0,1.0,1.0
semantic_rag,5a85b2d95542997b5ce40028,hybrid,0.5,0.0,False,False,0.125,0.25,0.0
semantic_rag,5a87ab905542996e4f3088c1,hybrid,0.0,0.0,False,False,0.0,0.0,0.0
semantic_rag,5a7bbb64554299042af8f7cc,hybrid,0.5,1.0,True,True,0.875,0.75,1.0
semantic_rag,5a8db19d5542994ba4e3dd00,local,0.0,0.0,False,False,0.0,0.0,0.0
semantic_rag,5a7166395542994082a3e814,hybrid,1.0,1.0,True,True,1.0,1.0,1.0
semantic_rag,5a877e5d5542993e715abf7d,hybrid,1.0,1.0,True,True,1.0,1.0,1.0
semantic_rag,5ab3b0bf5542992ade7c6e39,hybrid,0.0,0.0,False,False,0.0,0.0,0.0
semantic_rag,5ab56e32554299637185c594,local,0.0,0.0,False,False,0.0,0.0,0.0
semantic_rag,5ab6d09255429954757d337d,hybrid,0.0,0.0,False,False,0.0,0.0,0.0
semantic_rag,5a75e05c55429976ec32bc5f,hybrid,0.0,0.0,False,False,0.0,0.0,0.0
semantic_rag,5ab3e45655429976abd1bcd4,hybrid,0.0,0.0,False,False,0.0,0.0,0.0
semantic_rag,5ab29c24554299449642c932,local,0.5,1.0,True,True,0.875,0.75,1.0
semantic_rag,5ae0d4c9554299603e418468,hybrid,0.5,0.0,False,False,0.125,0.25,0.0
semantic_rag,5a8133725542995ce29dcbdb,local,1.0,0.8571428571428571,False,True,0.7142857142857143,1.0,0.4285714285714285
semantic_rag,5ae7a8175542993210983ed8,hybrid,0.5,0.0,False,False,0.125,0.25,0.0
semantic_rag,5ae6050f55429929b0807a5e,hybrid,0.0,0.0,False,False,0.0,0.0,0.0
semantic_rag,5adddccd5542997dc7907069,hybrid,0.5,0.0,False,False,0.125,0.25,0.0
semantic_rag,5ae2070a5542994d89d5b313,local,0.0,0.0,False,False,0.0,0.0,0.0
semantic_rag,5ae22b8d554299234fd0440f,hybrid,0.0,0.0,False,False,0.0,0.0,0.0
semantic_rag,5a722b8655429971e9dc9329,hybrid,0.5,0.0,False,False,0.125,0.25,0.0
semantic_rag,5adf37a95542995ec70e8f97,hybrid,0.0,0.0,False,False,0.0,0.0,0.0
semantic_rag,5abd259d55429924427fcf1a,local,1.0,1.0,True,True,1.0,1.0,1.0
semantic_rag,5a828c8355429966c78a6a50,hybrid,1.0,1.0,True,True,1.0,1.0,1.0
semantic_rag,5a8a3e745542996c9b8d5e70,hybrid,1.0,1.0,True,True,1.0,1.0,1.0
semantic_rag,5ac23ff0554299636651994d,hybrid,1.0,1.0,True,True,1.0,1.0,1.0
semantic_rag,5ae4a3265542995ad6573de5,local,0.0,0.0,False,False,0.0,0.0,0.0
semantic_rag,5ae0361155429925eb1afc2c,hybrid,0.5,0.5,False,True,0.5,0.75,0.25
semantic_rag,5abc0a5d5542993f40c73c64,local,0.0,0.0,False,False,0.0,0.0,0.0
semantic_rag,5a7cc50e554299452d57ba3e,local,1.0,1.0,True,True,1.0,1.0,1.0
semantic_rag,5abf63f15542997ec76fd3ea,hybrid,0.5,0.6666666666666666,False,True,0.5416666666666666,0.75,0.3333333333333333
semantic_rag,5a8ef2a75542995a26add583,hybrid,0.0,1.0,True,True,0.75,0.5,1.0
semantic_rag,5a80721b554299485f5985ef,hybrid,0.0,1.0,False,True,0.5,0.5,0.5
semantic_rag,5ab51dae5542991779162d82,local,0.5,0.0,True,True,0.625,0.75,0.5
semantic_rag,5a7571135542992d0ec05f98,hybrid,0.5,0.0,False,False,0.125,0.25,0.0
semantic_rag,5a7a0e1e5542990783324e1a,local,0.5,0.0,False,False,0.125,0.25,0.0
semantic_rag,5a74106b55429979e288289e,hybrid,0.5,0.0,False,False,0.125,0.25,0.0
semantic_rag,5a79311755429970f5fffe67,hybrid,0.0,0.0,False,False,0.0,0.0,0.0
semantic_rag,5ab2d3df554299194fa9352c,hybrid,0.8,0.0,False,False,0.2,0.4,0.0
semantic_rag,5a760ab65542994ccc918697,hybrid,0.0,0.0,False,False,0.0,0.0,0.0
semantic_rag,5a7d54165542995f4f402256,hybrid,0.5,0.0,False,False,0.125,0.25,0.0
semantic_rag,5ab859a955429934fafe6d7b,hybrid,0.0,0.0,False,False,0.0,0.0,0.0
semantic_rag,5add61d65542995b365fab21,hybrid,0.0,0.0,False,False,0.0,0.0,0.0
semantic_rag,5a8e068b5542995085b37384,local,1.0,1.0,True,True,1.0,1.0,1.0
semantic_rag,5abbf698554299114383a0b5,hybrid,1.0,1.0,True,True,1.0,1.0,1.0
semantic_rag,5a8e1027554299653c1aa15f,hybrid,0.0,0.0,False,False,0.0,0.0,0.0
semantic_rag,5ab84bf555429916710eb01f,hybrid,0.5,0.0,False,False,0.125,0.25,0.0
semantic_rag,5a77724455429972597f153e,hybrid,1.0,1.0,True,True,1.0,1.0,1.0
semantic_rag,5a87c13f5542996e4f30890c,hybrid,0.5,0.0,False,False,0.125,0.25,0.0
semantic_rag,5ab96ab755429970cfb8eacd,hybrid,0.0,0.0,False,False,0.0,0.0,0.0
semantic_rag,5a8a43eb5542996c9b8d5e82,hybrid,0.0,0.0,False,False,0.0,0.0,0.0
semantic_rag,5ae73acb5542991e8301cc07,hybrid,0.5,0.0,False,False,0.125,0.25,0.0
semantic_rag,5a7320565542991f9a20c61d,hybrid,0.5,0.0,False,False,0.125,0.25,0.0
semantic_rag,5ae32e125542991a06ce9946,hybrid,0.5,0.0,False,False,0.125,0.25,0.0
semantic_rag,5adc53f75542996e6852530a,local,0.5,0.0,True,True,0.625,0.75,0.5
semantic_rag,5a8b20335542996c9b8d5fb3,hybrid,1.0,0.0,False,False,0.25,0.5,0.0
semantic_rag,5a85fb085542994775f606de,hybrid,0.0,0.0,False,False,0.0,0.0,0.0
semantic_rag,5a7be2595542997c3ec972ac,local,0.0,0.0,False,False,0.0,0.0,0.0
semantic_rag,5a77152355429966f1a36c2e,hybrid,0.0,0.0,False,False,0.0,0.0,0.0
semantic_rag,5a8f4c8d554299458435d5a3,hybrid,0.0,0.0,False,False,0.0,0.0,0.0
semantic_rag,5a80840f554299485f59863b,hybrid,1.0,1.0,True,True,1.0,1.0,1.0
semantic_rag,5a8361b65542992ef85e22a0,hybrid,0.0,0.5714285714285715,False,True,0.3928571428571429,0.5,0.2857142857142857
semantic_rag,5ae7ba7a5542993210983f12,hybrid,0.0,0.0,False,False,0.0,0.0,0.0
semantic_rag,5ac2acff55429921a00ab02b,hybrid,0.0,0.0,False,False,0.0,0.0,0.0
semantic_rag,5aba7cfe554299232ef4a2fd,hybrid,0.0,0.0,False,False,0.0,0.0,0.0
semantic_rag,5ae5aba0554299546bf82f17,hybrid,0.0,0.0,False,False,0.0,0.0,0.0
semantic_rag,5ae1f4cb554299234fd0436d,hybrid,0.0,0.0,False,False,0.0,0.0,0.0
semantic_rag,5ae7e1fc55429952e35ea9cc,hybrid,0.0,0.0,False,False,0.0,0.0,0.0
semantic_rag,5ae37c765542992f92d822d4,hybrid,0.0,0.0,False,False,0.0,0.0,0.0
semantic_rag,5ae33c4d5542992f92d82262,hybrid,0.0,0.0,False,False,0.0,0.0,0.0
semantic_rag,5a77cb335542997042120b3a,hybrid,0.0,0.0,False,False,0.0,0.0,0.0
semantic_rag,5a8979f4554299669944a52e,hybrid,0.0,0.0,False,False,0.0,0.0,0.0
semantic_rag,5a713ea95542994082a3e6e4,hybrid,0.0,0.0,False,False,0.0,0.0,0.0
semantic_rag,5a78bd9b554299078472774a,hybrid,0.0,0.0,False,False,0.0,0.0,0.0
semantic_rag,5a7625e8554299109176e66a,hybrid,0.0,0.0,False,False,0.0,0.0,0.0
semantic_rag,5ae2dd2055429928c423950d,hybrid,0.0,0.0,False,False,0.0,0.0,0.0
semantic_rag,5abdf12255429976d4830a2f,hybrid,0.0,0.0,False,False,0.0,0.0,0.0
semantic_rag,5a88658955429938390d3f47,hybrid,0.0,0.0,False,False,0.0,0.0,0.0
semantic_rag,5a86ebac55429960ec39b6d6,hybrid,0.0,0.0,False,False,0.0,0.0,0.0
semantic_rag,5aba5d2e55429901930fa799,hybrid,0.0,0.0,False,False,0.0,0.0,0.0
semantic_rag,5ae5736e5542990ba0bbb2b3,hybrid,0.0,0.0,False,False,0.0,0.0,0.0
semantic_rag,5ae005b555429942ec259bec,hybrid,0.0,0.0,False,False,0.0,0.0,0.0
semantic_rag,5a7759fc5542993569682d60,local,0.0,0.0,False,False,0.0,0.0,0.0
semantic_rag,5a835478554299123d8c20ed,hybrid,0.0,0.0,False,False,0.0,0.0,0.0
semantic_rag,5aba749055429901930fa7d8,local,0.0,0.0,False,False,0.0,0.0,0.0
semantic_rag,5abfb3425542990832d3a1c0,hybrid,0.0,0.0,False,False,0.0,0.0,0.0
semantic_rag,5ac3165c5542995ef918c10a,hybrid,0.0,0.0,False,False,0.0,0.0,0.0
semantic_rag,5ae53b545542990ba0bbb23c,hybrid,0.5,0.0,False,False,0.125,0.25,0.0
semantic_rag,5ae224da554299234fd043ee,local,0.0,0.0,False,False,0.0,0.0,0.0
semantic_rag,5ae2b770554299495565db0f,hybrid,0.5,0.0,False,False,0.125,0.25,0.0
semantic_rag,5a80b3a9554299485f5986cc,hybrid,1.0,1.0,True,True,1.0,1.0,1.0
semantic_rag,5a8e0a005542995085b373a1,hybrid,0.0,0.0,False,False,0.0,0.0,0.0
semantic_rag,5ac1b8ee5542994d76dccedc,local,0.5,1.0,True,True,0.875,0.75,1.0
semantic_rag,5adccd795542990d50227d2c,hybrid,1.0,1.0,True,True,1.0,1.0,1.0
semantic_rag,5a84c4135542994c784dda31,local,0.5,0.0,True,True,0.625,0.75,0.5
semantic_rag,5a85eed75542996432c5713b,hybrid,0.0,0.0,False,False,0.0,0.0,0.0
semantic_rag,5a774e9c55429972597f14f3,hybrid,0.0,0.0,False,False,0.0,0.0,0.0
semantic_rag,5ae738f75542991bbc9761c4,hybrid,0.0,0.0,False,False,0.0,0.0,0.0
semantic_rag,5ac32b565542995ef918c154,hybrid,0.5,0.0,False,False,0.125,0.25,0.0
semantic_rag,5abc8d75554299700f9d7900,hybrid,1.0,1.0,True,True,1.0,1.0,1.0
semantic_rag,5a8bb29b554299240d9c2089,hybrid,0.0,0.0,False,False,0.0,0.0,0.0
semantic_rag,5ab659e355429954757d324e,hybrid,0.0,0.0,False,False,0.0,0.0,0.0
semantic_rag,5a8b8b3155429949d91db5d7,hybrid,0.5,0.0,False,False,0.125,0.25,0.0
semantic_rag,5ae7eaf65542994a481bbe1d,hybrid,0.0,0.0,False,False,0.0,0.0,0.0
semantic_rag,5a8c4c625542995e66a475a1,hybrid,0.5,0.0,False,False,0.125,0.25,0.0
semantic_rag,5a818387554299260e20a291,hybrid,1.0,1.0,True,True,1.0,1.0,1.0
semantic_rag,5ab978855542996be2020512,hybrid,0.0,0.0,False,False,0.0,0.0,0.0
semantic_rag,5ae63dad55429929b0807afe,hybrid,0.5,0.0,False,True,0.375,0.75,0.0
semantic_rag,5a7a455c5542994f819ef1a7,local,1.0,1.0,True,True,1.0,1.0,1.0
semantic_rag,5a7dcc775542990b8f503ab5,hybrid,0.0,0.0,False,False,0.0,0.0,0.0
semantic_rag,5a887bc0554299206df2b2b6,hybrid,0.0,0.0,False,False,0.0,0.0,0.0
semantic_rag,5a83880e554299123d8c214e,hybrid,1.0,1.0,True,True,1.0,1.0,1.0
semantic_rag,5a879adb5542996e4f30887f,hybrid,0.5,0.0,False,False,0.125,0.25,0.0
semantic_rag,5add11935542994734353827,local,0.0,0.0,False,False,0.0,0.0,0.0
semantic_rag,5a8c5569554299240d9c2126,local,0.5,1.0,True,True,0.875,0.75,1.0
semantic_rag,5a75f0ea5542994ccc91866c,hybrid,1.0,0.6666666666666666,True,True,0.9166666666666666,1.0,0.8333333333333333
semantic_rag,5a89f5815542993b751ca9c5,hybrid,0.5,0.0,False,False,0.125,0.25,0.0
semantic_rag,5a8d5fc6554299585d9e37c6,hybrid,0.0,0.0,False,False,0.0,0.0,0.0
semantic_rag,5ac120c55542992a796dedfc,hybrid,0.5,0.0,False,False,0.125,0.25,0.0
semantic_rag,5ab7c1a955429928e1fe38c8,hybrid,0.0,0.0,False,False,0.0,0.0,0.0
semantic_rag,5abd01205542992ac4f3819b,hybrid,0.5,0.0,False,False,0.125,0.25,0.0
semantic_rag,5ab69c25554299110f219a39,hybrid,1.0,1.0,True,True,1.0,1.0,1.0
semantic_rag,5a7b12a355429927d897bf2a,hybrid,0.5,0.0,False,False,0.125,0.25,0.0
semantic_rag,5ae0006755429925eb1afbd3,hybrid,1.0,0.8571428571428571,False,True,0.7142857142857143,1.0,0.4285714285714285
semantic_rag,5ae305df5542992decbdcdc3,hybrid,0.0,0.0,False,False,0.0,0.0,0.0
semantic_rag,5a8574945542997b5ce3fffb,local,1.0,1.0,True,True,1.0,1.0,1.0
semantic_rag,5a7332935542991f9a20c67d,local,0.5,0.0,False,False,0.125,0.25,0.0
semantic_rag,5a80071f5542992bc0c4a684,hybrid,0.0,0.0,False,False,0.0,0.0,0.0
semantic_rag,5ae73c065542991e8301cc18,hybrid,0.0,0.0,False,False,0.0,0.0,0.0
semantic_rag,5a87d8215542994775f60800,hybrid,0.5,0.0,False,False,0.125,0.25,0.0
semantic_rag,5ac2ffbd554299677310267b,hybrid,0.0,0.0,False,False,0.0,0.0,0.0
semantic_rag,5a7c960655429935c91b5244,hybrid,1.0,1.0,True,True,1.0,1.0,1.0
semantic_rag,5a7d61775542991319bc93b9,hybrid,0.0,0.0,False,False,0.0,0.0,0.0
semantic_rag,5ac1c6805542994ab5c67e11,hybrid,0.5,0.0,False,False,0.125,0.25,0.0
semantic_rag,5a7a230e5542996a35c170ee,hybrid,0.0,0.0,False,False,0.0,0.0,0.0
semantic_rag,5ae4627d5542991a06ce9a4d,hybrid,1.0,1.0,True,True,1.0,1.0,1.0
semantic_rag,5ac2d1d755429921a00ab053,local,0.5,0.0,False,False,0.125,0.25,0.0
semantic_rag,5ab4e3065542990594ba9cb4,hybrid,1.0,0.8571428571428571,False,True,0.7142857142857143,1.0,0.4285714285714285
semantic_rag,5ac298f9554299657fa28fc9,local,0.8,0.1428571428571428,False,False,0.2357142857142857,0.4,0.0714285714285714
semantic_rag,5ab6a2be554299710c8d1f08,hybrid,1.0,1.0,True,True,1.0,1.0,1.0
semantic_rag,5a738d27554299623ed4abf3,hybrid,0.5,1.0,True,True,0.875,0.75,1.0
semantic_rag,5ab2a186554299295394677b,hybrid,0.0,0.0,False,False,0.0,0.0,0.0
semantic_rag,5a8704f8554299211dda2ba4,hybrid,0.5,0.0,False,False,0.125,0.25,0.0
semantic_rag,5ab5ed505542997d4ad1f255,hybrid,0.0,0.0,False,True,0.25,0.5,0.0
semantic_rag,5a77c1505542997042120b1b,hybrid,0.0,0.0,False,False,0.0,0.0,0.0
semantic_rag,5a88d745554299206df2b378,local,0.0,0.0,False,False,0.0,0.0,0.0
semantic_rag,5ae748d1554299572ea547b0,hybrid,0.5,1.0,True,True,0.875,0.75,1.0
semantic_rag,5a7a8a9c554299042af8f666,hybrid,0.5,0.0,False,False,0.125,0.25,0.0
semantic_rag,5adffe7155429906c02daa9e,hybrid,0.0,0.0,False,False,0.0,0.0,0.0
semantic_rag,5ab642845542995eadeeff8e,local,1.0,1.0,True,True,1.0,1.0,1.0
semantic_rag,5a906a685542990a9849362e,hybrid,0.0,0.0,False,False,0.0,0.0,0.0
semantic_rag,5a7633ad5542992db9473741,local,1.0,0.8571428571428571,True,True,0.9642857142857144,1.0,0.9285714285714286
semantic_rag,5a74ce9655429974ef308c6c,hybrid,0.0,0.0,False,False,0.0,0.0,0.0
semantic_rag,5a713a5a5542994082a3e6a9,hybrid,0.5,0.0,False,False,0.125,0.25,0.0
semantic_rag,5ab341f755429969a97a8114,hybrid,0.0,0.0,False,True,0.25,0.5,0.0
semantic_rag,5a8325b35542990548d0b18f,hybrid,0.0,0.0,False,False,0.0,0.0,0.0
semantic_rag,5ab9374b554299131ca422c6,hybrid,0.0,0.0,False,False,0.0,0.0,0.0
semantic_rag,5ae52c0f5542992663a4f12e,hybrid,1.0,1.0,True,True,1.0,1.0,1.0
semantic_rag,5adbfbd555429947ff173893,hybrid,0.5,0.8,False,True,0.575,0.75,0.4
semantic_rag,5ab7f0015542992aa3b8c88b,hybrid,0.5,0.0,False,False,0.125,0.25,0.0
semantic_rag,5ac547525542993e66e822a3,hybrid,0.5,0.0,False,False,0.125,0.25,0.0
semantic_rag,5a7cbf8c554299452d57b9f4,local,0.5,0.0,False,True,0.375,0.75,0.0
semantic_rag,5a7ddc5a5542995f4f4022da,hybrid,1.0,1.0,True,True,1.0,1.0,1.0
semantic_rag,5a7a1cd85542990783324e65,hybrid,0.5,0.3333333333333333,False,True,0.4583333333333333,0.75,0.1666666666666666
semantic_rag,5ae0a59a55429945ae9593e2,hybrid,0.5,0.0,False,False,0.125,0.25,0.0
semantic_rag,5a8b987f5542997f31a41d7a,hybrid,1.0,1.0,True,True,1.0,1.0,1.0
semantic_rag,5a8739a05542994775f607ab,hybrid,0.0,0.0,False,False,0.0,0.0,0.0
semantic_rag,5ae67dba55429908198fa5f0,hybrid,0.5,0.0,False,False,0.125,0.25,0.0
semantic_rag,5a7b3f4d5542992d025e67bb,hybrid,1.0,1.0,True,True,1.0,1.0,1.0
semantic_rag,5ae2dfd155429928c423951b,hybrid,0.0,1.0,True,True,0.75,0.5,1.0
semantic_rag,5ab6ba245542995eadef007f,local,0.5,1.0,True,True,0.875,0.75,1.0
semantic_rag,5ab8854555429934fafe6e0c,hybrid,0.5,0.0,False,False,0.125,0.25,0.0
semantic_rag,5a8eea4a5542990e94052bb7,hybrid,0.5,0.0,False,False,0.125,0.25,0.0
semantic_rag,5a74c85055429916b0164218,hybrid,0.0,0.0,False,False,0.0,0.0,0.0
semantic_rag,5a88dcf9554299206df2b383,hybrid,0.5,0.1428571428571428,False,True,0.4107142857142857,0.75,0.0714285714285714
semantic_rag,5a7625c7554299109176e668,hybrid,0.5,0.0,False,False,0.125,0.25,0.0
semantic_rag,5ac0d83a554299294b219038,hybrid,0.5,0.0,False,False,0.125,0.25,0.0
semantic_rag,5a790d8f554299029c4b5eec,hybrid,1.0,1.0,True,True,1.0,1.0,1.0
semantic_rag,5ab2c5e255429916697740ba,hybrid,0.0,0.0,False,False,0.0,0.0,0.0
semantic_rag,5abcfc365542993a06baf9d6,hybrid,1.0,1.0,True,True,1.0,1.0,1.0
semantic_rag,5a8ee6915542990e94052bad,hybrid,0.5,0.0,False,False,0.125,0.25,0.0
semantic_rag,5abba4855542993f40c73b68,hybrid,0.0,0.0,False,False,0.0,0.0,0.0
semantic_rag,5ae0bae555429906c02dab08,hybrid,0.5,0.0,False,False,0.125,0.25,0.0
semantic_rag,5ab271fe554299449642c8a6,local,0.8,0.0,False,False,0.2,0.4,0.0
semantic_rag,5a7997a2554299029c4b5f59,hybrid,0.5,0.0,False,True,0.375,0.75,0.0
semantic_rag,5add673e5542992ae4cec54d,hybrid,0.0,0.0,False,False,0.0,0.0,0.0
semantic_rag,5ae819ac55429952e35eaa16,hybrid,1.0,0.0,False,False,0.25,0.5,0.0
semantic_rag,5aba65a055429939ce03dcd2,hybrid,0.5,0.0,False,False,0.125,0.25,0.0
semantic_rag,5a87bada5542994846c1cddc,hybrid,0.5,0.0,False,False,0.125,0.25,0.0
semantic_rag,5ae74fc45542997b22f6a6b4,hybrid,0.5,0.0,False,False,0.125,0.25,0.0
semantic_rag,5adf65555542992d7e9f9334,hybrid,1.0,1.0,True,True,1.0,1.0,1.0
semantic_rag,5ade69e455429975fa854ec5,hybrid,0.5,0.0,False,False,0.125,0.25,0.0
semantic_rag,5ae057fd55429945ae959328,hybrid,0.0,0.0,False,False,0.0,0.0,0.0
semantic_rag,5ab28019554299722f9b4d51,hybrid,0.0,0.0,False,False,0.0,0.0,0.0
semantic_rag,5a75f79555429976ec32bcca,hybrid,0.0,0.0,False,False,0.0,0.0,0.0
semantic_rag,5adef80b5542993a75d263c4,hybrid,1.0,1.0,True,True,1.0,1.0,1.0
semantic_rag,5ae0aaf455429945ae959401,hybrid,0.5,0.6666666666666666,False,True,0.5416666666666666,0.75,0.3333333333333333
semantic_rag,5ab47d765542991751b4d78f,hybrid,0.0,0.0,False,False,0.0,0.0,0.0
semantic_rag,5a7ed2c655429930675135e5,hybrid,0.0,0.0833333333333333,False,False,0.0208333333333333,0.0,0.0416666666666666
semantic_rag,5ac3e0f7554299194317388b,hybrid,1.0,1.0,True,True,1.0,1.0,1.0
semantic_rag,5a7bae20554299294a54aa96,hybrid,0.0,0.0,False,False,0.0,0.0,0.0
semantic_rag,5ab8ee035542991b5579f04b,local,0.0,0.0,False,False,0.0,0.0,0.0
semantic_rag,5a7a276d5542996c55b2dd27,hybrid,1.0,0.8571428571428571,False,True,0.7142857142857143,1.0,0.4285714285714285
semantic_rag,5a717d4c5542994082a3e854,local,0.5,0.0,False,False,0.125,0.25,0.0
semantic_rag,5ac02e31554299294b218f3f,hybrid,0.0,0.0,False,False,0.0,0.0,0.0
semantic_rag,5a79ea435542996c55b2dc9e,hybrid,0.5,0.0,False,False,0.125,0.25,0.0
semantic_rag,5ab7e4dc5542995dae37e9df,hybrid,0.5,0.0,False,False,0.125,0.25,0.0
semantic_rag,5a834ed95542990548d0b1ca,local,0.0,0.0,False,False,0.0,0.0,0.0
semantic_rag,5ab41d855542996a3a969f4b,hybrid,0.2,0.0,False,False,0.05,0.1,0.0
semantic_rag,5a7b7ff75542995eb53be93d,local,0.0,0.0,False,False,0.0,0.0,0.0
semantic_rag,5a7d19d85542995ed0d165e8,hybrid,0.5,0.0,False,False,0.125,0.25,0.0
semantic_rag,5ae7ed17554299540e5a56a3,hybrid,0.0,0.0,False,False,0.0,0.0,0.0
semantic_rag,5ab2659e554299340b5254b2,hybrid,0.0,0.0,False,False,0.0,0.0,0.0
semantic_rag,5abd2eab5542992ac4f38210,hybrid,1.0,0.0,False,False,0.25,0.5,0.0
semantic_rag,5abaf3195542996cc5e49f2c,hybrid,0.0,0.0,False,False,0.0,0.0,0.0
semantic_rag,5a791a97554299148911f9f2,hybrid,0.5,0.6666666666666666,False,True,0.5416666666666666,0.75,0.3333333333333333
semantic_rag,5adf58f15542993a75d264d2,hybrid,0.5,0.0,False,False,0.125,0.25,0.0
semantic_rag,5adc65e85542996e68525350,local,0.0,0.0,False,False,0.0,0.0,0.0
semantic_rag,5a87ab9b5542996e4f3088c2,hybrid,0.5,0.0,False,False,0.125,0.25,0.0
semantic_rag,5a738fe855429908901be2fb,hybrid,0.0,0.0,False,False,0.0,0.0,0.0
semantic_rag,5a8c65a1554299585d9e3680,hybrid,1.0,1.0,True,True,1.0,1.0,1.0
semantic_rag,5ac2bbd0554299218029db09,hybrid,0.5,0.0,False,False,0.125,0.25,0.0
semantic_rag,5adf3e355542993a75d26440,hybrid,1.0,0.0,True,True,0.75,1.0,0.5
semantic_rag,5ae82ae555429952e35eaa71,hybrid,0.0,0.0,False,False,0.0,0.0,0.0
semantic_rag,5ac289ff5542996366519a02,local,1.0,1.0,True,True,1.0,1.0,1.0
semantic_rag,5a7a5b3a5542996c55b2dd71,hybrid,0.5,0.8571428571428571,False,True,0.5892857142857143,0.75,0.4285714285714285
semantic_rag,5ab8688b55429934fafe6daa,hybrid,1.0,0.0,False,False,0.25,0.5,0.0
semantic_rag,5a7a3a945542996a35c17147,hybrid,0.0,0.0,False,False,0.0,0.0,0.0
semantic_rag,5ab9b29c554299743d22ebae,local,0.5,0.0,False,False,0.125,0.25,0.0
semantic_rag,5a8b63fa55429950cd6afcd7,hybrid,0.0,0.0,False,False,0.0,0.0,0.0
semantic_rag,5ade51b45542997c77adedf4,hybrid,0.0,0.0,False,False,0.0,0.0,0.0
semantic_rag,5ae4c49a5542995dadf24400,hybrid,0.5,0.0,False,False,0.125,0.25,0.0
semantic_rag,5a7d3470554299452d57bb56,hybrid,1.0,1.0,True,True,1.0,1.0,1.0
semantic_rag,5ae4f2c75542993aec5ec0fb,hybrid,1.0,1.0,True,True,1.0,1.0,1.0
semantic_rag,5ab1d7ac554299449642c7e6,local,0.5,0.0,False,False,0.125,0.25,0.0
semantic_rag,5a85cead5542991dd0999ea9,hybrid,0.0,0.0,False,False,0.0,0.0,0.0
semantic_rag,5a73a7c755429978a71e9068,hybrid,0.5,0.4,False,False,0.225,0.25,0.2
semantic_rag,5a7f113d55429934daa2fcbe,hybrid,0.0,0.0,False,False,0.0,0.0,0.0
semantic_rag,5ae6828f5542996d980e7bb9,hybrid,0.0,0.0,False,False,0.0,0.0,0.0
semantic_rag,5ab31864554299233954ff06,hybrid,0.0,0.0,False,False,0.0,0.0,0.0
semantic_rag,5abe239355429976d4830a7d,hybrid,0.0,0.0,False,False,0.0,0.0,0.0
semantic_rag,5ac2659b55429963665199a1,hybrid,0.0,0.0,False,False,0.0,0.0,0.0
semantic_rag,5ae058e855429945ae959331,local,0.5,0.0,False,True,0.375,0.75,0.0
semantic_rag,5a7b8749554299294a54a9db,local,0.5,0.8,False,False,0.325,0.25,0.4
semantic_rag,5a864ff7554299211dda2af2,hybrid,0.0,0.0,False,False,0.0,0.0,0.0
semantic_rag,5ae4d3c95542990ba0bbb165,local,1.0,0.6666666666666666,False,True,0.6666666666666666,1.0,0.3333333333333333
semantic_rag,5ab7f97a5542991d322237ef,hybrid,0.5,0.0,False,False,0.125,0.25,0.0
semantic_rag,5a7b46e55542995eb53be8e5,hybrid,0.5,0.0,False,False,0.125,0.25,0.0
semantic_rag,5a879ba55542993e715abfc3,local,0.0,0.0,False,False,0.0,0.0,0.0
semantic_rag,5ae4563e5542996836b02c7f,hybrid,0.0,0.0,False,False,0.0,0.0,0.0
semantic_rag,5ab6ff3a5542991d3222372a,hybrid,1.0,1.0,True,True,1.0,1.0,1.0
semantic_rag,5a7a46605542994f819ef1ad,hybrid,0.0,0.0,False,True,0.25,0.5,0.0
semantic_rag,5ade7a435542997c77adee3a,hybrid,0.5,0.5,False,False,0.25,0.25,0.25
semantic_rag,5ac1795f5542994ab5c67d5f,hybrid,0.5,1.0,True,True,0.875,0.75,1.0
semantic_rag,5ab1e984554299340b525428,local,0.5,1.0,True,True,0.875,0.75,1.0
semantic_rag,5a86769c5542994775f60776,hybrid,0.0,0.0,False,False,0.0,0.0,0.0
semantic_rag,5ab7da6f55429928e1fe3928,hybrid,0.5,0.0,False,False,0.125,0.25,0.0
semantic_rag,5ae497f15542995ad6573db8,hybrid,0.0,0.0,False,False,0.0,0.0,0.0
semantic_rag,5ae6f2a7554299572ea5464a,hybrid,0.5,0.0,False,False,0.125,0.25,0.0
semantic_rag,5adea9ea55429939a52fe934,hybrid,1.0,1.0,True,True,1.0,1.0,1.0
semantic_rag,5a7caae75542996dd594b971,hybrid,0.5,0.0,False,False,0.125,0.25,0.0
semantic_rag,5ac01bb8554299012d1db5a6,hybrid,1.0,1.0,True,True,1.0,1.0,1.0
semantic_rag,5abc3a65554299700f9d782d,hybrid,0.0,0.0,False,False,0.0,0.0,0.0
semantic_rag,5ae3ff575542995dadf242aa,hybrid,1.0,1.0,True,True,1.0,1.0,1.0
semantic_rag,5a89fb525542993b751ca9d6,hybrid,1.0,1.0,True,True,1.0,1.0,1.0
semantic_rag,5ab3d69255429969a97a81c9,hybrid,0.5,1.0,False,True,0.625,0.75,0.5
semantic_rag,5ac5199a5542994611c8b38a,local,1.0,1.0,True,True,1.0,1.0,1.0
semantic_rag,5ae048a255429924de1b708e,hybrid,0.0,0.0,False,False,0.0,0.0,0.0
semantic_rag,5a9068a95542990a98493621,hybrid,0.0,0.0,False,False,0.0,0.0,0.0
semantic_rag,5adf9dc3554299025d62a2e6,hybrid,1.0,0.8,False,False,0.45,0.5,0.4
semantic_rag,5ae406245542995dadf242e2,hybrid,0.0,0.0,False,False,0.0,0.0,0.0
semantic_rag,5ab6369655429953192ad2a1,local,1.0,1.0,True,True,1.0,1.0,1.0
semantic_rag,5ae628f55542995703ce8b32,hybrid,1.0,1.0,True,True,1.0,1.0,1.0
semantic_rag,5adccdd55542992c1e3a2408,hybrid,1.0,1.0,True,True,1.0,1.0,1.0
semantic_rag,5abd1529554299114383a1e3,hybrid,0.5,0.0,False,False,0.125,0.25,0.0
semantic_rag,5a78db8055429970f5fffdb2,hybrid,0.5,0.0,False,False,0.125,0.25,0.0
semantic_rag,5ab9debb55429955dce3ed97,hybrid,0.5,0.0,False,False,0.125,0.25,0.0
semantic_rag,5ae791ef55429952e35ea979,hybrid,0.0,0.0,False,False,0.0,0.0,0.0
semantic_rag,5ab8f7535542991b5579f0a7,local,0.5,0.0,False,False,0.125,0.25,0.0
semantic_rag,5ac119335542992a796dede4,hybrid,0.0,0.0,False,False,0.0,0.0,0.0
semantic_rag,5a7d2afd5542995f4f402221,local,0.5,0.0,False,False,0.125,0.25,0.0
semantic_rag,5a8dd5f955429917b4a5bcc7,hybrid,0.0,0.0,False,False,0.0,0.0,0.0
semantic_rag,5a83a532554299334474606f,hybrid,0.5,0.0,False,False,0.125,0.25,0.0
semantic_rag,5a90692f5542990a98493625,hybrid,0.5,0.0,False,False,0.125,0.25,0.0
semantic_rag,5a7555215542996c70cfaee1,local,0.5,0.0,False,False,0.125,0.25,0.0
semantic_rag,5a90580655429933b8a204ef,hybrid,0.0,0.0,False,False,0.0,0.0,0.0
semantic_rag,5a88e605554299206df2b39c,hybrid,0.5,0.0,False,False,0.125,0.25,0.0
semantic_rag,5add67915542992200553af8,hybrid,0.0,0.25,False,False,0.0625,0.0,0.125
semantic_rag,5a8463545542990548d0b2a3,hybrid,0.0,0.0,False,False,0.0,0.0,0.0
semantic_rag,5a74684655429929fddd8410,hybrid,0.5,0.8,False,False,0.325,0.25,0.4
semantic_rag,5a835c9f5542992ef85e228a,hybrid,0.0,0.0,False,False,0.0,0.0,0.0
semantic_rag,5ae7edee554299540e5a56ad,hybrid,0.5,0.0,False,False,0.125,0.25,0.0
semantic_rag,5a8ee4315542990e94052ba7,hybrid,1.0,1.0,True,True,1.0,1.0,1.0
semantic_rag,5a8cb288554299585d9e3726,hybrid,0.0,0.0,False,False,0.0,0.0,0.0
semantic_rag,5adfbca255429942ec259b2c,hybrid,0.0,0.0,False,False,0.0,0.0,0.0
semantic_rag,5ae24abc5542994d89d5b3c3,hybrid,0.5,0.0,False,False,0.125,0.25,0.0
semantic_rag,5ab802085542990e739ec7ca,hybrid,0.5,0.0,False,False,0.125,0.25,0.0
semantic_rag,5adfa3da554299025d62a317,hybrid,0.5,0.0,False,False,0.125,0.25,0.0
semantic_rag,5a76e88555429972597f13f4,hybrid,0.0,0.0,False,False,0.0,0.0,0.0
semantic_rag,5ac3ae475542995ef918c1e5,local,0.0,0.0,False,False,0.0,0.0,0.0
semantic_rag,5abffc41554299012d1db551,hybrid,0.0,1.0,True,True,0.75,0.5,1.0
semantic_rag,5ae4c39f5542995dadf243fb,hybrid,0.0,0.0,False,False,0.0,0.0,0.0
semantic_rag,5a79c6a55542994bb9457091,hybrid,0.0,0.0,False,False,0.0,0.0,0.0
semantic_rag,5a7be5bd5542997c3ec972ba,local,0.5,0.3333333333333333,False,True,0.4583333333333333,0.75,0.1666666666666666
semantic_rag,5a7ec61a55429934daa2fc5f,local,0.5,0.0,False,False,0.125,0.25,0.0
semantic_rag,5a7cb9b95542990527d55515,hybrid,0.0,0.0,False,True,0.25,0.5,0.0
semantic_rag,5a867089554299211dda2b30,local,0.0,0.0,False,False,0.0,0.0,0.0
semantic_rag,5ae1801955429901ffe4aec4,hybrid,0.5,0.0,False,False,0.125,0.25,0.0
semantic_rag,5a76387d554299109176e6ba,local,0.0,0.0,False,False,0.0,0.0,0.0
semantic_rag,5abd0d635542992ac4f381b8,hybrid,0.5,0.0,False,False,0.125,0.25,0.0
semantic_rag,5ae68fcb5542992ae0d1635b,hybrid,0.5,0.0,False,False,0.125,0.25,0.0
semantic_rag,5ab28b12554299449642c8ee,hybrid,1.0,1.0,True,True,1.0,1.0,1.0
semantic_rag,5a7133565542994082a3e65c,hybrid,0.0,0.0,False,False,0.0,0.0,0.0
semantic_rag,5abbd3ac55429931dba1458b,local,0.0,0.0,True,True,0.5,0.5,0.5
semantic_rag,5a85ab905542994c784ddb35,hybrid,0.5,0.0,False,False,0.125,0.25,0.0
semantic_rag,5a8d93ad554299653c1aa13d,local,0.5,1.0,True,True,0.875,0.75,1.0
semantic_rag,5a886886554299206df2b258,hybrid,0.5,0.0,False,False,0.125,0.25,0.0
semantic_rag,5a7c6bcc55429935c91b519c,hybrid,0.5,0.0,False,False,0.125,0.25,0.0
semantic_rag,5a825bb455429940e5e1a874,hybrid,0.0,0.0,False,False,0.0,0.0,0.0
semantic_rag,5a72a0be5542992359bc3143,hybrid,0.5,0.5,False,True,0.5,0.75,0.25
semantic_rag,5ade15f35542997545bbbe47,hybrid,0.0,0.0,False,False,0.0,0.0,0.0
semantic_rag,5a77cb5e55429967ab1052a7,hybrid,0.0,0.0,False,False,0.0,0.0,0.0
semantic_rag,5a83aaeb5542996488c2e483,hybrid,0.5,0.0,False,False,0.125,0.25,0.0
semantic_rag,5ac4392e5542997ea680ca32,local,0.5,1.0,True,True,0.875,0.75,1.0
semantic_rag,5a7f5c9f55429969796c1a0f,hybrid,0.5,0.0,False,False,0.125,0.25,0.0
semantic_rag,5a8b770f5542995d1e6f13a7,hybrid,0.0,0.0,False,False,0.0,0.0,0.0
semantic_rag,5ae3dc205542992f92d823a1,hybrid,0.5,0.0,False,False,0.125,0.25,0.0
semantic_rag,5a7cf29255429909bec768b8,hybrid,1.0,0.8,False,True,0.7,1.0,0.4
semantic_rag,5a79f6ca554299029c4b5f90,hybrid,1.0,1.0,True,True,1.0,1.0,1.0
semantic_rag,5a8e3dc05542995085b37401,local,1.0,1.0,True,True,1.0,1.0,1.0
semantic_rag,5ade24e35542992fa25da6e6,hybrid,0.0,0.0,False,False,0.0,0.0,0.0
semantic_rag,5ab5f854554299637185c64e,hybrid,1.0,0.0,False,True,0.5,1.0,0.0
semantic_rag,5ab5b6c1554299637185c5e5,local,0.5,0.0,False,False,0.125,0.25,0.0
semantic_rag,5ae25ed15542992decbdccd2,local,0.0,0.0,False,False,0.0,0.0,0.0
semantic_rag,5ab808ea5542991d3222380e,hybrid,0.0,0.0,False,False,0.0,0.0,0.0
semantic_rag,5ae5072e55429960a22e0246,hybrid,0.0,0.0,False,False,0.0,0.0,0.0
semantic_rag,5ac01bca5542992a796dec8d,hybrid,0.0,0.0,False,False,0.0,0.0,0.0
semantic_rag,5adf34d35542993a75d26425,hybrid,1.0,0.8,False,True,0.7,1.0,0.4
semantic_rag,5add67555542992ae4cec54e,local,0.0,0.0,False,False,0.0,0.0,0.0
semantic_rag,5a8085705542992bc0c4a74b,hybrid,0.5,0.3333333333333333,False,False,0.2083333333333333,0.25,0.1666666666666666
semantic_rag,5a756fa15542996c70cfaefb,hybrid,0.0,0.4,False,False,0.1,0.0,0.2
semantic_rag,5a7f6eab5542992097ad2f66,hybrid,0.5,0.0,False,False,0.125,0.25,0.0
semantic_rag,5ae5e1345542996de7b71a50,hybrid,1.0,1.0,True,True,1.0,1.0,1.0
semantic_rag,5a72c6f65542994cef4bc402,hybrid,0.0,1.0,True,True,0.75,0.5,1.0
semantic_rag,5a80ad7c5542992097ad3018,hybrid,0.0,0.0,False,False,0.0,0.0,0.0
semantic_rag,5a77a65b5542992a6e59df57,hybrid,0.0,0.5,False,False,0.125,0.0,0.25
semantic_rag,5a78b209554299148911f93e,local,0.0,0.0,False,False,0.0,0.0,0.0
semantic_rag,5ab85a1155429934fafe6d7c,local,0.5,1.0,True,True,0.875,0.75,1.0
semantic_rag,5a8da81e554299068b959d7e,hybrid,0.0,0.0,False,False,0.0,0.0,0.0
semantic_rag,5ab8f57b5542991b5579f097,local,0.5,0.0,True,True,0.625,0.75,0.5
semantic_rag,5ab6bf6d55429953192ad372,local,0.5,0.0,True,True,0.625,0.75,0.5
semantic_rag,5ae7385d5542992ae0d163da,hybrid,0.5,0.6666666666666666,False,True,0.5416666666666666,0.75,0.3333333333333333
semantic_rag,5a7dd9445542997cc2c474ac,local,1.0,1.0,False,True,0.75,1.0,0.5
semantic_rag,5ab446d455429942dd415f07,hybrid,0.5,0.7499999999999999,False,True,0.5625,0.75,0.3749999999999999
semantic_rag,5ac497025542997ea680ca8d,hybrid,0.0,0.0,False,False,0.0,0.0,0.0
semantic_rag,5a7b7bed5542997c3ec971bc,hybrid,0.5,0.0,False,False,0.125,0.25,0.0
semantic_rag,5a89706055429951533612f9,hybrid,0.0,0.4,False,True,0.35,0.5,0.2
semantic_rag,5ac02edb554299294b218f41,hybrid,1.0,1.0,True,True,1.0,1.0,1.0
semantic_rag,5ab67772554299110f219a12,hybrid,0.0,0.0,False,False,0.0,0.0,0.0
semantic_rag,5a7b65ab5542997c3ec97144,hybrid,0.0,0.0,False,False,0.0,0.0,0.0
semantic_rag,5a760faa5542994ccc9186a8,hybrid,1.0,1.0,True,True,1.0,1.0,1.0
semantic_rag,5adbe1a7554299438c868cc3,hybrid,1.0,1.0,True,True,1.0,1.0,1.0
semantic_rag,5a80aeff5542996402f6a5eb,hybrid,0.5,0.0,False,False,0.125,0.25,0.0
semantic_rag,5ae74890554299572ea547af,hybrid,0.0,0.0,False,True,0.25,0.5,0.0
semantic_rag,5ac3d9c9554299204fd21ea3,hybrid,1.0,1.0,True,True,1.0,1.0,1.0
semantic_rag,5abc8620554299700f9d78e2,local,0.5,0.0,False,False,0.125,0.25,0.0
semantic_rag,5a7b4bc35542992d025e67e0,hybrid,0.5,0.0,False,False,0.125,0.25,0.0
semantic_rag,5a85dfcc5542994775f60673,hybrid,0.5,0.0,False,True,0.375,0.75,0.0
semantic_rag,5a7b76735542997c3ec9719f,local,0.0,0.0,False,False,0.0,0.0,0.0
semantic_rag,5a8c66db554299585d9e3683,hybrid,1.0,1.0,True,True,1.0,1.0,1.0
semantic_rag,5a7e05ba5542995f4f402392,hybrid,0.5,0.0,False,False,0.125,0.25,0.0
semantic_rag,5a88a4245542997e5c09a668,hybrid,0.0,0.0,False,False,0.0,0.0,0.0
semantic_rag,5a8799c55542996e4f308877,hybrid,0.5,0.0,False,False,0.125,0.25,0.0
semantic_rag,5ac038db554299294b218f57,hybrid,0.0,0.0,False,False,0.0,0.0,0.0
semantic_rag,5a764c0b55429976ec32bd89,hybrid,0.0,0.4444444444444445,False,True,0.3611111111111111,0.5,0.2222222222222222
semantic_rag,5a77309d55429972597f1487,local,1.0,1.0,True,True,1.0,1.0,1.0
semantic_rag,5ab7bae95542993667793ff4,hybrid,0.0,0.0,False,False,0.0,0.0,0.0
semantic_rag,5a7c9f325542990527d554e6,hybrid,0.5,0.0,False,False,0.125,0.25,0.0
semantic_rag,5a8f69b55542997ba9cb324f,hybrid,0.0,0.5,False,True,0.375,0.5,0.25
semantic_rag,5adbda2755429944faac2385,hybrid,1.0,1.0,True,True,1.0,1.0,1.0
semantic_rag,5ab67bd355429954757d32f2,hybrid,0.5,0.0,False,False,0.125,0.25,0.0
semantic_rag,5a90843c5542995651fb517e,hybrid,0.5,0.0,False,True,0.375,0.75,0.0
semantic_rag,5a8324815542990548d0b184,hybrid,0.0,0.0,False,False,0.0,0.0,0.0
semantic_rag,5adf4a275542993a75d26498,hybrid,0.5,0.0,False,False,0.125,0.25,0.0
semantic_rag,5ae4c5595542990ba0bbb123,hybrid,0.0,0.0,False,False,0.0,0.0,0.0
semantic_rag,5ab5057b5542991779162d56,hybrid,0.33,0.0,False,False,0.0825,0.165,0.0
semantic_rag,5a837d9a554299123d8c213e,hybrid,0.0,0.0,False,False,0.0,0.0,0.0
semantic_rag,5a81ebee554299676cceb16d,hybrid,0.33,0.0,False,False,0.0825,0.165,0.0
semantic_rag,5ab48c325542996a3a969f93,hybrid,0.5,0.0,False,False,0.125,0.25,0.0
semantic_rag,5a8488f45542992a431d1a47,hybrid,0.0,0.0,False,False,0.0,0.0,0.0
semantic_rag,5abe689a55429976d4830b16,local,0.0,0.0,False,False,0.0,0.0,0.0
semantic_rag,5a7a014a5542996c55b2dccf,hybrid,1.0,1.0,True,True,1.0,1.0,1.0
semantic_rag,5a895d305542993b751ca931,hybrid,0.5,0.0,False,False,0.125,0.25,0.0
semantic_rag,5a85c3a15542992a431d1b97,hybrid,0.0,0.0,False,False,0.0,0.0,0.0
semantic_rag,5ae32b6755429928c4239644,hybrid,0.0,0.0,False,False,0.0,0.0,0.0
semantic_rag,5a8d02cc554299441c6b9fb6,hybrid,0.5,0.0,False,False,0.125,0.25,0.0
semantic_rag,5a78daf855429970f5fffdae,local,1.0,1.0,True,True,1.0,1.0,1.0
semantic_rag,5adc094a55429947ff1738c0,hybrid,0.0,0.0,False,False,0.0,0.0,0.0
semantic_rag,5ae77c245542997b22f6a795,hybrid,0.0,0.0,False,False,0.0,0.0,0.0
semantic_rag,5a88f9555542995153361214,hybrid,0.5,0.0,False,False,0.125,0.25,0.0
semantic_rag,5a874ce15542996432c57256,hybrid,0.0,0.0,False,False,0.0,0.0,0.0
semantic_rag,5a7e7ed05542991319bc94c2,local,0.0,0.0,False,False,0.0,0.0,0.0
semantic_rag,5abf44025542993fe9a41def,local,0.0,0.0,False,False,0.0,0.0,0.0
semantic_rag,5ab531cc5542990594ba9d23,hybrid,0.5,0.0,False,False,0.125,0.25,0.0
semantic_rag,5a90605d5542995651fb514d,hybrid,0.0,0.0,False,False,0.0,0.0,0.0
semantic_rag,5ac45b58554299076e296dad,local,1.0,1.0,True,True,1.0,1.0,1.0
semantic_rag,5a8eb4d65542990e94052b82,hybrid,1.0,1.0,True,True,1.0,1.0,1.0
semantic_rag,5a8038b55542996402f6a485,hybrid,0.5,0.5,False,True,0.5,0.75,0.25
semantic_rag,5ab83d595542990e739ec886,hybrid,0.0,0.0,False,False,0.0,0.0,0.0
semantic_rag,5ae0d52e554299603e418469,hybrid,0.0,0.0,False,False,0.0,0.0,0.0
semantic_rag,5a8f9b8c5542997ba9cb32e6,local,1.0,1.0,True,True,1.0,1.0,1.0
semantic_rag,5ae75a4c5542997b22f6a6f1,hybrid,0.5,0.2857142857142857,False,False,0.1964285714285714,0.25,0.1428571428571428
semantic_rag,5ab45a0b5542991779162c7e,hybrid,0.0,0.0,False,False,0.0,0.0,0.0
semantic_rag,5a8b452655429971feec468e,hybrid,0.5,0.5714285714285715,False,True,0.5178571428571429,0.75,0.2857142857142857
semantic_rag,5a8d7b1755429941ae14dfc6,hybrid,0.5,0.0,False,False,0.125,0.25,0.0
semantic_rag,5ab6f0c25542995eadef00ea,local,0.0,0.0,False,False,0.0,0.0,0.0
semantic_rag,5ab72a025542992aa3b8c7b8,local,1.0,1.0,True,True,1.0,1.0,1.0
semantic_rag,5ade42b55542992fa25da717,hybrid,0.0,0.0,False,False,0.0,0.0,0.0
semantic_rag,5ae4c2b95542995dadf243ef,hybrid,0.5,0.0,False,False,0.125,0.25,0.0
semantic_rag,5abf10b75542997719eab659,hybrid,0.5,0.0,False,True,0.375,0.75,0.0
semantic_rag,5add564a5542990dbb2f7e38,hybrid,0.5,0.5,False,True,0.5,0.75,0.25
semantic_rag,5a738225554299623ed4abc3,local,0.0,0.0,False,False,0.0,0.0,0.0
semantic_rag,5a729e7b5542992359bc313d,hybrid,0.5,0.8,False,True,0.575,0.75,0.4
semantic_rag,5a811152554299260e20a22e,hybrid,0.5,0.5,False,True,0.5,0.75,0.25
semantic_rag,5adddd075542992200553b71,hybrid,1.0,1.0,True,True,1.0,1.0,1.0
semantic_rag,5ade9545554299728e26c740,hybrid,1.0,1.0,True,True,1.0,1.0,1.0
semantic_rag,5ab25004554299722f9b4cd7,local,0.0,0.0,False,False,0.0,0.0,0.0
semantic_rag,5ac1f4495542991316484bd2,local,0.5,0.0,False,False,0.125,0.25,0.0
semantic_rag,5ac0cf0f554299294b219018,local,0.0,0.0,False,False,0.0,0.0,0.0
semantic_rag,5ab3306a55429969a97a80fd,local,1.0,1.0,True,True,1.0,1.0,1.0
semantic_rag,5ade0fb95542997545bbbe39,hybrid,0.0,0.0,False,False,0.0,0.0,0.0
semantic_rag,5ab78edc5542995dae37e95c,hybrid,0.5,0.2857142857142857,False,False,0.1964285714285714,0.25,0.1428571428571428
semantic_rag,5ac056385542997d64295a08,hybrid,1.0,0.8,False,True,0.7,1.0,0.4
semantic_rag,5aba9e2455429939ce03dd3a,hybrid,0.5,0.0,False,False,0.125,0.25,0.0
semantic_rag,5a90b43455429916514e7523,hybrid,0.5,0.0,False,False,0.125,0.25,0.0
semantic_rag,5abb30755542996cc5e49fd8,hybrid,0.5,0.0,False,False,0.125,0.25,0.0
semantic_rag,5ae4ec1e5542990ba0bbb19b,local,1.0,1.0,True,True,1.0,1.0,1.0
semantic_rag,5add405f5542992c1e3a2581,hybrid,0.5,0.0,False,False,0.125,0.25,0.0
semantic_rag,5a71717d5542994082a3e834,hybrid,0.0,0.0,False,False,0.0,0.0,0.0
semantic_rag,5adf8fe55542993344016d0f,hybrid,1.0,1.0,True,True,1.0,1.0,1.0
semantic_rag,5a78f59755429970f5fffdf7,hybrid,0.0,0.0,False,False,0.0,0.0,0.0
semantic_rag,5a8099935542996402f6a58b,hybrid,0.0,0.0,False,False,0.0,0.0,0.0
semantic_rag,5ab6aaff55429953192ad35b,hybrid,1.0,1.0,True,True,1.0,1.0,1.0
semantic_rag,5abcc96c5542996583600492,hybrid,0.0,0.0,False,False,0.0,0.0,0.0
semantic_rag,5a8b78775542997f31a41d3d,hybrid,0.5,0.5,False,True,0.5,0.75,0.25
semantic_rag,5a7252db5542990c210a4104,hybrid,1.0,1.0,True,True,1.0,1.0,1.0
semantic_rag,5ae2ee5e5542991a06ce990a,hybrid,0.5,0.6666666666666666,False,True,0.5416666666666666,0.75,0.3333333333333333
semantic_rag,5abc5951554299114383a116,hybrid,0.0,0.0,False,False,0.0,0.0,0.0
semantic_rag,5ac1a3665542994ab5c67daf,hybrid,0.5,0.0,False,False,0.125,0.25,0.0
semantic_rag,5adc0c2b55429947ff1738db,local,0.5,0.0,False,False,0.125,0.25,0.0
semantic_rag,5a7634f155429976ec32bd6b,hybrid,1.0,1.0,True,True,1.0,1.0,1.0
semantic_rag,5a7574e25542996c70cfaf01,local,0.5,0.5,False,True,0.5,0.75,0.25
semantic_rag,5adc8977554299438c868de2,hybrid,0.0,0.0,False,False,0.0,0.0,0.0
semantic_rag,5a7dc2495542997cc2c4749a,hybrid,0.5,0.4,False,True,0.475,0.75,0.2
semantic_rag,5a8f05b1554299458435d517,hybrid,0.5,0.0,False,False,0.125,0.25,0.0
semantic_rag,5ab7bbbf55429928e1fe38bf,hybrid,0.0,0.0,False,False,0.0,0.0,0.0
semantic_rag,5a8af28555429951533613b5,hybrid,0.0,0.0,False,False,0.0,0.0,0.0
semantic_rag,5ae1f596554299234fd04372,hybrid,0.0,0.0,False,False,0.0,0.0,0.0
semantic_rag,5a8b3af455429971feec467b,hybrid,0.5,0.0,False,False,0.125,0.25,0.0
semantic_rag,5add311b5542994ed6169cc5,hybrid,0.0,0.0,False,False,0.0,0.0,0.0
semantic_rag,5ae60426554299546bf83019,hybrid,0.5,0.0,False,False,0.125,0.25,0.0
semantic_rag,5a8cfee555429941ae14df5c,hybrid,0.0,0.0,False,False,0.0,0.0,0.0
semantic_rag,5a71166d5542994082a3e576,local,0.5,0.0,False,False,0.125,0.25,0.0
semantic_rag,5ae789615542997ec2727695,hybrid,0.0,0.0,False,False,0.0,0.0,0.0
semantic_rag,5a7757215542993569682d58,hybrid,0.0,0.0,False,False,0.0,0.0,0.0
semantic_rag,5a81ff62554299676cceb1c4,hybrid,0.0,0.0,False,False,0.0,0.0,0.0
semantic_rag,5ae4890a5542995ad6573d60,hybrid,0.5,0.0,False,False,0.125,0.25,0.0
semantic_rag,5a79c1335542994bb9457066,local,0.5,0.0,False,False,0.125,0.25,0.0
semantic_rag,5ac52fc35542994611c8b403,hybrid,0.5,0.8571428571428571,True,True,0.8392857142857143,0.75,0.9285714285714286
semantic_rag,5adda7585542997dc790700c,hybrid,1.0,1.0,True,True,1.0,1.0,1.0
semantic_rag,5adf043b5542993a75d263d4,hybrid,0.0,0.0,False,False,0.0,0.0,0.0
semantic_rag,5abd6bf055429933744ab7c8,hybrid,0.0,0.3333333333333333,False,False,0.0833333333333333,0.0,0.1666666666666666
semantic_rag,5ae0038655429925eb1afbe0,local,0.0,0.0,False,False,0.0,0.0,0.0
semantic_rag,5a73977d554299623ed4ac08,local,0.5,0.0,False,True,0.375,0.75,0.0
semantic_rag,5ac2a399554299218029dada,hybrid,1.0,1.0,True,True,1.0,1.0,1.0
semantic_rag,5ae0f6f5554299422ee99583,hybrid,0.5,0.8,False,True,0.575,0.75,0.4
semantic_rag,5adc1ae5554299438c868d5c,hybrid,0.0,0.0,False,False,0.0,0.0,0.0
semantic_rag,5ae6860e5542991bbc976112,hybrid,0.0,0.0,False,False,0.0,0.0,0.0
semantic_rag,5ae1316555429901ffe4adda,local,1.0,0.0,True,True,0.75,1.0,0.5
semantic_rag,5adfeb0555429942ec259b88,hybrid,0.0,0.0,False,False,0.0,0.0,0.0
semantic_rag,5ab5499e5542992aa134a295,hybrid,0.5,0.0,False,False,0.125,0.25,0.0
semantic_rag,5adeffa85542992d7e9f926f,local,0.0,0.0,False,False,0.0,0.0,0.0
semantic_rag,5adfd2f255429925eb1afaa5,hybrid,0.5,1.0,True,True,0.875,0.75,1.0
semantic_rag,5ae5b301554299546bf82f2d,hybrid,1.0,0.0,False,False,0.25,0.5,0.0
semantic_rag,5ab1eac95542993be8fa987f,hybrid,0.0,0.0,False,False,0.0,0.0,0.0
semantic_rag,5ae15e125542990adbacf773,local,0.5,0.888888888888889,False,True,0.5972222222222222,0.75,0.4444444444444445
semantic_rag,5a77beae5542992a6e59dfae,hybrid,1.0,1.0,True,True,1.0,1.0,1.0
semantic_rag,5ae1f5a15542997f29b3c1b5,hybrid,0.0,0.0,False,False,0.0,0.0,0.0
semantic_rag,5ade908b55429975fa854f13,hybrid,0.0,0.0,False,False,0.0,0.0,0.0
semantic_rag,5ab47cd75542991751b4d78d,hybrid,0.0,0.0,False,False,0.0,0.0,0.0
semantic_rag,5a79b7f6554299029c4b5f6f,hybrid,0.0,0.0,False,False,0.0,0.0,0.0
semantic_rag,5ab626d555429953192ad279,hybrid,0.5,0.0,False,False,0.125,0.25,0.0
semantic_rag,5a84873e5542997175ce1eec,hybrid,0.5,0.0,False,False,0.125,0.25,0.0
semantic_rag,5ac537975542996feb3fea3c,hybrid,0.0,0.0,False,False,0.0,0.0,0.0
semantic_rag,5a8f45ca5542997ba9cb320e,local,0.5,0.0,False,False,0.125,0.25,0.0
semantic_rag,5a8ac4085542992d82986f74,hybrid,0.0,0.0,False,False,0.0,0.0,0.0
semantic_rag,5a7b374c5542995eb53be8cc,hybrid,0.5,1.0,False,True,0.625,0.75,0.5
semantic_rag,5ab92e02554299753720f775,hybrid,1.0,1.0,True,True,1.0,1.0,1.0
semantic_rag,5ab58f9a554299488d4d99da,hybrid,0.5,0.6666666666666666,False,True,0.5416666666666666,0.75,0.3333333333333333
semantic_rag,5adf860e5542993344016cbc,hybrid,0.0,0.0,False,False,0.0,0.0,0.0
semantic_rag,5a7ad9865542995eb53be8aa,hybrid,0.5,0.0,False,False,0.125,0.25,0.0
semantic_rag,5a71443f5542994082a3e727,local,0.5,0.0,False,False,0.125,0.25,0.0
semantic_rag,5a7cbf93554299452d57b9f5,hybrid,0.5,0.8,False,True,0.575,0.75,0.4
semantic_rag,5adf98215542993344016d19,hybrid,0.0,0.0,False,False,0.0,0.0,0.0
semantic_rag,5ae1fa2b5542997f29b3c1df,hybrid,0.0,0.0,False,False,0.0,0.0,0.0
semantic_rag,5ae650fb55429929b0807b2e,hybrid,0.5,0.0,False,False,0.125,0.25,0.0
semantic_rag,5a85597c5542997175ce1fba,hybrid,1.0,0.0,False,False,0.25,0.5,0.0
semantic_rag,5ac19d4c55429963665198bb,hybrid,0.5,1.0,True,True,0.875,0.75,1.0
semantic_rag,5ab611cc5542992aa134a411,local,0.5,0.0,False,False,0.125,0.25,0.0
semantic_rag,5ab7c87d55429928e1fe38de,hybrid,0.0,0.0,False,False,0.0,0.0,0.0
semantic_rag,5ab4bea15542990594ba9cae,hybrid,0.5,0.0,False,False,0.125,0.25,0.0
semantic_rag,5ade9c9c5542997c77adee8c,hybrid,0.0,0.0,False,False,0.0,0.0,0.0
semantic_rag,5ae0d7315542990adbacf678,hybrid,0.0,0.0,False,False,0.0,0.0,0.0
semantic_rag,5ae1ba55554299234fd042d9,hybrid,0.5,0.0,False,False,0.125,0.25,0.0
semantic_rag,5a839c8b5542996488c2e479,hybrid,0.5,0.0,False,False,0.125,0.25,0.0
semantic_rag,5abdd08d5542991f6610604c,hybrid,0.5,0.0,False,False,0.125,0.25,0.0
semantic_rag,5ade190f55429975fa854e40,hybrid,0.5,0.0,False,False,0.125,0.25,0.0
semantic_rag,5a8cd381554299653c1aa12b,local,0.0,0.0,False,False,0.0,0.0,0.0
semantic_rag,5abd12bb55429933744ab703,hybrid,0.5,0.0,False,False,0.125,0.25,0.0
semantic_rag,5abb1e1b5542992ccd8e7f19,local,1.0,1.0,True,True,1.0,1.0,1.0
semantic_rag,5adeb95d5542992fa25da827,local,1.0,1.0,True,True,1.0,1.0,1.0
semantic_rag,5a8ba59a554299240d9c2058,hybrid,0.0,0.0,False,False,0.0,0.0,0.0
semantic_rag,5a7c53a855429935c91b515d,hybrid,0.5,0.0,False,True,0.375,0.75,0.0
semantic_rag,5ae54eea5542993aec5ec19d,local,0.0,0.0,False,False,0.0,0.0,0.0
semantic_rag,5a8026a05542992e7d278df8,hybrid,0.5,0.0,False,False,0.125,0.25,0.0
semantic_rag,5a7a27ce5542996c55b2dd28,local,0.0,0.0,False,False,0.0,0.0,0.0
semantic_rag,5ab9812d554299753720f821,local,0.5,0.0,True,True,0.625,0.75,0.5
semantic_rag,5ac3b5d3554299741d48a2f3,hybrid,0.5,0.0,False,False,0.125,0.25,0.0
semantic_rag,5ab811e95542995dae37ea22,hybrid,0.0,0.0,False,False,0.0,0.0,0.0
semantic_rag,5a80541d5542996402f6a4d2,hybrid,0.8,0.0,False,False,0.2,0.4,0.0
semantic_rag,5ac2546a554299636651997b,local,0.0,0.0,False,False,0.0,0.0,0.0
semantic_rag,5ab8f3235542991b5579f084,hybrid,0.0,0.0,False,True,0.25,0.5,0.0
semantic_rag,5ac31066554299741d48a19d,hybrid,0.5,0.0,False,False,0.125,0.25,0.0
semantic_rag,5ac279345542990b17b153b0,hybrid,0.5,0.6666666666666666,False,True,0.5416666666666666,0.75,0.3333333333333333
semantic_rag,5adfc50355429942ec259b43,hybrid,0.5,0.0,False,False,0.125,0.25,0.0
semantic_rag,5ae5e1985542996de7b71a54,hybrid,0.5,0.0,False,False,0.125,0.25,0.0
semantic_rag,5a87411d5542994846c1cd37,hybrid,0.5,0.0,False,False,0.125,0.25,0.0
semantic_rag,5ab4107a554299753aec5a2f,hybrid,0.0,0.0,False,False,0.0,0.0,0.0
semantic_rag,5ae3d8415542992f92d8239a,hybrid,0.5,0.0,False,False,0.125,0.25,0.0
semantic_rag,5a88a19a5542997e5c09a64b,hybrid,0.5,0.0,False,False,0.125,0.25,0.0
semantic_rag,5a7e1ad155429965cec5ea66,hybrid,0.0,0.125,False,False,0.03125,0.0,0.0625
semantic_rag,5a745e1455429929fddd83fd,hybrid,0.0,0.0,False,False,0.0,0.0,0.0
semantic_rag,5a8ca7d4554299240d9c21b8,hybrid,0.5,0.0,False,False,0.125,0.25,0.0
semantic_rag,5a7ec90055429934daa2fc66,hybrid,0.0,0.0,False,False,0.0,0.0,0.0
semantic_rag,5a82112955429926c1cdae25,hybrid,1.0,0.6666666666666666,False,True,0.6666666666666666,1.0,0.3333333333333333
semantic_rag,5a85a3005542991dd0999e72,hybrid,0.5,0.0,False,False,0.125,0.25,0.0
semantic_rag,5ab4475c5542996a3a969f6c,hybrid,0.0,0.0,False,False,0.0,0.0,0.0
semantic_rag,5ac1a04e5542991316484b63,local,0.5,0.0,True,True,0.625,0.75,0.5
semantic_rag,5ae09ce855429924de1b7113,hybrid,0.0,0.0,False,False,0.0,0.0,0.0
semantic_rag,5a78bc6b554299148911f979,local,0.2,0.0,False,False,0.05,0.1,0.0
semantic_rag,5ab2a8b655429929539467ab,hybrid,0.5,0.0,False,False,0.125,0.25,0.0
semantic_rag,5a8a7d2b55429930ff3c0dfc,local,0.5,0.0,True,True,0.625,0.75,0.5
semantic_rag,5ae3f2395542995ad6573cc6,local,1.0,1.0,True,True,1.0,1.0,1.0
semantic_rag,5a90bd7b55429916514e7547,local,0.5,0.0,False,False,0.125,0.25,0.0
semantic_rag,5ae20e265542994d89d5b325,hybrid,0.0,0.0,False,False,0.0,0.0,0.0
semantic_rag,5abc039a5542993f40c73c49,hybrid,1.0,0.6666666666666666,False,True,0.6666666666666666,1.0,0.3333333333333333
semantic_rag,5a77c74155429967ab105291,local,0.5,0.4,False,True,0.475,0.75,0.2
semantic_rag,5ae48e7e55429913cc20449d,hybrid,1.0,1.0,True,True,1.0,1.0,1.0
semantic_rag,5abaf4535542996cc5e49f35,hybrid,0.5,0.0,False,False,0.125,0.25,0.0
semantic_rag,5a901e5c55429933b8a2047c,hybrid,0.0,0.0,False,False,0.0,0.0,0.0
semantic_rag,5ab528a3554299637185c4e5,local,0.5,0.0,False,False,0.125,0.25,0.0
semantic_rag,5a88fc4255429938390d4019,hybrid,0.0,0.0,False,False,0.0,0.0,0.0
semantic_rag,5ae0345855429924de1b705f,hybrid,0.0,0.0,False,False,0.0,0.0,0.0
semantic_rag,5ac1b5de5542994d76dccec6,hybrid,0.0,0.0,False,False,0.0,0.0,0.0
semantic_rag,5a82fe5055429966c78a6ad3,hybrid,0.5,0.0,False,True,0.375,0.75,0.0
semantic_rag,5a798f8c5542994bb9457023,hybrid,0.2,0.5714285714285715,False,True,0.4428571428571429,0.6,0.2857142857142857
semantic_rag,5add63845542992ae4cec541,hybrid,0.5,0.0,False,False,0.125,0.25,0.0
semantic_rag,5ababbe9554299232ef4a38a,hybrid,0.0,0.0,False,False,0.0,0.0,0.0
semantic_rag,5ae3205c55429928c423961e,hybrid,0.5,0.0,False,False,0.125,0.25,0.0
semantic_rag,5abcf2b4554299700f9d7937,hybrid,1.0,1.0,True,True,1.0,1.0,1.0
semantic_rag,5a8b4a5f55429949d91db531,hybrid,0.5,1.0,False,True,0.625,0.75,0.5
semantic_rag,5a79be0e5542994f819ef084,hybrid,1.0,1.0,True,True,1.0,1.0,1.0
semantic_rag,5ae69e3f5542996d980e7c61,hybrid,0.0,0.3333333333333333,False,True,0.3333333333333333,0.5,0.1666666666666666
semantic_rag,5a8a495055429930ff3c0d6a,hybrid,0.0,0.0,False,False,0.0,0.0,0.0
semantic_rag,5a8c5c6f554299653c1aa04d,hybrid,0.0,0.0,False,False,0.0,0.0,0.0
semantic_rag,5a80ecea55429938b6142254,hybrid,0.5,0.0,False,False,0.125,0.25,0.0
semantic_rag,5a8242c155429940e5e1a81d,hybrid,0.0,0.0,False,False,0.0,0.0,0.0
semantic_rag,5a7cef5d55429909bec768ac,hybrid,0.5,0.0,False,True,0.375,0.75,0.0
semantic_rag,5a7319e755429901807daf86,hybrid,0.0,0.0,False,False,0.0,0.0,0.0
semantic_rag,5ae1d0e8554299234fd0430a,hybrid,0.0,0.0,False,False,0.0,0.0,0.0
semantic_rag,5ade99295542992fa25da7d8,hybrid,0.0,0.0,False,False,0.0,0.0,0.0
semantic_rag,5a734bb65542994cef4bc50f,hybrid,0.5,0.4,False,True,0.475,0.75,0.2
semantic_rag,5abe7eb05542993f32c2a12c,hybrid,0.0,0.0,False,False,0.0,0.0,0.0
semantic_rag,5a84f7255542991dd0999e33,hybrid,1.0,0.6666666666666666,False,True,0.6666666666666666,1.0,0.3333333333333333
semantic_rag,5a70f1685542994082a3e40f,hybrid,0.0,0.0,False,False,0.0,0.0,0.0
semantic_rag,5ae0de1455429924de1b71b4,hybrid,0.0,0.0,False,False,0.0,0.0,0.0
semantic_rag,5ae4a2b25542995ad6573de0,hybrid,0.5,0.0,False,False,0.125,0.25,0.0
semantic_rag,5abd9c2355429924427fd06c,hybrid,0.0,0.0,False,False,0.0,0.0,0.0
semantic_rag,5a74701655429979e2882952,local,0.0,0.0,False,False,0.0,0.0,0.0
semantic_rag,5ab7f7465542993667794071,hybrid,0.5,0.4,False,True,0.475,0.75,0.2
semantic_rag,5a7a6ee75542996c55b2ddac,local,0.5,0.0,False,False,0.125,0.25,0.0
semantic_rag,5a85fa815542996432c57155,hybrid,0.5,0.0,False,False,0.125,0.25,0.0
semantic_rag,5ae27f555542992decbdcd30,hybrid,0.0,0.0,False,False,0.0,0.0,0.0
semantic_rag,5ade3d75554299728e26c68b,hybrid,0.0,0.0,False,False,0.0,0.0,0.0
semantic_rag,5ae236da5542994d89d5b397,hybrid,0.0,0.0,False,False,0.0,0.0,0.0
semantic_rag,5adfad2b554299603e41835c,hybrid,0.0,1.0,True,True,0.75,0.5,1.0
semantic_rag,5abbc58455429931dba14502,hybrid,0.5,0.0,False,False,0.125,0.25,0.0
semantic_rag,5a861fa75542994775f60706,hybrid,0.5,0.0,False,False,0.125,0.25,0.0
semantic_rag,5a888fe6554299206df2b2f7,hybrid,1.0,1.0,True,True,1.0,1.0,1.0
semantic_rag,5ab865235542992aa3b8c8db,hybrid,0.5,0.0,False,False,0.125,0.25,0.0
semantic_rag,5ae064985542993d6555eb47,local,1.0,0.0,True,True,0.75,1.0,0.5
semantic_rag,5ae531a95542990ba0bbb1fc,hybrid,0.0,0.0,False,False,0.0,0.0,0.0
semantic_rag,5ae533535542993aec5ec173,hybrid,0.5,0.0,False,False,0.125,0.25,0.0
semantic_rag,5adebea1554299728e26c7b6,hybrid,0.0,0.0,False,False,0.0,0.0,0.0
semantic_rag,5adfdc7d55429942ec259b64,hybrid,1.0,1.0,True,True,1.0,1.0,1.0
semantic_rag,5adbe9fa55429944faac23ba,local,0.5,1.0,True,True,0.875,0.75,1.0
semantic_rag,5ae31bbd55429928c42395fc,local,0.5,1.0,True,True,0.875,0.75,1.0
semantic_rag,5ae2120e5542997283cd23ad,local,0.5,0.0,False,True,0.375,0.75,0.0
semantic_rag,5a9052765542995651fb513d,local,1.0,0.8,False,True,0.7,1.0,0.4
semantic_rag,5ae6795855429908198fa5e4,hybrid,0.0,0.0,False,False,0.0,0.0,0.0
semantic_rag,5a84e61b5542997b5ce3ff86,hybrid,0.0,0.0,False,True,0.25,0.5,0.0
semantic_rag,5ab266b5554299340b5254b4,hybrid,0.5,0.0,False,False,0.125,0.25,0.0
semantic_rag,5ab5ec0a5542997d4ad1f250,hybrid,0.0,0.0,False,False,0.0,0.0,0.0
semantic_rag,5a72a9ab5542992359bc315a,hybrid,0.0,0.5,False,True,0.375,0.5,0.25
semantic_rag,5a848b5c5542997175ce1ef2,hybrid,0.0,0.0,False,False,0.0,0.0,0.0
semantic_rag,5ab467975542991751b4d75f,hybrid,0.0,0.0,False,False,0.0,0.0,0.0
semantic_rag,5a75ebfc5542992d0ec06018,hybrid,0.0,0.0,False,False,0.0,0.0,0.0
semantic_rag,5a7cdd6b55429909bec76858,local,1.0,1.0,True,True,1.0,1.0,1.0
semantic_rag,5a8209845542990a1d231f1f,hybrid,0.5,0.0,False,False,0.125,0.25,0.0
semantic_rag,5a726b0f5542997f827839be,local,0.5,0.0,False,False,0.125,0.25,0.0
semantic_rag,5ac2616b5542996366519997,hybrid,0.0,0.0,False,False,0.0,0.0,0.0
semantic_rag,5ae4f3c455429960a22e0221,hybrid,0.5,0.0,False,False,0.125,0.25,0.0
semantic_rag,5a8b4ec155429949d91db53f,hybrid,1.0,1.0,True,True,1.0,1.0,1.0
semantic_rag,5ac52f455542996feb3fea12,hybrid,1.0,1.0,True,True,1.0,1.0,1.0
semantic_rag,5ab438395542990594ba9bb9,hybrid,0.5,0.0,False,False,0.125,0.25,0.0
semantic_rag,5a81a7f75542995ce29dcc25,hybrid,1.0,1.0,True,True,1.0,1.0,1.0
semantic_rag,5add98985542990dbb2f7e82,hybrid,0.0,0.0,False,False,0.0,0.0,0.0
semantic_rag,5ae1465855429920d5234373,hybrid,0.5,0.0,False,False,0.125,0.25,0.0
semantic_rag,5a721d5a55429971e9dc9283,hybrid,0.5,0.0,False,False,0.125,0.25,0.0
semantic_rag,5ae7ea695542994a481bbe17,hybrid,0.5,0.7499999999999999,False,True,0.5625,0.75,0.3749999999999999
semantic_rag,5ae7eb3c5542994a481bbe20,hybrid,0.5,0.0,False,False,0.125,0.25,0.0
semantic_rag,5adf69055542995534e8c7a4,hybrid,0.5,0.4,False,False,0.225,0.25,0.2
semantic_rag,5a806cdf5542996402f6a508,hybrid,0.0,0.5,False,True,0.375,0.5,0.25
semantic_rag,5a78d01d55429974737f78b3,hybrid,0.0,0.0,False,False,0.0,0.0,0.0
semantic_rag,5adf62d05542992d7e9f932d,hybrid,0.0,0.0,False,False,0.0,0.0,0.0
semantic_rag,5a8b3fe85542995d1e6f1323,hybrid,0.5,0.0,False,False,0.125,0.25,0.0
semantic_rag,5a7dedef5542995f4f40231a,hybrid,0.0,0.0,False,False,0.0,0.0,0.0
semantic_rag,5a88c68d55429938390d3fba,hybrid,0.0,0.0,False,False,0.0,0.0,0.0
semantic_rag,5abc0bea554299658360040d,hybrid,0.5,0.6666666666666666,False,True,0.5416666666666666,0.75,0.3333333333333333
semantic_rag,5abb2f245542996cc5e49fd2,hybrid,0.5,0.0,False,False,0.125,0.25,0.0
semantic_rag,5a72f74a55429901807daf59,hybrid,0.0,0.0,False,False,0.0,0.0,0.0
semantic_rag,5ae0a54e5542993d6555ebdd,hybrid,0.0,0.0,False,False,0.0,0.0,0.0
semantic_rag,5a866e7e554299211dda2b29,hybrid,0.5,0.0,False,False,0.125,0.25,0.0
semantic_rag,5abaf6865542996cc5e49f3c,hybrid,0.0,0.0,False,False,0.0,0.0,0.0
semantic_rag,5ae534bb5542990ba0bbb21d,local,1.0,1.0,True,True,1.0,1.0,1.0
semantic_rag,5ae327e05542992f92d82220,hybrid,0.0,0.0,False,False,0.0,0.0,0.0
semantic_rag,5abebbe65542997719eab59d,hybrid,1.0,1.0,True,True,1.0,1.0,1.0
semantic_rag,5ab5e9865542992aa134a3db,hybrid,0.5,0.0,False,False,0.125,0.25,0.0
semantic_rag,5a7a112a5542990783324e2b,hybrid,0.5,0.0,False,False,0.125,0.25,0.0
semantic_rag,5adf430e5542993a75d2645e,local,0.0,0.5,False,False,0.125,0.0,0.25
semantic_rag,5a779be75542995d83181215,hybrid,0.0,0.0,False,False,0.0,0.0,0.0
semantic_rag,5a809b575542996402f6a59c,hybrid,0.0,0.0,False,False,0.0,0.0,0.0
semantic_rag,5abed9435542994516f45457,local,1.0,1.0,True,True,1.0,1.0,1.0
semantic_rag,5adf4ba65542992d7e9f931c,hybrid,0.5,1.0,True,True,0.875,0.75,1.0
semantic_rag,5ae491155542995ad6573da3,hybrid,1.0,1.0,True,True,1.0,1.0,1.0
semantic_rag,5ac440385542997ea680ca4e,hybrid,0.5,0.0,False,False,0.125,0.25,0.0
semantic_rag,5a84d80c5542992a431d1ab5,local,1.0,1.0,True,True,1.0,1.0,1.0
semantic_rag,5ae7945d5542997b22f6a7ba,hybrid,0.5,0.0,False,False,0.125,0.25,0.0
semantic_rag,5ab98608554299131ca42362,hybrid,0.0,0.0,False,False,0.0,0.0,0.0
semantic_rag,5ab3eeb5554299233954fff4,hybrid,0.5,0.0,False,False,0.125,0.25,0.0
semantic_rag,5a7ce50f55429909bec76869,hybrid,1.0,1.0,True,True,1.0,1.0,1.0
semantic_rag,5a8fa4d95542995b4424207b,local,0.0,1.0,True,True,0.75,0.5,1.0
semantic_rag,5a72ba165542992359bc318a,hybrid,0.0,0.0,False,False,0.0,0.0,0.0
semantic_rag,5a85ae455542997175ce1ff0,hybrid,0.0,0.0,False,False,0.0,0.0,0.0
semantic_rag,5a8bbfb15542995e66a474f6,local,0.0,0.0,False,False,0.0,0.0,0.0
semantic_rag,5ac240ef55429951e9e684ef,hybrid,0.0,0.0,False,True,0.25,0.5,0.0
semantic_rag,5ab72b5c5542993667793f63,hybrid,0.5,0.0,False,False,0.125,0.25,0.0
semantic_rag,5ab3af70554299233954ff81,hybrid,0.0,0.0,False,False,0.0,0.0,0.0
semantic_rag,5ae320a95542991a06ce992e,hybrid,0.0,0.0,False,False,0.0,0.0,0.0
semantic_rag,5ae28b76554299495565daa8,hybrid,0.33,0.1666666666666666,False,False,0.1241666666666666,0.165,0.0833333333333333
semantic_rag,5ab6a8b5554299710c8d1f30,hybrid,0.5,0.0,False,False,0.125,0.25,0.0
semantic_rag,5a8b8f5b55429949d91db5e1,hybrid,0.5,0.0,False,False,0.125,0.25,0.0
semantic_rag,5ae829ea5542997ec2727738,hybrid,1.0,0.4,False,False,0.35,0.5,0.2
semantic_rag,5aba14195542994dbf0198a9,hybrid,1.0,0.0,True,True,0.75,1.0,0.5
semantic_rag,5ae370295542992e3233c402,local,0.0,0.0,False,True,0.25,0.5,0.0
semantic_rag,5abdba405542993f32c2a023,hybrid,0.0,0.0,False,False,0.0,0.0,0.0
semantic_rag,5a855b5c5542997b5ce3ffeb,hybrid,0.0,0.0909090909090909,False,False,0.0227272727272727,0.0,0.0454545454545454
semantic_rag,5adf734b5542995ec70e9016,hybrid,0.0,0.4,False,False,0.1,0.0,0.2
semantic_rag,5a81ca835542990a1d231ebd,hybrid,0.0,0.0,False,False,0.0,0.0,0.0
semantic_rag,5abba581554299642a094af9,hybrid,0.0,0.0,False,False,0.0,0.0,0.0
semantic_rag,5a887f5c554299206df2b2c0,hybrid,0.0,0.0,False,False,0.0,0.0,0.0
semantic_rag,5a80956e5542996402f6a579,hybrid,0.0,0.0,False,False,0.0,0.0,0.0
semantic_rag,5ac2efd65542990b17b154c7,hybrid,0.5,0.0,False,False,0.125,0.25,0.0
semantic_rag,5a7af32e55429931da12c99c,hybrid,0.0,0.0,False,False,0.0,0.0,0.0
semantic_rag,5a7c9d2e55429935c91b5261,hybrid,1.0,1.0,True,True,1.0,1.0,1.0
semantic_rag,5a8752955542994775f607d1,hybrid,0.5,0.0,False,False,0.125,0.25,0.0
semantic_rag,5ae3e2455542994393b9e78c,local,0.5,0.0,False,False,0.125,0.25,0.0
semantic_rag,5abd552555429933744ab776,hybrid,1.0,1.0,True,True,1.0,1.0,1.0
semantic_rag,5ac048cc554299294b218f73,hybrid,0.0,0.2857142857142857,False,False,0.0714285714285714,0.0,0.1428571428571428
semantic_rag,5ac048ea554299294b218f74,hybrid,1.0,1.0,True,True,1.0,1.0,1.0
semantic_rag,5ab474135542991751b4d77b,hybrid,0.0,0.2857142857142857,False,False,0.0714285714285714,0.0,0.1428571428571428
semantic_rag,5a711cb45542994082a3e59f,local,0.0,0.0,False,False,0.0,0.0,0.0
semantic_rag,5ae60db1554299546bf83041,hybrid,0.5,0.0,False,False,0.125,0.25,0.0
semantic_rag,5a8b81bc55429949d91db5b8,local,0.5,0.0,False,False,0.125,0.25,0.0
semantic_rag,5a73bcf055429978a71e909c,local,0.5,0.0,False,False,0.125,0.25,0.0
semantic_rag,5ae1436e55429901ffe4ae31,hybrid,1.0,1.0,True,True,1.0,1.0,1.0
semantic_rag,5ab207f65542993be8fa98b8,hybrid,0.5,0.0,False,False,0.125,0.25,0.0
semantic_rag,5a7766b15542993569682d7e,hybrid,1.0,1.0,True,True,1.0,1.0,1.0
semantic_rag,5ac1a3fa5542991316484b7d,hybrid,0.0,0.0,False,False,0.0,0.0,0.0
semantic_rag,5a790f5e55429970f5fffe40,hybrid,0.0,0.0,False,False,0.0,0.0,0.0
semantic_rag,5add10ca5542994ed6169c59,local,0.5,0.0,False,False,0.125,0.25,0.0
semantic_rag,5ae1b2b9554299422ee99684,hybrid,0.33,0.0,False,False,0.0825,0.165,0.0
semantic_rag,5a7f81425542992097ad2f8e,hybrid,0.5,0.0,False,False,0.125,0.25,0.0
semantic_rag,5a817f6655429938b6142349,local,1.0,1.0,True,True,1.0,1.0,1.0
semantic_rag,5ab6ddb655429953192ad39e,hybrid,0.0,0.0,False,False,0.0,0.0,0.0
semantic_rag,5a76cb9b55429966f1a36bf2,hybrid,1.0,1.0,True,True,1.0,1.0,1.0
semantic_rag,5ae4808455429970de88d990,hybrid,0.0,0.0,False,False,0.0,0.0,0.0
semantic_rag,5ab7f6d35542993667794070,hybrid,0.0,0.0,False,False,0.0,0.0,0.0
semantic_rag,5abe86365542993f32c2a14d,hybrid,0.5,0.0,False,False,0.125,0.25,0.0
semantic_rag,5a7571095542992d0ec05f97,hybrid,0.5,0.8,False,False,0.325,0.25,0.4
semantic_rag,5adcfbf45542990d50227d86,hybrid,0.0,0.0,False,False,0.0,0.0,0.0
semantic_rag,5ab30d1155429976abd1bc3d,hybrid,0.0,0.0,False,False,0.0,0.0,0.0
semantic_rag,5ae6069c55429929b0807a67,hybrid,0.0,0.0,False,False,0.0,0.0,0.0
semantic_rag,5a711c535542994082a3e59b,hybrid,0.5,0.2857142857142857,False,False,0.1964285714285714,0.25,0.1428571428571428
semantic_rag,5adf85e05542993344016cba,hybrid,0.5,0.0,False,False,0.125,0.25,0.0
semantic_rag,5a77897f55429949eeb29edc,hybrid,0.5,0.0,False,False,0.125,0.25,0.0
semantic_rag,5ae10a5b55429920d52342a0,hybrid,0.5,0.0,False,False,0.125,0.25,0.0
semantic_rag,5ab639e65542995eadeeff7f,local,0.0,0.0,False,False,0.0,0.0,0.0
semantic_rag,5a8bae135542996e8ac889b6,hybrid,0.5,0.8,False,True,0.575,0.75,0.4
semantic_rag,5a75e33855429976ec32bc74,hybrid,0.5,0.0,False,False,0.125,0.25,0.0
semantic_rag,5ae363ff5542992f92d822bc,hybrid,1.0,1.0,True,True,1.0,1.0,1.0
semantic_rag,5ac0e6fa5542996f0d89cc35,local,0.5,0.0,False,False,0.125,0.25,0.0
semantic_rag,5ade6b67554299728e26c71c,hybrid,1.0,1.0,True,True,1.0,1.0,1.0
semantic_rag,5ae0c7e755429945ae95944c,hybrid,0.0,0.5,False,True,0.375,0.5,0.25
semantic_rag,5a78f753554299078472776e,local,0.5,0.0,False,False,0.125,0.25,0.0
semantic_rag,5adcde255542992c1e3a243f,hybrid,0.0,0.0,False,False,0.0,0.0,0.0
semantic_rag,5ae73d505542991e8301cc2c,hybrid,0.0,0.0,False,False,0.0,0.0,0.0
semantic_rag,5ae18d615542997283cd2229,hybrid,0.5,0.0,False,False,0.125,0.25,0.0
semantic_rag,5ac3ad7f5542995ef918c1de,hybrid,0.0,0.0,False,False,0.0,0.0,0.0
semantic_rag,5ab9d44255429939ce03dc36,hybrid,0.0,0.3333333333333333,False,False,0.0833333333333333,0.0,0.1666666666666666
semantic_rag,5a863b27554299211dda2ab6,local,0.5,0.0,True,True,0.625,0.75,0.5
semantic_rag,5a79118755429974737f7962,local,0.5,1.0,True,True,0.875,0.75,1.0
semantic_rag,5abfa9745542997ec76fd426,hybrid,0.0,0.0,False,False,0.0,0.0,0.0
semantic_rag,5abfc8675542993fe9a41e52,hybrid,1.0,1.0,True,True,1.0,1.0,1.0
semantic_rag,5a866c04554299211dda2b25,local,0.5,1.0,True,True,0.875,0.75,1.0
semantic_rag,5a80c74f554299260e20a158,hybrid,0.0,0.0,False,False,0.0,0.0,0.0
semantic_rag,5ae5691055429960a22e02f3,hybrid,1.0,1.0,True,True,1.0,1.0,1.0
semantic_rag,5ab1d983554299340b52540a,hybrid,0.5,0.0,False,False,0.125,0.25,0.0
semantic_rag,5ab28e2a5542993be8fa9947,hybrid,1.0,1.0,True,True,1.0,1.0,1.0
semantic_rag,5ab9547755429970cfb8ea6c,hybrid,0.0,0.0,False,False,0.0,0.0,0.0
semantic_rag,5a7ce0bc55429909bec76863,hybrid,1.0,0.0,False,False,0.25,0.5,0.0
semantic_rag,5ae17daa55429901ffe4aea9,hybrid,1.0,1.0,True,True,1.0,1.0,1.0
semantic_rag,5ae7c5ef5542993210983f44,hybrid,0.5,0.0,False,False,0.125,0.25,0.0
semantic_rag,5a7313865542994cef4bc442,hybrid,0.5,0.3333333333333333,False,False,0.2083333333333333,0.25,0.1666666666666666
semantic_rag,5adccf645542990d50227d32,hybrid,1.0,1.0,True,True,1.0,1.0,1.0
semantic_rag,5ac176555542994d76dcce47,local,0.5,0.0,False,False,0.125,0.25,0.0
semantic_rag,5abbf3845542993f40c73c2e,hybrid,0.0,0.1428571428571428,False,False,0.0357142857142857,0.0,0.0714285714285714
semantic_rag,5a8781b65542993e715abf8f,local,0.5,0.0,False,False,0.125,0.25,0.0
semantic_rag,5a807ea1554299485f598624,hybrid,0.5,0.5714285714285715,False,True,0.5178571428571429,0.75,0.2857142857142857
semantic_rag,5a8ec7cc5542995a26add518,local,0.0,0.0,False,False,0.0,0.0,0.0
semantic_rag,5a7a978555429941d65f26db,hybrid,0.5,0.0,False,False,0.125,0.25,0.0
semantic_rag,5a7fc70155429969796c1b59,hybrid,1.0,1.0,True,True,1.0,1.0,1.0
semantic_rag,5ab84d5a55429916710eb028,hybrid,0.5,0.0,False,False,0.125,0.25,0.0
semantic_rag,5a7f392b55429934daa2fd26,hybrid,0.0,0.0,False,False,0.0,0.0,0.0
semantic_rag,5a877dd65542993e715abf79,local,1.0,0.0,True,True,0.75,1.0,0.5
semantic_rag,5a8b99c355429950cd6afd28,hybrid,0.5,0.0,False,False,0.125,0.25,0.0
semantic_rag,5a8e2ba05542995085b373b8,local,0.0,0.0,False,False,0.0,0.0,0.0
semantic_rag,5a74581555429979e2882912,hybrid,0.5,0.6666666666666666,False,True,0.5416666666666666,0.75,0.3333333333333333
semantic_rag,5ac1d40c5542994d76dccef5,hybrid,0.0,0.0,False,False,0.0,0.0,0.0
semantic_rag,5a7c6b6655429935c91b519a,hybrid,0.5,0.1538461538461538,False,False,0.1634615384615384,0.25,0.0769230769230769
semantic_rag,5a73522d5542994cef4bc541,hybrid,1.0,1.0,True,True,1.0,1.0,1.0
semantic_rag,5a822a5e55429926c1cdae43,local,0.0,0.0,False,False,0.0,0.0,0.0
semantic_rag,5a7b1023554299042af8f6c2,local,0.0,0.0,False,False,0.0,0.0,0.0
semantic_rag,5a84574455429933447460e6,hybrid,1.0,1.0,True,True,1.0,1.0,1.0
semantic_rag,5a89a02955429946c8d6e975,local,0.5,0.0,False,False,0.125,0.25,0.0
semantic_rag,5abdf1fe55429976d4830a31,hybrid,0.0,0.0,False,False,0.0,0.0,0.0
semantic_rag,5ae1e9fd5542997f29b3c1a1,hybrid,0.5,0.8,False,False,0.325,0.25,0.4
semantic_rag,5a77b0395542997042120ae1,hybrid,0.5,0.0,False,False,0.125,0.25,0.0
semantic_rag,5a79c8fa5542994bb94570a1,hybrid,0.0,0.0,False,False,0.0,0.0,0.0
semantic_rag,5ae21937554299234fd043d3,hybrid,1.0,1.0,True,True,1.0,1.0,1.0
semantic_rag,5a7cdcbf55429907fabef04f,local,0.0,0.0,False,False,0.0,0.0,0.0
semantic_rag,5ac51a055542994611c8b390,hybrid,0.0,0.0,False,False,0.0,0.0,0.0
semantic_rag,5a78c7db55429974737f7882,hybrid,0.0,0.0,False,False,0.0,0.0,0.0
semantic_rag,5a82e25555429954d2e2ebbf,hybrid,0.5,0.0,False,False,0.125,0.25,0.0
semantic_rag,5ab42b8955429942dd415ea6,hybrid,0.5,0.5,False,True,0.5,0.75,0.25
semantic_rag,5a8db916554299441c6ba057,hybrid,0.5,0.0,False,False,0.125,0.25,0.0
semantic_rag,5a79ca585542996c55b2dc71,hybrid,0.0,0.0,False,False,0.0,0.0,0.0
semantic_rag,5abd6cb955429933744ab7cd,hybrid,1.0,1.0,True,True,1.0,1.0,1.0
semantic_rag,5a7642f7554299109176e6e8,local,0.0,0.0,False,False,0.0,0.0,0.0
semantic_rag,5a88a42f554299206df2b317,hybrid,0.0,0.0,False,False,0.0,0.0,0.0
semantic_rag,5a8c90db554299653c1aa0bf,local,0.5,0.0,False,False,0.125,0.25,0.0
semantic_rag,5a763986554299109176e6bd,hybrid,0.0,0.3333333333333333,False,False,0.0833333333333333,0.0,0.1666666666666666
semantic_rag,5a7cc0d4554299452d57ba07,hybrid,0.5,0.0,False,True,0.375,0.75,0.0
semantic_rag,5a86113355429960ec39b618,hybrid,0.0,0.0,False,False,0.0,0.0,0.0
semantic_rag,5a722fae55429971e9dc9343,hybrid,0.0,0.0,False,False,0.0,0.0,0.0
semantic_rag,5a7af4cd55429931da12c9a6,hybrid,0.0,0.0,False,False,0.0,0.0,0.0
semantic_rag,5a7d9bc65542990b8f5039cb,hybrid,0.5,0.6666666666666666,False,True,0.5416666666666666,0.75,0.3333333333333333
semantic_rag,5adbd70c55429947ff173843,hybrid,0.0,0.0,False,False,0.0,0.0,0.0
semantic_rag,5a7e04b05542995f4f40238a,hybrid,0.0,0.0,False,False,0.0,0.0,0.0
semantic_rag,5a90b6985542990a984936c2,hybrid,0.5,0.0,False,False,0.125,0.25,0.0
semantic_rag,5ae164685542997b2ef7d1cb,hybrid,0.5,0.5,False,True,0.5,0.75,0.25
semantic_rag,5a86fde6554299211dda2b7f,hybrid,0.0,0.0,False,False,0.0,0.0,0.0
semantic_rag,5a802e135542992bc0c4a6c7,hybrid,0.5,0.0,False,False,0.125,0.25,0.0
semantic_rag,5ac31456554299741d48a1b4,local,0.0,1.0,True,True,0.75,0.5,1.0
semantic_rag,5ae0a6ea5542993d6555ebe9,local,1.0,0.0,True,True,0.75,1.0,0.5
semantic_rag,5a872e8e5542991e7718170c,hybrid,0.5,0.0,False,False,0.125,0.25,0.0
semantic_rag,5a7265825542997f827839a3,hybrid,0.5,0.0,False,False,0.125,0.25,0.0
semantic_rag,5abe2b0155429976d4830a83,hybrid,0.5,0.6666666666666666,False,True,0.5416666666666666,0.75,0.3333333333333333
semantic_rag,5ae135fb55429920d523431f,hybrid,0.0,0.0,False,False,0.0,0.0,0.0
semantic_rag,5a8f0a01554299458435d539,hybrid,0.0,0.0,False,False,0.0,0.0,0.0
semantic_rag,5ab40e1c5542996a3a969f00,hybrid,1.0,1.0,True,True,1.0,1.0,1.0
semantic_rag,5ab28c89554299340b525513,hybrid,0.5,0.5,False,False,0.25,0.25,0.25
semantic_rag,5a87e3d65542993e715abff8,hybrid,0.5,0.0,False,False,0.125,0.25,0.0
semantic_rag,5addfc425542997dc7907101,hybrid,1.0,1.0,True,True,1.0,1.0,1.0
semantic_rag,5ab576dc5542997d4ad1f13d,hybrid,0.5,0.0,False,False,0.125,0.25,0.0
semantic_rag,5a8d8eb5554299068b959d3a,local,0.5,0.0,False,False,0.125,0.25,0.0
semantic_rag,5ac5101455429924173fb592,hybrid,0.0,0.0,False,False,0.0,0.0,0.0
semantic_rag,5ab91f98554299753720f70d,hybrid,0.0,0.0,False,False,0.0,0.0,0.0
semantic_rag,5ae6371155429929b0807af1,hybrid,0.0,0.0,False,False,0.0,0.0,0.0
semantic_rag,5ac1bff05542994ab5c67dfc,hybrid,1.0,1.0,True,True,1.0,1.0,1.0
semantic_rag,5a7c2f145542996dd594b8b4,hybrid,0.0,0.0,False,False,0.0,0.0,0.0
semantic_rag,5a81e4e8554299676cceb140,hybrid,0.0,0.0,False,False,0.0,0.0,0.0
semantic_rag,5a83041355429966c78a6ae8,local,0.5,0.6666666666666666,False,True,0.5416666666666666,0.75,0.3333333333333333
semantic_rag,5ab7fa7b5542992aa3b8c897,local,0.5,0.0,False,False,0.125,0.25,0.0
semantic_rag,5a8cee9b554299441c6b9f87,hybrid,0.0,0.0,False,False,0.0,0.0,0.0
semantic_rag,5ab67bf255429954757d32f5,hybrid,0.0,0.0,False,False,0.0,0.0,0.0
semantic_rag,5a77d65055429949eeb29f7b,hybrid,0.0,0.0,False,False,0.0,0.0,0.0
semantic_rag,5a7f3f7c55429934daa2fd45,local,0.0,0.0,False,False,0.0,0.0,0.0
semantic_rag,5ade811e5542992fa25da7a0,hybrid,0.0,0.0,False,False,0.0,0.0,0.0
semantic_rag,5a7633ff5542994ccc918712,hybrid,1.0,1.0,True,True,1.0,1.0,1.0
semantic_rag,5a88a1475542997e5c09a646,local,0.8,0.5,False,True,0.575,0.9,0.25
semantic_rag,5a8887a055429938390d3f72,hybrid,1.0,1.0,True,True,1.0,1.0,1.0
semantic_rag,5a86399e5542994775f60733,hybrid,0.5,0.0,False,False,0.125,0.25,0.0
semantic_rag,5a84c0765542991dd0999dd9,hybrid,0.5,0.0,False,False,0.125,0.25,0.0
semantic_rag,5adf17f95542995ec70e8f6c,hybrid,0.5,0.0,False,True,0.375,0.75,0.0
semantic_rag,5a7f5ab65542995d8a8dde43,hybrid,0.5,0.0,False,False,0.125,0.25,0.0
semantic_rag,5a8cec13554299441c6b9f7d,local,0.0,0.0,False,False,0.0,0.0,0.0
semantic_rag,5abce9ca554299114383a193,hybrid,0.0,0.0,False,False,0.0,0.0,0.0
semantic_rag,5a7a1b845542990783324e5f,hybrid,0.0,0.0,False,False,0.0,0.0,0.0
semantic_rag,5a7363ec5542991f29ee2dd7,hybrid,1.0,1.0,True,True,1.0,1.0,1.0
semantic_rag,5a77321355429972597f1493,local,0.5,0.0,False,False,0.125,0.25,0.0
semantic_rag,5ab5cd4f554299488d4d9a31,hybrid,0.0,0.0,False,False,0.0,0.0,0.0
semantic_rag,5a83411655429966c78a6b5d,hybrid,0.0,0.0,False,False,0.0,0.0,0.0
semantic_rag,5a8d50fb55429941ae14dfa2,hybrid,1.0,0.0,False,True,0.5,1.0,0.0
semantic_rag,5ae80919554299540e5a56f6,hybrid,0.0,0.0,False,False,0.0,0.0,0.0
semantic_rag,5ab2b8fe5542991669774070,hybrid,0.5,0.0,False,False,0.125,0.25,0.0
semantic_rag,5a8d0efd5542994ba4e3dbc6,hybrid,0.0,0.0,False,False,0.0,0.0,0.0
semantic_rag,5a7125b95542994082a3e5d5,hybrid,0.0,0.0,False,False,0.0,0.0,0.0
semantic_rag,5a8a6a2155429930ff3c0dd0,local,0.0,0.0,False,False,0.0,0.0,0.0
semantic_rag,5ae834e95542997ec272776a,hybrid,0.5,0.0,False,True,0.375,0.75,0.0
semantic_rag,5a7ab51055429927d897bef6,hybrid,0.0,0.0,False,False,0.0,0.0,0.0
semantic_rag,5ae250b45542996483e64977,hybrid,0.0,0.1,False,False,0.025,0.0,0.05
semantic_rag,5a733c925542991f9a20c6b7,local,0.0,0.0,False,False,0.0,0.0,0.0
semantic_rag,5a7e5ec25542991319bc947a,local,0.33,1.0,True,True,0.8325,0.665,1.0
semantic_rag,5adbf2805542994650320c15,hybrid,0.0,0.0,False,False,0.0,0.0,0.0
semantic_rag,5a845e9055429933447460ec,hybrid,0.8,0.0,False,False,0.2,0.4,0.0
semantic_rag,5a820c0c554299676cceb1fc,hybrid,0.0,0.0,False,False,0.0,0.0,0.0
semantic_rag,5a88bd1d554299206df2b357,hybrid,0.0,0.0,False,False,0.0,0.0,0.0
semantic_rag,5a79332555429907847277e7,local,0.0,0.5454545454545454,False,True,0.3863636363636363,0.5,0.2727272727272727
semantic_rag,5abd516a5542992ac4f3825c,hybrid,0.0,0.0,False,False,0.0,0.0,0.0
semantic_rag,5add26075542994ed6169c9c,hybrid,1.0,1.0,True,True,1.0,1.0,1.0
semantic_rag,5a901f735542990a98493591,hybrid,0.5,0.0,False,False,0.125,0.25,0.0
semantic_rag,5ab840e255429934fafe6d3b,hybrid,0.5,0.0,False,False,0.125,0.25,0.0
semantic_rag,5ac3d4b6554299204fd21e93,local,1.0,1.0,True,True,1.0,1.0,1.0
semantic_rag,5a73b2cb55429908901be31a,hybrid,0.0,0.0,False,False,0.0,0.0,0.0
semantic_rag,5ac29cf8554299218029dac2,hybrid,0.0,0.0,False,False,0.0,0.0,0.0
semantic_rag,5ae686535542996d980e7bdc,hybrid,0.0,0.0,False,False,0.0,0.0,0.0
semantic_rag,5a8aa1685542992d82986f32,hybrid,1.0,1.0,True,True,1.0,1.0,1.0
semantic_rag,5a7d7deb5542995f4f402282,hybrid,1.0,1.0,True,True,1.0,1.0,1.0
semantic_rag,5a8c622a554299240d9c2142,hybrid,0.5,0.8,False,False,0.325,0.25,0.4
semantic_rag,5a7b81715542997c3ec971d4,hybrid,0.0,0.0,False,False,0.0,0.0,0.0
semantic_rag,5ae0c29c5542993d6555ec46,hybrid,0.0,0.0,False,False,0.0,0.0,0.0
semantic_rag,5a7c290c5542990527d55468,hybrid,1.0,1.0,True,True,1.0,1.0,1.0
semantic_rag,5a876f785542993e715abf42,local,0.5,0.0,False,False,0.125,0.25,0.0
semantic_rag,5ae1e6d95542997283cd22c3,hybrid,0.0,1.0,True,True,0.75,0.5,1.0
semantic_rag,5ae10df355429920d52342ac,hybrid,0.5,0.0,False,False,0.125,0.25,0.0
semantic_rag,5ae4d8475542993aec5ec0e0,hybrid,0.0,0.0,False,False,0.0,0.0,0.0
semantic_rag,5ab94cf0554299743d22eade,hybrid,0.5,0.0,False,False,0.125,0.25,0.0
semantic_rag,5ae479745542996836b02cb1,hybrid,0.0,0.0,False,False,0.0,0.0,0.0
semantic_rag,5a852cd05542997b5ce3ffb0,hybrid,0.0,0.0,False,False,0.0,0.0,0.0
semantic_rag,5a8babf05542996e8ac8899e,local,1.0,1.0,True,True,1.0,1.0,1.0
semantic_rag,5a82fcbd55429954d2e2ebe8,hybrid,0.0,0.0,False,False,0.0,0.0,0.0
semantic_rag,5a77c60255429967ab105285,hybrid,0.0,0.1538461538461538,False,False,0.0384615384615384,0.0,0.0769230769230769
semantic_rag,5adf39ce5542995534e8c76d,hybrid,0.0,0.0,False,False,0.0,0.0,0.0
semantic_rag,5ae694a15542991bbc976141,hybrid,0.0,0.0,False,False,0.0,0.0,0.0
semantic_rag,5ae13bca55429901ffe4ae17,hybrid,0.0,0.0,False,False,0.0,0.0,0.0
semantic_rag,5a8a265b5542992d82986ecc,local,0.0,0.0,False,False,0.0,0.0,0.0
semantic_rag,5a77121a5542994aec3b71db,local,1.0,0.1176470588235294,False,True,0.5294117647058824,1.0,0.0588235294117647
semantic_rag,5ae6911955429908198fa626,hybrid,0.5,0.0,False,False,0.125,0.25,0.0
semantic_rag,5ae53de455429908b6326599,hybrid,0.0,0.0,False,False,0.0,0.0,0.0
semantic_rag,5a813b6f55429903bc27b951,hybrid,1.0,1.0,True,True,1.0,1.0,1.0
semantic_rag,5a84b4005542991dd0999d99,hybrid,0.0,0.0,False,False,0.0,0.0,0.0
semantic_rag,5a8cca64554299653c1aa125,hybrid,0.5,0.0,False,False,0.125,0.25,0.0
semantic_rag,5ab8ed305542991b5579f046,hybrid,0.5,0.6666666666666666,False,True,0.5416666666666666,0.75,0.3333333333333333
semantic_rag,5ae0b2f25542993d6555ec1c,hybrid,1.0,0.0,False,False,0.25,0.5,0.0
semantic_rag,5ae207a65542994d89d5b317,local,0.5,0.0,False,False,0.125,0.25,0.0
semantic_rag,5a75383a5542996c70cfaeb3,local,0.5,0.8,False,True,0.575,0.75,0.4
semantic_rag,5ae3fd2c5542995dadf2428f,local,0.5,0.0,True,True,0.625,0.75,0.5
semantic_rag,5abffd10554299012d1db556,hybrid,0.0,0.0,False,False,0.0,0.0,0.0
semantic_rag,5a8f812755429918e830d245,hybrid,0.5,0.0,False,False,0.125,0.25,0.0
semantic_rag,5ae520315542993aec5ec152,hybrid,0.5,0.0,False,False,0.125,0.25,0.0
semantic_rag,5a7631cd5542994ccc91870c,hybrid,0.5,0.0,False,False,0.125,0.25,0.0
semantic_rag,5ac26eed55429951e9e685bf,hybrid,0.5,0.0,False,False,0.125,0.25,0.0
semantic_rag,5a7e37095542995ed0d166d5,local,0.0,1.0,True,True,0.75,0.5,1.0
semantic_rag,5adf72d35542992d7e9f9369,local,0.0,0.0,False,False,0.0,0.0,0.0
semantic_rag,5a876b265542993e715abf33,local,0.5,0.0,False,False,0.125,0.25,0.0
semantic_rag,5a77ddb855429967ab1052d8,hybrid,0.5,0.5714285714285715,False,True,0.5178571428571429,0.75,0.2857142857142857
semantic_rag,5adcc3ed5542994d58a2f6c4,hybrid,0.0,0.0,False,False,0.0,0.0,0.0
semantic_rag,5a76f5b155429972597f1400,hybrid,0.0,0.0,False,False,0.0,0.0,0.0
semantic_rag,5ae2c696554299495565db32,hybrid,0.5,0.0,False,False,0.125,0.25,0.0
semantic_rag,5a875154554299211dda2be7,hybrid,0.5,0.6666666666666666,False,True,0.5416666666666666,0.75,0.3333333333333333
semantic_rag,5a84cf175542992a431d1aa2,local,0.0,0.0,False,False,0.0,0.0,0.0
semantic_rag,5ae675245542991bbc9760dc,hybrid,0.0,0.0,False,False,0.0,0.0,0.0
semantic_rag,5a80b0565542996402f6a5f0,local,0.0,0.0,False,False,0.0,0.0,0.0
semantic_rag,5adde3a45542997545bbbdc2,local,0.5,1.0,True,True,0.875,0.75,1.0
semantic_rag,5ac26b7f55429951e9e685ae,hybrid,0.0,0.0,False,False,0.0,0.0,0.0
semantic_rag,5adf39295542992d7e9f92df,local,0.0,0.0,False,False,0.0,0.0,0.0
semantic_rag,5abc19705542993a06baf86e,hybrid,1.0,1.0,True,True,1.0,1.0,1.0
semantic_rag,5ae6914755429908198fa627,hybrid,0.0,0.0,False,False,0.0,0.0,0.0
semantic_rag,5adc9b7a5542994d58a2f679,hybrid,0.5,0.0,False,False,0.125,0.25,0.0
semantic_rag,5a721dfd55429971e9dc928b,hybrid,0.8,0.6666666666666666,False,False,0.3666666666666667,0.4,0.3333333333333333
semantic_rag,5a8b50475542997f31a41cd4,hybrid,0.5,0.0,False,False,0.125,0.25,0.0
semantic_rag,5a860aa6554299211dda2a45,local,0.0,0.0,False,False,0.0,0.0,0.0
semantic_rag,5ae4585c5542996836b02c89,local,0.5,0.0,False,False,0.125,0.25,0.0
semantic_rag,5adfcb5455429906c02daa48,hybrid,0.0,0.0,False,False,0.0,0.0,0.0
semantic_rag,5a77a41a5542997042120ab9,hybrid,0.0,0.0,False,False,0.0,0.0,0.0
semantic_rag,5a8759395542994775f607e0,hybrid,0.0,0.0,False,False,0.0,0.0,0.0
semantic_rag,5a84992e5542992a431d1a6d,hybrid,0.5,0.0,False,False,0.125,0.25,0.0
semantic_rag,5ac1bce45542994ab5c67def,local,0.5,0.0,False,False,0.125,0.25,0.0
semantic_rag,5ac0641f554299294b218fbe,hybrid,0.5,0.0,False,False,0.125,0.25,0.0
semantic_rag,5a87954f5542996e4f308856,local,1.0,1.0,True,True,1.0,1.0,1.0
semantic_rag,5a8bc03d5542996e8ac88a0b,hybrid,0.5,0.0,False,False,0.125,0.25,0.0
semantic_rag,5ab8869155429916710eb081,hybrid,1.0,0.8,False,True,0.7,1.0,0.4
semantic_rag,5adde17f5542992200553b87,hybrid,0.8,0.0,False,False,0.2,0.4,0.0
semantic_rag,5a776ac75542993569682d9b,hybrid,0.0,0.0,False,False,0.0,0.0,0.0
semantic_rag,5ae70ed7554299572ea546a1,hybrid,0.0,0.0,False,False,0.0,0.0,0.0
semantic_rag,5ae1fbf05542997f29b3c1e7,hybrid,0.0,0.0,False,False,0.0,0.0,0.0
semantic_rag,5ac1c9a15542994ab5c67e1c,hybrid,0.5,0.0,False,False,0.125,0.25,0.0
semantic_rag,5a77c8905542995d831812ce,hybrid,0.0,0.0,False,False,0.0,0.0,0.0
semantic_rag,5a89f68f5542992e4fca84b6,hybrid,0.5,0.0,False,False,0.125,0.25,0.0
semantic_rag,5a7f62405542992e7d278cf0,hybrid,0.0,0.0,False,False,0.0,0.0,0.0
semantic_rag,5a7ca4485542990527d554f1,hybrid,0.5,0.0,False,False,0.125,0.25,0.0
semantic_rag,5a8347d65542996488c2e3f6,hybrid,0.0,0.0,False,False,0.0,0.0,0.0
semantic_rag,5ab8634e5542990e739ec8de,hybrid,0.5,0.0,False,False,0.125,0.25,0.0
semantic_rag,5ab85e9e55429934fafe6d8b,hybrid,0.0,1.0,True,True,0.75,0.5,1.0
semantic_rag,5a79c9c05542994bb94570a5,hybrid,0.5,0.8,False,False,0.325,0.25,0.4
semantic_rag,5a8c616f5542995e66a475de,hybrid,0.0,0.0,False,False,0.0,0.0,0.0
semantic_rag,5ab90fdd55429916710eb0fc,hybrid,0.5,0.6666666666666666,False,True,0.5416666666666666,0.75,0.3333333333333333
semantic_rag,5abe7f695542993f32c2a12d,hybrid,0.5,0.0,False,False,0.125,0.25,0.0
semantic_rag,5abeb0da5542997ec76fd34b,local,0.0,0.0,False,False,0.0,0.0,0.0
semantic_rag,5a7521c55542993748c897c6,local,0.5,0.0,False,False,0.125,0.25,0.0
semantic_rag,5adfda5255429942ec259b5e,hybrid,0.0,0.0,False,False,0.0,0.0,0.0
semantic_rag,5abaeda95542992ccd8e7e5d,hybrid,0.0,0.0,False,False,0.0,0.0,0.0
semantic_rag,5ae68e0055429908198fa607,hybrid,0.5,0.0,False,False,0.125,0.25,0.0
semantic_rag,5a7577785542992d0ec05fa0,hybrid,1.0,1.0,True,True,1.0,1.0,1.0
semantic_rag,5a7d147955429909bec76942,hybrid,0.5,0.6666666666666666,False,True,0.5416666666666666,0.75,0.3333333333333333
semantic_rag,5a83a2a15542993344746063,hybrid,0.0,0.6666666666666666,False,True,0.4166666666666666,0.5,0.3333333333333333
semantic_rag,5ac079e9554299294b218fff,hybrid,0.5,0.0,False,False,0.125,0.25,0.0
semantic_rag,5adca8375542990d50227cd4,hybrid,0.0,0.0,False,True,0.25,0.5,0.0
semantic_rag,5add4f3a5542997545bbbd2c,hybrid,0.33,0.0,False,False,0.0825,0.165,0.0
semantic_rag,5ae26cb15542994d89d5b421,hybrid,1.0,1.0,True,True,1.0,1.0,1.0
semantic_rag,5a73cad5554299623ed4ac5e,hybrid,1.0,0.8,False,True,0.7,1.0,0.4
semantic_rag,5ae0d5335542990adbacf674,hybrid,0.5,0.4444444444444445,False,True,0.4861111111111111,0.75,0.2222222222222222
semantic_rag,5ab344fc55429969a97a811e,local,0.5,0.0,True,True,0.625,0.75,0.5
semantic_rag,5ae1319c55429920d5234301,hybrid,0.5,0.0,False,False,0.125,0.25,0.0
semantic_rag,5abee41a5542993fe9a41d79,hybrid,0.5,0.0,False,False,0.125,0.25,0.0
semantic_rag,5a7daad55542995f4f4022b7,hybrid,0.0,0.0,False,False,0.0,0.0,0.0
semantic_rag,5a8ff6635542995651fb5086,local,0.0,0.4,False,False,0.1,0.0,0.2
semantic_rag,5ae3c0cc5542992f92d82369,hybrid,0.5,1.0,True,True,0.875,0.75,1.0
semantic_rag,5a8485fa5542992a431d1a41,hybrid,1.0,1.0,True,True,1.0,1.0,1.0
semantic_rag,5ae1389655429901ffe4ae05,hybrid,0.0,1.0,True,True,0.75,0.5,1.0
semantic_rag,5a7b73ad5542997c3ec9718c,hybrid,0.5,0.0,False,False,0.125,0.25,0.0
semantic_rag,5a7a68d25542996c55b2dd98,hybrid,0.5,0.0,False,False,0.125,0.25,0.0
semantic_rag,5ae2bb545542992decbdcd88,hybrid,0.5,0.0,False,False,0.125,0.25,0.0
semantic_rag,5a8f47a55542997ba9cb3219,hybrid,1.0,1.0,True,True,1.0,1.0,1.0
semantic_rag,5ab1ebff5542993be8fa9882,local,0.0,0.0,False,False,0.0,0.0,0.0
semantic_rag,5a7fd7305542992e7d278dc2,hybrid,1.0,1.0,True,True,1.0,1.0,1.0
semantic_rag,5abb8aaf5542993f40c73b1c,hybrid,0.0,0.0,False,False,0.0,0.0,0.0
semantic_rag,5abba584554299642a094afa,hybrid,0.0,0.0,False,False,0.0,0.0,0.0
semantic_rag,5a804510554299485f5985af,hybrid,0.0,0.0,False,False,0.0,0.0,0.0
semantic_rag,5abb11c15542992ccd8e7ef8,hybrid,1.0,1.0,True,True,1.0,1.0,1.0
semantic_rag,5ae376a35542990afbd1e163,local,0.0,0.0,False,False,0.0,0.0,0.0
semantic_rag,5adc5b875542996e68525328,hybrid,0.8,0.0,False,False,0.2,0.4,0.0
semantic_rag,5ae6b6065542991bbc976168,hybrid,1.0,1.0,True,True,1.0,1.0,1.0
semantic_rag,5a79d2fe5542994f819ef0c3,local,1.0,1.0,True,True,1.0,1.0,1.0
semantic_rag,5ab38cdd5542992ade7c6de2,hybrid,1.0,1.0,True,True,1.0,1.0,1.0
semantic_rag,5ae73d235542991e8301cc29,hybrid,1.0,1.0,True,True,1.0,1.0,1.0
semantic_rag,5a7a33205542996a35c1712f,hybrid,1.0,1.0,True,True,1.0,1.0,1.0
semantic_rag,5a799dfb5542994bb9457029,hybrid,1.0,1.0,True,True,1.0,1.0,1.0
semantic_rag,5a71095e5542994082a3e4f3,hybrid,1.0,1.0,True,True,1.0,1.0,1.0
semantic_rag,5aba77be55429955dce3ee44,hybrid,0.33,0.0,False,False,0.0825,0.165,0.0
semantic_rag,5a8af94455429971feec45b6,hybrid,0.5,0.6666666666666666,False,True,0.5416666666666666,0.75,0.3333333333333333
semantic_rag,5abcedb355429959677d6b4f,hybrid,0.0,0.0,False,False,0.0,0.0,0.0
semantic_rag,5a713dcb5542994082a3e6d9,local,0.0,0.0,False,False,0.0,0.0,0.0
semantic_rag,5ae383e15542992f92d822fb,local,0.5,0.0,False,False,0.125,0.25,0.0
semantic_rag,5a85df525542994c784ddb9f,hybrid,0.0,0.0,False,False,0.0,0.0,0.0
semantic_rag,5a9030ef5542995651fb50e4,hybrid,0.5,0.0,False,False,0.125,0.25,0.0
semantic_rag,5a8a2d2155429930ff3c0cdc,hybrid,0.5,0.0,False,False,0.125,0.25,0.0
semantic_rag,5a88fa9e5542993b751ca8de,hybrid,0.0,0.0,False,False,0.0,0.0,0.0
semantic_rag,5ae7882b554299540e5a55dd,hybrid,0.0,0.0,False,False,0.0,0.0,0.0
semantic_rag,5a81dacc55429926c1cdada0,hybrid,0.0,0.0,False,False,0.0,0.0,0.0
semantic_rag,5ab322b1554299194fa93570,hybrid,0.5,0.0,False,False,0.125,0.25,0.0
semantic_rag,5a8a764555429930ff3c0de1,hybrid,0.0,0.0,False,False,0.0,0.0,0.0
semantic_rag,5a8d93bf554299068b959d46,local,0.0,0.0,False,False,0.0,0.0,0.0
semantic_rag,5abf04ae5542993fe9a41dbf,hybrid,0.5,0.0,False,False,0.125,0.25,0.0
semantic_rag,5ab55b0c554299488d4d995e,hybrid,0.5,0.0,False,False,0.125,0.25,0.0
semantic_rag,5ae4a1875542995ad6573dd2,hybrid,0.0,0.0,False,False,0.0,0.0,0.0
semantic_rag,5abae3205542996cc5e49edc,hybrid,0.0,0.0,False,False,0.0,0.0,0.0
semantic_rag,5ab5a4555542997d4ad1f19c,hybrid,0.0,1.0,True,True,0.75,0.5,1.0
semantic_rag,5abbd85a5542993f40c73be1,hybrid,0.0,0.8,False,True,0.45,0.5,0.4
semantic_rag,5abe731255429965af743f0e,local,0.5,0.0,False,False,0.125,0.25,0.0
semantic_rag,5a77bef05542992a6e59dfaf,hybrid,1.0,1.0,True,True,1.0,1.0,1.0
semantic_rag,5a9064d05542990a9849360f,hybrid,0.0,0.5,False,False,0.125,0.0,0.25
semantic_rag,5a8c30f6554299240d9c20d1,local,0.0,0.0,False,False,0.0,0.0,0.0
semantic_rag,5ae5ffbb5542996de7b71ad4,hybrid,0.5,0.0,False,True,0.375,0.75,0.0
semantic_rag,5ae213de5542997283cd23b9,local,0.5,0.0,True,True,0.625,0.75,0.5
semantic_rag,5a81cb2c5542990a1d231ec4,hybrid,0.5,0.0,False,False,0.125,0.25,0.0
semantic_rag,5a7605f85542994ccc91868d,local,0.5,0.8571428571428571,False,True,0.5892857142857143,0.75,0.4285714285714285
semantic_rag,5ae07b0155429945ae95935d,local,0.5,0.8,False,True,0.575,0.75,0.4
semantic_rag,5abcf17655429959677d6b5c,hybrid,0.0,0.0,False,False,0.0,0.0,0.0
semantic_rag,5ae1b1aa5542997283cd223f,hybrid,0.0,0.0,False,False,0.0,0.0,0.0
semantic_rag,5ab9587d55429970cfb8ea7e,hybrid,1.0,1.0,True,True,1.0,1.0,1.0
semantic_rag,5ab81cd955429916710eaff7,hybrid,0.5,0.0,False,False,0.125,0.25,0.0
semantic_rag,5a77a9df55429967ab10521c,hybrid,0.0,0.0,False,False,0.0,0.0,0.0
semantic_rag,5a85a2845542997175ce1fe1,local,0.5,0.0,True,True,0.625,0.75,0.5
semantic_rag,5a800ca555429969796c1bac,hybrid,0.0,0.0,False,False,0.0,0.0,0.0
semantic_rag,5a73c958554299623ed4ac5c,hybrid,0.0,0.0,False,False,0.0,0.0,0.0
semantic_rag,5ae528ed5542993aec5ec16e,hybrid,1.0,1.0,True,True,1.0,1.0,1.0
semantic_rag,5a8aee2c55429970aeb70338,local,0.5,0.0,True,True,0.625,0.75,0.5
semantic_rag,5ae7ef625542994a481bbe40,hybrid,0.0,0.2857142857142857,False,False,0.0714285714285714,0.0,0.1428571428571428
semantic_rag,5ae2cda55542992decbdcdb7,hybrid,0.5,0.8,False,True,0.575,0.75,0.4
semantic_rag,5a7af1a955429931da12c98f,local,1.0,1.0,True,True,1.0,1.0,1.0
semantic_rag,5a8b017155429949d91db463,hybrid,1.0,1.0,True,True,1.0,1.0,1.0
semantic_rag,5abe535055429976d4830aea,hybrid,0.0,0.0,False,False,0.0,0.0,0.0
semantic_rag,5ae3f2d25542995ad6573ccc,hybrid,0.5,1.0,True,True,0.875,0.75,1.0
semantic_rag,5a74122f55429929fddd83da,hybrid,0.0,0.0,False,False,0.0,0.0,0.0
semantic_rag,5ae803915542994a481bbe80,hybrid,0.5,0.8571428571428571,False,True,0.5892857142857143,0.75,0.4285714285714285
semantic_rag,5a734e6d5542994cef4bc528,local,0.5,0.25,False,False,0.1875,0.25,0.125
semantic_rag,5ae3bb0d5542992f92d82357,hybrid,0.0,0.0,False,False,0.0,0.0,0.0
semantic_rag,5a7624b85542992db947372c,hybrid,0.0,0.0,False,False,0.0,0.0,0.0
semantic_rag,5a8091515542996402f6a563,local,1.0,1.0,True,True,1.0,1.0,1.0
semantic_rag,5a7a1b165542996c55b2dd10,local,0.0,0.0,False,False,0.0,0.0,0.0
semantic_rag,5ac38bf355429939154137ba,hybrid,0.0,0.0,False,False,0.0,0.0,0.0
semantic_rag,5a7502715542996c70cfae74,hybrid,0.0,0.0,False,False,0.0,0.0,0.0
semantic_rag,5a724ba25542990c210a40c7,hybrid,0.0,0.0,False,False,0.0,0.0,0.0
semantic_rag,5abd0b6b5542996e802b46b4,hybrid,0.8,0.0,False,False,0.2,0.4,0.0
semantic_rag,5ac00f795542996f0d89cb16,hybrid,0.0,0.0,False,False,0.0,0.0,0.0
semantic_rag,5ac3af895542995ef918c1f0,hybrid,0.5,0.1428571428571428,False,False,0.1607142857142857,0.25,0.0714285714285714
semantic_rag,5ac3bab155429939154138fb,hybrid,0.5,0.0,False,False,0.125,0.25,0.0
semantic_rag,5ab1f13e554299449642c81c,hybrid,0.5,0.5,False,True,0.5,0.75,0.25
semantic_rag,5a7652435542992d0ec060a5,local,0.5,0.5,False,True,0.5,0.75,0.25
semantic_rag,5ade881f5542992fa25da7af,hybrid,0.5,0.8,False,True,0.575,0.75,0.4
semantic_rag,5a83e98e5542992ef85e2387,hybrid,0.0,0.0,False,False,0.0,0.0,0.0
semantic_rag,5a7b60605542995eb53be931,hybrid,1.0,1.0,True,True,1.0,1.0,1.0
semantic_rag,5a8df1a65542995085b3735f,hybrid,0.5,0.0,False,False,0.125,0.25,0.0
semantic_rag,5a7e0c045542995f4f4023c5,local,0.0,0.0,False,False,0.0,0.0,0.0
semantic_rag,5a81711455429938b614233e,local,0.0,0.0,False,False,0.0,0.0,0.0
semantic_rag,5ac275f155429921a00aaf82,hybrid,0.5,0.0,False,False,0.125,0.25,0.0
semantic_rag,5a7ed5af5542994959419a84,local,0.0,0.0,False,False,0.0,0.0,0.0
semantic_rag,5a83ed9b55429933447460b8,local,0.5,0.0,False,False,0.125,0.25,0.0
semantic_rag,5ae648b955429929b0807b1d,hybrid,0.5,0.0,False,False,0.125,0.25,0.0
semantic_rag,5a8f24cc55429924144829e7,hybrid,0.0,0.6666666666666666,False,True,0.4166666666666666,0.5,0.3333333333333333
semantic_rag,5addda9b5542992200553b5b,hybrid,0.0,0.0,False,False,0.0,0.0,0.0
semantic_rag,5a77c4fe55429967ab10527b,hybrid,1.0,1.0,True,True,1.0,1.0,1.0
semantic_rag,5adce36e5542990d50227d55,hybrid,0.5,0.0,False,False,0.125,0.25,0.0
semantic_rag,5a8f155e554299458435d54c,hybrid,0.0,0.0,False,False,0.0,0.0,0.0
semantic_rag,5ac532335542994611c8b41c,hybrid,1.0,1.0,True,True,1.0,1.0,1.0
semantic_rag,5a77ba6c55429967ab10524c,hybrid,0.0,0.0,False,False,0.0,0.0,0.0
semantic_rag,5ac3b0885542995ef918c1f8,hybrid,1.0,1.0,True,True,1.0,1.0,1.0
semantic_rag,5ab6006a554299110f2199b5,hybrid,0.5,0.0,False,False,0.125,0.25,0.0
semantic_rag,5ab53ad6554299488d4d9917,hybrid,0.0,0.0,False,False,0.0,0.0,0.0
semantic_rag,5a844fd35542990548d0b274,local,0.5,0.0,False,False,0.125,0.25,0.0
semantic_rag,5ab2d1c45542992953946877,hybrid,1.0,0.8571428571428571,True,True,0.9642857142857144,1.0,0.9285714285714286
semantic_rag,5a71674f5542994082a3e819,hybrid,0.0,0.0,False,False,0.0,0.0,0.0
semantic_rag,5a8f38fa55429924144829f5,hybrid,0.0,0.0,False,False,0.0,0.0,0.0
semantic_rag,5a7a651b5542990783324f40,hybrid,0.5,0.0,False,False,0.125,0.25,0.0
semantic_rag,5a76a0005542993569682c64,local,1.0,0.8,False,True,0.7,1.0,0.4
semantic_rag,5a8747915542994775f607bb,hybrid,0.0,0.0,False,False,0.0,0.0,0.0
semantic_rag,5ae66b055542995703ce8b61,hybrid,0.0,0.0,False,False,0.0,0.0,0.0
semantic_rag,5ab5dc44554299494045f089,hybrid,1.0,1.0,True,True,1.0,1.0,1.0
semantic_rag,5ae0d9c555429924de1b719a,hybrid,1.0,1.0,True,True,1.0,1.0,1.0
semantic_rag,5a7ec95b55429934daa2fc67,local,0.5,0.0,True,True,0.625,0.75,0.5
semantic_rag,5ac4ec9955429924173fb4da,hybrid,0.0,0.0,False,False,0.0,0.0,0.0
semantic_rag,5ac097b05542996f0d89cc18,local,0.5,0.0,False,True,0.375,0.75,0.0
semantic_rag,5ac270025542990b17b15390,hybrid,0.0,0.0,False,False,0.0,0.0,0.0
semantic_rag,5a863d2d5542991e771815d2,hybrid,0.5,0.0,False,False,0.125,0.25,0.0
semantic_rag,5ab1e76c554299449642c800,hybrid,0.5,0.0,False,False,0.125,0.25,0.0
semantic_rag,5a8a9bc15542996c9b8d5f36,hybrid,0.5,0.0,False,False,0.125,0.25,0.0
semantic_rag,5a84f5195542994c784dda9d,hybrid,0.0,0.0,False,False,0.0,0.0,0.0
semantic_rag,5a8b515e55429971feec46bb,hybrid,0.5,0.0,False,False,0.125,0.25,0.0
semantic_rag,5ab44ab25542991779162c58,local,0.0,0.0,False,False,0.0,0.0,0.0
semantic_rag,5ab701395542991d3222373a,hybrid,0.0,0.0,False,False,0.0,0.0,0.0
semantic_rag,5ae5305b5542990ba0bbb1f5,hybrid,1.0,1.0,True,True,1.0,1.0,1.0
semantic_rag,5ae0b60655429945ae959437,hybrid,0.5,0.3333333333333333,False,True,0.4583333333333333,0.75,0.1666666666666666
semantic_rag,5a8fc0065542997ba9cb3318,hybrid,0.5,0.0,False,False,0.125,0.25,0.0
semantic_rag,5ac036b95542992a796deccd,hybrid,0.5,0.0,False,False,0.125,0.25,0.0
semantic_rag,5ac1a2f755429964131be258,hybrid,0.0,0.0,False,False,0.0,0.0,0.0
semantic_rag,5ac41379554299204fd21ef1,local,0.5,0.0,True,True,0.625,0.75,0.5
semantic_rag,5ac2ba4855429921a00ab048,hybrid,0.0,0.0,False,False,0.0,0.0,0.0
semantic_rag,5a7119f75542994082a3e58e,hybrid,0.0,0.0,False,False,0.0,0.0,0.0
semantic_rag,5ac55c135542993e66e82345,hybrid,0.5,0.0,False,False,0.125,0.25,0.0
semantic_rag,5ae7fde25542994a481bbe66,hybrid,0.0,0.0,False,False,0.0,0.0,0.0
semantic_rag,5ac54ca45542993e66e822d5,hybrid,0.5,0.0,False,False,0.125,0.25,0.0
semantic_rag,5a8da1815542994ba4e3dcd7,hybrid,0.0,0.0,False,False,0.0,0.0,0.0
semantic_rag,5ae2075f5542994d89d5b315,hybrid,0.0,0.0,False,False,0.0,0.0,0.0
semantic_rag,5abe953b5542993f32c2a170,hybrid,0.0,0.2857142857142857,False,False,0.0714285714285714,0.0,0.1428571428571428
semantic_rag,5abff0645542994516f45539,local,0.5,1.0,True,True,0.875,0.75,1.0
semantic_rag,5a7199725542994082a3e88f,local,0.5,0.0,False,False,0.125,0.25,0.0
semantic_rag,5abbd7985542992ccd8e7fb8,hybrid,0.5,0.0,False,False,0.125,0.25,0.0
semantic_rag,5a80ae105542992bc0c4a7a2,local,0.0,0.0,False,False,0.0,0.0,0.0
semantic_rag,5ab9cfb455429970cfb8ebae,local,0.0,0.0,False,False,0.0,0.0,0.0
semantic_rag,5ae4c01e55429913cc2044f3,hybrid,1.0,1.0,True,True,1.0,1.0,1.0
semantic_rag,5ae7922f5542994a481bbdac,hybrid,0.0,0.0,False,False,0.0,0.0,0.0
semantic_rag,5ac2f1d1554299218029dba4,local,0.5,0.0,False,False,0.125,0.25,0.0
semantic_rag,5ac09da45542996f0d89cc1d,local,0.0,0.0,False,False,0.0,0.0,0.0
semantic_rag,5ab42d5755429942dd415eaf,hybrid,0.0,0.0,False,False,0.0,0.0,0.0
semantic_rag,5ae5d7b755429929b08079cd,hybrid,0.0,0.0,False,False,0.0,0.0,0.0
semantic_rag,5a8198565542995ce29dcc13,local,0.5,0.0,True,True,0.625,0.75,0.5
semantic_rag,5ac3271e554299218029dbd3,hybrid,0.5,0.0,False,False,0.125,0.25,0.0
semantic_rag,5a8baf775542996e8ac889c8,hybrid,0.0,0.0,False,False,0.0,0.0,0.0
semantic_rag,5abbdb195542993f40c73bf1,local,0.0,0.5714285714285715,False,True,0.3928571428571429,0.5,0.2857142857142857
semantic_rag,5ac46cb85542991943173987,hybrid,0.0,0.0,False,False,0.0,0.0,0.0
semantic_rag,5ab69e8755429954757d3334,hybrid,0.0,0.0,False,False,0.0,0.0,0.0
semantic_rag,5adfd22255429906c02daa4f,hybrid,1.0,1.0,True,True,1.0,1.0,1.0
semantic_rag,5add2b435542990d50227e11,hybrid,0.0,0.0,False,False,0.0,0.0,0.0
semantic_rag,5a8d0d7b55429941ae14df79,hybrid,1.0,0.6666666666666666,False,True,0.6666666666666666,1.0,0.3333333333333333
semantic_rag,5a874e9b554299211dda2bd3,hybrid,0.5,0.0,False,False,0.125,0.25,0.0
semantic_rag,5a7c3178554299683c1c62e1,hybrid,0.5,0.0,False,False,0.125,0.25,0.0
semantic_rag,5a8ee6145542990e94052bab,hybrid,0.5,0.3333333333333333,False,False,0.2083333333333333,0.25,0.1666666666666666
semantic_rag,5a8b7e9c5542995d1e6f13c1,local,0.5,0.0,False,False,0.125,0.25,0.0
semantic_rag,5ae020f5554299025d62a41b,hybrid,1.0,1.0,True,True,1.0,1.0,1.0
semantic_rag,5a7cc28f554299452d57ba1c,hybrid,0.5,0.0,False,False,0.125,0.25,0.0
semantic_rag,5a7e08305542995f4f4023ab,local,0.5,0.0,False,False,0.125,0.25,0.0
semantic_rag,5adf0ae45542992d7e9f9286,hybrid,0.5,0.0,False,False,0.125,0.25,0.0
semantic_rag,5a82efe355429966c78a6aa1,hybrid,0.0,0.3333333333333333,False,False,0.0833333333333333,0.0,0.1666666666666666
semantic_rag,5a86204d5542994775f60709,hybrid,0.5,0.0,False,False,0.125,0.25,0.0
semantic_rag,5ab930655542991b5579f12a,local,0.5,1.0,True,True,0.875,0.75,1.0
semantic_rag,5abc32cb55429959677d6a40,hybrid,0.0,0.0,False,False,0.0,0.0,0.0
semantic_rag,5a8dee2455429917b4a5bce1,hybrid,0.0,0.0,False,False,0.0,0.0,0.0
semantic_rag,5a75e7b255429976ec32bc95,local,0.0,0.0,False,False,0.0,0.0,0.0
semantic_rag,5a8c8502554299585d9e36d0,hybrid,1.0,1.0,True,True,1.0,1.0,1.0
semantic_rag,5ae3de615542992f92d823a5,hybrid,0.5,0.0,False,False,0.125,0.25,0.0
semantic_rag,5abee75f5542993fe9a41d8e,hybrid,0.5,1.0,True,True,0.875,0.75,1.0
semantic_rag,5a8f73455542997ba9cb3269,hybrid,0.5,0.0,False,False,0.125,0.25,0.0
semantic_rag,5a7a9b9a5542990198eaf160,hybrid,1.0,1.0,True,True,1.0,1.0,1.0
semantic_rag,5ab66b63554299110f219a0a,local,0.5,0.0,False,False,0.125,0.25,0.0
semantic_rag,5ae457a95542996836b02c85,hybrid,0.0,0.0,False,False,0.0,0.0,0.0
semantic_rag,5ac1c73e55429964131be28a,hybrid,0.0,0.0,False,False,0.0,0.0,0.0
semantic_rag,5adef1b35542993a75d263af,hybrid,0.0,0.0,False,False,0.0,0.0,0.0
semantic_rag,5ab29956554299194fa9342d,hybrid,0.0,0.0,False,False,0.0,0.0,0.0
semantic_rag,5a7b1d3b5542992d025e677a,hybrid,0.5,0.8,False,False,0.325,0.25,0.4
semantic_rag,5ac373195542995ef918c199,hybrid,0.0,0.0,False,False,0.0,0.0,0.0
semantic_rag,5a7e052d5542995f4f40238e,hybrid,0.5,0.0,False,False,0.125,0.25,0.0
semantic_rag,5ac41850554299194317390b,hybrid,1.0,1.0,True,True,1.0,1.0,1.0
semantic_rag,5a8c06bb5542995e66a47530,hybrid,0.0,0.0,False,False,0.0,0.0,0.0
semantic_rag,5a8fc3b155429933b8a20454,hybrid,0.0,0.0,False,False,0.0,0.0,0.0
semantic_rag,5ab94acd554299743d22eac6,hybrid,0.0,0.0,False,False,0.0,0.0,0.0
semantic_rag,5ac1b1345542994ab5c67dd0,hybrid,1.0,1.0,True,True,1.0,1.0,1.0
semantic_rag,5ac3b04f55429939154138b7,hybrid,1.0,1.0,True,True,1.0,1.0,1.0
semantic_rag,5adf0cbd5542993a75d263e0,hybrid,0.0,0.0,False,False,0.0,0.0,0.0
semantic_rag,5ae3790f5542992e3233c415,local,1.0,0.0,True,True,0.75,1.0,0.5
semantic_rag,5a7b820c5542997c3ec971d8,hybrid,0.5,0.0,False,False,0.125,0.25,0.0
semantic_rag,5a90b1a15542990a984936ab,hybrid,0.0,0.0,False,False,0.0,0.0,0.0
semantic_rag,5a7cdc1b55429907fabef04d,hybrid,0.0,0.0,False,False,0.0,0.0,0.0
semantic_rag,5a8e08d35542995085b37395,hybrid,0.5,1.0,True,True,0.875,0.75,1.0
semantic_rag,5a7a9a2255429941d65f26eb,hybrid,1.0,0.6666666666666666,False,True,0.6666666666666666,1.0,0.3333333333333333
semantic_rag,5a87ee7b55429938390d3eb6,hybrid,0.0,0.0,False,False,0.0,0.0,0.0
semantic_rag,5a8ba92c554299240d9c2071,hybrid,1.0,1.0,True,True,1.0,1.0,1.0
semantic_rag,5a8b036d55429971feec45fe,local,0.5,0.8,False,True,0.575,0.75,0.4
semantic_rag,5adfed45554299603e4183c5,local,0.0,0.0,False,False,0.0,0.0,0.0
semantic_rag,5adbf84555429947ff17387c,local,0.5,0.0,True,True,0.625,0.75,0.5
semantic_rag,5ac2dfac554299657fa290b3,hybrid,0.5,0.0,False,False,0.125,0.25,0.0
semantic_rag,5ae0cddc55429945ae959459,hybrid,1.0,0.0,False,True,0.5,1.0,0.0
semantic_rag,5abb02fe554299232ef4a39f,hybrid,1.0,1.0,True,True,1.0,1.0,1.0
semantic_rag,5ac43d575542997ea680ca39,hybrid,0.5,0.0,False,False,0.125,0.25,0.0
semantic_rag,5a82817555429954d2e2eb5a,hybrid,0.5,0.5,False,False,0.25,0.25,0.25
semantic_rag,5adce0f455429947343537bd,hybrid,0.5,0.6666666666666666,False,True,0.5416666666666666,0.75,0.3333333333333333
semantic_rag,5ac21bac5542991316484bf2,hybrid,0.5,1.0,True,True,0.875,0.75,1.0
semantic_rag,5a84fea85542994c784ddabf,local,0.0,0.0,False,False,0.0,0.0,0.0
semantic_rag,5ae7690c5542995703ce8c22,hybrid,0.0,0.0,False,False,0.0,0.0,0.0
semantic_rag,5a7e7c725542991319bc94be,hybrid,0.0,0.0,False,False,0.0,0.0,0.0
semantic_rag,5a70f39c5542994082a3e429,hybrid,1.0,1.0,True,True,1.0,1.0,1.0
semantic_rag,5a8332815542993344745fe9,hybrid,0.0,0.0,False,False,0.0,0.0,0.0
semantic_rag,5adf227a5542992d7e9f92a6,hybrid,0.0,1.0,True,True,0.75,0.5,1.0
semantic_rag,5ae6143f5542996de7b71b2d,hybrid,0.0,0.0,False,False,0.0,0.0,0.0
semantic_rag,5ae6368a5542992ae0d16284,hybrid,0.5,0.0,False,False,0.125,0.25,0.0
semantic_rag,5ae759b25542991e8301cc6b,hybrid,0.0,1.0,True,True,0.75,0.5,1.0
semantic_rag,5ac4d2cd5542995c82c4ad73,hybrid,0.8,1.0,True,True,0.95,0.9,1.0
semantic_rag,5adf4b335542993a75d264a5,hybrid,0.0,0.0,False,False,0.0,0.0,0.0
semantic_rag,5a8b04df55429950cd6afc49,hybrid,0.5,0.0,False,False,0.125,0.25,0.0
semantic_rag,5ae7da705542993210983f96,hybrid,1.0,1.0,True,True,1.0,1.0,1.0
semantic_rag,5a8ec4875542995a26add508,hybrid,0.5,0.4,False,False,0.225,0.25,0.2
semantic_rag,5ae7d0675542994a481bbdf2,hybrid,1.0,1.0,True,True,1.0,1.0,1.0
semantic_rag,5ab209ec554299722f9b4ca2,hybrid,0.5,0.0,False,False,0.125,0.25,0.0
semantic_rag,5a7a4a1d5542990198eaf108,hybrid,0.5,0.0,False,False,0.125,0.25,0.0
semantic_rag,5a7ce6bf55429909bec7686c,hybrid,0.0,0.0,False,False,0.0,0.0,0.0
semantic_rag,5a732aa055429901807daf9f,hybrid,0.0,0.0,False,False,0.0,0.0,0.0
semantic_rag,5abec2ca5542997719eab5b9,local,0.5,0.0,False,False,0.125,0.25,0.0
semantic_rag,5a7f3bcd55429930675136c3,hybrid,0.0,0.0,False,False,0.0,0.0,0.0
semantic_rag,5ab3e577554299233954ffe3,local,0.0,0.0,False,False,0.0,0.0,0.0
semantic_rag,5a90c8165542995651fb51ee,hybrid,0.5,0.8,False,True,0.575,0.75,0.4
semantic_rag,5ab27389554299722f9b4d2f,hybrid,0.0,0.0,False,False,0.0,0.0,0.0
semantic_rag,5abe19895542991f661060c2,local,1.0,1.0,True,True,1.0,1.0,1.0
semantic_rag,5ab3c05d55429969a97a81aa,hybrid,0.0,0.0,False,False,0.0,0.0,0.0
semantic_rag,5ab9ccef55429955dce3ed86,hybrid,0.5,0.0,False,False,0.125,0.25,0.0
semantic_rag,5a72c6565542992359bc31a7,hybrid,0.0,0.0,False,False,0.0,0.0,0.0
semantic_rag,5a72908f5542994cef4bc33b,local,0.5,0.8,False,True,0.575,0.75,0.4
semantic_rag,5a73830d55429908901be2da,hybrid,1.0,1.0,True,True,1.0,1.0,1.0
semantic_rag,5a7982435542994bb945701f,hybrid,0.0,0.0,False,False,0.0,0.0,0.0
semantic_rag,5ae5c8cf554299546bf82f5f,hybrid,0.0,0.0,False,False,0.0,0.0,0.0
semantic_rag,5ae0132d55429925eb1afc00,hybrid,0.5,0.0,False,False,0.125,0.25,0.0
semantic_rag,5adf9d135542995534e8c817,local,0.5,0.0,True,True,0.625,0.75,0.5
semantic_rag,5abbc2245542992ccd8e7f8a,hybrid,0.5,0.0,False,False,0.125,0.25,0.0
semantic_rag,5a83c56d5542996488c2e4c3,hybrid,1.0,1.0,True,True,1.0,1.0,1.0
semantic_rag,5ab870ed55429934fafe6db9,hybrid,0.5,0.0,False,False,0.125,0.25,0.0
semantic_rag,5abb76fa5542992ccd8e7f48,hybrid,1.0,1.0,True,True,1.0,1.0,1.0
semantic_rag,5a7b55bc55429927d897bf98,hybrid,1.0,0.0,False,True,0.5,1.0,0.0
semantic_rag,5ae518ae5542993aec5ec13c,local,0.5,0.0,True,True,0.625,0.75,0.5
semantic_rag,5ac1c18855429964131be279,hybrid,0.0,0.0,False,False,0.0,0.0,0.0
semantic_rag,5ac199955542994ab5c67d8c,hybrid,0.0,1.0,True,True,0.75,0.5,1.0
semantic_rag,5ae27f22554299495565da8d,hybrid,1.0,1.0,True,True,1.0,1.0,1.0
semantic_rag,5ac2680055429963665199a8,hybrid,0.5,0.0,False,False,0.125,0.25,0.0
semantic_rag,5ae351405542994393b9e67f,hybrid,0.5,0.0,False,False,0.125,0.25,0.0
semantic_rag,5ae1da385542997283cd2297,hybrid,0.5,0.0,False,False,0.125,0.25,0.0
semantic_rag,5adc69ef554299438c868daf,local,1.0,1.0,True,True,1.0,1.0,1.0
semantic_rag,5a7a954855429941d65f26cd,hybrid,0.0,0.0,False,False,0.0,0.0,0.0
semantic_rag,5ab9ddaa5542994dbf019873,hybrid,0.5,0.6666666666666666,False,True,0.5416666666666666,0.75,0.3333333333333333
semantic_rag,5abbdd565542993f40c73bfb,hybrid,0.5,0.4,False,True,0.475,0.75,0.2
semantic_rag,5a8b544855429950cd6afcae,local,0.5,0.0,False,False,0.125,0.25,0.0
semantic_rag,5aba480c55429939ce03dc77,hybrid,0.5,0.0,False,False,0.125,0.25,0.0
semantic_rag,5a8518a75542994c784ddaf7,local,1.0,0.6666666666666666,False,True,0.6666666666666666,1.0,0.3333333333333333
semantic_rag,5a81b43d5542995ce29dcc39,hybrid,0.5,0.0,False,False,0.125,0.25,0.0
semantic_rag,5a79e3925542994bb9457130,local,1.0,0.2857142857142857,False,False,0.3214285714285714,0.5,0.1428571428571428
semantic_rag,5adbf34955429947ff173862,local,0.5,0.0,False,True,0.375,0.75,0.0
semantic_rag,5ac5275755429924173fb617,hybrid,0.0,0.5,False,True,0.375,0.5,0.25
semantic_rag,5a77519c55429972597f14fa,hybrid,0.0,0.0,False,False,0.0,0.0,0.0
semantic_rag,5a7a05485542990783324def,hybrid,0.5,0.0,False,False,0.125,0.25,0.0
semantic_rag,5ae3fd195542995dadf2428d,local,0.0,0.0,False,False,0.0,0.0,0.0
semantic_rag,5ab3b2c4554299233954ff8a,hybrid,0.0,1.0,True,True,0.75,0.5,1.0
semantic_rag,5a74f7f15542993748c89765,hybrid,0.0,0.0,False,False,0.0,0.0,0.0
semantic_rag,5abaad5855429901930fa88f,local,0.5,0.0,False,False,0.125,0.25,0.0
semantic_rag,5a770eb65542994aec3b71d4,hybrid,0.0,0.0,False,False,0.0,0.0,0.0
semantic_rag,5a7a845755429941d65f2684,local,0.5,0.0,False,False,0.125,0.25,0.0
semantic_rag,5ab42b24554299753aec5a43,hybrid,0.0,0.0,False,False,0.0,0.0,0.0
semantic_rag,5a8141cc55429938b6142316,local,0.5,1.0,True,True,0.875,0.75,1.0
semantic_rag,5abdb8ba5542993f32c2a015,hybrid,0.5,0.0,False,False,0.125,0.25,0.0
semantic_rag,5ab90f5755429934fafe6e57,hybrid,1.0,1.0,True,True,1.0,1.0,1.0
semantic_rag,5a8492ab5542992a431d1a5b,hybrid,0.0,0.5714285714285715,False,True,0.3928571428571429,0.5,0.2857142857142857
semantic_rag,5a83c3275542996488c2e4be,hybrid,0.0,0.0,False,False,0.0,0.0,0.0
semantic_rag,5a8bde565542995d1e6f1454,local,1.0,1.0,True,True,1.0,1.0,1.0
semantic_rag,5ac249bd55429951e9e68528,hybrid,0.33,0.0,False,False,0.0825,0.165,0.0
semantic_rag,5a80f4c2554299260e20a1da,hybrid,0.0,0.0,False,False,0.0,0.0,0.0
semantic_rag,5ae12fcf5542990adbacf72c,local,0.5,0.0,False,False,0.125,0.25,0.0
semantic_rag,5a898872554299669944a540,hybrid,1.0,1.0,True,True,1.0,1.0,1.0
semantic_rag,5ade858a55429975fa854eea,local,0.0,0.0,False,False,0.0,0.0,0.0
semantic_rag,5a8f54165542992414482a52,hybrid,0.5,0.0,False,False,0.125,0.25,0.0
semantic_rag,5a8b448255429971feec468c,hybrid,0.0,0.0,False,False,0.0,0.0,0.0
semantic_rag,5a8f18d555429918e830d189,hybrid,0.0,0.0,False,False,0.0,0.0,0.0
semantic_rag,5ae7308d5542991e8301cbb8,hybrid,0.0,0.0,False,False,0.0,0.0,0.0
semantic_rag,5ae305355542992decbdcdc2,hybrid,0.5,0.0,False,False,0.125,0.25,0.0
semantic_rag,5a8530cc5542992a431d1aeb,hybrid,0.0,0.0,False,False,0.0,0.0,0.0
semantic_rag,5adc459255429944faac24ad,hybrid,0.5,0.0,False,False,0.125,0.25,0.0
semantic_rag,5a866fed554299211dda2b2e,hybrid,0.5,0.0,False,False,0.125,0.25,0.0
semantic_rag,5abeafbb5542997ec76fd347,local,0.0,0.0,False,False,0.0,0.0,0.0
semantic_rag,5ab6391755429953192ad2a7,hybrid,0.0,0.0,False,False,0.0,0.0,0.0
semantic_rag,5a7c68575542996dd594b91c,hybrid,0.0,0.0,False,False,0.0,0.0,0.0
semantic_rag,5ac524e55542994611c8b3d0,hybrid,0.0,0.0,False,False,0.0,0.0,0.0
semantic_rag,5abed6905542990832d3a0ed,hybrid,0.0,0.0,False,False,0.0,0.0,0.0
semantic_rag,5a7bd791554299683c1c62c2,hybrid,0.5,0.0,False,False,0.125,0.25,0.0
semantic_rag,5ae75a5a5542991bbc9761f3,hybrid,0.0,0.0,False,False,0.0,0.0,0.0
semantic_rag,5a7741775542994aec3b724f,hybrid,0.0,0.0,False,False,0.0,0.0,0.0
semantic_rag,5a80d2c6554299260e20a17c,hybrid,0.0,0.5,False,True,0.375,0.5,0.25
semantic_rag,5a8a1b7a5542992d82986ec0,hybrid,0.5,0.0,False,False,0.125,0.25,0.0
semantic_rag,5a8638945542994775f6072d,local,0.0,0.0,False,False,0.0,0.0,0.0
semantic_rag,5adc2e3d554299438c868d6b,hybrid,0.0,0.0,False,False,0.0,0.0,0.0
semantic_rag,5ae5f3bb5542996de7b71a7e,hybrid,0.0,0.0,False,False,0.0,0.0,0.0
semantic_rag,5a85d25b5542996432c570ee,hybrid,0.5,0.6666666666666666,False,True,0.5416666666666666,0.75,0.3333333333333333
semantic_rag,5ab66fd355429954757d32b7,hybrid,0.0,0.0,False,False,0.0,0.0,0.0
semantic_rag,5a7153d05542994082a3e7dc,local,1.0,1.0,True,True,1.0,1.0,1.0
semantic_rag,5ae249925542994d89d5b3c1,local,1.0,1.0,True,True,1.0,1.0,1.0
semantic_rag,5ac170af5542994d76dcce20,local,0.5,0.0,False,False,0.125,0.25,0.0
semantic_rag,5a80cddd554299260e20a169,hybrid,0.5,0.0,False,False,0.125,0.25,0.0
semantic_rag,5a89ab1355429946c8d6e996,local,0.0,0.0,False,False,0.0,0.0,0.0
semantic_rag,5a7319bc5542992359bc3235,local,0.5,0.0,False,False,0.125,0.25,0.0
semantic_rag,5ae638865542992ae0d1628c,hybrid,0.0,0.0,False,False,0.0,0.0,0.0
semantic_rag,5a72af155542992359bc316c,hybrid,1.0,1.0,True,True,1.0,1.0,1.0
semantic_rag,5abd09585542996e802b469b,hybrid,0.5,0.0,False,False,0.125,0.25,0.0
semantic_rag,5a71214d5542994082a3e5b9,hybrid,0.0,0.0,False,False,0.0,0.0,0.0
semantic_rag,5a8a0cb75542992d82986e7d,hybrid,0.5,0.0,False,False,0.125,0.25,0.0
semantic_rag,5a79c7ac5542994bb9457097,hybrid,0.0,0.0,False,False,0.0,0.0,0.0
semantic_rag,5abbc96755429931dba1452c,hybrid,0.0,0.0,False,False,0.0,0.0,0.0
semantic_rag,5ade664555429939a52fe89c,hybrid,0.5,0.0,False,False,0.125,0.25,0.0
semantic_rag,5a8a06c35542992d82986e57,hybrid,1.0,1.0,True,True,1.0,1.0,1.0
semantic_rag,5ae2cbc9554299495565db36,hybrid,0.0,0.5,False,True,0.375,0.5,0.25
semantic_rag,5abf16965542993fe9a41dd3,hybrid,0.5,0.0,False,False,0.125,0.25,0.0
semantic_rag,5ab7ccf455429928e1fe3910,hybrid,0.0,0.0,False,False,0.0,0.0,0.0
semantic_rag,5abd0b685542996583600501,hybrid,0.5,1.0,True,True,0.875,0.75,1.0
semantic_rag,5a7fa08d55429969796c1af7,local,0.0,0.0,False,False,0.0,0.0,0.0
semantic_rag,5a7306a655429901807daf67,hybrid,0.0,0.0,False,False,0.0,0.0,0.0
semantic_rag,5adce2ee5542992c1e3a2461,hybrid,1.0,1.0,True,True,1.0,1.0,1.0
semantic_rag,5ab4f7fc5542991779162d43,hybrid,0.5,0.0,False,False,0.125,0.25,0.0
semantic_rag,5ae0d3da5542990adbacf66d,hybrid,0.5,0.3333333333333333,False,False,0.2083333333333333,0.25,0.1666666666666666
semantic_rag,5a81d19b55429926c1cdad90,hybrid,0.5,0.6666666666666666,False,True,0.5416666666666666,0.75,0.3333333333333333
semantic_rag,5ab4fd0b55429942dd415fbb,hybrid,0.5,0.0,False,False,0.125,0.25,0.0
semantic_rag,5ae5d0b5554299546bf82f80,hybrid,0.0,0.0,False,False,0.0,0.0,0.0
semantic_rag,5a78e9d155429970f5fffdcc,local,0.5,0.0,False,False,0.125,0.25,0.0
semantic_rag,5a8adc935542992d82986fb0,local,1.0,1.0,True,True,1.0,1.0,1.0
semantic_rag,5a8763475542996e4f3087c0,hybrid,0.0,0.0,False,False,0.0,0.0,0.0
semantic_rag,5a8c7232554299585d9e36a6,hybrid,1.0,1.0,True,True,1.0,1.0,1.0
semantic_rag,5ac156d05542994ab5c67ce9,local,0.5,0.0,False,False,0.125,0.25,0.0
semantic_rag,5adcc9f35542990d50227d20,local,1.0,1.0,True,True,1.0,1.0,1.0
semantic_rag,5ae1d656554299234fd04322,local,0.5,1.0,True,True,0.875,0.75,1.0
semantic_rag,5ae788fa55429952e35ea964,hybrid,0.5,0.0,False,False,0.125,0.25,0.0
semantic_rag,5adf39d45542992d7e9f92e5,local,1.0,0.6666666666666666,False,True,0.6666666666666666,1.0,0.3333333333333333
semantic_rag,5ab503db5542990594ba9cc8,hybrid,0.0,0.0,False,False,0.0,0.0,0.0
semantic_rag,5ae617285542996de7b71b4c,hybrid,0.0,0.0,False,False,0.0,0.0,0.0
semantic_rag,5aba9e545542994dbf019986,hybrid,1.0,1.0,True,True,1.0,1.0,1.0
semantic_rag,5a8841195542994846c1ce65,hybrid,0.0,0.0,False,False,0.0,0.0,0.0
semantic_rag,5a80b8845542992bc0c4a7de,hybrid,0.0,0.0,False,False,0.0,0.0,0.0
semantic_rag,5add92885542990dbb2f7e72,hybrid,0.0,0.125,False,False,0.03125,0.0,0.0625
semantic_rag,5a8b595855429949d91db563,hybrid,0.5,0.0,False,True,0.375,0.75,0.0
semantic_rag,5a88e3cc5542997e5c09a6c2,hybrid,0.5,0.0,False,False,0.125,0.25,0.0
semantic_rag,5ac294b955429921a00aafd0,local,1.0,1.0,True,True,1.0,1.0,1.0
semantic_rag,5a75fa14554299109176e5dc,hybrid,0.0,0.0,False,False,0.0,0.0,0.0
semantic_rag,5adf88995542993344016cd4,hybrid,0.0,0.0,False,False,0.0,0.0,0.0
semantic_rag,5ae0850055429945ae959396,hybrid,0.5,0.0,False,False,0.125,0.25,0.0
semantic_rag,5ae835f25542997ec272776f,hybrid,0.0,0.0,False,False,0.0,0.0,0.0
semantic_rag,5a8d7a8d55429941ae14dfc2,hybrid,1.0,1.0,True,True,1.0,1.0,1.0
semantic_rag,5a8555ea5542992a431d1b07,hybrid,0.5,0.0,False,False,0.125,0.25,0.0
semantic_rag,5a7a8d15554299042af8f669,hybrid,0.5,0.0,False,False,0.125,0.25,0.0
semantic_rag,5a7bcbc8554299294a54aae2,local,1.0,1.0,True,True,1.0,1.0,1.0
semantic_rag,5a84807d554299123d8c2278,hybrid,0.0,0.0,False,False,0.0,0.0,0.0
semantic_rag,5a7a030c5542996a35c17077,hybrid,0.5,0.0,False,False,0.125,0.25,0.0
semantic_rag,5ae1388e5542997b2ef7d13a,hybrid,0.0,0.0,False,False,0.0,0.0,0.0
semantic_rag,5ae5a4e5554299546bf82f01,hybrid,0.5,0.0,False,False,0.125,0.25,0.0
semantic_rag,5a87c19a5542994846c1cde6,hybrid,0.5,0.0,False,False,0.125,0.25,0.0
semantic_rag,5a74af7e55429916b01641d2,hybrid,0.5,0.0,False,False,0.125,0.25,0.0
semantic_rag,5a7c8ae855429935c91b5207,hybrid,1.0,0.5,False,True,0.625,1.0,0.25
semantic_rag,5ab808b85542991d3222380d,hybrid,0.5,0.0,False,False,0.125,0.25,0.0
semantic_rag,5a7d158155429909bec76947,hybrid,0.0,0.0,False,True,0.25,0.5,0.0
semantic_rag,5abad70d5542996606241631,hybrid,0.0,0.0,False,False,0.0,0.0,0.0
semantic_rag,5a75092b55429916b0164242,hybrid,0.0,0.0,False,False,0.0,0.0,0.0
semantic_rag,5ae7766455429952e35ea920,hybrid,0.5,0.0,False,True,0.375,0.75,0.0
semantic_rag,5a840e395542992ef85e239d,local,0.5,0.0,True,True,0.625,0.75,0.5
semantic_rag,5ac023045542996f0d89cb32,hybrid,0.0,0.0,False,False,0.0,0.0,0.0
semantic_rag,5ac0b6b15542996f0d89cc1e,hybrid,1.0,1.0,True,True,1.0,1.0,1.0
semantic_rag,5a7b24fe55429931da12c9f7,local,0.5,0.0,False,False,0.125,0.25,0.0
semantic_rag,5abf8ae85542990832d3a14b,hybrid,0.0,0.0,False,False,0.0,0.0,0.0
semantic_rag,5a77e2095542995d8318131d,hybrid,1.0,1.0,True,True,1.0,1.0,1.0
semantic_rag,5a775f615542993735360250,hybrid,0.0,0.0,False,False,0.0,0.0,0.0
semantic_rag,5ade15a45542997545bbbe46,local,0.0,0.0,False,False,0.0,0.0,0.0
semantic_rag,5abf2e605542993fe9a41de4,local,0.0,1.0,True,True,0.75,0.5,1.0
semantic_rag,5ab5744e554299494045efdf,hybrid,1.0,0.0,False,False,0.25,0.5,0.0
semantic_rag,5a7c6d98554299683c1c6304,hybrid,0.0,0.0,False,False,0.0,0.0,0.0
semantic_rag,5ab864945542990e739ec8e1,hybrid,0.5,0.0,False,False,0.125,0.25,0.0
semantic_rag,5adcb4ae5542994734353774,hybrid,0.5,0.0,False,False,0.125,0.25,0.0
semantic_rag,5a8675b1554299211dda2b44,local,1.0,0.0,True,True,0.75,1.0,0.5
semantic_rag,5ac11201554299294b21908c,hybrid,0.0,0.0,False,False,0.0,0.0,0.0
semantic_rag,5ae663b05542992ae0d16316,hybrid,1.0,0.6666666666666666,False,True,0.6666666666666666,1.0,0.3333333333333333
semantic_rag,5a9057795542990a984935f7,hybrid,0.0,0.0,False,False,0.0,0.0,0.0
semantic_rag,5a8d0e4e5542994ba4e3dbbf,hybrid,0.5,0.8,False,True,0.575,0.75,0.4
semantic_rag,5ab4313a554299233955004c,hybrid,0.5,0.0,False,False,0.125,0.25,0.0
semantic_rag,5abaee665542992ccd8e7e5f,hybrid,0.5,1.0,True,True,0.875,0.75,1.0
semantic_rag,5ae16b925542997b2ef7d1e7,hybrid,0.8,0.0,False,True,0.45,0.9,0.0
semantic_rag,5a7faa215542995d8a8ddee8,hybrid,0.0,0.1428571428571428,False,False,0.0357142857142857,0.0,0.0714285714285714
semantic_rag,5a8add4c5542992d82986fb4,hybrid,0.0,0.0,False,False,0.0,0.0,0.0
semantic_rag,5ab9ba6855429970cfb8eb87,hybrid,1.0,1.0,True,True,1.0,1.0,1.0
semantic_rag,5abb7ea4554299642a094a96,local,0.0,0.0,False,False,0.0,0.0,0.0
semantic_rag,5ab94cca554299753720f7dd,hybrid,0.0,0.0,False,True,0.25,0.5,0.0
semantic_rag,5a83438955429966c78a6b61,hybrid,0.0,0.0,False,False,0.0,0.0,0.0
semantic_rag,5a7dff595542997cc2c474eb,hybrid,0.0,0.0,False,False,0.0,0.0,0.0
semantic_rag,5ac401bb55429919431738f4,hybrid,1.0,1.0,True,True,1.0,1.0,1.0
semantic_rag,5a77846f5542995d83181187,hybrid,0.0,0.0,False,False,0.0,0.0,0.0
semantic_rag,5aba6d4b5542994dbf019906,hybrid,0.5,0.0,False,False,0.125,0.25,0.0
semantic_rag,5a7da0915542990b8f5039d4,hybrid,0.0,0.0,False,False,0.0,0.0,0.0
semantic_rag,5a7499eb55429929fddd8470,hybrid,0.0,0.0,False,False,0.0,0.0,0.0
semantic_rag,5a7331705542991f9a20c67a,hybrid,1.0,1.0,True,True,1.0,1.0,1.0
semantic_rag,5a7d7d895542995f4f402281,hybrid,0.0,0.0,False,False,0.0,0.0,0.0
semantic_rag,5a873ec75542996432c57244,hybrid,1.0,0.6666666666666666,False,True,0.6666666666666666,1.0,0.3333333333333333
semantic_rag,5adf3ab95542992d7e9f92f3,hybrid,0.5,0.0,False,False,0.125,0.25,0.0
semantic_rag,5aba85335542994dbf01992d,local,0.5,0.0,False,False,0.125,0.25,0.0
semantic_rag,5adbe1c5554299438c868cc4,local,0.5,0.0,False,False,0.125,0.25,0.0
semantic_rag,5abd6a7455429933744ab7c5,hybrid,0.5,0.6666666666666666,True,True,0.7916666666666666,0.75,0.8333333333333333
semantic_rag,5adec62a55429975fa854f89,hybrid,0.0,0.0,False,False,0.0,0.0,0.0
semantic_rag,5abcf5ec55429959677d6b76,hybrid,0.0,0.0,False,False,0.0,0.0,0.0
semantic_rag,5a80a7f6554299485f598680,hybrid,0.8,1.0,True,True,0.95,0.9,1.0
semantic_rag,5ab281ec554299449642c8d1,hybrid,0.5,0.5,False,True,0.5,0.75,0.25
semantic_rag,5a7643675542994ccc918747,local,0.5,0.0,False,False,0.125,0.25,0.0
semantic_rag,5a88696b554299206df2b25b,local,0.5,0.0,False,False,0.125,0.25,0.0
semantic_rag,5a712af15542994082a3e614,hybrid,0.5,0.0,False,False,0.125,0.25,0.0
semantic_rag,5a7b43735542992d025e67cb,hybrid,0.5,0.0,False,False,0.125,0.25,0.0
semantic_rag,5ac25fa955429951e9e6858c,hybrid,0.0,0.0,False,False,0.0,0.0,0.0
semantic_rag,5a8077ca5542992bc0c4a729,hybrid,0.5,0.0,False,False,0.125,0.25,0.0
semantic_rag,5ac397fe554299218029dbe2,hybrid,0.0,0.0,False,False,0.0,0.0,0.0
semantic_rag,5ab9aed855429970cfb8eb6d,local,0.5,0.0,True,True,0.625,0.75,0.5
semantic_rag,5ac23f9555429951e9e684db,hybrid,0.0,0.0,False,False,0.0,0.0,0.0
semantic_rag,5ae76c625542997ec272763e,hybrid,0.5,0.0,False,False,0.125,0.25,0.0
semantic_rag,5ac3e0ab554299204fd21eae,hybrid,0.0,0.0,False,False,0.0,0.0,0.0
semantic_rag,5a8e69565542990e94052afb,hybrid,0.0,0.0,False,False,0.0,0.0,0.0
semantic_rag,5ae65c925542992ae0d162f9,hybrid,0.0,0.0,False,False,0.0,0.0,0.0
semantic_rag,5a9068f85542990a98493623,hybrid,0.5,0.0,False,False,0.125,0.25,0.0
semantic_rag,5ae238375542994d89d5b39a,hybrid,0.0,0.0,False,False,0.0,0.0,0.0
semantic_rag,5a80e4b255429938b6142239,hybrid,0.0,0.0,False,False,0.0,0.0,0.0
semantic_rag,5a8e40f65542995a26add498,hybrid,0.5,0.0,False,True,0.375,0.75,0.0
semantic_rag,5a7e1cad55429965cec5ea75,local,0.0,0.0,False,False,0.0,0.0,0.0
semantic_rag,5a7560585542992d0ec05f76,hybrid,0.5,0.6666666666666666,False,True,0.5416666666666666,0.75,0.3333333333333333
semantic_rag,5ae35e8c5542990afbd1e120,hybrid,0.5,0.3076923076923077,False,True,0.4519230769230769,0.75,0.1538461538461538
semantic_rag,5a8210f355429926c1cdae24,hybrid,0.0,0.0,False,False,0.0,0.0,0.0
semantic_rag,5a868ca055429960ec39b6be,hybrid,0.0,0.0,False,False,0.0,0.0,0.0
semantic_rag,5abdaa0f55429965af743dad,hybrid,0.0,0.3333333333333333,False,False,0.0833333333333333,0.0,0.1666666666666666
semantic_rag,5ae0613d5542993d6555eb22,hybrid,1.0,1.0,True,True,1.0,1.0,1.0
semantic_rag,5add3b035542997545bbbcce,hybrid,0.0,0.0,False,False,0.0,0.0,0.0
semantic_rag,5a85db6e5542994c784ddb96,hybrid,0.0,0.0,False,False,0.0,0.0,0.0
semantic_rag,5a7a88e455429941d65f268c,hybrid,0.5,0.0,False,False,0.125,0.25,0.0
semantic_rag,5a8b120755429949d91db4a4,hybrid,0.5,0.0,False,False,0.125,0.25,0.0
semantic_rag,5ac4f9dc55429924173fb533,hybrid,0.8,0.0,False,False,0.2,0.4,0.0
semantic_rag,5a8eb51655429917b4a5bdb5,hybrid,0.0,0.0,False,False,0.0,0.0,0.0
semantic_rag,5ae446fc5542995ad6573d24,hybrid,1.0,1.0,True,True,1.0,1.0,1.0
semantic_rag,5a905d085542995651fb5147,hybrid,0.5,0.0,False,False,0.125,0.25,0.0
semantic_rag,5a8327fd5542990548d0b1a3,hybrid,1.0,1.0,True,True,1.0,1.0,1.0
semantic_rag,5a80522b5542996402f6a4c1,hybrid,0.5,0.0,False,False,0.125,0.25,0.0
semantic_rag,5ab67c3f55429954757d32f9,local,0.5,0.0,True,True,0.625,0.75,0.5
semantic_rag,5a7da0de5542990b8f5039d7,local,0.0,0.0,False,False,0.0,0.0,0.0
semantic_rag,5ae2295c554299495565da13,hybrid,0.5,0.5,False,False,0.25,0.25,0.25
semantic_rag,5adf24155542992d7e9f92af,hybrid,0.5,0.0,False,False,0.125,0.25,0.0
semantic_rag,5ab2a54b554299295394678e,hybrid,0.0,0.0,False,False,0.0,0.0,0.0
semantic_rag,5a7f85505542995d8a8dde95,hybrid,1.0,1.0,True,True,1.0,1.0,1.0
semantic_rag,5ae60ea9554299546bf8304e,hybrid,0.5,0.6666666666666666,False,True,0.5416666666666666,0.75,0.3333333333333333
semantic_rag,5a77253455429972597f1449,hybrid,0.5,1.0,True,True,0.875,0.75,1.0
semantic_rag,5abaee845542996606241696,hybrid,0.0,0.0,False,False,0.0,0.0,0.0
semantic_rag,5ac13e195542994ab5c67cc5,hybrid,0.0,0.0,False,False,0.0,0.0,0.0
semantic_rag,5a7e283655429965cec5eaab,hybrid,0.0,0.0,False,False,0.0,0.0,0.0
semantic_rag,5a8baf4b5542996e8ac889c5,local,0.0,0.0,False,False,0.0,0.0,0.0
semantic_rag,5ae5b99a5542993aec5ec1ce,hybrid,0.0,0.0,False,False,0.0,0.0,0.0
semantic_rag,5abf08985542997719eab625,local,1.0,1.0,True,True,1.0,1.0,1.0
semantic_rag,5a8bb7f95542996e8ac889ff,hybrid,0.0,0.0,False,False,0.0,0.0,0.0
semantic_rag,5a7b1a225542992d025e6770,hybrid,0.0,0.0,False,False,0.0,0.0,0.0
semantic_rag,5ac0d5cf554299294b219026,hybrid,0.0,0.0,False,False,0.0,0.0,0.0
semantic_rag,5a8a756555429970aeb702f2,hybrid,0.0,0.0,False,False,0.0,0.0,0.0
semantic_rag,5a77b5c255429967ab10523c,hybrid,0.5,0.4,False,False,0.225,0.25,0.2
semantic_rag,5ab6c5be55429954757d336c,hybrid,0.0,0.0,False,False,0.0,0.0,0.0
semantic_rag,5a78f26055429970f5fffdeb,hybrid,0.5,0.8,False,True,0.575,0.75,0.4
semantic_rag,5ae5e8c85542996de7b71a69,hybrid,1.0,1.0,True,True,1.0,1.0,1.0
semantic_rag,5adf27775542993344016c00,hybrid,0.0,0.0,False,False,0.0,0.0,0.0
semantic_rag,5ade450b5542997c77adedc5,hybrid,0.0,0.1666666666666666,False,True,0.2916666666666667,0.5,0.0833333333333333
semantic_rag,5abbcba05542992ccd8e7fa3,hybrid,0.5,0.0,False,False,0.125,0.25,0.0
semantic_rag,5a75a0725542992d0ec05fc9,hybrid,1.0,0.5,False,True,0.625,1.0,0.25
semantic_rag,5ac2a23a55429967731025cc,hybrid,0.0,0.0,False,False,0.0,0.0,0.0
semantic_rag,5a7b66135542997c3ec97145,local,1.0,0.0,True,True,0.75,1.0,0.5
semantic_rag,5a72a9ac5542991f9a20c55f,hybrid,0.5,0.0,False,False,0.125,0.25,0.0
semantic_rag,5ae0819155429924de1b70ea,local,0.5,0.0,False,False,0.125,0.25,0.0
semantic_rag,5ab7ee895542995dae37e9f6,hybrid,0.5,1.0,True,True,0.875,0.75,1.0
semantic_rag,5a8f791c5542992414482ad9,hybrid,0.5,0.0,False,False,0.125,0.25,0.0
semantic_rag,5a712e895542994082a3e636,hybrid,0.5,0.0,False,False,0.125,0.25,0.0
semantic_rag,5a8398405542993344746050,hybrid,0.0,0.0,False,False,0.0,0.0,0.0
semantic_rag,5ab5e8935542997d4ad1f23b,hybrid,0.5,0.5,False,False,0.25,0.25,0.25
semantic_rag,5ae74818554299572ea547ad,hybrid,0.5,0.8,False,True,0.575,0.75,0.4
semantic_rag,5a739323554299623ed4abff,local,0.0,0.5,False,False,0.125,0.0,0.25
semantic_rag,5abc7bf75542993a06baf8f0,local,1.0,1.0,True,True,1.0,1.0,1.0
semantic_rag,5a72125055429971e9dc9241,hybrid,1.0,1.0,True,True,1.0,1.0,1.0
semantic_rag,5a7e1a5455429965cec5ea5f,hybrid,1.0,0.0,False,False,0.25,0.5,0.0
semantic_rag,5ab576c4554299637185c5a4,hybrid,1.0,1.0,True,True,1.0,1.0,1.0
semantic_rag,5a8466a75542993344746108,hybrid,0.0,0.0,False,False,0.0,0.0,0.0
semantic_rag,5a75f32055429976ec32bcb7,hybrid,0.0,0.0,False,False,0.0,0.0,0.0
semantic_rag,5a8762205542996e4f3087b8,local,1.0,0.0,True,True,0.75,1.0,0.5
semantic_rag,5ac1d4ad5542994d76dccef7,hybrid,0.5,0.0,False,False,0.125,0.25,0.0
semantic_rag,5a7150c75542994082a3e7be,hybrid,0.0,0.0,False,False,0.0,0.0,0.0
semantic_rag,5a9072dd5542990a98493656,local,0.5,0.0,False,False,0.125,0.25,0.0
semantic_rag,5a8d0be85542994ba4e3dbb2,hybrid,0.5,0.0,False,False,0.125,0.25,0.0
semantic_rag,5a7f924c55429969796c1aba,hybrid,0.0,0.0,False,False,0.0,0.0,0.0
semantic_rag,5adca5eb5542994d58a2f693,hybrid,1.0,1.0,True,True,1.0,1.0,1.0
semantic_rag,5a77474855429972597f14e4,local,1.0,1.0,True,True,1.0,1.0,1.0
semantic_rag,5a86edcc55429960ec39b6da,hybrid,1.0,1.0,True,True,1.0,1.0,1.0
semantic_rag,5a80762a5542996402f6a536,hybrid,0.5,0.0,False,False,0.125,0.25,0.0
semantic_rag,5a8bf6cf5542995e66a47525,hybrid,0.5,0.0,False,False,0.125,0.25,0.0
semantic_rag,5ae6545f5542991bbc9760c2,hybrid,0.0,0.0,False,False,0.0,0.0,0.0
semantic_rag,5a736aa95542991f29ee2dfa,hybrid,0.0,0.0,False,False,0.0,0.0,0.0
semantic_rag,5abeb1925542994516f453f0,hybrid,1.0,1.0,True,True,1.0,1.0,1.0
semantic_rag,5a8b5b1c5542995d1e6f1387,local,0.0,0.0,False,False,0.0,0.0,0.0
semantic_rag,5adf076f5542992d7e9f9277,hybrid,1.0,1.0,True,True,1.0,1.0,1.0
semantic_rag,5abc091555429965836003f6,hybrid,1.0,1.0,True,True,1.0,1.0,1.0
semantic_rag,5a7f95685542995d8a8ddeaa,hybrid,0.0,0.0,False,False,0.0,0.0,0.0
semantic_rag,5ab8903555429916710eb08e,hybrid,0.0,0.0,False,False,0.0,0.0,0.0
semantic_rag,5ae454355542996836b02c77,hybrid,0.5,0.0,False,False,0.125,0.25,0.0
semantic_rag,5abc095c5542993f40c73c5d,local,1.0,1.0,True,True,1.0,1.0,1.0
semantic_rag,5ade9545554299728e26c741,hybrid,0.0,0.0,False,False,0.0,0.0,0.0
semantic_rag,5ab8179f5542990e739ec817,hybrid,0.0,0.0,False,False,0.0,0.0,0.0
semantic_rag,5ae01fcf554299025d62a411,hybrid,0.0,0.0,False,False,0.0,0.0,0.0
semantic_rag,5ac1b8cd55429963665198fc,local,0.5,0.0,False,False,0.125,0.25,0.0
semantic_rag,5a83d0845542996488c2e4e6,hybrid,0.5,0.0,False,False,0.125,0.25,0.0
semantic_rag,5ae72b96554299572ea5474e,hybrid,1.0,1.0,True,True,1.0,1.0,1.0
semantic_rag,5ae4d15255429908b6326483,hybrid,0.5,0.0,False,False,0.125,0.25,0.0
semantic_rag,5a7d2aa05542995f4f40221f,hybrid,0.5,0.0,False,False,0.125,0.25,0.0
semantic_rag,5a906c795542990a98493640,hybrid,0.0,0.0,False,False,0.0,0.0,0.0
semantic_rag,5ade914b55429939a52fe8f9,hybrid,0.0,0.0,False,False,0.0,0.0,0.0
semantic_rag,5aba6f3e55429955dce3ee21,hybrid,0.0,0.0,False,False,0.0,0.0,0.0
semantic_rag,5a8dad37554299068b959d94,local,0.5,0.0,False,False,0.125,0.25,0.0
semantic_rag,5ae00de055429906c02daab5,hybrid,0.0,0.0,False,False,0.0,0.0,0.0
semantic_rag,5aba902455429901930fa834,hybrid,0.0,0.0,False,False,0.0,0.0,0.0
semantic_rag,5adea83b55429975fa854f53,hybrid,0.0,0.0,False,False,0.0,0.0,0.0
semantic_rag,5abbe4c0554299642a094bc0,hybrid,0.5,0.0,False,False,0.125,0.25,0.0
semantic_rag,5a893f305542993b751ca91e,hybrid,1.0,1.0,True,True,1.0,1.0,1.0
semantic_rag,5abef8fd5542990832d3a111,hybrid,0.5,0.0,False,False,0.125,0.25,0.0
semantic_rag,5adfc9a555429906c02daa42,hybrid,0.0,0.0,False,False,0.0,0.0,0.0
semantic_rag,5ae7954b554299540e5a5620,hybrid,0.0,0.0,False,False,0.0,0.0,0.0
semantic_rag,5abcf9d155429959677d6b90,hybrid,0.5,0.0,False,False,0.125,0.25,0.0
semantic_rag,5adc91865542994ed6169b93,hybrid,0.5,1.0,True,True,0.875,0.75,1.0
semantic_rag,5ab78a445542992aa3b8c826,hybrid,1.0,1.0,True,True,1.0,1.0,1.0
semantic_rag,5a727e1b5542991f9a20c497,hybrid,0.0,0.0,False,False,0.0,0.0,0.0
semantic_rag,5a7261635542997f8278398a,hybrid,0.5,0.0,False,False,0.125,0.25,0.0
semantic_rag,5ac560235542993e66e82396,local,0.0,0.0,False,False,0.0,0.0,0.0
semantic_rag,5a7cb9985542990527d55514,hybrid,0.0,0.0,False,False,0.0,0.0,0.0
semantic_rag,5a7f725355429969796c1a55,hybrid,0.0,0.0,False,False,0.0,0.0,0.0
semantic_rag,5a8dfae55542995085b3736b,local,0.0,0.0,False,False,0.0,0.0,0.0
semantic_rag,5adf86355542993344016cbd,hybrid,1.0,1.0,True,True,1.0,1.0,1.0
semantic_rag,5a7dc7735542990b8f503a93,hybrid,0.0,0.6666666666666666,False,True,0.4166666666666666,0.5,0.3333333333333333
semantic_rag,5a83a31c554299123d8c2179,hybrid,1.0,1.0,True,True,1.0,1.0,1.0
semantic_rag,5a8d64305542994ba4e3dc80,hybrid,1.0,0.6666666666666666,False,True,0.6666666666666666,1.0,0.3333333333333333
semantic_rag,5a733d5d5542991f29ee2d71,hybrid,0.5,0.0,False,False,0.125,0.25,0.0
semantic_rag,5ae3f1fb5542995ad6573cc1,hybrid,0.0,0.0,False,False,0.0,0.0,0.0
semantic_rag,5ab2e3a35542991669774124,hybrid,0.5,0.0,False,False,0.125,0.25,0.0
semantic_rag,5ac3e80b554299076e296ccd,hybrid,0.0,0.0,False,False,0.0,0.0,0.0
semantic_rag,5ac002705542996f0d89cb05,local,0.5,0.0,False,False,0.125,0.25,0.0
semantic_rag,5a7df5635542990b8f503b0a,hybrid,0.0,0.0,False,True,0.25,0.5,0.0
semantic_rag,5adfe0de55429925eb1afae9,hybrid,0.0,0.0,False,False,0.0,0.0,0.0
semantic_rag,5ab83bd055429919ba4e2279,hybrid,0.5,0.0,False,False,0.125,0.25,0.0
semantic_rag,5a8fb3af5542997ba9cb32ee,local,0.5,0.0,False,False,0.125,0.25,0.0
semantic_rag,5ae7ff745542994a481bbe6e,hybrid,0.0,0.0,False,False,0.0,0.0,0.0
semantic_rag,5ae394e05542990afbd1e18d,hybrid,0.0,0.0,False,False,0.0,0.0,0.0
semantic_rag,5adf3a4f5542992d7e9f92ec,local,1.0,1.0,True,True,1.0,1.0,1.0
semantic_rag,5ae826675542997ec2727733,hybrid,0.0,0.2857142857142857,False,False,0.0714285714285714,0.0,0.1428571428571428
semantic_rag,5a8c72545542995e66a475f3,hybrid,1.0,0.0,False,False,0.25,0.5,0.0
semantic_rag,5ae5d06a55429929b08079b4,hybrid,0.0,0.0,False,False,0.0,0.0,0.0
semantic_rag,5a7bbcd65542997c3ec97268,local,1.0,0.5714285714285715,False,True,0.6428571428571429,1.0,0.2857142857142857
semantic_rag,5ae32ce75542992f92d8223d,hybrid,0.0,0.0,False,False,0.0,0.0,0.0
semantic_rag,5a8cc8c2554299441c6b9efc,hybrid,0.5,0.0,False,False,0.125,0.25,0.0
semantic_rag,5a847e805542993344746140,hybrid,1.0,1.0,True,True,1.0,1.0,1.0
semantic_rag,5a77a7db5542995d8318124d,local,1.0,1.0,True,True,1.0,1.0,1.0
semantic_rag,5a74639a55429929fddd8404,hybrid,1.0,1.0,True,True,1.0,1.0,1.0
semantic_rag,5a713fb15542994082a3e6f0,local,0.5,0.0,False,False,0.125,0.25,0.0
semantic_rag,5ab9d13455429939ce03dc31,local,0.5,0.0,False,False,0.125,0.25,0.0
semantic_rag,5a8986fd55429938390d4046,hybrid,0.0,0.0,False,False,0.0,0.0,0.0
semantic_rag,5a89e1bf5542992e4fca8433,hybrid,0.0,0.0,False,False,0.0,0.0,0.0
semantic_rag,5adce88b5542992c1e3a249a,hybrid,0.5,0.0,False,False,0.125,0.25,0.0
semantic_rag,5a724a2b5542990c210a40bc,hybrid,0.0,0.0,False,False,0.0,0.0,0.0
semantic_rag,5ae54b4f5542990ba0bbb261,hybrid,0.0,0.0,False,False,0.0,0.0,0.0
semantic_rag,5a77c3d55542995d831812af,hybrid,0.0,0.0,False,False,0.0,0.0,0.0
semantic_rag,5abaa8b355429901930fa87f,hybrid,0.0,0.0,False,False,0.0,0.0,0.0
semantic_rag,5a716ec85542994082a3e82d,hybrid,1.0,1.0,True,True,1.0,1.0,1.0
semantic_rag,5a8456ef5542990548d0b289,hybrid,0.0,0.0,False,False,0.0,0.0,0.0
semantic_rag,5ac5382c5542996feb3fea43,hybrid,0.0,0.0,False,True,0.25,0.5,0.0
semantic_rag,5add95035542990dbb2f7e77,local,0.0,0.0,False,False,0.0,0.0,0.0
semantic_rag,5a7a567255429941d65f25bd,hybrid,0.0,0.0,False,False,0.0,0.0,0.0
semantic_rag,5adea0c5554299728e26c776,local,1.0,0.0,True,True,0.75,1.0,0.5
semantic_rag,5add38355542990dbb2f7dd0,hybrid,0.5,0.0,False,False,0.125,0.25,0.0
semantic_rag,5ae0af5555429945ae95941e,hybrid,1.0,1.0,True,True,1.0,1.0,1.0
semantic_rag,5a802ff25542992bc0c4a6d2,hybrid,0.0,0.0,False,False,0.0,0.0,0.0
semantic_rag,5adf099a5542992d7e9f927f,local,1.0,1.0,True,True,1.0,1.0,1.0
semantic_rag,5abbf7d755429931dba145eb,hybrid,0.0,0.0,False,False,0.0,0.0,0.0
semantic_rag,5a8f7a135542992414482adc,hybrid,0.5,0.0,False,False,0.125,0.25,0.0
semantic_rag,5ab3bcc55542992ade7c6e66,hybrid,0.0,0.0,False,False,0.0,0.0,0.0
semantic_rag,5ae3c5535542991a06ce9a20,local,1.0,1.0,True,True,1.0,1.0,1.0
semantic_rag,5ae2098e5542997f29b3c21b,hybrid,0.0,0.0,False,False,0.0,0.0,0.0
semantic_rag,5ab849d955429916710eb017,hybrid,0.5,0.6666666666666666,False,True,0.5416666666666666,0.75,0.3333333333333333
semantic_rag,5a82bc7455429940e5e1a926,hybrid,0.5,0.0,False,False,0.125,0.25,0.0
semantic_rag,5ac5484d5542994611c8b48d,hybrid,0.0,0.0,False,False,0.0,0.0,0.0
semantic_rag,5a89432b554299669944a519,hybrid,0.5,0.0,False,False,0.125,0.25,0.0
semantic_rag,5a8f077b554299458435d526,hybrid,0.0,0.0,False,False,0.0,0.0,0.0
semantic_rag,5a80735b554299485f5985f3,hybrid,0.5,0.0,False,False,0.125,0.25,0.0
semantic_rag,5adcceda5542990d50227d31,local,0.5,0.0,False,False,0.125,0.25,0.0
semantic_rag,5a8bd9c95542997f31a41de2,hybrid,0.0,0.5,False,True,0.375,0.5,0.25
semantic_rag,5ae08a0455429924de1b70fc,hybrid,0.0,0.0,False,False,0.0,0.0,0.0
semantic_rag,5a8b3f8a5542995d1e6f131f,hybrid,0.0,0.0,False,False,0.0,0.0,0.0
semantic_rag,5a8d5f16554299585d9e37c5,hybrid,1.0,1.0,True,True,1.0,1.0,1.0
semantic_rag,5ae37e525542992e3233c42d,hybrid,0.0,0.0,False,False,0.0,0.0,0.0
semantic_rag,5ab973b35542996be20204fd,hybrid,0.0,0.0,False,False,0.0,0.0,0.0
semantic_rag,5ab7c3df5542993667794003,hybrid,0.8,0.5714285714285715,False,False,0.3428571428571428,0.4,0.2857142857142857
semantic_rag,5ade8802554299728e26c72d,hybrid,0.0,0.0,False,False,0.0,0.0,0.0
semantic_rag,5ae4ea2a5542993aec5ec0ee,hybrid,0.5,0.0,False,False,0.125,0.25,0.0
semantic_rag,5abd44d955429933744ab760,hybrid,0.0,0.0,False,False,0.0,0.0,0.0
semantic_rag,5a75e62f5542992d0ec06013,hybrid,0.5,0.25,False,False,0.1875,0.25,0.125
semantic_rag,5ac173295542994ab5c67d45,local,0.0,0.0,False,False,0.0,0.0,0.0
semantic_rag,5ac1ff2255429964131be2b3,hybrid,0.5,0.0,False,False,0.125,0.25,0.0
semantic_rag,5a8838635542997e5c09a5a9,hybrid,0.5,0.0,False,False,0.125,0.25,0.0
semantic_rag,5a7e3a3f5542995ed0d166dd,local,0.0,0.0,False,False,0.0,0.0,0.0
semantic_rag,5a771de05542993569682cc8,hybrid,0.5,1.0,True,True,0.875,0.75,1.0
semantic_rag,5ab6bae95542995eadef0086,hybrid,1.0,0.8,True,True,0.95,1.0,0.9
semantic_rag,5ac46bb05542991943173983,local,0.5,0.0,True,True,0.625,0.75,0.5
semantic_rag,5ae7ed9555429952e35ea9e6,hybrid,1.0,0.0,False,True,0.5,1.0,0.0
semantic_rag,5ac18b585542994ab5c67d76,hybrid,0.0,0.0,False,False,0.0,0.0,0.0
semantic_rag,5a8e296f554299068b959e71,hybrid,0.5,0.0,False,False,0.125,0.25,0.0
semantic_rag,5a848eff5542990548d0b2cd,hybrid,0.5,0.6666666666666666,False,True,0.5416666666666666,0.75,0.3333333333333333
semantic_rag,5ae1d4e75542997f29b3c143,hybrid,0.5,0.0,False,False,0.125,0.25,0.0
semantic_rag,5ae0f97a5542997b2ef7d0c1,local,1.0,1.0,True,True,1.0,1.0,1.0
semantic_rag,5a7e14505542995ed0d16685,local,0.5,0.6666666666666666,False,True,0.5416666666666666,0.75,0.3333333333333333
semantic_rag,5a8e36835542995085b373e2,local,0.0,0.0,False,False,0.0,0.0,0.0
semantic_rag,5ae63e3255429929b0807aff,hybrid,1.0,1.0,True,True,1.0,1.0,1.0
semantic_rag,5adcfe5f5542992c1e3a24f0,hybrid,0.5,0.0,False,False,0.125,0.25,0.0
semantic_rag,5ac4f2e755429924173fb503,hybrid,0.5,0.0,False,False,0.125,0.25,0.0
semantic_rag,5adf50c05542992d7e9f931e,local,0.0,0.0,False,False,0.0,0.0,0.0
semantic_rag,5ae5b971554299546bf82f3a,hybrid,0.0,0.0,False,False,0.0,0.0,0.0
semantic_rag,5abbdc3f55429931dba145af,hybrid,0.0,0.0,False,False,0.0,0.0,0.0
semantic_rag,5ab71f7d554299110f219ab9,hybrid,0.5,0.6666666666666666,False,True,0.5416666666666666,0.75,0.3333333333333333
semantic_rag,5ae527945542993aec5ec167,hybrid,0.5,0.0,False,False,0.125,0.25,0.0
semantic_rag,5ae3ac665542994393b9e73f,hybrid,0.0,0.0,False,False,0.0,0.0,0.0
semantic_rag,5aba943c554299232ef4a33e,local,1.0,1.0,True,True,1.0,1.0,1.0
semantic_rag,5a7fb1b25542992097ad2fb2,hybrid,1.0,1.0,True,True,1.0,1.0,1.0
semantic_rag,5ae47df15542996836b02cba,hybrid,0.0,0.0,False,False,0.0,0.0,0.0
semantic_rag,5adbfaa655429947ff173888,hybrid,0.0,0.0,False,False,0.0,0.0,0.0
semantic_rag,5a7cffb755429907fabef09f,hybrid,0.0,0.0,False,False,0.0,0.0,0.0
semantic_rag,5a73354f5542991f9a20c687,hybrid,0.0,0.4,False,False,0.1,0.0,0.2
semantic_rag,5ae33fa95542990afbd1e0f2,local,0.5,0.0,False,False,0.125,0.25,0.0
semantic_rag,5a835c895542993344746009,hybrid,0.0,0.0,False,False,0.0,0.0,0.0
semantic_rag,5a776fc15542997042120a3a,hybrid,0.5,0.0,False,False,0.125,0.25,0.0
semantic_rag,5adf04c95542993a75d263d5,hybrid,0.5,0.4,False,False,0.225,0.25,0.2
semantic_rag,5a84a8ce5542997175ce1f1c,hybrid,0.0,0.0,False,False,0.0,0.0,0.0
semantic_rag,5a75eda35542994ccc918661,hybrid,0.0,0.0,False,False,0.0,0.0,0.0
semantic_rag,5adf33965542993344016c20,hybrid,1.0,1.0,True,True,1.0,1.0,1.0
semantic_rag,5ae5eb0d554299546bf82fd2,hybrid,0.0,0.0,False,False,0.0,0.0,0.0
semantic_rag,5a8603f655429960ec39b601,hybrid,0.0,0.0,False,False,0.0,0.0,0.0
semantic_rag,5add4dd35542992ae4cec507,hybrid,0.33,0.0,False,False,0.0825,0.165,0.0
semantic_rag,5a7d109855429909bec7692f,hybrid,0.0,0.0,False,False,0.0,0.0,0.0
semantic_rag,5a7a37b85542996c55b2dd3f,hybrid,0.0,0.0,False,False,0.0,0.0,0.0
semantic_rag,5a824858554299676cceb247,hybrid,0.5,0.0,False,False,0.125,0.25,0.0
semantic_rag,5ac538025542996feb3fea41,hybrid,0.5,0.6666666666666666,False,True,0.5416666666666666,0.75,0.3333333333333333
semantic_rag,5ac44629554299194317395d,hybrid,0.5,0.0,False,False,0.125,0.25,0.0
semantic_rag,5a778a3b5542992a6e59dec7,hybrid,0.5,0.888888888888889,False,True,0.5972222222222222,0.75,0.4444444444444445
semantic_rag,5a7a36e65542990198eaf0ea,hybrid,0.0,0.0,False,False,0.0,0.0,0.0
semantic_rag,5a7c084d5542997c3ec972c8,hybrid,0.0,0.0,False,False,0.0,0.0,0.0
semantic_rag,5a80c79155429938b61421da,hybrid,1.0,0.0,True,True,0.75,1.0,0.5
semantic_rag,5a85fe2f5542996432c57165,hybrid,0.0,0.0,False,False,0.0,0.0,0.0
semantic_rag,5a77174f55429966f1a36c4c,hybrid,0.0,0.0,False,False,0.0,0.0,0.0
semantic_rag,5a8d7edc55429941ae14dfdc,local,0.5,1.0,True,True,0.875,0.75,1.0
semantic_rag,5a74f8bd5542993748c8976a,hybrid,0.0,0.0,False,False,0.0,0.0,0.0
semantic_rag,5a7aa0a55542990198eaf165,local,0.0,0.0,False,False,0.0,0.0,0.0
semantic_rag,5adbf43655429947ff173864,hybrid,1.0,1.0,True,True,1.0,1.0,1.0
semantic_rag,5ab64285554299637185c67c,hybrid,1.0,0.0,False,True,0.5,1.0,0.0
semantic_rag,5a713f3c5542994082a3e6eb,hybrid,0.0,0.0,False,False,0.0,0.0,0.0
semantic_rag,5ac50dd05542994611c8b343,hybrid,0.5,1.0,True,True,0.875,0.75,1.0
semantic_rag,5ae1500655429920d52343cc,hybrid,0.0,0.0,False,False,0.0,0.0,0.0
semantic_rag,5a80993d5542996402f6a589,hybrid,0.5,0.0,False,False,0.125,0.25,0.0
semantic_rag,5add3ccc5542997545bbbce5,hybrid,0.5,0.5,False,False,0.25,0.25,0.25
semantic_rag,5ac34ed0554299741d48a248,hybrid,0.5,0.5,False,True,0.5,0.75,0.25
semantic_rag,5a8634fe554299211dda2aac,hybrid,0.5,0.0,False,False,0.125,0.25,0.0
semantic_rag,5adf34955542993a75d26423,hybrid,0.0,0.0,False,False,0.0,0.0,0.0
semantic_rag,5ae3f4fe5542995ad6573ce8,local,1.0,0.0,True,True,0.75,1.0,0.5
semantic_rag,5abd1daa55429933744ab72e,local,1.0,1.0,True,True,1.0,1.0,1.0
semantic_rag,5a73b2fd55429978a71e907f,hybrid,0.0,0.0,False,False,0.0,0.0,0.0
semantic_rag,5a7d3cbb5542995f4f402243,hybrid,0.5,0.0,False,False,0.125,0.25,0.0
semantic_rag,5a773d8955429966f1a36cc4,hybrid,0.0,0.0,False,False,0.0,0.0,0.0
semantic_rag,5a8d0940554299585d9e379e,hybrid,0.0,0.0,False,False,0.0,0.0,0.0
semantic_rag,5ac160af5542994d76dccdfa,hybrid,0.5,0.0,False,False,0.125,0.25,0.0
semantic_rag,5ab6cebd55429954757d3378,hybrid,0.5,0.0,False,False,0.125,0.25,0.0
semantic_rag,5ab5f9a0554299488d4d9a6d,hybrid,0.0,0.2666666666666666,False,False,0.0666666666666666,0.0,0.1333333333333333
semantic_rag,5a801f215542992bc0c4a6b2,hybrid,0.0,0.2222222222222222,False,True,0.3055555555555556,0.5,0.1111111111111111
semantic_rag,5ae72fc5554299572ea54770,hybrid,1.0,1.0,True,True,1.0,1.0,1.0
semantic_rag,5a83eaae55429933447460b4,hybrid,0.5,0.0,False,False,0.125,0.25,0.0
semantic_rag,5a7b3d565542992d025e67b6,hybrid,0.0,0.0,False,False,0.0,0.0,0.0
semantic_rag,5a7f244255429934daa2fcec,hybrid,0.33,0.0,False,False,0.0825,0.165,0.0
semantic_rag,5a8ac0595542992d82986f6c,hybrid,0.0,0.0,False,False,0.0,0.0,0.0
semantic_rag,5ac3044f5542990b17b154dc,local,0.5,0.0,False,False,0.125,0.25,0.0
semantic_rag,5ac23f5655429951e9e684d9,local,1.0,1.0,True,True,1.0,1.0,1.0
semantic_rag,5adbe0df554299438c868cc0,local,0.5,0.0,False,False,0.125,0.25,0.0
semantic_rag,5a7dcdea5542990b8f503abc,local,0.0,0.0,False,False,0.0,0.0,0.0
semantic_rag,5a72b8de5542994cef4bc3df,hybrid,0.0,0.0,False,False,0.0,0.0,0.0
semantic_rag,5a7c2819554299683c1c62db,hybrid,0.0,0.0,False,False,0.0,0.0,0.0
semantic_rag,5a7da6cb5542990b8f5039ff,hybrid,0.0,0.0,False,False,0.0,0.0,0.0
semantic_rag,5ae7909f5542994a481bbda6,hybrid,0.5,0.0,False,False,0.125,0.25,0.0
semantic_rag,5ab465095542991751b4d75a,hybrid,0.0,0.0,False,False,0.0,0.0,0.0
semantic_rag,5abda4dd55429965af743d95,hybrid,0.5,0.5,False,True,0.5,0.75,0.25
semantic_rag,5a75d8a3554299109176e5a6,hybrid,0.5,0.4,False,True,0.475,0.75,0.2
semantic_rag,5abe91895542993f32c2a168,local,0.0,0.0,False,False,0.0,0.0,0.0
semantic_rag,5ac5188255429924173fb5a3,hybrid,0.0,0.0,False,False,0.0,0.0,0.0
semantic_rag,5ae531ee5542990ba0bbb1ff,hybrid,0.0,0.0,False,False,0.0,0.0,0.0
semantic_rag,5ab804305542995dae37ea14,hybrid,0.0,0.0,False,False,0.0,0.0,0.0
semantic_rag,5ac4da3b554299076e296e17,hybrid,0.0,0.0,False,False,0.0,0.0,0.0
semantic_rag,5ae75eb45542991bbc976201,hybrid,0.5,0.0,False,False,0.125,0.25,0.0
semantic_rag,5ae5be475542990ba0bbb2c6,hybrid,0.5,0.0,False,False,0.125,0.25,0.0
semantic_rag,5ab8111c5542991d3222382b,hybrid,0.5,0.4,False,True,0.475,0.75,0.2
semantic_rag,5ac3dfb15542995c82c4ac71,hybrid,0.5,0.0,False,False,0.125,0.25,0.0
semantic_rag,5ae4a2e25542996836b02cee,hybrid,1.0,1.0,True,True,1.0,1.0,1.0
semantic_rag,5a8f799d55429918e830d22d,local,1.0,1.0,True,True,1.0,1.0,1.0
semantic_rag,5ac2ea1a5542990b17b154a1,hybrid,0.5,0.0,False,False,0.125,0.25,0.0
semantic_rag,5a88e2f35542993b751ca8ad,hybrid,0.0,0.0,False,True,0.25,0.5,0.0
semantic_rag,5ae55d1e55429960a22e02cb,hybrid,0.5,0.0,False,False,0.125,0.25,0.0
semantic_rag,5a8d263f554299653c1aa139,hybrid,0.0,0.0,False,False,0.0,0.0,0.0
semantic_rag,5ae3606b5542991a06ce99a8,hybrid,0.5,0.0,False,False,0.125,0.25,0.0
semantic_rag,5adefdd75542995ec70e8f4e,hybrid,0.0,0.0,False,False,0.0,0.0,0.0
semantic_rag,5a734acf5542991f9a20c6ec,local,0.5,0.8,False,True,0.575,0.75,0.4
semantic_rag,5a8750945542996432c57264,hybrid,0.0,0.0,False,False,0.0,0.0,0.0
semantic_rag,5ab1cdf8554299722f9b4c84,hybrid,1.0,0.8,False,True,0.7,1.0,0.4
semantic_rag,5adf490a5542993a75d26488,hybrid,0.0,0.0,False,False,0.0,0.0,0.0
semantic_rag,5ab43b8a5542991779162c22,hybrid,0.5,0.0,False,False,0.125,0.25,0.0
semantic_rag,5abb73425542996cc5e49ff5,hybrid,1.0,1.0,True,True,1.0,1.0,1.0
semantic_rag,5a84a65d5542992a431d1a83,hybrid,0.0,0.0,False,False,0.0,0.0,0.0
semantic_rag,5adff2aa554299603e4183d0,local,0.0,0.0,False,False,0.0,0.0,0.0
semantic_rag,5ac046c65542996f0d89cb71,local,0.5,0.0,True,True,0.625,0.75,0.5
semantic_rag,5a90386455429916514e7435,hybrid,0.0,0.0,False,False,0.0,0.0,0.0
semantic_rag,5aded04755429975fa854fa7,hybrid,0.0,0.0,False,False,0.0,0.0,0.0
semantic_rag,5ae063085542993d6555eb37,hybrid,0.5,0.0,False,False,0.125,0.25,0.0
semantic_rag,5ae6363b55429929b0807af0,hybrid,0.5,0.0,False,False,0.125,0.25,0.0
semantic_rag,5adc6825554299438c868da1,hybrid,0.5,1.0,True,True,0.875,0.75,1.0
semantic_rag,5abec9b25542997ec76fd366,hybrid,0.5,0.1999999999999999,False,True,0.425,0.75,0.0999999999999999
semantic_rag,5a7a18b05542990783324e53,hybrid,0.5,0.0,False,False,0.125,0.25,0.0
semantic_rag,5ac1a4745542991316484b82,hybrid,0.0,0.0,False,False,0.0,0.0,0.0
semantic_rag,5a7302b75542991f9a20c5fd,hybrid,0.5,0.0,False,False,0.125,0.25,0.0
semantic_rag,5a825a9d55429940e5e1a870,hybrid,0.5,0.0,False,False,0.125,0.25,0.0
semantic_rag,5a8501915542997175ce1f5a,local,0.0,0.0,False,False,0.0,0.0,0.0
semantic_rag,5ae7ee41554299540e5a56b0,hybrid,0.5,0.0,False,False,0.125,0.25,0.0
semantic_rag,5add2397554299473435386f,hybrid,0.5,0.0,False,False,0.125,0.25,0.0
semantic_rag,5ae4cda05542990ba0bbb148,local,0.0,0.0,False,True,0.25,0.5,0.0
semantic_rag,5ae1412a55429920d523434c,local,0.5,1.0,True,True,0.875,0.75,1.0
semantic_rag,5a8ed7b455429917b4a5bdd1,hybrid,0.5,0.8,False,True,0.575,0.75,0.4
semantic_rag,5abb61735542993f40c73aef,local,0.0,0.3571428571428571,False,False,0.0892857142857142,0.0,0.1785714285714285
semantic_rag,5ae2a0a1554299495565dae9,hybrid,0.5,0.5,False,True,0.5,0.75,0.25
semantic_rag,5ae60dcc554299546bf83043,hybrid,0.0,0.0,False,False,0.0,0.0,0.0
semantic_rag,5a7cd72055429909bec7683b,hybrid,0.0,0.0,False,True,0.25,0.5,0.0
semantic_rag,5ab865ad5542992aa3b8c8dd,hybrid,1.0,1.0,True,True,1.0,1.0,1.0
semantic_rag,5adface25542995ec70e906c,hybrid,0.0,0.0,False,False,0.0,0.0,0.0
semantic_rag,5aba901055429955dce3ee87,hybrid,0.5,0.4,False,True,0.475,0.75,0.2
semantic_rag,5ae544d75542990ba0bbb249,hybrid,0.0,0.0,False,False,0.0,0.0,0.0
semantic_rag,5ae14b5c55429920d52343aa,hybrid,0.5,0.0,False,False,0.125,0.25,0.0
semantic_rag,5abbaed855429931dba144aa,hybrid,0.5,0.0,False,False,0.125,0.25,0.0
semantic_rag,5adfb698554299603e418385,hybrid,0.0,0.0,False,False,0.0,0.0,0.0
semantic_rag,5a8481945542997175ce1ed3,local,0.5,1.0,True,True,0.875,0.75,1.0
semantic_rag,5ab1dcab5542993be8fa985e,hybrid,0.0,0.0,False,True,0.25,0.5,0.0
semantic_rag,5add44f35542997545bbbd0c,local,0.5,0.0,False,False,0.125,0.25,0.0
semantic_rag,5a7f404a55429930675136dd,hybrid,0.0,0.0,False,False,0.0,0.0,0.0
semantic_rag,5ab60aec554299110f2199c3,local,0.0,0.5,False,True,0.375,0.5,0.25
semantic_rag,5a8f93f5554299458435d67e,hybrid,1.0,1.0,True,True,1.0,1.0,1.0
semantic_rag,5a8a231a55429930ff3c0cb4,hybrid,0.5,0.0,False,False,0.125,0.25,0.0
semantic_rag,5adec96e5542995534e8c712,hybrid,0.5,0.25,False,True,0.4375,0.75,0.125
semantic_rag,5a77691455429966f1a36d2b,hybrid,0.0,0.0,False,False,0.0,0.0,0.0
semantic_rag,5a774e415542994aec3b7280,hybrid,1.0,1.0,True,True,1.0,1.0,1.0
semantic_rag,5abb189e5542996cc5e49fa4,local,0.0,0.0,False,False,0.0,0.0,0.0
semantic_rag,5ab8756755429934fafe6dd3,hybrid,0.5,0.0,False,False,0.125,0.25,0.0
semantic_rag,5adbe2c65542996e68525274,hybrid,0.5,0.0,False,False,0.125,0.25,0.0
semantic_rag,5a838eba5542992ef85e22fe,local,0.5,0.0,False,False,0.125,0.25,0.0
semantic_rag,5a888c9d5542997e5c09a612,local,0.0,0.0,False,False,0.0,0.0,0.0
semantic_rag,5ab2342a5542993be8fa98c3,hybrid,0.0,0.0,False,False,0.0,0.0,0.0
semantic_rag,5abd0296554299114383a1d1,hybrid,0.0,0.0,False,True,0.25,0.5,0.0
semantic_rag,5abb07ec5542996cc5e49f55,hybrid,0.5,0.0,False,False,0.125,0.25,0.0
semantic_rag,5a81c7d15542990a1d231ea9,hybrid,0.0,0.125,False,False,0.03125,0.0,0.0625
semantic_rag,5a7652785542992db9473760,local,1.0,1.0,True,True,1.0,1.0,1.0
semantic_rag,5abd0ac45542992ac4f381b5,hybrid,1.0,1.0,True,True,1.0,1.0,1.0
semantic_rag,5ae0ba15554299603e41844d,local,0.5,0.0,False,False,0.125,0.25,0.0
semantic_rag,5ae1338d55429901ffe4ade1,hybrid,0.0,0.0,False,False,0.0,0.0,0.0
semantic_rag,5ae65b845542992ae0d162f1,hybrid,0.5,0.4,False,False,0.225,0.25,0.2
semantic_rag,5ae2138c5542997283cd23b7,local,0.5,1.0,True,True,0.875,0.75,1.0
semantic_rag,5a7e3b585542995ed0d166df,local,0.5,0.0,False,False,0.125,0.25,0.0
semantic_rag,5ae54b3d5542990ba0bbb260,local,0.5,0.0,True,True,0.625,0.75,0.5
semantic_rag,5ab4774d5542991751b4d781,hybrid,0.5,0.2857142857142857,False,False,0.1964285714285714,0.25,0.1428571428571428
semantic_rag,5ae7ac495542993210983eee,hybrid,0.5,0.0,False,False,0.125,0.25,0.0
semantic_rag,5a7d26bd554299452d57bb28,hybrid,0.33,0.0,False,False,0.0825,0.165,0.0
semantic_rag,5ae690b055429908198fa622,hybrid,0.0,0.0,False,False,0.0,0.0,0.0
semantic_rag,5a7299e75542991f9a20c524,local,0.5,0.0,False,False,0.125,0.25,0.0
semantic_rag,5abb4b4a5542993f40c73aea,hybrid,0.5,0.0,False,False,0.125,0.25,0.0
semantic_rag,5a7fb1e55542995d8a8ddef7,local,0.5,0.0,False,False,0.125,0.25,0.0
semantic_rag,5abe36745542991f66106101,hybrid,0.0,0.1538461538461538,False,False,0.0384615384615384,0.0,0.0769230769230769
semantic_rag,5ab84dea55429934fafe6d4f,local,0.5,0.0,True,True,0.625,0.75,0.5
semantic_rag,5abe765a55429976d4830b1f,local,0.0,0.0,False,False,0.0,0.0,0.0
semantic_rag,5a85a8655542997b5ce40011,hybrid,1.0,1.0,True,True,1.0,1.0,1.0
semantic_rag,5ac31b0a554299741d48a1f0,hybrid,0.0,0.0,False,False,0.0,0.0,0.0
semantic_rag,5ae6479a55429929b0807b1b,hybrid,0.5,0.4,False,False,0.225,0.25,0.2
semantic_rag,5ac2cfab554299657fa29079,hybrid,0.0,0.0,False,False,0.0,0.0,0.0
semantic_rag,5a7c64bc5542996dd594b913,local,0.5,0.8,False,False,0.325,0.25,0.4
semantic_rag,5ade27e05542997c77aded7d,hybrid,1.0,1.0,True,True,1.0,1.0,1.0
semantic_rag,5adfa6c7554299025d62a326,hybrid,0.0,0.0,False,False,0.0,0.0,0.0
semantic_rag,5ae361805542992e3233c3c9,hybrid,1.0,1.0,True,True,1.0,1.0,1.0
semantic_rag,5add870b5542995b365fab3c,hybrid,1.0,0.8,False,True,0.7,1.0,0.4
semantic_rag,5ab84f2c55429934fafe6d54,hybrid,0.0,0.0,False,False,0.0,0.0,0.0
semantic_rag,5a8ee2855542995a26add550,hybrid,0.33,0.0,False,False,0.0825,0.165,0.0
semantic_rag,5abeb3525542993fe9a41d03,hybrid,0.5,0.0,False,False,0.125,0.25,0.0
semantic_rag,5ab762fb55429928e1fe3857,hybrid,1.0,1.0,True,True,1.0,1.0,1.0
semantic_rag,5a739d8c55429905862fe073,hybrid,0.0,0.0,False,False,0.0,0.0,0.0
semantic_rag,5abc715f5542993a06baf8ea,hybrid,0.0,0.0,False,False,0.0,0.0,0.0
semantic_rag,5ab804065542990e739ec7e0,local,0.0,0.0,False,False,0.0,0.0,0.0
semantic_rag,5a7e21165542995ed0d166a2,local,0.33,0.0,False,False,0.0825,0.165,0.0
semantic_rag,5ae473545542995dadf2433d,hybrid,0.5,0.0,False,False,0.125,0.25,0.0
semantic_rag,5a84973e5542992a431d1a67,hybrid,1.0,1.0,True,True,1.0,1.0,1.0
semantic_rag,5a7a47be5542994f819ef1b2,hybrid,0.0,0.5,False,True,0.375,0.5,0.25
semantic_rag,5abc8d00554299700f9d78fd,hybrid,0.5,0.0,False,False,0.125,0.25,0.0
semantic_rag,5ab1c6c5554299722f9b4c67,local,1.0,0.8,True,True,0.95,1.0,0.9
semantic_rag,5ab2a01d5542992953946778,local,0.5,0.0,False,False,0.125,0.25,0.0
semantic_rag,5ab42ef55542991751b4d6d9,hybrid,1.0,0.0,False,False,0.25,0.5,0.0
semantic_rag,5ae0968955429924de1b7105,hybrid,0.5,0.0,False,True,0.375,0.75,0.0
semantic_rag,5adefe645542992d7e9f926c,hybrid,0.0,0.0,False,False,0.0,0.0,0.0
semantic_rag,5a82edae55429966c78a6a9f,hybrid,1.0,1.0,True,True,1.0,1.0,1.0
semantic_rag,5abd68b45542993062266c77,hybrid,0.0,0.0,False,False,0.0,0.0,0.0
semantic_rag,5a7345185542992359bc32cb,local,1.0,1.0,True,True,1.0,1.0,1.0
semantic_rag,5adde6535542990dbb2f7ef9,local,0.5,0.0,False,False,0.125,0.25,0.0
semantic_rag,5ab7ef0f5542991d322237ca,hybrid,0.0,0.0,False,False,0.0,0.0,0.0
semantic_rag,5ae20cd25542997283cd2376,hybrid,0.0,0.0,False,False,0.0,0.0,0.0
semantic_rag,5a7da3a95542990b8f5039e6,hybrid,0.5,0.0,False,False,0.125,0.25,0.0
semantic_rag,5ac2c22e5542990b17b15485,hybrid,0.0,0.0,False,False,0.0,0.0,0.0
semantic_rag,5ae4d3a55542990ba0bbb164,hybrid,0.0,0.0,False,False,0.0,0.0,0.0
semantic_rag,5ac19f405542991316484b5b,local,0.33,0.0,False,False,0.0825,0.165,0.0
semantic_rag,5ac00278554299012d1db56b,local,0.0,0.0,False,False,0.0,0.0,0.0
semantic_rag,5a7d2ecc5542995ed0d16629,hybrid,0.0,0.0,False,False,0.0,0.0,0.0
semantic_rag,5abd5a135542992ac4f3829f,hybrid,0.5,0.0,False,False,0.125,0.25,0.0
semantic_rag,5ab8f33155429919ba4e237f,hybrid,0.5,0.6666666666666666,False,True,0.5416666666666666,0.75,0.3333333333333333
semantic_rag,5a7f57a45542992097ad2f29,hybrid,0.5,0.5,False,True,0.5,0.75,0.25
semantic_rag,5a7e14a65542995ed0d16686,hybrid,0.5,0.0,False,False,0.125,0.25,0.0
semantic_rag,5a859a755542992a431d1b6d,local,0.0,0.0,False,False,0.0,0.0,0.0
semantic_rag,5ab4304a55429942dd415ec5,hybrid,0.0,0.0,False,False,0.0,0.0,0.0
semantic_rag,5a81d54a55429903bc27b9d4,local,0.0,0.0,True,True,0.5,0.5,0.5
semantic_rag,5a79257b55429974737f79a7,hybrid,0.5,0.0,False,False,0.125,0.25,0.0
semantic_rag,5ae5feaf5542996de7b71ac6,hybrid,1.0,1.0,True,True,1.0,1.0,1.0
semantic_rag,5ac1767a5542994d76dcce48,hybrid,0.2,0.0,False,False,0.05,0.1,0.0
semantic_rag,5a74feb75542996c70cfae6d,local,1.0,1.0,True,True,1.0,1.0,1.0
semantic_rag,5adf3e835542993a75d26442,hybrid,0.5,0.0,False,False,0.125,0.25,0.0
semantic_rag,5ae608f2554299546bf83026,hybrid,0.5,0.4,False,False,0.225,0.25,0.2
semantic_rag,5a88a6975542994846c1cea4,hybrid,0.0,0.0,False,False,0.0,0.0,0.0
semantic_rag,5a83f07455429933447460be,local,0.0,0.0,False,False,0.0,0.0,0.0
semantic_rag,5ab2979c554299449642c919,hybrid,0.8,0.6666666666666666,False,True,0.6166666666666667,0.9,0.3333333333333333
semantic_rag,5a79131a554299148911f9e3,hybrid,0.5,0.0,False,False,0.125,0.25,0.0
semantic_rag,5a87d8355542993e715abfe4,hybrid,0.5,0.0,False,False,0.125,0.25,0.0
semantic_rag,5a80707e5542992bc0c4a70e,hybrid,0.5,0.0,False,False,0.125,0.25,0.0
semantic_rag,5ab3f6935542992339550019,hybrid,0.5,0.5,False,True,0.5,0.75,0.25
semantic_rag,5a81a84e5542990a1d231e4e,hybrid,0.0,0.0,False,False,0.0,0.0,0.0
semantic_rag,5ae5f1a8554299546bf82fd9,hybrid,0.5,0.0,False,False,0.125,0.25,0.0
semantic_rag,5a8a2a5555429930ff3c0ccc,hybrid,0.5,0.0,False,False,0.125,0.25,0.0
semantic_rag,5adfeab455429942ec259b86,hybrid,0.0,0.0,False,False,0.0,0.0,0.0
semantic_rag,5abd56355542993062266c58,hybrid,0.0,0.0,False,False,0.0,0.0,0.0
semantic_rag,5a7e22ed5542995ed0d166a7,local,0.5,0.0,False,False,0.125,0.25,0.0
semantic_rag,5a881ea055429938390d3ef3,hybrid,0.5,0.3333333333333333,False,False,0.2083333333333333,0.25,0.1666666666666666
semantic_rag,5ab4e48655429942dd415f9c,hybrid,0.0,0.0,False,False,0.0,0.0,0.0
semantic_rag,5a84bc5b5542991dd0999dc3,hybrid,0.0,0.0,False,False,0.0,0.0,0.0
semantic_rag,5a739b1955429978a71e9044,hybrid,0.0,0.0,False,False,0.0,0.0,0.0
semantic_rag,5adc368155429944faac2468,hybrid,0.0,0.0,False,False,0.0,0.0,0.0
semantic_rag,5ac519a95542994611c8b38b,local,1.0,1.0,True,True,1.0,1.0,1.0
semantic_rag,5a88abf75542997e5c09a6a1,hybrid,0.0,0.0,False,False,0.0,0.0,0.0
semantic_rag,5ac3d90b5542995c82c4ac4b,local,0.5,0.0,False,False,0.125,0.25,0.0
semantic_rag,5ab97d0a5542996be202051e,hybrid,1.0,1.0,True,True,1.0,1.0,1.0
semantic_rag,5a7553a95542996c70cfaedf,hybrid,0.0,0.0,False,False,0.0,0.0,0.0
semantic_rag,5adc035c554299438c868d04,hybrid,0.5,0.0,False,False,0.125,0.25,0.0
semantic_rag,5ae60d36554299546bf8303e,hybrid,0.33,0.5,False,True,0.4575,0.665,0.25
semantic_rag,5a7543d555429916b01642ce,hybrid,0.5,1.0,True,True,0.875,0.75,1.0
semantic_rag,5ae5d63b5542996de7b71a2d,hybrid,1.0,1.0,True,True,1.0,1.0,1.0
semantic_rag,5ab442645542991751b4d70c,hybrid,0.5,0.0,False,False,0.125,0.25,0.0
semantic_rag,5a802bf05542992bc0c4a6b7,hybrid,0.0,0.0,False,False,0.0,0.0,0.0
semantic_rag,5ac072ef554299294b218fe4,hybrid,1.0,0.0,False,False,0.25,0.5,0.0
semantic_rag,5ab4b7d15542996a3a969fbc,hybrid,0.0,0.0,False,False,0.0,0.0,0.0
semantic_rag,5add1aa65542990d50227de1,hybrid,0.5,0.0,False,False,0.125,0.25,0.0
semantic_rag,5a7354d55542994cef4bc55a,hybrid,1.0,1.0,True,True,1.0,1.0,1.0
semantic_rag,5ade1c9e55429939a52fe822,hybrid,0.8,0.0,False,False,0.2,0.4,0.0
semantic_rag,5adce3b95542990d50227d56,local,0.0,0.0,False,False,0.0,0.0,0.0
semantic_rag,5ac313a0554299741d48a1b0,hybrid,0.0,0.0,False,False,0.0,0.0,0.0
semantic_rag,5abf931f5542990832d3a158,hybrid,1.0,1.0,True,True,1.0,1.0,1.0
semantic_rag,5ae324775542994393b9e62f,hybrid,1.0,0.0,False,False,0.25,0.5,0.0
semantic_rag,5a79093955429974737f794b,local,0.0,0.3076923076923077,False,True,0.3269230769230769,0.5,0.1538461538461538
semantic_rag,5ade8bd955429975fa854f04,hybrid,0.0,0.0,False,False,0.0,0.0,0.0
semantic_rag,5a84a1c85542992a431d1a7c,hybrid,0.0,0.0,False,False,0.0,0.0,0.0
semantic_rag,5abed7d75542990832d3a0f7,hybrid,0.5,0.0,False,False,0.125,0.25,0.0
semantic_rag,5ae365205542990afbd1e12d,hybrid,0.5,0.0,False,False,0.125,0.25,0.0
semantic_rag,5a8f9dca55429918e830d295,hybrid,0.0,0.0,False,False,0.0,0.0,0.0
semantic_rag,5ae61351554299546bf83066,hybrid,0.0,0.0,False,False,0.0,0.0,0.0
semantic_rag,5ae50c345542993aec5ec11f,hybrid,0.5,0.0,False,False,0.125,0.25,0.0
semantic_rag,5abcefc45542993a06baf9b4,hybrid,1.0,1.0,True,True,1.0,1.0,1.0
semantic_rag,5a887898554299206df2b2a2,local,1.0,0.0,True,True,0.75,1.0,0.5
semantic_rag,5a803ed45542996402f6a496,hybrid,0.5,0.0,False,False,0.125,0.25,0.0
semantic_rag,5a8f97305542997ba9cb32e3,hybrid,0.0,0.5,False,False,0.125,0.0,0.25
semantic_rag,5ab5ceb65542997d4ad1f1e2,hybrid,0.5,0.0,False,False,0.125,0.25,0.0
semantic_rag,5ae7e8f55542994a481bbe06,hybrid,0.5,0.0,False,False,0.125,0.25,0.0
semantic_rag,5a8c7ac2554299653c1aa08e,hybrid,1.0,1.0,True,True,1.0,1.0,1.0
semantic_rag,5a8192045542995ce29dcc04,hybrid,1.0,1.0,True,True,1.0,1.0,1.0
semantic_rag,5a866b5b554299211dda2b23,hybrid,0.5,0.0,False,False,0.125,0.25,0.0
semantic_rag,5ae1a525554299234fd042a9,hybrid,0.0,0.0,False,False,0.0,0.0,0.0
semantic_rag,5abb23035542992ccd8e7f22,hybrid,1.0,1.0,True,True,1.0,1.0,1.0
semantic_rag,5abce43855429959677d6b18,hybrid,0.0,0.0,False,False,0.0,0.0,0.0
semantic_rag,5a8e07185542995085b37389,hybrid,0.5,0.0,False,False,0.125,0.25,0.0
semantic_rag,5a8ed10b5542995085b374a0,hybrid,1.0,1.0,True,True,1.0,1.0,1.0
semantic_rag,5adf2fa35542993344016c11,local,0.0,0.0,False,False,0.0,0.0,0.0
semantic_rag,5a804e845542992bc0c4a6e9,hybrid,0.0,0.0,False,False,0.0,0.0,0.0
semantic_rag,5a78d06355429974737f78b4,hybrid,0.0,0.0,False,False,0.0,0.0,0.0
semantic_rag,5ac3dfee554299204fd21eab,hybrid,0.5,0.0,False,False,0.125,0.25,0.0
semantic_rag,5add48465542992200553a80,hybrid,1.0,1.0,True,True,1.0,1.0,1.0
semantic_rag,5a7c917e5542990527d554d3,hybrid,0.0,0.0,False,False,0.0,0.0,0.0
semantic_rag,5a7e6c725542991319bc94a4,local,0.0,0.0,False,False,0.0,0.0,0.0
semantic_rag,5a7558425542992db9473647,hybrid,1.0,1.0,True,True,1.0,1.0,1.0
semantic_rag,5a849cc95542997175ce1efa,hybrid,1.0,1.0,True,True,1.0,1.0,1.0
semantic_rag,5a84e9d35542994c784dda84,hybrid,0.5,0.0,False,False,0.125,0.25,0.0
semantic_rag,5ab6bdd255429953192ad36e,local,0.5,0.0,False,False,0.125,0.25,0.0
semantic_rag,5ac3126f5542995ef918c0e8,local,0.5,0.0,False,False,0.125,0.25,0.0
semantic_rag,5a81e04455429903bc27b9f9,hybrid,0.5,0.0,False,False,0.125,0.25,0.0
semantic_rag,5ab3d2b7554299233954ffb8,hybrid,0.5,0.0,False,False,0.125,0.25,0.0
semantic_rag,5a8d1f015542994ba4e3dc08,hybrid,0.0,0.0,False,False,0.0,0.0,0.0
semantic_rag,5adf8d275542993344016cfb,hybrid,0.0,0.0,False,False,0.0,0.0,0.0
semantic_rag,5a7949d45542994bb9456fdd,hybrid,0.0,0.0,False,False,0.0,0.0,0.0
semantic_rag,5aba0c2655429955dce3edb7,hybrid,0.0,0.0,False,False,0.0,0.0,0.0
semantic_rag,5a89bbb05542992e4fca83a3,hybrid,0.5,0.0,False,False,0.125,0.25,0.0
semantic_rag,5ab4b2935542996a3a969fb5,local,0.5,0.0,False,False,0.125,0.25,0.0
semantic_rag,5a7cf4e355429907fabef062,hybrid,0.0,0.0,False,False,0.0,0.0,0.0
semantic_rag,5ab2be12554299295394686b,hybrid,0.0,0.0,False,False,0.0,0.0,0.0
semantic_rag,5a7cd5b05542990527d5553d,hybrid,0.5,1.0,True,True,0.875,0.75,1.0
semantic_rag,5a70f4c45542994082a3e437,hybrid,1.0,1.0,True,True,1.0,1.0,1.0
semantic_rag,5ae0818e55429924de1b70e9,hybrid,0.5,0.0,False,False,0.125,0.25,0.0
semantic_rag,5adfb60655429942ec259b08,hybrid,0.0,0.0,False,False,0.0,0.0,0.0
semantic_rag,5ab5de535542992aa134a3b6,local,0.5,1.0,True,True,0.875,0.75,1.0
semantic_rag,5ac2ffe7554299218029dbb3,hybrid,0.0,0.6666666666666666,False,True,0.4166666666666666,0.5,0.3333333333333333
semantic_rag,5a8769475542993e715abf2b,hybrid,0.5,0.0,False,False,0.125,0.25,0.0
semantic_rag,5a77f4755542992a6e59e01f,hybrid,0.0,0.0,False,False,0.0,0.0,0.0
semantic_rag,5a78caa955429970f5fffd83,hybrid,1.0,0.5,False,True,0.625,1.0,0.25
semantic_rag,5a8790785542993e715abfac,hybrid,0.0,0.0,False,False,0.0,0.0,0.0
semantic_rag,5ab6bb575542995eadef0088,hybrid,0.5,0.0,False,False,0.125,0.25,0.0
semantic_rag,5ac2cdaa554299657fa29070,local,0.0,0.0,False,False,0.0,0.0,0.0
semantic_rag,5a729fa15542994cef4bc397,local,0.5,0.0,False,False,0.125,0.25,0.0
semantic_rag,5ae64ffd5542992ae0d162ce,hybrid,0.0,0.0,False,False,0.0,0.0,0.0
semantic_rag,5a88a1e55542997e5c09a64d,hybrid,0.0,0.4,False,False,0.1,0.0,0.2
semantic_rag,5ac34994554299741d48a242,hybrid,0.0,0.0,False,False,0.0,0.0,0.0
semantic_rag,5ae382ee5542992e3233c430,hybrid,0.5,0.4615384615384615,False,True,0.4903846153846153,0.75,0.2307692307692307
semantic_rag,5a8a40015542996c9b8d5e72,hybrid,0.5,0.0,False,False,0.125,0.25,0.0
semantic_rag,5a8810485542997e5c09a590,hybrid,0.0,0.6666666666666666,False,False,0.1666666666666666,0.0,0.3333333333333333
semantic_rag,5a7249b85542990c210a40b9,hybrid,0.5,0.0,False,False,0.125,0.25,0.0
semantic_rag,5ae7281c5542991e8301cb69,hybrid,0.0,0.0,False,False,0.0,0.0,0.0
semantic_rag,5a888d535542997e5c09a617,hybrid,1.0,0.6666666666666666,False,True,0.6666666666666666,1.0,0.3333333333333333
semantic_rag,5ae48c4e55429913cc204498,hybrid,0.0,0.0,False,False,0.0,0.0,0.0
semantic_rag,5a7e05635542995f4f40238f,hybrid,0.5,0.0,False,False,0.125,0.25,0.0
semantic_rag,5ae3fec55542995dadf242a4,hybrid,0.0,0.0,False,False,0.0,0.0,0.0
semantic_rag,5add39c45542995b365faac5,local,0.5,0.0,False,False,0.125,0.25,0.0
semantic_rag,5a90629855429916514e749e,hybrid,0.0,0.0,False,False,0.0,0.0,0.0
semantic_rag,5a85e2775542994775f60680,hybrid,0.0,0.0,False,False,0.0,0.0,0.0
semantic_rag,5abba17a5542992ccd8e7f60,hybrid,0.5,0.0,False,False,0.125,0.25,0.0
semantic_rag,5a8ece2e5542995085b37497,hybrid,0.5,0.4,False,True,0.475,0.75,0.2
semantic_rag,5a7a749d5542994f819ef1e0,hybrid,0.33,0.0,False,False,0.0825,0.165,0.0
semantic_rag,5a7e075c5542995f4f4023a3,hybrid,0.5,0.0,False,False,0.125,0.25,0.0
semantic_rag,5abcfcf0554299114383a1b4,hybrid,0.0,0.0,False,False,0.0,0.0,0.0
semantic_rag,5a78ed6855429970f5fffdd9,hybrid,1.0,0.0,False,False,0.25,0.5,0.0
semantic_rag,5a8be8215542995e66a47518,hybrid,0.0,0.0,False,False,0.0,0.0,0.0
semantic_rag,5a8f495c5542997ba9cb3220,hybrid,0.5,0.0,False,False,0.125,0.25,0.0
semantic_rag,5a7db62d5542997cc2c4747c,hybrid,0.0,0.0,False,False,0.0,0.0,0.0
semantic_rag,5ae5db98554299546bf82fa6,hybrid,0.0,0.0,False,False,0.0,0.0,0.0
semantic_rag,5a8a423255429930ff3c0d30,hybrid,0.5,0.0,False,False,0.125,0.25,0.0
semantic_rag,5a80fb97554299260e20a1eb,hybrid,0.5,0.0,False,False,0.125,0.25,0.0
semantic_rag,5ab27587554299449642c8af,hybrid,0.0,0.0,False,False,0.0,0.0,0.0
semantic_rag,5a7c74a65542990527d554b0,local,0.0,0.0,False,False,0.0,0.0,0.0
semantic_rag,5a7ff71a5542992e7d278dd0,hybrid,0.0,0.5,False,False,0.125,0.0,0.25
semantic_rag,5a89bf18554299669944a591,local,0.0,0.0,False,False,0.0,0.0,0.0
semantic_rag,5ae22f4e5542996483e6492f,hybrid,0.5,0.0,False,False,0.125,0.25,0.0
semantic_rag,5ab8c3c65542991b5579effd,hybrid,0.5,0.0,False,False,0.125,0.25,0.0
semantic_rag,5a7d61645542997cc2c47455,hybrid,1.0,0.4,False,True,0.6,1.0,0.2
semantic_rag,5a82d71555429966c78a6a94,local,0.5,1.0,True,True,0.875,0.75,1.0
semantic_rag,5a8ae5d355429970aeb70325,hybrid,0.0,0.0,False,False,0.0,0.0,0.0
semantic_rag,5abccf6755429965836004ab,hybrid,0.0,0.0,False,False,0.0,0.0,0.0
semantic_rag,5adcfc135542990d50227d87,hybrid,0.8,0.5714285714285715,False,True,0.5928571428571429,0.9,0.2857142857142857
semantic_rag,5a77c15f5542997042120b1c,hybrid,0.0,1.0,True,True,0.75,0.5,1.0
semantic_rag,5a9064c755429916514e74a6,hybrid,0.0,0.0,False,False,0.0,0.0,0.0
semantic_rag,5ab43b755542991779162c21,hybrid,0.0,0.0,False,False,0.0,0.0,0.0
semantic_rag,5adf39765542993a75d26435,hybrid,0.0,0.0,False,False,0.0,0.0,0.0
semantic_rag,5a8ccea555429941ae14deeb,hybrid,0.5,0.0,False,False,0.125,0.25,0.0
semantic_rag,5ab6390f5542995eadeeff7a,hybrid,0.0,0.0,False,False,0.0,0.0,0.0
semantic_rag,5abd4f2e5542993062266c4b,local,1.0,1.0,True,True,1.0,1.0,1.0
semantic_rag,5ac0d981554299012d1db646,hybrid,0.0,0.0,False,False,0.0,0.0,0.0
semantic_rag,5a7c716d55429935c91b51b3,hybrid,0.5,0.0,False,False,0.125,0.25,0.0
semantic_rag,5a77a44d5542997042120aba,hybrid,0.0,0.0,False,False,0.0,0.0,0.0
semantic_rag,5a7cd0fd55429909bec76823,local,1.0,1.0,True,True,1.0,1.0,1.0
semantic_rag,5ac2a55b55429921a00ab018,hybrid,0.5,0.0,False,False,0.125,0.25,0.0
semantic_rag,5ab8ca5d5542991b5579f005,hybrid,1.0,0.4,False,True,0.6,1.0,0.2
semantic_rag,5ac3f1c9554299204fd21ed4,hybrid,0.0,0.0,False,False,0.0,0.0,0.0
semantic_rag,5ac559bd5542993e66e82328,hybrid,0.0,0.0,False,False,0.0,0.0,0.0
semantic_rag,5ade00855542997dc7907118,hybrid,0.5,0.0,False,False,0.125,0.25,0.0
semantic_rag,5a8e61165542995085b3741a,hybrid,0.5,0.2,False,False,0.175,0.25,0.1
semantic_rag,5abd05e655429965836004f1,hybrid,0.0,0.0,False,False,0.0,0.0,0.0
semantic_rag,5a7fb1765542992e7d278d20,hybrid,0.0,0.0,False,False,0.0,0.0,0.0
semantic_rag,5a722c2255429971e9dc932c,hybrid,0.5,0.0,False,False,0.125,0.25,0.0
semantic_rag,5ae1408a5542997b2ef7d17c,local,0.0,0.4,False,False,0.1,0.0,0.2
semantic_rag,5a7562045542992db947364f,local,0.5,0.0,False,False,0.125,0.25,0.0
semantic_rag,5ae6233c5542992ae0d1623e,hybrid,0.0,0.0999999999999999,False,False,0.0249999999999999,0.0,0.0499999999999999
semantic_rag,5a7cb94f554299683c1c6353,hybrid,0.0,0.0,False,False,0.0,0.0,0.0
semantic_rag,5ae17d6855429901ffe4aea7,hybrid,0.0,0.0,False,False,0.0,0.0,0.0
semantic_rag,5ae69fa755429908198fa66c,hybrid,0.0,0.0,False,False,0.0,0.0,0.0
semantic_rag,5ab56e085542992aa134a315,hybrid,0.0,0.0,False,True,0.25,0.5,0.0
semantic_rag,5a79305755429907847277dd,hybrid,0.8,0.6666666666666666,False,True,0.6166666666666667,0.9,0.3333333333333333
semantic_rag,5a7b18d25542992d025e6768,hybrid,0.5,0.0,False,False,0.125,0.25,0.0
semantic_rag,5add56a85542992200553abe,hybrid,1.0,1.0,True,True,1.0,1.0,1.0
semantic_rag,5ab44cd555429942dd415f10,hybrid,0.0,0.0,False,False,0.0,0.0,0.0
semantic_rag,5a7140585542994082a3e6fa,hybrid,0.0,0.4,False,False,0.1,0.0,0.2
semantic_rag,5ae1f079554299234fd04343,hybrid,0.5,0.8,False,True,0.575,0.75,0.4
semantic_rag,5ab4314955429942dd415ecd,hybrid,0.07,0.0,False,False,0.0175,0.035,0.0
semantic_rag,5ae3249555429928c423962f,hybrid,0.5,0.0,False,False,0.125,0.25,0.0
semantic_rag,5a89ba6b554299669944a584,hybrid,0.5,0.0,False,False,0.125,0.25,0.0
semantic_rag,5ae226bd5542994d89d5b379,hybrid,1.0,1.0,True,True,1.0,1.0,1.0
semantic_rag,5ae0156455429942ec259c15,hybrid,1.0,1.0,True,True,1.0,1.0,1.0
semantic_rag,5a7b85c4554299294a54a9d7,hybrid,0.5,0.0,False,False,0.125,0.25,0.0
semantic_rag,5ab262a4554299340b5254ac,hybrid,0.0,0.2857142857142857,False,False,0.0714285714285714,0.0,0.1428571428571428
semantic_rag,5a81d81e554299676cceb0f6,hybrid,0.0,0.0,False,False,0.0,0.0,0.0
semantic_rag,5abee2df5542994516f4546a,hybrid,0.5,0.0,False,False,0.125,0.25,0.0
semantic_rag,5ac42ae45542997ea680ca18,hybrid,0.5,0.0,False,False,0.125,0.25,0.0
semantic_rag,5abdf72055429976d4830a37,hybrid,0.5,1.0,True,True,0.875,0.75,1.0
semantic_rag,5ae618325542996de7b71b56,hybrid,0.5,1.0,False,True,0.625,0.75,0.5
semantic_rag,5a8fdd9c55429916514e73de,hybrid,0.0,0.0,False,False,0.0,0.0,0.0
semantic_rag,5a875b2a5542993e715abf0f,hybrid,0.0,0.0,False,False,0.0,0.0,0.0
semantic_rag,5a8ac44055429970aeb70304,hybrid,0.5,0.0,False,False,0.125,0.25,0.0
semantic_rag,5ab55a9b5542992aa134a2ba,hybrid,0.5,0.5,False,True,0.5,0.75,0.25
semantic_rag,5a88c92d5542993b751ca84e,local,0.5,0.0,False,False,0.125,0.25,0.0
semantic_rag,5ab972485542996be20204f6,hybrid,0.5,0.0,False,False,0.125,0.25,0.0
semantic_rag,5adcaa7f5542990d50227cdb,hybrid,1.0,0.0,True,True,0.75,1.0,0.5
semantic_rag,5a7933b255429907847277eb,local,1.0,1.0,True,True,1.0,1.0,1.0
semantic_rag,5ae30d4b55429928c42395cc,hybrid,0.5,0.0,False,False,0.125,0.25,0.0
semantic_rag,5a7a6c1a5542994f819ef1d5,hybrid,0.5,1.0,True,True,0.875,0.75,1.0
semantic_rag,5adfdd1c55429906c02daa74,local,0.5,0.0,False,False,0.125,0.25,0.0
semantic_rag,5a7265815542990c210a411b,hybrid,0.0,0.0,False,False,0.0,0.0,0.0
semantic_rag,5a8c5794554299240d9c2131,local,0.5,1.0,True,True,0.875,0.75,1.0
semantic_rag,5a85ac1e5542997b5ce4001f,hybrid,0.5,0.0,False,False,0.125,0.25,0.0
semantic_rag,5a7a45425542990783324ee2,hybrid,0.5,0.0,False,False,0.125,0.25,0.0
semantic_rag,5abc40835542993a06baf8ba,hybrid,0.5,0.0,False,True,0.375,0.75,0.0
semantic_rag,5a883afc5542994846c1ce48,hybrid,0.5,0.0,False,False,0.125,0.25,0.0
semantic_rag,5ae0b68e55429906c02daafb,hybrid,0.5,0.0,False,False,0.125,0.25,0.0
semantic_rag,5a7dacff5542991319bc93e0,hybrid,0.0,0.0,False,False,0.0,0.0,0.0
semantic_rag,5adf6f075542993344016c91,hybrid,0.5,0.0,False,False,0.125,0.25,0.0
semantic_rag,5a7be1ab5542997c3ec972a9,hybrid,0.5,0.0,False,False,0.125,0.25,0.0
semantic_rag,5a8753d95542994846c1cd63,local,0.5,1.0,True,True,0.875,0.75,1.0
semantic_rag,5a794f8155429970f5fffe95,local,0.0,0.4444444444444445,False,True,0.3611111111111111,0.5,0.2222222222222222
semantic_rag,5ab53bee554299637185c526,hybrid,0.5,0.0,False,False,0.125,0.25,0.0
semantic_rag,5ac1a5b45542991316484b8b,local,0.0,0.0,False,False,0.0,0.0,0.0
semantic_rag,5a79edfe5542990198eaf006,hybrid,0.0,0.0,False,False,0.0,0.0,0.0
semantic_rag,5a72a3c45542994cef4bc3ac,hybrid,0.0,0.0,False,False,0.0,0.0,0.0
semantic_rag,5abfd3d65542994516f4550b,local,0.5,0.0,True,True,0.625,0.75,0.5
semantic_rag,5ae39fb85542990afbd1e197,local,0.5,0.0,False,True,0.375,0.75,0.0
semantic_rag,5a7e1a2955429965cec5ea5d,hybrid,0.0,0.0,False,False,0.0,0.0,0.0
semantic_rag,5ab7bf3f5542991d322237a8,hybrid,1.0,1.0,True,True,1.0,1.0,1.0
semantic_rag,5a837121554299123d8c2128,local,0.0,0.0,False,False,0.0,0.0,0.0
semantic_rag,5ae616ce5542992663a4f259,hybrid,0.0,0.0,False,False,0.0,0.0,0.0
semantic_rag,5ae375955542990afbd1e15d,hybrid,0.5,0.0,False,False,0.125,0.25,0.0
semantic_rag,5abcff225542993a06baf9ea,hybrid,0.5,0.0,False,False,0.125,0.25,0.0
semantic_rag,5a74f5155542993748c89750,local,0.5,0.4,False,False,0.225,0.25,0.2
semantic_rag,5ab5c31b554299488d4d9a19,hybrid,1.0,1.0,True,True,1.0,1.0,1.0
semantic_rag,5ab7f3285542992aa3b8c88f,hybrid,0.5,0.0,False,False,0.125,0.25,0.0
semantic_rag,5a7f53ff5542992097ad2f17,hybrid,0.0,0.0,False,False,0.0,0.0,0.0
semantic_rag,5a7b88165542997c3ec971fe,hybrid,0.0,0.0,False,False,0.0,0.0,0.0
semantic_rag,5a7b3ec95542995eb53be8d3,hybrid,0.5,0.0,False,False,0.125,0.25,0.0
semantic_rag,5ae4843455429970de88d997,hybrid,0.0,0.0,False,False,0.0,0.0,0.0
semantic_rag,5a73d951554299623ed4ac77,hybrid,0.5,0.0,False,False,0.125,0.25,0.0
semantic_rag,5adce22c5542990d50227d51,hybrid,0.2,0.0,False,False,0.05,0.1,0.0
semantic_rag,5ab412da5542996a3a969f15,hybrid,1.0,0.0,False,False,0.25,0.5,0.0
semantic_rag,5a762cf0554299109176e6a4,local,0.5,0.6666666666666666,False,True,0.5416666666666666,0.75,0.3333333333333333
semantic_rag,5a7ddd565542997cc2c474b2,hybrid,0.0,0.0,False,False,0.0,0.0,0.0
semantic_rag,5a7b4073554299042af8f733,hybrid,0.0,0.0,False,False,0.0,0.0,0.0
semantic_rag,5a873b0d5542994775f607ad,hybrid,0.0,0.0,False,False,0.0,0.0,0.0
semantic_rag,5a778cae55429949eeb29eeb,hybrid,0.0,0.5,False,False,0.125,0.0,0.25
semantic_rag,5a7c00a55542996dd594b87e,hybrid,0.0,0.0,False,False,0.0,0.0,0.0
semantic_rag,5a8f68795542992414482ab5,hybrid,0.5,0.0,False,False,0.125,0.25,0.0
semantic_rag,5a8b6f9a5542995d1e6f138f,hybrid,0.5,0.0,False,False,0.125,0.25,0.0
semantic_rag,5add98ef5542997545bbbd82,hybrid,0.5,0.0,False,False,0.125,0.25,0.0
semantic_rag,5a7a5cc955429941d65f25d6,hybrid,0.0,0.0,False,False,0.0,0.0,0.0
semantic_rag,5adc9d145542994d58a2f67d,hybrid,0.5,0.0,False,False,0.125,0.25,0.0
semantic_rag,5a8af05d55429950cd6afc1a,hybrid,1.0,1.0,True,True,1.0,1.0,1.0
semantic_rag,5ae8164d5542994a481bbeb6,hybrid,0.0,0.0,False,False,0.0,0.0,0.0
semantic_rag,5a8fdb955542990a98493572,hybrid,0.0,0.0,False,False,0.0,0.0,0.0
semantic_rag,5abc6c2655429959677d6aac,hybrid,0.5,0.0,False,False,0.125,0.25,0.0
semantic_rag,5a81a4615542995ce29dcc1e,hybrid,0.0,0.0,False,False,0.0,0.0,0.0
semantic_rag,5a827ce155429940e5e1a8d7,local,1.0,1.0,True,True,1.0,1.0,1.0
semantic_rag,5a81f49c5542995ce29dcc9a,hybrid,0.5,0.0,False,False,0.125,0.25,0.0
semantic_rag,5a82bdd655429940e5e1a92a,hybrid,1.0,1.0,True,True,1.0,1.0,1.0
semantic_rag,5a8457835542990548d0b28a,hybrid,0.5,0.0,False,False,0.125,0.25,0.0
semantic_rag,5ae00a27554299025d62a3bb,hybrid,0.0,0.2666666666666666,False,False,0.0666666666666666,0.0,0.1333333333333333
semantic_rag,5ae4aba25542995ad6573e12,hybrid,0.5,1.0,True,True,0.875,0.75,1.0
semantic_rag,5ade99ad554299728e26c75d,hybrid,0.5,0.0,False,False,0.125,0.25,0.0
semantic_rag,5ab3c470554299233954ffa1,hybrid,0.0,0.0,False,False,0.0,0.0,0.0
semantic_rag,5abca1a55542993a06baf937,hybrid,0.0,0.0,False,False,0.0,0.0,0.0
semantic_rag,5ab56db7554299494045efc6,hybrid,1.0,1.0,True,True,1.0,1.0,1.0
semantic_rag,5a905f2a55429933b8a204fb,local,0.5,0.0,True,True,0.625,0.75,0.5
semantic_rag,5ab9379a554299753720f79d,local,0.5,0.0,False,False,0.125,0.25,0.0
semantic_rag,5adc861c5542994d58a2f62c,hybrid,0.0,0.0,False,False,0.0,0.0,0.0
semantic_rag,5ae5e62455429929b0807a07,hybrid,0.5,0.0,False,False,0.125,0.25,0.0
semantic_rag,5ae64b1d55429929b0807b24,hybrid,1.0,1.0,True,True,1.0,1.0,1.0
semantic_rag,5a71299e5542994082a3e5fe,hybrid,0.5,0.0,False,False,0.125,0.25,0.0
semantic_rag,5aba7bb4554299232ef4a2ee,hybrid,0.5,0.0,False,False,0.125,0.25,0.0
semantic_rag,5a71446b5542994082a3e72a,hybrid,1.0,1.0,True,True,1.0,1.0,1.0
semantic_rag,5a78fe8155429970f5fffe11,local,0.5,1.0,True,True,0.875,0.75,1.0
semantic_rag,5adddb415542992200553b61,hybrid,0.5,0.0,False,False,0.125,0.25,0.0
semantic_rag,5a7545605542993748c89807,hybrid,1.0,1.0,True,True,1.0,1.0,1.0
semantic_rag,5a90bdea55429916514e754b,hybrid,1.0,1.0,True,True,1.0,1.0,1.0
semantic_rag,5abde4ed5542991f66106097,hybrid,1.0,0.0,False,False,0.25,0.5,0.0
semantic_rag,5a7b4fee554299042af8f748,local,0.0,0.0,False,False,0.0,0.0,0.0
semantic_rag,5ab527205542996a3a96a03d,hybrid,0.5,0.0,False,False,0.125,0.25,0.0
semantic_rag,5adf5cd25542992d7e9f9320,hybrid,0.0,0.0,False,False,0.0,0.0,0.0
semantic_rag,5a77d5e655429967ab1052cc,hybrid,0.5,1.0,True,True,0.875,0.75,1.0
semantic_rag,5a7bb16f554299294a54aa9f,hybrid,1.0,0.4,False,True,0.6,1.0,0.2
semantic_rag,5abebb8f5542994516f4540a,hybrid,0.5,0.6666666666666666,False,True,0.5416666666666666,0.75,0.3333333333333333
semantic_rag,5adfa451554299025d62a319,hybrid,0.0,0.0,False,False,0.0,0.0,0.0
semantic_rag,5ab34a76554299233954ff3f,hybrid,0.0,0.0,False,False,0.0,0.0,0.0
semantic_rag,5ae178a155429901ffe4ae92,hybrid,0.0,0.0,False,False,0.0,0.0,0.0
semantic_rag,5a823f61554299676cceb234,local,0.5,0.0,False,False,0.125,0.25,0.0
semantic_rag,5abefa5b5542997ec76fd3a3,hybrid,0.5,0.6666666666666666,False,True,0.5416666666666666,0.75,0.3333333333333333
semantic_rag,5abe80a855429976d4830b43,hybrid,0.5,0.4,False,False,0.225,0.25,0.2
semantic_rag,5a7698c2554299373536010d,hybrid,0.5,0.0,False,False,0.125,0.25,0.0
semantic_rag,5abd85375542993062266cba,hybrid,1.0,1.0,True,True,1.0,1.0,1.0
semantic_rag,5a8de7c65542995085b37353,hybrid,0.0,0.0,False,False,0.0,0.0,0.0
semantic_rag,5a734f4455429901807dafba,hybrid,0.8,0.8,False,False,0.4,0.4,0.4
semantic_rag,5a7647505542992d0ec06089,local,0.0,0.2222222222222222,False,True,0.3055555555555556,0.5,0.1111111111111111
semantic_rag,5a8f9c3f554299458435d69a,hybrid,0.5,0.0,False,False,0.125,0.25,0.0
semantic_rag,5ae0aefe554299603e418437,hybrid,0.0,0.8,False,False,0.2,0.0,0.4
semantic_rag,5ab93841554299131ca422cb,hybrid,0.5,0.0,False,False,0.125,0.25,0.0
semantic_rag,5a749af055429979e28829b7,local,0.5,0.0,False,False,0.125,0.25,0.0
semantic_rag,5ab587ad5542992aa134a34b,hybrid,0.0,0.0,False,False,0.0,0.0,0.0
semantic_rag,5a8d9e0f554299441c6ba015,hybrid,0.5,0.0,False,False,0.125,0.25,0.0
semantic_rag,5ae0039555429942ec259be1,local,1.0,1.0,True,True,1.0,1.0,1.0
semantic_rag,5ae4758b5542995dadf24342,local,0.0,1.0,True,True,0.75,0.5,1.0
semantic_rag,5a7280105542994cef4bc2e4,hybrid,0.0,0.0,False,False,0.0,0.0,0.0
semantic_rag,5a8b922e55429949d91db5e6,hybrid,0.0,0.0,False,False,0.0,0.0,0.0
semantic_rag,5a89fa2655429970aeb701d2,local,0.0,0.0,False,False,0.0,0.0,0.0
semantic_rag,5ac2a3c7554299218029dadb,local,1.0,1.0,True,True,1.0,1.0,1.0
semantic_rag,5a75f0bf5542994ccc91866b,local,0.0,0.0,False,False,0.0,0.0,0.0
semantic_rag,5a7bb2595542995eb53be99b,local,0.5,0.0,False,False,0.125,0.25,0.0
semantic_rag,5ae3a1aa5542994393b9e72d,hybrid,0.5,0.0,False,False,0.125,0.25,0.0
semantic_rag,5ab65e1e55429954757d3261,hybrid,0.0,0.0,False,False,0.0,0.0,0.0
semantic_rag,5a8078e95542992bc0c4a72c,hybrid,0.0,0.4,False,True,0.35,0.5,0.2
semantic_rag,5a72160e55429971e9dc9253,hybrid,0.0,0.4,False,True,0.35,0.5,0.2
semantic_rag,5ab981555542996be2020532,local,0.0,0.0,False,False,0.0,0.0,0.0
semantic_rag,5ac15de55542991316484afb,local,0.5,0.0,True,True,0.625,0.75,0.5
semantic_rag,5a76538d5542992db9473764,local,0.0,1.0,True,True,0.75,0.5,1.0
semantic_rag,5abeb7eb5542993fe9a41d1f,hybrid,0.5,0.0,False,False,0.125,0.25,0.0
semantic_rag,5ab4832e5542991751b4d79d,hybrid,0.0,0.0,False,False,0.0,0.0,0.0
semantic_rag,5adf33a05542993344016c22,hybrid,0.0,0.0,False,False,0.0,0.0,0.0
semantic_rag,5a84c4bb5542991dd0999dec,hybrid,0.0,0.4,False,False,0.1,0.0,0.2
semantic_rag,5adc7b855542994650320d1e,hybrid,0.5,0.0,False,False,0.125,0.25,0.0
semantic_rag,5a7a2be25542996a35c17118,local,0.5,0.0,False,False,0.125,0.25,0.0
semantic_rag,5a8016215542992bc0c4a6a3,hybrid,0.0,0.0,False,False,0.0,0.0,0.0
semantic_rag,5adce3265542992c1e3a2466,hybrid,0.0,0.0,False,False,0.0,0.0,0.0
semantic_rag,5ae8096f5542994a481bbe99,hybrid,0.5,0.0,False,False,0.125,0.25,0.0
semantic_rag,5a776b82554299373536026f,hybrid,1.0,0.6666666666666666,False,True,0.6666666666666666,1.0,0.3333333333333333
semantic_rag,5a78eea555429970f5fffddf,local,0.0,0.0,False,False,0.0,0.0,0.0
semantic_rag,5a816db055429903bc27b961,local,0.5,0.8,False,True,0.575,0.75,0.4
semantic_rag,5abfca465542993fe9a41e65,hybrid,0.2,0.8571428571428571,False,True,0.5142857142857142,0.6,0.4285714285714285
semantic_rag,5a75d8dc5542992db94736f0,hybrid,1.0,1.0,True,True,1.0,1.0,1.0
semantic_rag,5ac3d667554299076e296ca5,local,1.0,1.0,True,True,1.0,1.0,1.0
semantic_rag,5ae52cb955429908b6326540,hybrid,0.5,0.0,False,False,0.125,0.25,0.0
semantic_rag,5ac17c025542994d76dcce70,hybrid,1.0,1.0,True,True,1.0,1.0,1.0
semantic_rag,5abde4595542991f66106095,hybrid,0.0,0.0,False,False,0.0,0.0,0.0
semantic_rag,5abe18e055429976d4830a74,hybrid,0.0,0.0,False,False,0.0,0.0,0.0
semantic_rag,5a7fac0055429969796c1b1b,hybrid,1.0,1.0,True,True,1.0,1.0,1.0
semantic_rag,5ab984a2554299131ca4235a,hybrid,1.0,1.0,True,True,1.0,1.0,1.0
semantic_rag,5a84d2775542994c784dda5f,hybrid,0.0,0.0,False,False,0.0,0.0,0.0
semantic_rag,5a7324205542994cef4bc478,local,0.5,0.1538461538461538,False,True,0.4134615384615384,0.75,0.0769230769230769
semantic_rag,5ab28c73554299340b525512,hybrid,0.5,0.0,False,False,0.125,0.25,0.0
semantic_rag,5a8b91d25542995d1e6f13fc,local,0.0,0.0,False,False,0.0,0.0,0.0
semantic_rag,5ac2759655429921a00aaf7f,local,0.5,0.0,False,False,0.125,0.25,0.0
semantic_rag,5ac2eaab5542990b17b154a4,hybrid,0.0,0.0,False,False,0.0,0.0,0.0
semantic_rag,5ab93262554299131ca422b6,hybrid,0.0,0.0,False,False,0.0,0.0,0.0
semantic_rag,5a85ebe75542996432c5712a,local,0.5,0.0,True,True,0.625,0.75,0.5
semantic_rag,5ae6a5d15542991bbc97615d,hybrid,0.0,0.0,False,False,0.0,0.0,0.0
semantic_rag,5ae54c085542992663a4f1c4,hybrid,0.0,0.0,False,False,0.0,0.0,0.0
semantic_rag,5ac248fd55429951e9e68525,hybrid,0.5,0.0,False,False,0.125,0.25,0.0
semantic_rag,5add16b65542990d50227dd2,hybrid,0.0,0.0,False,False,0.0,0.0,0.0
semantic_rag,5a84cd4b5542991dd0999dfe,local,0.5,1.0,True,True,0.875,0.75,1.0
semantic_rag,5a81f85d55429926c1cdadca,hybrid,0.0,0.0,False,False,0.0,0.0,0.0
semantic_rag,5a7c35025542996dd594b8d7,hybrid,0.5,0.0,False,False,0.125,0.25,0.0
semantic_rag,5a774c0155429966f1a36ce2,local,1.0,1.0,True,True,1.0,1.0,1.0
semantic_rag,5ab2c6a955429916697740c2,hybrid,0.0,0.0,False,False,0.0,0.0,0.0
semantic_rag,5ae5e0a6554299546bf82fa9,hybrid,1.0,1.0,True,True,1.0,1.0,1.0
semantic_rag,5abd1b6e55429933744ab729,local,1.0,1.0,True,True,1.0,1.0,1.0
semantic_rag,5ae3d4345542992f92d82387,hybrid,0.5,0.0,False,False,0.125,0.25,0.0
semantic_rag,5a82a91155429940e5e1a911,local,0.0,0.0,False,False,0.0,0.0,0.0
semantic_rag,5ab5ecd75542992aa134a3e6,hybrid,1.0,1.0,True,True,1.0,1.0,1.0
semantic_rag,5a8e1577554299068b959e54,local,0.0,0.0,False,False,0.0,0.0,0.0
semantic_rag,5a7c8cea55429935c91b5214,hybrid,0.5,0.0,False,False,0.125,0.25,0.0
semantic_rag,5ae532365542992663a4f150,hybrid,1.0,1.0,True,True,1.0,1.0,1.0
semantic_rag,5ae1467a554299422ee99659,hybrid,0.0,0.0,False,False,0.0,0.0,0.0
semantic_rag,5a80b322554299485f5986c8,hybrid,0.5,0.0,False,True,0.375,0.75,0.0
semantic_rag,5abe044d5542991f661060a7,hybrid,0.0,0.0,False,False,0.0,0.0,0.0
semantic_rag,5ab2b666554299194fa934ca,hybrid,0.0,0.0,False,False,0.0,0.0,0.0
semantic_rag,5a75404a55429916b01642be,hybrid,0.0,0.1333333333333333,False,False,0.0333333333333333,0.0,0.0666666666666666
semantic_rag,5adc411f5542994650320cbc,local,0.5,0.0,False,False,0.125,0.25,0.0
semantic_rag,5ae01b8855429925eb1afc14,hybrid,0.5,0.0,False,False,0.125,0.25,0.0
semantic_rag,5a8c49655542995e66a47598,local,1.0,1.0,True,True,1.0,1.0,1.0
semantic_rag,5a79c9cc554299148911fa53,local,0.5,0.0,False,False,0.125,0.25,0.0
semantic_rag,5abf8e135542990832d3a14f,hybrid,1.0,1.0,True,True,1.0,1.0,1.0
semantic_rag,5adcf83855429947343537e1,hybrid,1.0,1.0,True,True,1.0,1.0,1.0
semantic_rag,5abcd19c5542993a06baf971,hybrid,0.0,1.0,True,True,0.75,0.5,1.0
semantic_rag,5ab816b05542990e739ec815,hybrid,0.0,0.0,False,False,0.0,0.0,0.0
semantic_rag,5ab3bfd3554299233954ff99,hybrid,0.5,0.8,False,True,0.575,0.75,0.4
semantic_rag,5ae55b8255429908b63265ef,hybrid,1.0,0.8,False,True,0.7,1.0,0.4
semantic_rag,5a7108fa5542994082a3e4ef,local,1.0,1.0,True,True,1.0,1.0,1.0
semantic_rag,5ae34b275542992e3233c371,hybrid,0.5,0.4444444444444444,False,True,0.4861111111111111,0.75,0.2222222222222222
semantic_rag,5a812cd555429926c1cdacfc,local,0.0,0.0,False,False,0.0,0.0,0.0
semantic_rag,5ade063d5542995b365fabcd,hybrid,1.0,1.0,True,True,1.0,1.0,1.0
semantic_rag,5ac4efa85542991943173a04,local,0.0,0.0,False,False,0.0,0.0,0.0
semantic_rag,5ab33ef955429969a97a810e,hybrid,0.0,0.0,False,False,0.0,0.0,0.0
semantic_rag,5a7df7115542990b8f503b0f,local,0.0,0.4,False,False,0.1,0.0,0.2
semantic_rag,5adfd0d455429942ec259b4d,hybrid,0.0,0.0,False,False,0.0,0.0,0.0
semantic_rag,5a7f697c5542992097ad2f59,hybrid,0.0,0.0,False,False,0.0,0.0,0.0
semantic_rag,5ab5ec795542997d4ad1f252,hybrid,0.5,1.0,True,True,0.875,0.75,1.0
semantic_rag,5ab5f249554299488d4d9a5d,hybrid,0.5,0.4,False,False,0.225,0.25,0.2
semantic_rag,5a810d7655429903bc27b915,hybrid,0.5,0.0,False,False,0.125,0.25,0.0
semantic_rag,5ac00de75542996f0d89cb13,hybrid,0.0,0.0,False,False,0.0,0.0,0.0
semantic_rag,5adecc7755429975fa854f9d,hybrid,0.0,0.0,False,False,0.0,0.0,0.0
semantic_rag,5a7412b655429979e28828a1,hybrid,0.0,0.5,False,True,0.375,0.5,0.25
semantic_rag,5ab484415542990594ba9c44,local,1.0,1.0,True,True,1.0,1.0,1.0
semantic_rag,5ac1436f5542991316484aad,hybrid,0.5,0.0,False,False,0.125,0.25,0.0
semantic_rag,5ab234c65542993be8fa98c6,hybrid,0.0,0.0,False,False,0.0,0.0,0.0
semantic_rag,5a775bd65542993569682d6b,hybrid,1.0,1.0,True,True,1.0,1.0,1.0
semantic_rag,5add67705542992ae4cec54f,hybrid,0.0,0.0,False,False,0.0,0.0,0.0
semantic_rag,5a74b55455429974ef308c39,hybrid,0.0,0.0,False,False,0.0,0.0,0.0
semantic_rag,5a89e4585542992e4fca8454,hybrid,0.5,0.0,False,False,0.125,0.25,0.0
semantic_rag,5ae32fc655429928c423965d,hybrid,0.0,0.0,False,False,0.0,0.0,0.0
semantic_rag,5abaf0ec5542996cc5e49f22,hybrid,0.0,0.0,False,False,0.0,0.0,0.0
semantic_rag,5a80b52f554299485f5986d6,hybrid,0.0,0.0,False,False,0.0,0.0,0.0
semantic_rag,5a7c47c35542990527d55481,hybrid,0.0,0.0,False,False,0.0,0.0,0.0
semantic_rag,5ab487765542990594ba9c4e,hybrid,0.0,0.0,False,False,0.0,0.0,0.0
semantic_rag,5ae72e79554299572ea54763,hybrid,0.0,0.0,False,False,0.0,0.0,0.0
semantic_rag,5a8672e4554299211dda2b39,hybrid,0.0,0.0,False,False,0.0,0.0,0.0
semantic_rag,5a8e27d45542995a26add46a,hybrid,0.5,0.0,False,False,0.125,0.25,0.0
semantic_rag,5ac3d10b5542993915413952,local,0.5,0.6666666666666666,False,False,0.2916666666666666,0.25,0.3333333333333333
semantic_rag,5ae37b4d5542991a06ce99ce,hybrid,0.5,0.0,False,False,0.125,0.25,0.0
semantic_rag,5a7f010955429934daa2fc8b,local,1.0,1.0,True,True,1.0,1.0,1.0
semantic_rag,5ac3b4cc554299741d48a2eb,hybrid,0.5,1.0,False,True,0.625,0.75,0.5
semantic_rag,5a8f55aa554299458435d5bc,hybrid,0.0,0.0,False,False,0.0,0.0,0.0
semantic_rag,5ab4147a5542996a3a969f1e,hybrid,0.0,0.0,False,False,0.0,0.0,0.0
semantic_rag,5a7b40cd5542995eb53be8d4,local,1.0,1.0,True,True,1.0,1.0,1.0
semantic_rag,5ae3e59a5542994393b9e79e,hybrid,0.5,0.0,False,True,0.375,0.75,0.0
semantic_rag,5ae34a225542992e3233c370,local,0.0,0.0,False,False,0.0,0.0,0.0
semantic_rag,5ab950bd55429970cfb8ea4c,hybrid,0.5,0.0,False,False,0.125,0.25,0.0
semantic_rag,5a8ed8b955429917b4a5bdd3,hybrid,0.0,0.0,False,False,0.0,0.0,0.0
semantic_rag,5ae45b6b55429970de88d943,hybrid,0.0,1.0,True,True,0.75,0.5,1.0
semantic_rag,5a8ff69655429916514e73f1,hybrid,0.0,0.0,False,False,0.0,0.0,0.0
semantic_rag,5ab4b9f75542990594ba9ca4,hybrid,0.5,0.4,False,True,0.475,0.75,0.2
semantic_rag,5aba97ed55429901930fa84d,hybrid,0.0,0.0,False,False,0.0,0.0,0.0
semantic_rag,5a7af8fa55429927d897bf25,hybrid,0.0,0.0,False,False,0.0,0.0,0.0
semantic_rag,5a8d09a955429941ae14df71,hybrid,1.0,1.0,True,True,1.0,1.0,1.0
semantic_rag,5a8727dd5542991e771816f8,hybrid,0.0,0.0,False,False,0.0,0.0,0.0
semantic_rag,5adbfb6b55429947ff17388d,hybrid,0.0,0.0,False,False,0.0,0.0,0.0
semantic_rag,5ae494575542995dadf2434d,hybrid,1.0,0.8,True,True,0.95,1.0,0.9
semantic_rag,5a808b57554299485f598651,hybrid,0.5,0.0,False,False,0.125,0.25,0.0
semantic_rag,5a8b59a65542995d1e6f137c,local,0.5,0.0,False,False,0.125,0.25,0.0
semantic_rag,5ac06191554299294b218fab,hybrid,0.0,0.0,False,False,0.0,0.0,0.0
semantic_rag,5a8205b755429926c1cdadee,hybrid,1.0,1.0,True,True,1.0,1.0,1.0
semantic_rag,5ae2090a5542997f29b3c214,hybrid,1.0,1.0,True,True,1.0,1.0,1.0
semantic_rag,5ae4ad375542995dadf243a4,hybrid,0.0,0.0,False,False,0.0,0.0,0.0
semantic_rag,5a716a9b5542994082a3e821,hybrid,0.0,0.4,False,False,0.1,0.0,0.2
semantic_rag,5ab674b7554299110f219a0c,local,0.0,0.0,False,False,0.0,0.0,0.0
semantic_rag,5ac370ce5542995ef918c18c,local,0.5,0.0,True,True,0.625,0.75,0.5
semantic_rag,5ae76c235542991e8301cc97,hybrid,0.5,1.0,True,True,0.875,0.75,1.0
semantic_rag,5a7e05f75542995f4f402394,local,1.0,1.0,True,True,1.0,1.0,1.0
semantic_rag,5ab7f1315542991d322237d1,hybrid,1.0,1.0,True,True,1.0,1.0,1.0
semantic_rag,5a8b6ac055429949d91db5a5,hybrid,1.0,1.0,True,True,1.0,1.0,1.0
semantic_rag,5ab9535a5542996be202047e,hybrid,0.0,0.0,False,False,0.0,0.0,0.0
semantic_rag,5a7c0aa15542997c3ec972cd,hybrid,0.0,0.0,False,False,0.0,0.0,0.0
semantic_rag,5ab6ba045542995eadef007e,hybrid,0.5,0.0,False,False,0.125,0.25,0.0
semantic_rag,5ab89cc25542991b5579efc3,hybrid,0.33,0.0,False,False,0.0825,0.165,0.0
semantic_rag,5ae1e2765542997f29b3c162,hybrid,0.0,0.0,False,False,0.0,0.0,0.0
semantic_rag,5ae5e762554299546bf82faf,hybrid,1.0,1.0,True,True,1.0,1.0,1.0
semantic_rag,5a75428b55429916b01642c8,hybrid,0.0,0.0,False,False,0.0,0.0,0.0
semantic_rag,5a84b5975542991dd0999da3,hybrid,1.0,1.0,True,True,1.0,1.0,1.0
semantic_rag,5a7797a555429967ab105208,local,1.0,1.0,True,True,1.0,1.0,1.0
semantic_rag,5abe64bf55429976d4830b13,hybrid,1.0,1.0,True,True,1.0,1.0,1.0
semantic_rag,5a7af74e55429931da12c9b5,local,1.0,1.0,True,True,1.0,1.0,1.0
semantic_rag,5adea19a55429939a52fe919,hybrid,0.0,0.0,False,False,0.0,0.0,0.0
semantic_rag,5addffff5542992200553bdd,hybrid,0.0,0.0,False,False,0.0,0.0,0.0
semantic_rag,5adce4f65542992c1e3a2474,hybrid,0.5,0.0,False,False,0.125,0.25,0.0
semantic_rag,5a85f4425542994775f606c4,local,1.0,1.0,True,True,1.0,1.0,1.0
semantic_rag,5ab7f27e5542991d322237d6,hybrid,0.5,0.0,False,False,0.125,0.25,0.0
semantic_rag,5ae236445542992decbdcc69,hybrid,1.0,1.0,True,True,1.0,1.0,1.0
semantic_rag,5ab8397155429919ba4e2272,hybrid,0.0,0.0,False,False,0.0,0.0,0.0
semantic_rag,5a88016b5542997e5c09a58a,hybrid,0.5,0.0,False,False,0.125,0.25,0.0
semantic_rag,5ac2cb125542996773102626,local,0.5,0.0,True,True,0.625,0.75,0.5
semantic_rag,5a7220f055429971e9dc92ac,hybrid,0.0,1.0,True,True,0.75,0.5,1.0
semantic_rag,5a7a073a5542990783324dfb,hybrid,0.33,0.0,False,False,0.0825,0.165,0.0
semantic_rag,5ab985eb554299131ca42360,local,0.0,1.0,True,True,0.75,0.5,1.0
semantic_rag,5a84abaf5542997b5ce3ff06,hybrid,0.0,0.0,False,False,0.0,0.0,0.0
semantic_rag,5ab8883455429916710eb084,hybrid,1.0,1.0,True,True,1.0,1.0,1.0
semantic_rag,5a80caac554299260e20a161,local,0.0,0.0,False,False,0.0,0.0,0.0
semantic_rag,5a7b6e1d5542997c3ec9716e,hybrid,0.5,0.0,False,False,0.125,0.25,0.0
semantic_rag,5ab935c755429934fafe6e74,hybrid,0.0,0.0,False,False,0.0,0.0,0.0
semantic_rag,5a8e3f2d5542995a26add48f,hybrid,0.0,0.0,False,False,0.0,0.0,0.0
semantic_rag,5a89da93554299669944a5cc,hybrid,1.0,1.0,True,True,1.0,1.0,1.0
semantic_rag,5a7efd2f5542994959419a9c,local,0.0,1.0,True,True,0.75,0.5,1.0
semantic_rag,5abed4d55542990832d3a0e0,local,0.5,1.0,True,True,0.875,0.75,1.0
semantic_rag,5abd583255429924427fcfb9,hybrid,1.0,1.0,True,True,1.0,1.0,1.0
semantic_rag,5ae684fe5542991bbc97610e,hybrid,0.5,0.0,False,False,0.125,0.25,0.0
semantic_rag,5ab2958c554299449642c912,hybrid,0.0,0.0,False,False,0.0,0.0,0.0
semantic_rag,5a7c6753554299683c1c62f9,hybrid,1.0,1.0,True,True,1.0,1.0,1.0
semantic_rag,5a74bfa55542996c70cfadcf,hybrid,0.0,0.0,False,False,0.0,0.0,0.0
semantic_rag,5aba55f25542994dbf0198e0,hybrid,1.0,0.0,False,False,0.25,0.5,0.0
semantic_rag,5ac507825542994611c8b32b,hybrid,0.5,0.0,False,False,0.125,0.25,0.0
semantic_rag,5a79258a55429974737f79a8,hybrid,0.0,0.0,False,False,0.0,0.0,0.0
semantic_rag,5a7f732d5542992e7d278d02,hybrid,0.5,0.8,False,False,0.325,0.25,0.4
semantic_rag,5a87c7dc5542996e4f30891b,hybrid,0.5,0.0,False,True,0.375,0.75,0.0
semantic_rag,5a7769a35542993569682d8f,local,0.5,0.0,False,False,0.125,0.25,0.0
semantic_rag,5a712c4b5542994082a3e622,hybrid,0.5,0.0,False,False,0.125,0.25,0.0
semantic_rag,5addd5795542990dbb2f7e9d,hybrid,0.0,0.0,False,False,0.0,0.0,0.0
semantic_rag,5a7a77425542995eb53be83e,local,1.0,1.0,True,True,1.0,1.0,1.0
semantic_rag,5a84995d5542997b5ce3fee4,hybrid,0.5,0.0,False,False,0.125,0.25,0.0
semantic_rag,5a7e618155429949594199b0,hybrid,0.5,0.0,False,False,0.125,0.25,0.0
semantic_rag,5ac258cc554299636651998e,hybrid,0.0,0.0,False,False,0.0,0.0,0.0
semantic_rag,5adf75e35542993344016c98,hybrid,0.5,0.0,False,False,0.125,0.25,0.0
semantic_rag,5a775f8a5542994aec3b72ba,hybrid,1.0,1.0,True,True,1.0,1.0,1.0
semantic_rag,5a84b7db5542991dd0999db0,local,0.5,0.0,False,True,0.375,0.75,0.0
semantic_rag,5abe024c5542991f661060a2,hybrid,0.5,0.0,False,False,0.125,0.25,0.0
semantic_rag,5ac5391e5542994611c8b439,hybrid,0.5,0.0,False,False,0.125,0.25,0.0
semantic_rag,5abff0625542997ec76fd476,hybrid,0.0,0.5,False,False,0.125,0.0,0.25
semantic_rag,5ae277575542996483e649b2,hybrid,0.5,0.8,False,True,0.575,0.75,0.4
semantic_rag,5a7ca0ef55429907fabeefd3,local,0.0,0.0,False,False,0.0,0.0,0.0
semantic_rag,5ae3eeb25542995dadf2425e,hybrid,0.0,0.0,False,False,0.0,0.0,0.0
semantic_rag,5a886098554299206df2b248,hybrid,0.0,0.0,False,False,0.0,0.0,0.0
semantic_rag,5ae1e9635542997f29b3c19e,local,0.0,0.5,False,True,0.375,0.5,0.25
semantic_rag,5a85b0c85542994c784ddb40,hybrid,0.5,0.0,False,False,0.125,0.25,0.0
semantic_rag,5abe9f7d5542997ec76fd331,hybrid,0.0,0.0,False,False,0.0,0.0,0.0
semantic_rag,5ae692e35542996d980e7c0e,hybrid,1.0,0.0,False,False,0.25,0.5,0.0
semantic_rag,5a762f4755429976ec32bd44,hybrid,0.5,0.0,False,False,0.125,0.25,0.0
semantic_rag,5ae763aa5542995703ce8c09,hybrid,0.5,0.8,False,True,0.575,0.75,0.4
semantic_rag,5adfe6c455429906c02daa85,hybrid,0.0,0.0,False,False,0.0,0.0,0.0
semantic_rag,5a8230af554299676cceb227,local,0.5,1.0,True,True,0.875,0.75,1.0
semantic_rag,5a79240955429974737f79a4,local,1.0,1.0,True,True,1.0,1.0,1.0
semantic_rag,5a888b8e5542997e5c09a60a,hybrid,0.5,0.0,False,False,0.125,0.25,0.0
semantic_rag,5ab529965542990594ba9d1e,hybrid,0.5,0.4000000000000001,False,False,0.225,0.25,0.2
semantic_rag,5abe3f3455429976d4830aa8,hybrid,0.0,0.0,False,False,0.0,0.0,0.0
semantic_rag,5ae352285542994393b9e685,hybrid,0.0,0.0,False,True,0.25,0.5,0.0
semantic_rag,5a8b82a05542995d1e6f13d0,local,0.0,0.0,False,False,0.0,0.0,0.0
semantic_rag,5ab2bc6b554299545a2cfa40,hybrid,0.5,1.0,True,True,0.875,0.75,1.0
semantic_rag,5adf07f25542992d7e9f9279,hybrid,0.5,0.0,False,False,0.125,0.25,0.0
semantic_rag,5a7dca645542990b8f503aab,local,0.0,0.0,False,False,0.0,0.0,0.0
semantic_rag,5a7136e25542994082a3e67e,hybrid,0.5,0.6666666666666666,False,True,0.5416666666666666,0.75,0.3333333333333333
semantic_rag,5ae1faf15542997f29b3c1e3,hybrid,1.0,1.0,True,True,1.0,1.0,1.0
semantic_rag,5a7d5c175542991319bc93b1,local,0.5,0.0,False,False,0.125,0.25,0.0
semantic_rag,5addfdfa5542997dc790710b,hybrid,0.5,0.0,False,False,0.125,0.25,0.0
semantic_rag,5a7c6fde55429907fabeef87,hybrid,0.0,0.0,False,False,0.0,0.0,0.0
semantic_rag,5ade043d5542997dc7907122,hybrid,0.5,0.0,False,False,0.125,0.25,0.0
semantic_rag,5ae7376f5542992ae0d163d2,hybrid,1.0,1.0,True,True,1.0,1.0,1.0
semantic_rag,5ae2994d554299492dc91c31,local,0.5,0.0,False,False,0.125,0.25,0.0
semantic_rag,5a7a0a2d5542990783324e06,hybrid,0.5,0.0,False,True,0.375,0.75,0.0
semantic_rag,5a8ad8b65542992d82986fa2,local,0.0,0.0,False,False,0.0,0.0,0.0
semantic_rag,5a89007355429938390d4026,hybrid,0.0,0.0,False,False,0.0,0.0,0.0
semantic_rag,5ab934465542996be202043e,local,0.0,0.0,False,False,0.0,0.0,0.0
semantic_rag,5ae4a75a55429913cc2044bc,local,1.0,0.0,False,False,0.25,0.5,0.0
semantic_rag,5a865cac55429960ec39b675,local,1.0,1.0,True,True,1.0,1.0,1.0
semantic_rag,5a82e36255429940e5e1a93b,hybrid,1.0,1.0,True,True,1.0,1.0,1.0
semantic_rag,5a7348555542994cef4bc503,hybrid,0.0,0.0,False,False,0.0,0.0,0.0
semantic_rag,5adf34ff5542992d7e9f92ce,hybrid,0.5,0.0,False,False,0.125,0.25,0.0
semantic_rag,5a7568175542992d0ec05f88,hybrid,0.0,0.0,False,False,0.0,0.0,0.0
semantic_rag,5a817d8c55429903bc27b974,hybrid,0.2,0.0,False,False,0.05,0.1,0.0
semantic_rag,5a74d92555429929fddd84fa,hybrid,1.0,1.0,True,True,1.0,1.0,1.0
semantic_rag,5ae7793c554299540e5a55c2,hybrid,0.0,0.0,False,False,0.0,0.0,0.0
semantic_rag,5ab296a6554299194fa93415,local,0.5,1.0,True,True,0.875,0.75,1.0
semantic_rag,5a7d1c525542995ed0d165f2,hybrid,0.0,0.0,False,False,0.0,0.0,0.0
semantic_rag,5ac403c45542997ea680c9b5,hybrid,0.0,0.0,False,False,0.0,0.0,0.0
semantic_rag,5a84d4555542992a431d1aac,hybrid,0.5,0.0,False,False,0.125,0.25,0.0
semantic_rag,5a8b83bc55429949d91db5c0,hybrid,1.0,0.6666666666666666,False,True,0.6666666666666666,1.0,0.3333333333333333
semantic_rag,5ab8338155429919ba4e2260,hybrid,0.0,0.0,False,False,0.0,0.0,0.0
semantic_rag,5ab66e1355429954757d32b2,local,0.5,0.0,False,False,0.125,0.25,0.0
semantic_rag,5a8a521d5542992d82986f15,hybrid,0.5,0.0,False,False,0.125,0.25,0.0
semantic_rag,5ab99a215542996be202056a,hybrid,0.5,0.0,False,False,0.125,0.25,0.0
semantic_rag,5ae7a5f05542993210983ece,hybrid,0.5,0.0,False,False,0.125,0.25,0.0
semantic_rag,5a7e59c855429934daa2fc0f,local,0.5,0.0,False,False,0.125,0.25,0.0
semantic_rag,5a735bae55429901807dafef,hybrid,0.5,0.0,False,False,0.125,0.25,0.0
semantic_rag,5a7f0be055429930675135fe,hybrid,1.0,1.0,True,True,1.0,1.0,1.0
semantic_rag,5adce12e5542990d50227d4f,hybrid,0.0,0.0,False,False,0.0,0.0,0.0
semantic_rag,5a8ab6be5542992d82986f5f,hybrid,0.0,0.0,False,False,0.0,0.0,0.0
semantic_rag,5ae796af554299540e5a5623,hybrid,0.0,0.0,False,False,0.0,0.0,0.0
semantic_rag,5a80e468554299260e20a1a9,hybrid,0.5,0.0,False,False,0.125,0.25,0.0
semantic_rag,5ae4accf5542995ad6573e19,hybrid,0.0,0.0,False,False,0.0,0.0,0.0
semantic_rag,5ab632aa55429953192ad296,hybrid,0.5,0.0,False,False,0.125,0.25,0.0
semantic_rag,5a7c96e55542990527d554d9,hybrid,0.33,0.0,False,False,0.0825,0.165,0.0
semantic_rag,5ab6ba9d5542995eadef0083,hybrid,0.0,0.0,False,False,0.0,0.0,0.0
semantic_rag,5ac2a288554299657fa28ff5,hybrid,0.0,0.0,False,False,0.0,0.0,0.0
semantic_rag,5ab2123155429970612095b9,hybrid,1.0,0.5,False,True,0.625,1.0,0.25
semantic_rag,5a7b192855429927d897bf39,local,0.5,0.4,False,True,0.475,0.75,0.2
semantic_rag,5ac510255542994611c8b353,hybrid,1.0,1.0,True,True,1.0,1.0,1.0
semantic_rag,5ae5fb55554299546bf82ff6,hybrid,1.0,1.0,True,True,1.0,1.0,1.0
semantic_rag,5ac4e593554299076e296e37,hybrid,0.5,0.0,False,False,0.125,0.25,0.0
semantic_rag,5ae5f47c5542996de7b71a82,hybrid,0.5,0.5,False,True,0.5,0.75,0.25
semantic_rag,5ab2da99554299194fa93544,hybrid,0.5,1.0,True,True,0.875,0.75,1.0
semantic_rag,5a7cba005542990527d55516,hybrid,1.0,1.0,True,True,1.0,1.0,1.0
semantic_rag,5a80ac53554299485f5986a0,hybrid,0.5,0.0,False,False,0.125,0.25,0.0
semantic_rag,5ae3f7575542995dadf24277,local,0.0,0.6666666666666666,False,True,0.4166666666666666,0.5,0.3333333333333333
semantic_rag,5a76a1a35542993735360122,hybrid,0.5,0.6666666666666666,True,True,0.7916666666666666,0.75,0.8333333333333333
semantic_rag,5a8f72de5542997ba9cb3266,hybrid,0.0,0.0,False,False,0.0,0.0,0.0
semantic_rag,5ade618e554299728e26c700,local,0.0,0.0,False,False,0.0,0.0,0.0
semantic_rag,5ab474b35542990594ba9c25,hybrid,0.5,0.5,False,True,0.5,0.75,0.25
semantic_rag,5addf9e05542997dc79070f9,hybrid,0.0,0.0,False,False,0.0,0.0,0.0
semantic_rag,5a7a06775542996a35c1708c,hybrid,0.5,0.6666666666666666,False,True,0.5416666666666666,0.75,0.3333333333333333
semantic_rag,5a8a58f355429930ff3c0da3,local,0.0,0.0,False,False,0.0,0.0,0.0
semantic_rag,5a86265f55429960ec39b625,hybrid,0.0,0.1176470588235294,False,False,0.0294117647058823,0.0,0.0588235294117647
semantic_rag,5add39e75542997545bbbcc4,hybrid,0.5,0.0,False,False,0.125,0.25,0.0
semantic_rag,5ab82bbb5542990e739ec84c,local,0.8,0.0,False,False,0.2,0.4,0.0
semantic_rag,5a86ab7755429960ec39b6bf,hybrid,0.0,0.0,False,False,0.0,0.0,0.0
semantic_rag,5a872c3f5542994775f607a8,local,1.0,1.0,True,True,1.0,1.0,1.0
semantic_rag,5ab201765542993be8fa98a4,hybrid,0.0,0.0,False,True,0.25,0.5,0.0
semantic_rag,5ae7f0c75542994a481bbe44,hybrid,0.0,0.0,False,False,0.0,0.0,0.0
semantic_rag,5a747a9a55429929fddd8444,local,0.5,1.0,True,True,0.875,0.75,1.0
semantic_rag,5a80cf4c55429938b61421f6,hybrid,0.0,0.0,False,False,0.0,0.0,0.0
semantic_rag,5adf72335542992d7e9f935f,hybrid,0.5,0.0,False,False,0.125,0.25,0.0
semantic_rag,5abe76c255429965af743f15,local,0.0,0.0,False,False,0.0,0.0,0.0
semantic_rag,5a8545ba5542997b5ce3ffdd,hybrid,0.5,0.0,False,False,0.125,0.25,0.0
semantic_rag,5a87136e5542991e771816b2,local,1.0,0.0,False,False,0.25,0.5,0.0
semantic_rag,5a7c04c85542996dd594b881,hybrid,0.0,0.0,False,False,0.0,0.0,0.0
semantic_rag,5adf99065542992d7e9f93b0,hybrid,0.0,0.0,False,False,0.0,0.0,0.0
semantic_rag,5a7a15d35542996a35c170c4,hybrid,0.0,0.0,False,False,0.0,0.0,0.0
semantic_rag,5a88ba2c554299206df2b34b,hybrid,0.5,0.0,False,False,0.125,0.25,0.0
semantic_rag,5a78dc4d55429970f5fffdb6,local,1.0,1.0,True,True,1.0,1.0,1.0
semantic_rag,5ae0b7cf554299603e418446,local,0.5,0.0,False,False,0.125,0.25,0.0
semantic_rag,5ae705725542995703ce8bbc,hybrid,0.5,1.0,True,True,0.875,0.75,1.0
semantic_rag,5a813e1b55429903bc27b958,hybrid,0.0,0.0,False,False,0.0,0.0,0.0
semantic_rag,5adc99d95542994ed6169baa,hybrid,0.0,0.0,False,False,0.0,0.0,0.0
semantic_rag,5adf39d55542992d7e9f92e6,hybrid,0.5,0.0,False,False,0.125,0.25,0.0
semantic_rag,5a8dd13055429917b4a5bcba,local,0.5,0.6666666666666666,False,True,0.5416666666666666,0.75,0.3333333333333333
semantic_rag,5a74325055429979e28828b3,local,0.5,0.0,False,False,0.125,0.25,0.0
semantic_rag,5a753c8c55429916b01642ab,hybrid,0.0,0.0,False,False,0.0,0.0,0.0
semantic_rag,5ae5e881554299546bf82fbb,hybrid,0.5,0.0,False,False,0.125,0.25,0.0
semantic_rag,5a8787915542996e4f30882e,local,0.5,0.0,False,False,0.125,0.25,0.0
semantic_rag,5a770d785542993569682cad,hybrid,0.5,0.0,False,False,0.125,0.25,0.0
semantic_rag,5ab2e3c45542991669774126,local,1.0,1.0,True,True,1.0,1.0,1.0
semantic_rag,5a75d45f5542994ccc918630,local,0.5,0.0,False,False,0.125,0.25,0.0
semantic_rag,5a83d7d05542992ef85e237a,hybrid,0.5,0.3333333333333333,False,False,0.2083333333333333,0.25,0.1666666666666666
semantic_rag,5a8a5a1955429930ff3c0da7,hybrid,0.0,0.0,False,False,0.0,0.0,0.0
semantic_rag,5a8fa2955542992414482b11,local,1.0,0.4,False,True,0.6,1.0,0.2
semantic_rag,5a80aeef5542992097ad301a,hybrid,0.5,0.0,False,False,0.125,0.25,0.0
semantic_rag,5ae67def5542991bbc9760f3,hybrid,0.0,0.0,False,False,0.0,0.0,0.0
semantic_rag,5ab1f494554299706120959c,hybrid,1.0,1.0,True,True,1.0,1.0,1.0
semantic_rag,5ae78f3b554299540e5a5608,hybrid,0.0,0.0,False,False,0.0,0.0,0.0
semantic_rag,5ade1f0555429975fa854e74,hybrid,1.0,1.0,True,True,1.0,1.0,1.0
semantic_rag,5ab594545542997d4ad1f183,local,0.5,0.0,True,True,0.625,0.75,0.5
semantic_rag,5a90d25655429916514e7585,hybrid,0.5,0.0,False,False,0.125,0.25,0.0
semantic_rag,5a78a84d554299148911f8fd,hybrid,0.5,0.0,False,False,0.125,0.25,0.0
semantic_rag,5abe369055429976d4830a8a,hybrid,0.5,0.0,False,False,0.125,0.25,0.0
semantic_rag,5a7b69b155429927d897bfbc,hybrid,0.5,0.5,False,True,0.5,0.75,0.25
semantic_rag,5a8389445542996488c2e450,local,0.0,0.0,False,False,0.0,0.0,0.0
semantic_rag,5ae74baa5542997b22f6a68f,hybrid,0.5,0.0,False,False,0.125,0.25,0.0
semantic_rag,5ac2a35055429967731025ce,hybrid,0.5,0.6666666666666666,False,True,0.5416666666666666,0.75,0.3333333333333333
semantic_rag,5ae1b1445542997283cd223d,hybrid,0.0,0.0,False,False,0.0,0.0,0.0
semantic_rag,5ae7525f5542991e8301cc60,hybrid,0.0,0.0,False,False,0.0,0.0,0.0
semantic_rag,5a80752b5542992bc0c4a720,hybrid,1.0,1.0,True,True,1.0,1.0,1.0
semantic_rag,5ab94e72554299743d22eaed,hybrid,0.0,0.0,False,False,0.0,0.0,0.0
semantic_rag,5ab82dbb5542990e739ec857,hybrid,0.5,0.3333333333333333,False,True,0.4583333333333333,0.75,0.1666666666666666
semantic_rag,5a7e1bae55429965cec5ea6f,hybrid,1.0,1.0,True,True,1.0,1.0,1.0
semantic_rag,5ab9be4f554299753720f843,local,0.5,0.0,False,False,0.125,0.25,0.0
semantic_rag,5a76364d5542994ccc918719,hybrid,0.0,0.0,False,False,0.0,0.0,0.0
semantic_rag,5a72a9145542994cef4bc3c1,hybrid,0.0,0.0,False,False,0.0,0.0,0.0
semantic_rag,5ae76dfd5542997b22f6a755,hybrid,0.0,0.0,False,False,0.0,0.0,0.0
semantic_rag,5adca5a45542994d58a2f692,hybrid,0.5,0.0,False,False,0.125,0.25,0.0
semantic_rag,5ab797af5542995dae37e96c,hybrid,0.0,0.0,False,False,0.0,0.0,0.0
semantic_rag,5a728f745542991f9a20c4e6,local,0.0,0.0,False,False,0.0,0.0,0.0
semantic_rag,5a8cb4b2554299585d9e372a,hybrid,0.5,0.0,False,False,0.125,0.25,0.0
semantic_rag,5a8e41735542995085b37406,hybrid,0.0,0.0,False,False,0.0,0.0,0.0
semantic_rag,5abea9a35542990832d3a07e,hybrid,1.0,0.0,True,True,0.75,1.0,0.5
semantic_rag,5ab7b0775542992aa3b8c83e,hybrid,1.0,0.5,False,True,0.625,1.0,0.25
semantic_rag,5adc75525542994650320d0e,local,0.0,0.0,False,False,0.0,0.0,0.0
semantic_rag,5a823b0c55429940e5e1a804,hybrid,1.0,1.0,True,True,1.0,1.0,1.0
semantic_rag,5abc25b6554299700f9d77f9,local,0.5,1.0,True,True,0.875,0.75,1.0
semantic_rag,5adc760c5542994650320d11,hybrid,0.5,0.0,False,False,0.125,0.25,0.0
semantic_rag,5ae33cf45542990afbd1e0ea,hybrid,0.0,0.0,False,False,0.0,0.0,0.0
semantic_rag,5abadc355542996606241644,hybrid,0.0,0.0,False,False,0.0,0.0,0.0
semantic_rag,5ac3ae885542995ef918c1e7,hybrid,0.0,0.0,False,False,0.0,0.0,0.0
semantic_rag,5abcfa6f5542993a06baf9c7,hybrid,0.5,0.0,False,True,0.375,0.75,0.0
semantic_rag,5ab29e87554299194fa9346e,hybrid,0.0,0.2,False,False,0.05,0.0,0.1
semantic_rag,5a8d4cf35542994ba4e3dc5f,hybrid,0.0,0.0,False,False,0.0,0.0,0.0
semantic_rag,5ac19b2c55429963665198b6,local,1.0,1.0,True,True,1.0,1.0,1.0
semantic_rag,5adc983c5542990d50227cb6,hybrid,1.0,1.0,True,True,1.0,1.0,1.0
semantic_rag,5abd0ee65542996e802b46d7,local,0.5,0.0,False,True,0.375,0.75,0.0
semantic_rag,5a8d841955429941ae14dfe6,hybrid,0.0,0.0,False,False,0.0,0.0,0.0
semantic_rag,5ae0bb2c5542993d6555ec27,hybrid,0.5,0.0,False,False,0.125,0.25,0.0
semantic_rag,5a73b1855542992d56e7e388,hybrid,0.0,0.0,False,False,0.0,0.0,0.0
semantic_rag,5abb7d8b5542996cc5e4a006,hybrid,0.5,0.0,False,False,0.125,0.25,0.0
semantic_rag,5a716dc15542994082a3e82b,hybrid,0.0,1.0,True,True,0.75,0.5,1.0
semantic_rag,5a8078d85542995d8a8ddf78,local,1.0,1.0,True,True,1.0,1.0,1.0
semantic_rag,5abd049d5542992ac4f381a8,hybrid,0.5,0.0,False,False,0.125,0.25,0.0
semantic_rag,5a8434445542996488c2e517,local,0.5,0.0,False,False,0.125,0.25,0.0
semantic_rag,5addf3d65542990dbb2f7f0e,local,0.5,0.0,True,True,0.625,0.75,0.5
semantic_rag,5a7577145542996c70cfaf03,local,0.0,0.5714285714285715,False,True,0.3928571428571429,0.5,0.2857142857142857
semantic_rag,5a7747e15542994aec3b7266,hybrid,0.5,0.0,False,False,0.125,0.25,0.0
semantic_rag,5adc020a5542994650320c4c,local,0.5,0.0,True,True,0.625,0.75,0.5
semantic_rag,5ac007cc5542996f0d89cb0b,hybrid,0.5,0.3333333333333333,False,False,0.2083333333333333,0.25,0.1666666666666666
semantic_rag,5ae7eb43554299540e5a5695,hybrid,0.5,0.0,False,False,0.125,0.25,0.0
semantic_rag,5a72a4645542991f9a20c54c,hybrid,0.5,0.6666666666666666,False,True,0.5416666666666666,0.75,0.3333333333333333
semantic_rag,5ae74eeb5542991bbc9761e1,hybrid,1.0,1.0,True,True,1.0,1.0,1.0
semantic_rag,5ae2e73a55429928c4239545,hybrid,0.0,0.0,False,False,0.0,0.0,0.0
semantic_rag,5a75e60e55429976ec32bc88,hybrid,0.0,0.0,False,False,0.0,0.0,0.0
semantic_rag,5a7b2144554299042af8f6f7,hybrid,0.0,0.0,False,False,0.0,0.0,0.0
semantic_rag,5ab8633c55429919ba4e22d6,local,0.5,0.0,False,False,0.125,0.25,0.0
semantic_rag,5adfa570554299025d62a31c,hybrid,0.5,0.0,False,False,0.125,0.25,0.0
semantic_rag,5ab2b6fb5542992953946848,hybrid,0.5,0.0,False,False,0.125,0.25,0.0
semantic_rag,5ab865195542990e739ec8e3,hybrid,0.0,0.0,False,False,0.0,0.0,0.0
semantic_rag,5abd83775542993062266cb7,hybrid,0.5,0.0,False,False,0.125,0.25,0.0
semantic_rag,5a7d22dc5542995ed0d16600,hybrid,0.5,0.0,False,False,0.125,0.25,0.0
semantic_rag,5a7456ec55429979e288290f,local,0.5,0.0,False,False,0.125,0.25,0.0
semantic_rag,5a77510b5542994aec3b728b,hybrid,1.0,0.8,False,True,0.7,1.0,0.4
semantic_rag,5a8f12705542997ba9cb31be,hybrid,0.5,0.0,False,False,0.125,0.25,0.0
semantic_rag,5a7bd25a554299294a54ab13,local,1.0,1.0,True,True,1.0,1.0,1.0
semantic_rag,5a8482e55542997175ce1edc,local,0.5,0.0,True,True,0.625,0.75,0.5
semantic_rag,5ae1b01b5542997283cd2237,hybrid,0.5,0.8,False,True,0.575,0.75,0.4
semantic_rag,5a8cc08455429941ae14deea,hybrid,0.0,0.0,False,False,0.0,0.0,0.0
semantic_rag,5adf74255542992d7e9f937d,hybrid,0.5,0.0,False,False,0.125,0.25,0.0
semantic_rag,5add74b75542992200553b24,hybrid,0.5,0.0,False,False,0.125,0.25,0.0
semantic_rag,5ae2e61455429928c423953e,hybrid,0.0,0.0,False,False,0.0,0.0,0.0
semantic_rag,5a79ced45542994bb94570cb,hybrid,0.0,0.0,False,False,0.0,0.0,0.0
semantic_rag,5a7a8d2355429941d65f26a1,hybrid,0.0,0.0,False,False,0.0,0.0,0.0
semantic_rag,5ae400ab5542995dadf242be,local,0.5,0.0,False,True,0.375,0.75,0.0
semantic_rag,5a7fb17c5542994857a767bb,hybrid,0.0,0.0,False,False,0.0,0.0,0.0
semantic_rag,5a7735f55542994aec3b7226,hybrid,0.5,0.8,False,True,0.575,0.75,0.4
semantic_rag,5a735e9155429901807db00d,local,1.0,1.0,True,True,1.0,1.0,1.0
semantic_rag,5a7f33115542992e7d278c84,hybrid,0.0,0.0,False,False,0.0,0.0,0.0
semantic_rag,5a7b681b554299042af8f767,hybrid,0.5,0.0,False,False,0.125,0.25,0.0
semantic_rag,5ae0a2c75542993d6555ebcf,hybrid,0.5,0.0,False,False,0.125,0.25,0.0
semantic_rag,5ae38b115542990afbd1e183,local,0.0,0.0,False,False,0.0,0.0,0.0
semantic_rag,5a81e89d5542995ce29dcc72,hybrid,0.0,0.0,False,False,0.0,0.0,0.0
semantic_rag,5ae2125e554299495565d9db,hybrid,0.33,0.0,False,False,0.0825,0.165,0.0
semantic_rag,5a8dce155542994ba4e3dd24,hybrid,1.0,1.0,False,True,0.75,1.0,0.5
semantic_rag,5a75d00a5542992db94736d1,hybrid,1.0,1.0,True,True,1.0,1.0,1.0
semantic_rag,5a8a203c55429970aeb7026d,local,1.0,1.0,True,True,1.0,1.0,1.0
semantic_rag,5a85f4ec5542994775f606c6,hybrid,0.5,0.0,False,False,0.125,0.25,0.0
semantic_rag,5a7e3c6e5542994959419937,hybrid,0.0,0.0,False,False,0.0,0.0,0.0
semantic_rag,5a85d4395542996432c570f5,hybrid,0.0,0.0,False,False,0.0,0.0,0.0
semantic_rag,5ab3bd7d55429969a97a819f,hybrid,0.0,0.0,False,False,0.0,0.0,0.0
semantic_rag,5a8aee3d55429950cd6afc01,local,0.5,0.0,False,False,0.125,0.25,0.0
semantic_rag,5ab925c755429919ba4e23d6,local,0.5,0.0,False,False,0.125,0.25,0.0
semantic_rag,5a79395455429970f5fffe7d,hybrid,0.5,0.0,False,False,0.125,0.25,0.0
semantic_rag,5ab9c7c355429939ce03dc17,hybrid,1.0,1.0,True,True,1.0,1.0,1.0
semantic_rag,5ae33cf55542992f92d82268,hybrid,0.0,0.0,False,False,0.0,0.0,0.0
semantic_rag,5ac439005542995c82c4acf9,hybrid,0.5,0.6666666666666666,False,True,0.5416666666666666,0.75,0.3333333333333333
semantic_rag,5a8a17685542993b751ca9f3,hybrid,0.5,0.0,False,False,0.125,0.25,0.0
semantic_rag,5abbfb5e554299114383a0d0,hybrid,0.0,0.0,False,False,0.0,0.0,0.0
semantic_rag,5a7e31c055429934daa2fbee,local,1.0,1.0,True,True,1.0,1.0,1.0
semantic_rag,5ab2f45d5542991669774151,hybrid,1.0,1.0,True,True,1.0,1.0,1.0
semantic_rag,5ab510cb5542996a3a96a00f,local,0.0,0.0,False,False,0.0,0.0,0.0
semantic_rag,5a758ce05542992db947367c,hybrid,0.5,0.8,False,True,0.575,0.75,0.4
semantic_rag,5a8b2a0355429971feec465b,hybrid,0.0,0.0,False,False,0.0,0.0,0.0
semantic_rag,5ae15d70554299422ee9966f,hybrid,0.5,0.0,False,False,0.125,0.25,0.0
semantic_rag,5ae830f05542997ec2727758,hybrid,0.5,0.6666666666666666,False,True,0.5416666666666666,0.75,0.3333333333333333
semantic_rag,5abbdaef554299642a094b5d,hybrid,0.0,0.0,False,False,0.0,0.0,0.0
semantic_rag,5ae09a6b55429924de1b710d,hybrid,0.5,0.6666666666666666,False,True,0.5416666666666666,0.75,0.3333333333333333
semantic_rag,5a8408a9554299123d8c21d3,hybrid,0.0,0.0,False,False,0.0,0.0,0.0
semantic_rag,5a8a575a554299515336136e,hybrid,0.5,0.6666666666666666,False,True,0.5416666666666666,0.75,0.3333333333333333
semantic_rag,5ade126355429939a52fe7ea,hybrid,0.5,0.0,False,False,0.125,0.25,0.0
semantic_rag,5ae07ddb55429945ae95937b,local,0.0,0.0,False,False,0.0,0.0,0.0
semantic_rag,5ae7f56e5542993210983fd1,hybrid,0.0,0.0,False,False,0.0,0.0,0.0
semantic_rag,5ab3f7b05542992ade7c6efd,hybrid,1.0,1.0,True,True,1.0,1.0,1.0
semantic_rag,5ade09945542997545bbbe2c,hybrid,0.5,0.0,False,False,0.125,0.25,0.0
semantic_rag,5adfb78f5542995ec70e9081,hybrid,0.0,0.0,False,False,0.0,0.0,0.0
semantic_rag,5adc6ded55429947ff17395d,hybrid,1.0,1.0,True,True,1.0,1.0,1.0
semantic_rag,5a79c2955542994f819ef097,hybrid,0.5,0.0,False,False,0.125,0.25,0.0
semantic_rag,5ab2e3a15542992953946893,hybrid,0.0,0.5,False,False,0.125,0.0,0.25
semantic_rag,5ae7f1e65542994a481bbe4a,hybrid,0.0,0.0,False,False,0.0,0.0,0.0
semantic_rag,5ab504865542991779162d52,hybrid,0.5,0.0,False,False,0.125,0.25,0.0
semantic_rag,5abd38285542993062266c19,local,1.0,1.0,True,True,1.0,1.0,1.0
semantic_rag,5a7506f455429916b0164240,hybrid,0.5,0.0,False,False,0.125,0.25,0.0
semantic_rag,5a7b215f55429931da12c9e3,local,0.0,0.0,False,False,0.0,0.0,0.0
semantic_rag,5ab7b0575542992aa3b8c83d,hybrid,0.0,0.0,False,False,0.0,0.0,0.0
semantic_rag,5ac0060f554299012d1db578,hybrid,0.0,0.0,False,False,0.0,0.0,0.0
semantic_rag,5aba71b155429955dce3ee2a,hybrid,0.5,0.0,False,False,0.125,0.25,0.0
semantic_rag,5ac11139554299294b219083,hybrid,0.5,0.0,False,False,0.125,0.25,0.0
semantic_rag,5a8763a25542993e715abf1f,hybrid,0.5,0.0,False,False,0.125,0.25,0.0
semantic_rag,5a77626b5542993569682d77,hybrid,0.5,0.8,False,True,0.575,0.75,0.4
semantic_rag,5ac35003554299741d48a24b,hybrid,0.5,0.0,False,False,0.125,0.25,0.0
semantic_rag,5ae532f85542990ba0bbb20a,hybrid,0.5,0.8,False,True,0.575,0.75,0.4
semantic_rag,5ab8372255429919ba4e226b,hybrid,0.0,0.0,False,False,0.0,0.0,0.0
semantic_rag,5ac2509755429951e9e68543,hybrid,0.0,0.0,False,False,0.0,0.0,0.0
semantic_rag,5ae377c45542990afbd1e16b,hybrid,0.5,0.0,False,False,0.125,0.25,0.0
semantic_rag,5ae5ef105542996de7b71a72,hybrid,0.5,1.0,True,True,0.875,0.75,1.0
semantic_rag,5a821c95554299676cceb219,hybrid,0.0,0.0,False,True,0.25,0.5,0.0
semantic_rag,5a85e24a5542994775f6067f,local,0.0,0.0,False,False,0.0,0.0,0.0
semantic_rag,5aba768c55429901930fa7e0,hybrid,0.0,0.0,False,False,0.0,0.0,0.0
semantic_rag,5ab926bc554299131ca42285,hybrid,0.0,0.0,False,True,0.25,0.5,0.0
semantic_rag,5a8e2fe95542995085b373d0,hybrid,0.0,0.0,False,False,0.0,0.0,0.0
semantic_rag,5a8ae00e5542992d82986fc7,hybrid,0.0,0.0,False,False,0.0,0.0,0.0
semantic_rag,5a761e855542994ccc9186e0,local,0.5,0.0,False,False,0.125,0.25,0.0
semantic_rag,5add813e5542992200553b46,hybrid,1.0,1.0,True,True,1.0,1.0,1.0
semantic_rag,5ab841d15542990e739ec89d,hybrid,0.0,0.0,False,False,0.0,0.0,0.0
semantic_rag,5ac2ada255429967731025f9,local,0.5,1.0,True,True,0.875,0.75,1.0
semantic_rag,5ac546975542993e66e8229a,hybrid,1.0,1.0,True,True,1.0,1.0,1.0
semantic_rag,5a9023d355429916514e742f,hybrid,0.5,0.0,False,False,0.125,0.25,0.0
semantic_rag,5ae22ede554299234fd0441b,hybrid,0.5,0.0,False,False,0.125,0.25,0.0
semantic_rag,5a88d7fc5542993b751ca879,hybrid,1.0,1.0,True,True,1.0,1.0,1.0
semantic_rag,5a7f22005542993067513657,hybrid,0.0,0.0,False,False,0.0,0.0,0.0
semantic_rag,5a79102a554299148911f9da,hybrid,0.5,0.5714285714285715,False,False,0.2678571428571429,0.25,0.2857142857142857
semantic_rag,5abe50b45542991f6610613f,hybrid,1.0,1.0,True,True,1.0,1.0,1.0
semantic_rag,5ae505d355429908b63264e4,hybrid,0.0,0.0,False,False,0.0,0.0,0.0
semantic_rag,5a87e5345542993e715abffb,hybrid,0.0,0.0,False,False,0.0,0.0,0.0
semantic_rag,5abb207d5542992ccd8e7f1d,hybrid,1.0,0.6666666666666666,False,True,0.6666666666666666,1.0,0.3333333333333333
semantic_rag,5abfcdb55542993fe9a41e7b,hybrid,0.5,0.0,False,False,0.125,0.25,0.0
semantic_rag,5abd36165542993062266bfb,hybrid,1.0,1.0,True,True,1.0,1.0,1.0
semantic_rag,5ab2d9f1554299545a2cfac9,hybrid,0.5,0.0,False,False,0.125,0.25,0.0
semantic_rag,5a75da6d5542992db94736fa,hybrid,0.5,0.0,False,False,0.125,0.25,0.0
semantic_rag,5a7a19765542996a35c170cf,hybrid,0.33,0.0,False,False,0.0825,0.165,0.0
semantic_rag,5ab58ee6554299488d4d99d6,hybrid,0.0,0.0,False,False,0.0,0.0,0.0
semantic_rag,5ab29346554299545a2cf997,hybrid,0.0,0.0,False,False,0.0,0.0,0.0
semantic_rag,5a8468c95542990548d0b2b1,hybrid,0.0,0.0,False,False,0.0,0.0,0.0
semantic_rag,5ae2136d5542997283cd23b6,local,1.0,1.0,True,True,1.0,1.0,1.0
semantic_rag,5abeb91c5542994516f45400,local,0.0,0.0,False,False,0.0,0.0,0.0
semantic_rag,5a7b542455429927d897bf92,hybrid,0.5,0.0,False,False,0.125,0.25,0.0
semantic_rag,5a8a07af55429970aeb70222,local,0.0,0.0,False,False,0.0,0.0,0.0
semantic_rag,5a80d1ce554299260e20a178,local,0.0,0.0,False,False,0.0,0.0,0.0
semantic_rag,5a75e61c5542992d0ec06012,hybrid,1.0,1.0,True,True,1.0,1.0,1.0
semantic_rag,5a8ec55f5542995a26add50c,hybrid,0.0,0.0,False,False,0.0,0.0,0.0
semantic_rag,5ae077805542993d6555eb6e,local,0.0,0.0,False,False,0.0,0.0,0.0
semantic_rag,5ade17d255429939a52fe80e,local,0.0,0.0,False,False,0.0,0.0,0.0
semantic_rag,5add3a605542990dbb2f7ddb,local,0.5,0.0,True,True,0.625,0.75,0.5
semantic_rag,5a7c9cc45542990527d554e1,hybrid,0.0,0.0,False,False,0.0,0.0,0.0
semantic_rag,5aba9d7955429901930fa85f,hybrid,0.0,0.0,False,False,0.0,0.0,0.0
semantic_rag,5a8ce9ed554299585d9e3764,hybrid,1.0,1.0,True,True,1.0,1.0,1.0
semantic_rag,5abfe1115542997d64295909,hybrid,0.0,0.0,False,False,0.0,0.0,0.0
semantic_rag,5ae24b165542996483e64962,hybrid,0.0,0.0,False,False,0.0,0.0,0.0
semantic_rag,5a832fdd55429954d2e2ec4f,hybrid,0.5,0.0,False,False,0.125,0.25,0.0
semantic_rag,5ac46c83554299204fd21f45,hybrid,0.5,0.0,False,False,0.125,0.25,0.0
semantic_rag,5a81329655429926c1cdad0c,hybrid,0.5,0.0,False,False,0.125,0.25,0.0
semantic_rag,5a81a4335542990a1d231e38,hybrid,0.5,0.0,False,False,0.125,0.25,0.0
semantic_rag,5ab5ac345542992aa134a37f,hybrid,0.5,0.5,False,True,0.5,0.75,0.25
semantic_rag,5ac009bf5542997d642959a7,hybrid,0.0,0.0,False,False,0.0,0.0,0.0
semantic_rag,5a79c1185542994bb9457065,local,0.5,0.8,False,False,0.325,0.25,0.4
semantic_rag,5abdb5b455429965af743dfa,hybrid,0.5,0.0,False,False,0.125,0.25,0.0
semantic_rag,5a8d8e4f5542994ba4e3dca7,hybrid,0.5,0.0,False,True,0.375,0.75,0.0
semantic_rag,5a80a654554299485f598679,hybrid,1.0,1.0,True,True,1.0,1.0,1.0
semantic_rag,5a7327265542994cef4bc480,hybrid,0.0,0.0,False,False,0.0,0.0,0.0
semantic_rag,5a7c762d55429935c91b51c7,hybrid,0.0,0.0,False,False,0.0,0.0,0.0
semantic_rag,5a89e8035542992e4fca846d,local,0.5,1.0,True,True,0.875,0.75,1.0
semantic_rag,5abc36cc55429959677d6a50,local,0.0,0.0,False,False,0.0,0.0,0.0
semantic_rag,5ae680cc5542996d980e7ba5,hybrid,1.0,1.0,True,True,1.0,1.0,1.0
semantic_rag,5ac18baa5542991316484b33,hybrid,0.0,0.0,False,False,0.0,0.0,0.0
semantic_rag,5ab45bcd5542991779162c80,hybrid,0.5,0.6666666666666666,False,True,0.5416666666666666,0.75,0.3333333333333333
semantic_rag,5a7b3a2455429927d897bf5c,hybrid,0.0,0.0,False,False,0.0,0.0,0.0
semantic_rag,5a75eb125542994ccc918659,local,0.5,0.0,False,False,0.125,0.25,0.0
semantic_rag,5a7291c35542991f9a20c4f4,hybrid,0.5,0.0,False,False,0.125,0.25,0.0
semantic_rag,5ae180d855429901ffe4aecc,hybrid,0.0,0.0,False,False,0.0,0.0,0.0
semantic_rag,5a776bc855429966f1a36d3a,local,0.5,0.0,False,False,0.125,0.25,0.0
semantic_rag,5ae70369554299572ea54683,hybrid,0.5,0.0,False,False,0.125,0.25,0.0
semantic_rag,5a8b4fcc55429949d91db541,hybrid,0.5,1.0,False,True,0.625,0.75,0.5
semantic_rag,5ae18b555542997b2ef7d1f7,hybrid,0.0,0.0,False,False,0.0,0.0,0.0
semantic_rag,5adcdc6c5542992c1e3a2437,hybrid,0.5,0.0,False,False,0.125,0.25,0.0
semantic_rag,5a89e92c5542993b751ca9af,hybrid,0.5,0.0,False,False,0.125,0.25,0.0
semantic_rag,5a7e19e655429965cec5ea58,hybrid,0.0,0.0,False,False,0.0,0.0,0.0
semantic_rag,5a7a3a2a5542996c55b2dd41,hybrid,0.0,0.0,False,False,0.0,0.0,0.0
semantic_rag,5a7119095542994082a3e589,hybrid,1.0,1.0,True,True,1.0,1.0,1.0
semantic_rag,5a770bb855429937353601b5,hybrid,0.0,0.3333333333333333,False,False,0.0833333333333333,0.0,0.1666666666666666
semantic_rag,5a738bd0554299623ed4abee,hybrid,0.0,0.0,False,False,0.0,0.0,0.0
semantic_rag,5ac12275554299012d1db6a3,hybrid,0.0,0.0,False,False,0.0,0.0,0.0
semantic_rag,5adbe75455429944faac23af,hybrid,1.0,1.0,True,True,1.0,1.0,1.0
semantic_rag,5a732aaa5542992359bc325a,hybrid,0.5,0.5,False,True,0.5,0.75,0.25
semantic_rag,5a7905f555429974737f7947,hybrid,0.5,0.0,False,False,0.125,0.25,0.0
semantic_rag,5a901b985542995651fb50b0,hybrid,0.5,0.0,False,False,0.125,0.25,0.0
semantic_rag,5a85f98e5542996432c57152,hybrid,0.5,0.5,False,True,0.5,0.75,0.25
semantic_rag,5a7e02cf5542997cc2c474f4,hybrid,0.5,0.0,False,False,0.125,0.25,0.0
semantic_rag,5a8f54215542992414482a54,hybrid,0.33,0.0,False,False,0.0825,0.165,0.0
semantic_rag,5abad3445542996cc5e49ea0,hybrid,0.0,0.0,False,False,0.0,0.0,0.0
semantic_rag,5a8fd9ac5542990a98493570,local,0.5,0.0,False,False,0.125,0.25,0.0
semantic_rag,5ae0c9dd5542993d6555ec69,local,0.5,1.0,True,True,0.875,0.75,1.0
semantic_rag,5ab614e5554299488d4d9a9c,hybrid,0.5,0.8,False,False,0.325,0.25,0.4
semantic_rag,5a83431d5542993344745ff5,hybrid,0.0,0.0,False,False,0.0,0.0,0.0
semantic_rag,5abe89dd55429976d4830b5d,hybrid,0.0,0.0,False,False,0.0,0.0,0.0
semantic_rag,5ae0575755429945ae95931f,hybrid,0.0,0.0,False,False,0.0,0.0,0.0
semantic_rag,5ab7d12f55429928e1fe391f,hybrid,1.0,0.8,True,True,0.95,1.0,0.9
semantic_rag,5adfd42555429942ec259b52,hybrid,0.0,0.0,False,False,0.0,0.0,0.0
semantic_rag,5ae7b6055542993210983f00,hybrid,1.0,1.0,True,True,1.0,1.0,1.0
semantic_rag,5ae325bd5542991a06ce9936,hybrid,0.5,0.4285714285714285,False,False,0.2321428571428571,0.25,0.2142857142857142
semantic_rag,5abbdf8055429931dba145bb,hybrid,0.0,0.0,False,False,0.0,0.0,0.0
semantic_rag,5ae0a48155429945ae9593df,hybrid,0.5,0.0,False,False,0.125,0.25,0.0
semantic_rag,5abee69c5542993fe9a41d8b,hybrid,0.5,0.7499999999999999,False,True,0.5625,0.75,0.3749999999999999
semantic_rag,5a8dcbc0554299068b959df4,hybrid,0.8,0.0,False,False,0.2,0.4,0.0
semantic_rag,5a7a9ed55542995eb53be87d,hybrid,0.5,0.0,False,False,0.125,0.25,0.0
semantic_rag,5ab3cc395542992ade7c6e9f,hybrid,0.5,0.1666666666666666,False,False,0.1666666666666666,0.25,0.0833333333333333
semantic_rag,5a81a2e25542990a1d231e32,hybrid,0.5,0.0,False,False,0.125,0.25,0.0
semantic_rag,5a7cc5f9554299452d57ba49,hybrid,1.0,1.0,True,True,1.0,1.0,1.0
semantic_rag,5ab69f13554299710c8d1ef3,local,1.0,1.0,True,True,1.0,1.0,1.0
semantic_rag,5a90ab995542990a98493683,local,0.0,0.0,False,False,0.0,0.0,0.0
semantic_rag,5ade38d8554299728e26c680,hybrid,0.0,0.0,False,False,0.0,0.0,0.0
semantic_rag,5ae5cf1b554299546bf82f7a,hybrid,0.5,0.0,False,False,0.125,0.25,0.0
semantic_rag,5ab56f4b554299637185c599,hybrid,0.5,0.0,False,False,0.125,0.25,0.0
semantic_rag,5a74bc1555429929fddd84dd,local,0.5,0.0,False,False,0.125,0.25,0.0
semantic_rag,5a8f08c2554299458435d531,hybrid,0.0,0.0,False,False,0.0,0.0,0.0
semantic_rag,5ab9d2e255429955dce3ed90,hybrid,0.0,0.0,False,False,0.0,0.0,0.0
semantic_rag,5ae3f2895542995ad6573cc9,hybrid,0.5,0.6666666666666666,False,True,0.5416666666666666,0.75,0.3333333333333333
semantic_rag,5a9068075542990a9849361a,local,0.0,0.0,False,False,0.0,0.0,0.0
semantic_rag,5a7344e95542991f9a20c6ce,hybrid,0.5,0.0,False,False,0.125,0.25,0.0
semantic_rag,5a7e0ed25542991319bc9424,hybrid,0.0,0.0,False,False,0.0,0.0,0.0
semantic_rag,5ae17a9b5542990adbacf7a2,local,0.5,1.0,True,True,0.875,0.75,1.0
semantic_rag,5a8d651955429941ae14dfaf,hybrid,0.5,0.0,False,False,0.125,0.25,0.0
semantic_rag,5a8f23555542997ba9cb31e3,hybrid,0.5,0.0,False,False,0.125,0.25,0.0
semantic_rag,5a815c2e5542995ce29dcbe8,hybrid,0.0,0.0,False,False,0.0,0.0,0.0
semantic_rag,5a8ad8ed5542992d82986fa3,hybrid,0.5,0.0,False,False,0.125,0.25,0.0
semantic_rag,5adf3f1d5542992d7e9f9310,hybrid,0.5,0.0,False,False,0.125,0.25,0.0
semantic_rag,5adcd2435542992c1e3a241b,hybrid,0.0,0.0,False,False,0.0,0.0,0.0
semantic_rag,5a8796345542994846c1cda3,hybrid,0.0,0.0,False,False,0.0,0.0,0.0
semantic_rag,5abbb0655542992ccd8e7f72,hybrid,0.0,0.0,False,False,0.0,0.0,0.0
semantic_rag,5adbfb6855429944faac23e4,hybrid,0.5,0.0,False,True,0.375,0.75,0.0
semantic_rag,5adfd56655429925eb1afaac,hybrid,0.0,0.0,False,False,0.0,0.0,0.0
semantic_rag,5a79cd665542994bb94570bf,local,0.5,0.6666666666666666,False,True,0.5416666666666666,0.75,0.3333333333333333
semantic_rag,5ae731ae5542991bbc9761c1,hybrid,0.5,0.0,False,False,0.125,0.25,0.0
semantic_rag,5a710a915542994082a3e504,local,0.0,0.0,False,False,0.0,0.0,0.0
semantic_rag,5abb2e6855429966062416df,hybrid,0.5,0.0,False,False,0.125,0.25,0.0
semantic_rag,5ab4341c55429942dd415ede,hybrid,0.5,0.6666666666666666,False,True,0.5416666666666666,0.75,0.3333333333333333
semantic_rag,5ab9668c55429970cfb8eaba,hybrid,0.0,0.0,False,False,0.0,0.0,0.0
semantic_rag,5abb08c65542996cc5e49f61,hybrid,0.5,0.0,False,False,0.125,0.25,0.0
semantic_rag,5ae4818f5542995ad6573d5b,hybrid,0.5,0.0,False,False,0.125,0.25,0.0
semantic_rag,5ade283a5542997c77aded80,local,0.0,0.0,False,True,0.25,0.5,0.0
semantic_rag,5a7c25035542997c3ec972e5,hybrid,0.0,1.0,True,True,0.75,0.5,1.0
semantic_rag,5ae4075b55429970de88d87a,hybrid,0.5,0.6666666666666666,False,True,0.5416666666666666,0.75,0.3333333333333333
semantic_rag,5ac508205542994611c8b32e,hybrid,1.0,0.0,False,True,0.5,1.0,0.0
semantic_rag,5ac31129554299741d48a1a2,hybrid,0.0,0.0,False,False,0.0,0.0,0.0
semantic_rag,5ac2eec55542990b17b154c1,hybrid,0.0,0.0,False,False,0.0,0.0,0.0
semantic_rag,5adf9b1e5542992d7e9f93b5,hybrid,0.0,0.0,False,False,0.0,0.0,0.0
semantic_rag,5ab815865542995dae37ea2d,hybrid,0.5,0.0,False,False,0.125,0.25,0.0
semantic_rag,5a72bd0b5542992359bc318f,local,0.0,0.0,False,False,0.0,0.0,0.0
semantic_rag,5adc7dbf5542994d58a2f618,local,0.5,0.6666666666666666,False,True,0.5416666666666666,0.75,0.3333333333333333
semantic_rag,5ae0e5655542990adbacf6b8,hybrid,0.5,0.0,False,False,0.125,0.25,0.0
semantic_rag,5ae09ec055429924de1b7116,hybrid,1.0,1.0,True,True,1.0,1.0,1.0
semantic_rag,5adcc21f5542990d50227d05,hybrid,0.0,0.0,False,False,0.0,0.0,0.0
semantic_rag,5a79eef75542996c55b2dca6,hybrid,0.5,1.0,True,True,0.875,0.75,1.0
semantic_rag,5a89382655429951533612e8,hybrid,0.5,0.7499999999999999,False,True,0.5625,0.75,0.3749999999999999
semantic_rag,5a74ab6055429916b01641b9,local,0.0,0.0,False,False,0.0,0.0,0.0
semantic_rag,5ac540365542994611c8b470,hybrid,1.0,1.0,True,True,1.0,1.0,1.0
semantic_rag,5a7e0bb65542997cc2c4750a,hybrid,0.0,0.2,False,False,0.05,0.0,0.1
semantic_rag,5a74670855429929fddd840d,hybrid,0.5,0.5714285714285715,False,True,0.5178571428571429,0.75,0.2857142857142857
semantic_rag,5a79f27e5542990198eaf014,hybrid,0.0,0.0,False,False,0.0,0.0,0.0
semantic_rag,5a7789195542995d831811a2,hybrid,0.0,0.0,False,False,0.0,0.0,0.0
semantic_rag,5a7a27b35542996a35c1710b,hybrid,0.5,0.0,False,False,0.125,0.25,0.0
semantic_rag,5a7c6ed3554299683c1c6306,hybrid,0.0,0.0,False,False,0.0,0.0,0.0
semantic_rag,5ae7eefd554299540e5a56b6,hybrid,0.5,0.0,False,False,0.125,0.25,0.0
semantic_rag,5a790e69554299148911f9d7,hybrid,0.0,0.0,False,False,0.0,0.0,0.0
semantic_rag,5ac11037554299294b21907a,hybrid,0.5,0.6666666666666666,False,True,0.5416666666666666,0.75,0.3333333333333333
semantic_rag,5abd648155429933744ab7ac,hybrid,0.0,0.0,False,False,0.0,0.0,0.0
semantic_rag,5abacac45542996cc5e49e94,hybrid,0.0,0.0,False,False,0.0,0.0,0.0
semantic_rag,5a760dcd5542994ccc9186a1,hybrid,0.5,0.6666666666666666,False,True,0.5416666666666666,0.75,0.3333333333333333
semantic_rag,5a90af865542990a9849369c,hybrid,0.0,0.0,False,False,0.0,0.0,0.0
semantic_rag,5adc0e0355429944faac2404,hybrid,0.0,0.0,False,False,0.0,0.0,0.0
semantic_rag,5a7faed65542994857a767b6,hybrid,0.0,0.0,False,False,0.0,0.0,0.0
semantic_rag,5abf12f25542997719eab667,local,0.5,0.0,True,True,0.625,0.75,0.5
semantic_rag,5a90719b5542995b442420b7,hybrid,0.0,0.0,False,False,0.0,0.0,0.0
semantic_rag,5a72953b5542994cef4bc357,hybrid,0.0,0.0,False,False,0.0,0.0,0.0
semantic_rag,5abc17c25542993a06baf85b,local,1.0,1.0,True,True,1.0,1.0,1.0
semantic_rag,5a7b5af7554299042af8f752,hybrid,0.4,0.5,False,True,0.475,0.7,0.25
semantic_rag,5ab8919655429934fafe6e13,hybrid,0.0,0.0,False,False,0.0,0.0,0.0
semantic_rag,5ae074aa5542993d6555eb54,local,0.5,0.0,True,True,0.625,0.75,0.5
semantic_rag,5ae4932855429970de88d9b8,hybrid,1.0,0.8,False,True,0.7,1.0,0.4
semantic_rag,5a7760165542993569682d74,hybrid,1.0,1.0,True,True,1.0,1.0,1.0
semantic_rag,5ab392ec55429969a97a817d,local,0.5,0.5,False,False,0.25,0.25,0.25
semantic_rag,5adf8dd25542993344016cfe,hybrid,1.0,1.0,True,True,1.0,1.0,1.0
semantic_rag,5a7b1a4a55429927d897bf3b,hybrid,0.5,0.0,False,False,0.125,0.25,0.0
semantic_rag,5ae57d3a554299546bf82ee6,hybrid,1.0,1.0,True,True,1.0,1.0,1.0
semantic_rag,5a8bd43c5542997f31a41dd6,hybrid,0.5,0.8,False,True,0.575,0.75,0.4
semantic_rag,5a7f451a55429969796c19ec,hybrid,0.0,0.0,False,False,0.0,0.0,0.0
semantic_rag,5a73cbe4554299623ed4ac5f,hybrid,0.5,0.0,False,False,0.125,0.25,0.0
semantic_rag,5ade007e5542997545bbbdf4,hybrid,1.0,0.0,True,True,0.75,1.0,0.5
semantic_rag,5a78d35e55429974737f78c3,local,0.5,0.0,False,False,0.125,0.25,0.0
semantic_rag,5a7d3f895542995f4f402248,hybrid,0.5,0.6666666666666666,False,True,0.5416666666666666,0.75,0.3333333333333333
semantic_rag,5ab3e07e55429969a97a81e5,hybrid,0.5,0.0,False,False,0.125,0.25,0.0
semantic_rag,5adf82945542993344016ca4,local,0.0,0.0,False,False,0.0,0.0,0.0
semantic_rag,5ac4ecea55429919431739fd,hybrid,0.0,0.0,False,False,0.0,0.0,0.0
semantic_rag,5a81346055429926c1cdad13,hybrid,0.0,0.0,False,False,0.0,0.0,0.0
semantic_rag,5a8b349a55429971feec466b,local,1.0,0.0,True,True,0.75,1.0,0.5
semantic_rag,5ae608715542992663a4f244,hybrid,0.0,0.0,False,False,0.0,0.0,0.0
semantic_rag,5abeebe25542993fe9a41d9c,hybrid,0.0,0.0,False,False,0.0,0.0,0.0
semantic_rag,5a7e7d4655429934daa2fc2e,hybrid,0.5,0.0,False,False,0.125,0.25,0.0
semantic_rag,5ac07a17554299294b219000,local,0.5,0.0,False,False,0.125,0.25,0.0
semantic_rag,5ab9d6ef5542994dbf01985b,hybrid,0.0,0.0,False,False,0.0,0.0,0.0
semantic_rag,5ae1091055429920d523429b,hybrid,0.0,0.0,False,False,0.0,0.0,0.0
semantic_rag,5ae268f35542994d89d5b416,local,0.5,0.0,False,False,0.125,0.25,0.0
semantic_rag,5a8809d755429938390d3ed6,hybrid,0.5,0.0,False,False,0.125,0.25,0.0
semantic_rag,5ae6179b5542992663a4f25b,hybrid,0.0,0.0,False,False,0.0,0.0,0.0
semantic_rag,5a72e28f5542992359bc31ba,hybrid,0.0,0.1428571428571428,False,False,0.0357142857142857,0.0,0.0714285714285714
semantic_rag,5adf315c5542995ec70e8f8b,hybrid,0.0,0.0,False,False,0.0,0.0,0.0
semantic_rag,5a75eca555429976ec32bca8,hybrid,1.0,0.8,True,True,0.95,1.0,0.9
semantic_rag,5a7b3b4f5542992d025e67ac,hybrid,0.0,0.0,False,False,0.0,0.0,0.0
semantic_rag,5ab1e3bb554299340b52541a,hybrid,0.5,0.8,False,True,0.575,0.75,0.4
semantic_rag,5a716eeb5542994082a3e82e,hybrid,0.0,0.0,False,False,0.0,0.0,0.0
semantic_rag,5adbd19855429944faac236a,local,0.0,0.0,False,False,0.0,0.0,0.0
semantic_rag,5ab5035b5542996a3a969ff8,hybrid,0.5,0.0,False,True,0.375,0.75,0.0
semantic_rag,5a756b175542996c70cfaef7,local,0.0,0.0,False,False,0.0,0.0,0.0
semantic_rag,5a8a49cd55429930ff3c0d71,local,1.0,1.0,True,True,1.0,1.0,1.0
semantic_rag,5a79e1275542990198eaefe7,hybrid,0.5,0.0,False,False,0.125,0.25,0.0
semantic_rag,5ae33a6e5542992f92d8224d,local,0.0,0.0,False,False,0.0,0.0,0.0
semantic_rag,5ae172c155429920d52343de,hybrid,0.5,0.0,False,False,0.125,0.25,0.0
semantic_rag,5adfef32554299603e4183ca,hybrid,0.33,0.0,False,False,0.0825,0.165,0.0
semantic_rag,5ae0a74e554299603e41842f,local,1.0,0.0,False,False,0.25,0.5,0.0
semantic_rag,5adc6eb65542994650320cf3,local,0.0,0.0,False,False,0.0,0.0,0.0
semantic_rag,5a7ce0ce554299452d57ba92,hybrid,1.0,1.0,True,True,1.0,1.0,1.0
semantic_rag,5a8a032f5542993b751ca9e5,hybrid,0.5,0.0,False,False,0.125,0.25,0.0
semantic_rag,5ae6d3345542996d980e7c85,hybrid,0.0,0.0,False,False,0.0,0.0,0.0
semantic_rag,5ab516485542990594ba9cfc,hybrid,1.0,1.0,True,True,1.0,1.0,1.0
semantic_rag,5ab6be2f55429954757d335c,local,0.0,0.1538461538461538,False,False,0.0384615384615384,0.0,0.0769230769230769
semantic_rag,5a7c784055429907fabeef98,hybrid,0.0,0.0,False,False,0.0,0.0,0.0
semantic_rag,5a82a55955429966c78a6a70,hybrid,0.5,0.0,False,False,0.125,0.25,0.0
semantic_rag,5a76dc2d55429972597f13eb,hybrid,0.0,0.0,False,False,0.0,0.0,0.0
semantic_rag,5a8e4d9855429917b4a5bd8d,hybrid,0.0,0.0,False,False,0.0,0.0,0.0
semantic_rag,5ae0d7bf5542990adbacf67b,local,0.0,0.5,False,False,0.125,0.0,0.25
semantic_rag,5abd4fe05542993062266c4e,hybrid,0.0,0.0,False,False,0.0,0.0,0.0
semantic_rag,5ae65e6a5542996d980e7b1d,hybrid,0.0,0.0,False,False,0.0,0.0,0.0
semantic_rag,5a791ce955429974737f798e,hybrid,0.5,0.0,False,False,0.125,0.25,0.0
semantic_rag,5a7a60f15542990783324f35,hybrid,0.5,0.0,False,False,0.125,0.25,0.0
semantic_rag,5addf6135542990dbb2f7f23,hybrid,0.5,0.0,False,False,0.125,0.25,0.0
semantic_rag,5adcc90c5542990d50227d1b,hybrid,0.0,0.0,False,False,0.0,0.0,0.0
semantic_rag,5ab4789e5542990594ba9c29,hybrid,0.0,0.0,False,False,0.0,0.0,0.0
semantic_rag,5a839f985542996488c2e47d,hybrid,0.5,0.0,False,False,0.125,0.25,0.0
semantic_rag,5abae4995542996606241666,local,0.0,0.0,False,False,0.0,0.0,0.0
semantic_rag,5ae608c15542992663a4f246,hybrid,0.0,0.0,False,False,0.0,0.0,0.0
semantic_rag,5ae1e8575542997f29b3c19a,local,0.0,0.2222222222222222,False,True,0.3055555555555556,0.5,0.1111111111111111
semantic_rag,5ab42d6055429942dd415eb0,hybrid,1.0,1.0,True,True,1.0,1.0,1.0
semantic_rag,5ab827a555429934fafe6cf5,hybrid,0.5,0.0,False,False,0.125,0.25,0.0
semantic_rag,5ae0413555429942ec259c61,hybrid,1.0,1.0,True,True,1.0,1.0,1.0
semantic_rag,5abd8c295542992ac4f382ab,hybrid,0.5,0.0,False,False,0.125,0.25,0.0
semantic_rag,5abf42f75542993fe9a41dee,local,1.0,1.0,True,True,1.0,1.0,1.0
semantic_rag,5addeb685542992200553bb1,hybrid,0.5,0.6666666666666666,False,True,0.5416666666666666,0.75,0.3333333333333333
semantic_rag,5a85c41a5542994c784ddb7a,hybrid,0.5,0.0,False,False,0.125,0.25,0.0
semantic_rag,5a7281075542994cef4bc2e9,hybrid,0.5,0.5,False,False,0.25,0.25,0.25
semantic_rag,5abffc0d5542990832d3a1e2,hybrid,0.0,0.0,False,False,0.0,0.0,0.0
semantic_rag,5ac54c435542993e66e822d1,hybrid,0.5,0.0,False,False,0.125,0.25,0.0
semantic_rag,5ab2b863554299295394685a,hybrid,0.0,0.0,False,False,0.0,0.0,0.0
semantic_rag,5ae72c1e554299572ea54754,hybrid,0.5,0.0,False,False,0.125,0.25,0.0
semantic_rag,5a83a30a5542992ef85e2339,hybrid,0.5,0.0,False,False,0.125,0.25,0.0
semantic_rag,5aba637a55429939ce03dcbb,local,1.0,1.0,True,True,1.0,1.0,1.0
semantic_rag,5a81f10055429903bc27ba06,local,0.5,0.0,False,False,0.125,0.25,0.0
semantic_rag,5a8315c055429966c78a6b2d,hybrid,0.0,0.0,False,False,0.0,0.0,0.0
semantic_rag,5adda8d45542995b365fab59,hybrid,1.0,1.0,True,True,1.0,1.0,1.0
semantic_rag,5a7ae38c5542992d025e6721,local,0.5,1.0,True,True,0.875,0.75,1.0
semantic_rag,5addd6045542997dc7907049,hybrid,0.5,0.0,False,False,0.125,0.25,0.0
semantic_rag,5a8c9e7c554299653c1aa0d1,hybrid,0.5,0.8571428571428571,False,True,0.5892857142857143,0.75,0.4285714285714285
semantic_rag,5adc57325542996e6852531b,hybrid,0.5,0.6666666666666666,False,True,0.5416666666666666,0.75,0.3333333333333333
semantic_rag,5a78eb8155429970f5fffdd2,hybrid,0.0,0.0,False,False,0.0,0.0,0.0
semantic_rag,5abbd34d5542993f40c73bc6,hybrid,1.0,1.0,False,True,0.75,1.0,0.5
semantic_rag,5ac311925542995ef918c0de,local,1.0,0.0,True,True,0.75,1.0,0.5
semantic_rag,5a7b086a5542992d025e673a,hybrid,0.5,0.6666666666666666,False,True,0.5416666666666666,0.75,0.3333333333333333
semantic_rag,5ae74351554299572ea5479f,hybrid,0.5,0.0,False,False,0.125,0.25,0.0
semantic_rag,5ab29ec6554299194fa93473,hybrid,0.0,0.0,False,False,0.0,0.0,0.0
semantic_rag,5ac164da55429964131be1bf,local,0.5,0.0,False,False,0.125,0.25,0.0
semantic_rag,5a855ca15542992a431d1b12,hybrid,0.0,0.1176470588235294,False,False,0.0294117647058823,0.0,0.0588235294117647
semantic_rag,5a7283365542991f9a20c4b2,hybrid,1.0,1.0,True,True,1.0,1.0,1.0
semantic_rag,5a8e83545542990e94052b28,hybrid,0.0,0.0,False,False,0.0,0.0,0.0
semantic_rag,5ab84c6955429916710eb021,local,0.5,0.0,False,False,0.125,0.25,0.0
semantic_rag,5a7a3dbb5542996a35c17157,hybrid,0.0,0.0,False,False,0.0,0.0,0.0
semantic_rag,5adf9ee75542992d7e9f93c0,hybrid,0.0,0.0,False,False,0.0,0.0,0.0
semantic_rag,5a74c3f455429979e2882a0a,hybrid,0.5,0.0,False,False,0.125,0.25,0.0
semantic_rag,5ae7fb1155429952e35ea9eb,hybrid,0.5,0.0,False,False,0.125,0.25,0.0
semantic_rag,5ab7d6ec5542995dae37e9b4,hybrid,0.5,0.0,False,False,0.125,0.25,0.0
semantic_rag,5a77415b55429966f1a36cd2,hybrid,0.0,0.0,False,False,0.0,0.0,0.0
semantic_rag,5ab3eb1955429969a97a81f6,hybrid,0.5,0.7499999999999999,False,True,0.5625,0.75,0.3749999999999999
semantic_rag,5a7bb7f2554299042af8f7b6,hybrid,1.0,1.0,True,True,1.0,1.0,1.0
semantic_rag,5ae8189655429952e35eaa11,hybrid,0.5,0.0,False,False,0.125,0.25,0.0
semantic_rag,5a7a6ec05542990783324f49,hybrid,0.0,0.0,False,False,0.0,0.0,0.0
semantic_rag,5ac2758b55429963665199c3,hybrid,0.0,0.0,False,False,0.0,0.0,0.0
semantic_rag,5a7b8f5e554299294a54a9f6,hybrid,0.0,0.0,False,False,0.0,0.0,0.0
semantic_rag,5ae5c7fd554299546bf82f5b,hybrid,0.5,0.0,False,False,0.125,0.25,0.0
semantic_rag,5abb6ece5542992ccd8e7f40,local,0.5,0.0,False,False,0.125,0.25,0.0
semantic_rag,5a83dd2c554299334474609e,hybrid,0.0,0.0,False,False,0.0,0.0,0.0
semantic_rag,5ab721325542992aa3b8c7a2,hybrid,0.5,0.3333333333333333,False,False,0.2083333333333333,0.25,0.1666666666666666
semantic_rag,5a730a6b5542992359bc3210,local,1.0,1.0,True,True,1.0,1.0,1.0
semantic_rag,5ae4c96355429913cc204506,hybrid,0.0,0.0,False,False,0.0,0.0,0.0
semantic_rag,5a83d42d5542992ef85e2375,hybrid,0.0,0.0,False,False,0.0,0.0,0.0
semantic_rag,5ae72b745542991e8301cb7f,hybrid,0.0,0.0,False,False,0.0,0.0,0.0
semantic_rag,5ac434cb5542997ea680ca2f,hybrid,0.0,0.5,False,True,0.375,0.5,0.25
semantic_rag,5abcf14f55429959677d6b5b,hybrid,0.5,0.5714285714285715,False,True,0.5178571428571429,0.75,0.2857142857142857
semantic_rag,5ab85b1755429916710eb041,local,0.5,0.8,False,False,0.325,0.25,0.4
semantic_rag,5a8314bd55429966c78a6b2a,hybrid,1.0,1.0,True,True,1.0,1.0,1.0
semantic_rag,5a7331de5542994cef4bc4a8,hybrid,0.5,0.0869565217391304,False,True,0.3967391304347826,0.75,0.0434782608695652
semantic_rag,5ae600325542992663a4f237,hybrid,0.0,0.6666666666666666,False,True,0.4166666666666666,0.5,0.3333333333333333
semantic_rag,5ae1fb7a554299234fd04383,hybrid,0.0,0.0,False,False,0.0,0.0,0.0
semantic_rag,5a8aed1555429970aeb70334,hybrid,1.0,1.0,True,True,1.0,1.0,1.0
semantic_rag,5ade982f554299728e26c753,hybrid,0.0,0.0,False,False,0.0,0.0,0.0
semantic_rag,5ac2ffb755429921a00ab0cb,hybrid,0.5,0.0,False,False,0.125,0.25,0.0
semantic_rag,5a869e845542991e7718166f,hybrid,1.0,1.0,True,True,1.0,1.0,1.0
semantic_rag,5ab5e2645542992aa134a3c5,hybrid,0.0,0.0,False,False,0.0,0.0,0.0
semantic_rag,5adf94e05542995534e8c7f7,hybrid,0.5,0.3333333333333333,False,False,0.2083333333333333,0.25,0.1666666666666666
semantic_rag,5ae780a55542997b22f6a79f,hybrid,0.5,0.0,False,False,0.125,0.25,0.0
semantic_rag,5a738fb4554299623ed4abf9,local,1.0,1.0,True,True,1.0,1.0,1.0
semantic_rag,5a7ab1b055429927d897bef4,local,0.5,0.5,False,False,0.25,0.25,0.25
semantic_rag,5a74547755429979e2882900,hybrid,0.0,0.0,False,False,0.0,0.0,0.0
semantic_rag,5adf434c5542993a75d26462,hybrid,1.0,1.0,True,True,1.0,1.0,1.0
semantic_rag,5abfcd7a5542993fe9a41e7a,local,1.0,0.0,True,True,0.75,1.0,0.5
semantic_rag,5a7f38e255429930675136b6,hybrid,0.5,0.0,False,False,0.125,0.25,0.0
semantic_rag,5a7f7b3b5542992097ad2f81,local,0.5,1.0,True,True,0.875,0.75,1.0
semantic_rag,5a70f0a75542994082a3e403,hybrid,0.5,0.0,False,False,0.125,0.25,0.0
semantic_rag,5ae056c755429945ae959319,hybrid,0.0,0.0,False,False,0.0,0.0,0.0
semantic_rag,5abea6a05542993f32c2a18d,hybrid,0.0,0.0,False,False,0.0,0.0,0.0
semantic_rag,5a762a645542992d0ec0603d,hybrid,0.0,0.0,False,False,0.0,0.0,0.0
semantic_rag,5a904f6355429916514e746e,hybrid,1.0,0.0,False,False,0.25,0.5,0.0
semantic_rag,5a88bb4a554299206df2b353,local,1.0,1.0,True,True,1.0,1.0,1.0
semantic_rag,5adc0d3355429944faac2400,hybrid,0.0,0.0,False,False,0.0,0.0,0.0
semantic_rag,5ab94d9a554299743d22eae3,hybrid,0.5,0.0,False,False,0.125,0.25,0.0
semantic_rag,5a8b057255429971feec4611,hybrid,1.0,1.0,True,True,1.0,1.0,1.0
semantic_rag,5a7630105542992d0ec0605a,hybrid,0.5,0.0,False,False,0.125,0.25,0.0
semantic_rag,5a86f2fb554299211dda2b64,hybrid,1.0,1.0,True,True,1.0,1.0,1.0
semantic_rag,5a754fc35542996c70cfaedc,hybrid,0.5,0.0,False,True,0.375,0.75,0.0
semantic_rag,5a8c9164554299653c1aa0c1,hybrid,1.0,1.0,True,True,1.0,1.0,1.0
semantic_rag,5a7148685542994082a3e761,hybrid,0.5,0.5714285714285715,False,True,0.5178571428571429,0.75,0.2857142857142857
semantic_rag,5ab7bfe955429928e1fe38c2,hybrid,0.0,0.0,False,False,0.0,0.0,0.0
semantic_rag,5a81a4135542990a1d231e37,hybrid,1.0,1.0,True,True,1.0,1.0,1.0
semantic_rag,5a87572d5542994846c1cd6b,hybrid,0.5,0.0,False,False,0.125,0.25,0.0
semantic_rag,5abe94fd55429965af743f37,local,0.0,0.0,False,False,0.0,0.0,0.0
semantic_rag,5ac2920555429921a00aafc9,local,0.5,0.0,False,False,0.125,0.25,0.0
semantic_rag,5a8d4fbf5542994ba4e3dc68,hybrid,0.5,0.0,False,False,0.125,0.25,0.0
semantic_rag,5ab7867c5542992aa3b8c822,hybrid,1.0,0.0,False,True,0.5,1.0,0.0
semantic_rag,5ab8a7f65542991b5579efca,hybrid,0.5,0.0,False,False,0.125,0.25,0.0
semantic_rag,5ae5b255554299546bf82f2c,hybrid,1.0,1.0,True,True,1.0,1.0,1.0
semantic_rag,5a8bc0485542995d1e6f143d,hybrid,0.0,0.0,False,False,0.0,0.0,0.0
semantic_rag,5aba92da55429901930fa840,hybrid,0.0,0.0,False,False,0.0,0.0,0.0
semantic_rag,5ae5be02554299546bf82f3e,hybrid,0.0,0.0,False,False,0.0,0.0,0.0
semantic_rag,5a7349125542994cef4bc505,hybrid,0.5,0.0,False,False,0.125,0.25,0.0
semantic_rag,5a8777395542996e4f3087f3,hybrid,0.0,0.0,False,False,0.0,0.0,0.0
semantic_rag,5add596f5542990dbb2f7e4d,hybrid,0.5,0.0,False,False,0.125,0.25,0.0
semantic_rag,5abda2b755429933744ab80f,hybrid,0.5,0.0,False,False,0.125,0.25,0.0
semantic_rag,5ae5c72a554299546bf82f57,hybrid,0.0,0.0,False,False,0.0,0.0,0.0
semantic_rag,5ab480715542991751b4d798,hybrid,1.0,1.0,True,True,1.0,1.0,1.0
semantic_rag,5ac47763554299204fd21f5b,hybrid,0.5,0.0,False,False,0.125,0.25,0.0
semantic_rag,5a8c4ebf554299585d9e365d,hybrid,0.0,0.0,False,False,0.0,0.0,0.0
semantic_rag,5a8bc1b85542997f31a41db8,local,0.0,0.0,False,False,0.0,0.0,0.0
semantic_rag,5a84c4b05542991dd0999deb,local,0.0,0.0,True,True,0.5,0.5,0.5
semantic_rag,5a88a4e65542997e5c09a671,hybrid,0.0,0.0,False,False,0.0,0.0,0.0
semantic_rag,5a8725a15542996432c57230,hybrid,0.0,0.6666666666666666,True,True,0.6666666666666666,0.5,0.8333333333333333
semantic_rag,5ac3d2a6554299204fd21e8c,hybrid,0.0,0.0,False,False,0.0,0.0,0.0
semantic_rag,5a8f186055429918e830d186,hybrid,0.0,0.0,False,False,0.0,0.0,0.0
semantic_rag,5a8c5be0554299653c1aa04b,hybrid,0.0,0.0,False,False,0.0,0.0,0.0
semantic_rag,5a81624d5542995ce29dcbf1,hybrid,0.5,0.0,False,False,0.125,0.25,0.0
semantic_rag,5abe8aad55429976d4830b60,local,1.0,0.2857142857142857,False,True,0.5714285714285714,1.0,0.1428571428571428
semantic_rag,5a7de63c5542995f4f4022f5,hybrid,0.5,0.0,False,False,0.125,0.25,0.0
semantic_rag,5ac375495542995ef918c1a3,hybrid,0.0,0.0,False,False,0.0,0.0,0.0
semantic_rag,5a75436155429974ef308cbc,hybrid,1.0,1.0,True,True,1.0,1.0,1.0
semantic_rag,5adde16a5542997dc7907084,hybrid,0.0,0.0,False,False,0.0,0.0,0.0
semantic_rag,5abcf70b55429959677d6b7e,hybrid,1.0,1.0,True,True,1.0,1.0,1.0
semantic_rag,5ac4b24b5542996feb3fe933,hybrid,0.0,0.0,False,False,0.0,0.0,0.0
semantic_rag,5add1e565542990d50227dea,hybrid,0.0,0.0,False,False,0.0,0.0,0.0
semantic_rag,5a756dd65542996c70cfaef9,local,0.5,0.0,False,False,0.125,0.25,0.0
semantic_rag,5ab1e36d554299449642c7f9,local,0.5,1.0,True,True,0.875,0.75,1.0
semantic_rag,5ab61cf5554299637185c668,local,0.0,0.0,False,False,0.0,0.0,0.0
semantic_rag,5ac2a75755429967731025dc,hybrid,0.0,0.0,False,False,0.0,0.0,0.0
semantic_rag,5a7c66d555429935c91b518f,local,0.5,1.0,True,True,0.875,0.75,1.0
semantic_rag,5ae6443355429908198fa563,hybrid,0.5,0.6666666666666666,False,True,0.5416666666666666,0.75,0.3333333333333333
semantic_rag,5ae4f2595542990ba0bbb1a8,hybrid,0.0,0.0,False,False,0.0,0.0,0.0
semantic_rag,5adf37785542992d7e9f92d3,hybrid,0.5,0.0,False,False,0.125,0.25,0.0
semantic_rag,5adf86b45542993344016cc1,hybrid,0.0,0.0,False,False,0.0,0.0,0.0
semantic_rag,5a7f296f55429934daa2fd10,hybrid,0.0,0.0,False,False,0.0,0.0,0.0
semantic_rag,5ab1c693554299722f9b4c66,hybrid,1.0,1.0,True,True,1.0,1.0,1.0
semantic_rag,5ab67f0055429953192ad2d8,hybrid,0.5,0.0,False,False,0.125,0.25,0.0
semantic_rag,5ae6808f5542995703ce8b6b,hybrid,0.5,0.6666666666666666,False,True,0.5416666666666666,0.75,0.3333333333333333
semantic_rag,5adfc77b554299603e4183ab,local,1.0,0.0,True,True,0.75,1.0,0.5
semantic_rag,5ac01e77554299012d1db5ac,hybrid,0.5,0.0,False,False,0.125,0.25,0.0
semantic_rag,5a7f341655429930675136a0,hybrid,0.0,0.0,False,False,0.0,0.0,0.0
semantic_rag,5ae27e19554299495565da8b,hybrid,0.5,0.0,False,False,0.125,0.25,0.0
semantic_rag,5a81d59a55429903bc27b9d6,hybrid,0.0,0.75,False,True,0.4375,0.5,0.375
semantic_rag,5a7414d855429929fddd83db,hybrid,0.0,0.0,False,False,0.0,0.0,0.0
semantic_rag,5a8066d15542992097ad2fe8,hybrid,0.0,0.0,False,False,0.0,0.0,0.0
semantic_rag,5ab430fa5542991751b4d6dd,hybrid,0.5,0.0,False,False,0.125,0.25,0.0
semantic_rag,5ab700ca5542991d32223736,hybrid,0.33,0.0,False,False,0.0825,0.165,0.0
semantic_rag,5ab3c18b55429969a97a81b0,hybrid,0.5,0.5,False,True,0.5,0.75,0.25
semantic_rag,5a8318dd55429940e5e1a95e,hybrid,0.0,0.0,False,False,0.0,0.0,0.0
semantic_rag,5ab9dd4c554299232ef4a22f,local,0.5,0.8,False,False,0.325,0.25,0.4
semantic_rag,5a79abef5542994bb9457035,hybrid,0.5,0.8,False,True,0.575,0.75,0.4
semantic_rag,5a82678a5542995ce29dccfa,hybrid,0.5,0.0,False,False,0.125,0.25,0.0
semantic_rag,5ae5ff635542996de7b71ace,hybrid,0.5,0.0,False,False,0.125,0.25,0.0
semantic_rag,5a838fcd5542992ef85e2305,hybrid,0.5,0.8,False,True,0.575,0.75,0.4
semantic_rag,5adbf69c55429947ff173871,hybrid,0.0,0.0,False,False,0.0,0.0,0.0
semantic_rag,5a7b89a3554299294a54a9e3,hybrid,0.0,0.6666666666666666,False,True,0.4166666666666666,0.5,0.3333333333333333
semantic_rag,5a87191155429960ec39b73d,hybrid,1.0,1.0,True,True,1.0,1.0,1.0
semantic_rag,5a74760b55429974ef308c03,local,0.5,0.0,False,False,0.125,0.25,0.0
semantic_rag,5a8a502b5542996c9b8d5ea6,hybrid,1.0,1.0,True,True,1.0,1.0,1.0
semantic_rag,5a820f2c55429926c1cdae17,local,0.5,0.0,False,False,0.125,0.25,0.0
semantic_rag,5a9073405542995b442420bb,hybrid,0.0,0.0,False,False,0.0,0.0,0.0
semantic_rag,5ac245015542992f1f2b3829,hybrid,0.5,0.0,False,False,0.125,0.25,0.0
semantic_rag,5ae3a8985542992f92d82329,hybrid,1.0,0.6666666666666666,False,True,0.6666666666666666,1.0,0.3333333333333333
semantic_rag,5a7363465542991f29ee2dd5,local,1.0,1.0,True,True,1.0,1.0,1.0
semantic_rag,5a7796e05542992a6e59df0f,hybrid,0.5,0.0,False,False,0.125,0.25,0.0
semantic_rag,5abccda855429965836004a4,hybrid,1.0,0.0,False,False,0.25,0.5,0.0
semantic_rag,5a881d2355429938390d3eeb,hybrid,0.5,0.0,False,False,0.125,0.25,0.0
semantic_rag,5ac17b485542994ab5c67d65,hybrid,0.0,0.0,False,False,0.0,0.0,0.0
semantic_rag,5ae71d87554299572ea546fa,hybrid,0.5,0.6666666666666666,False,True,0.5416666666666666,0.75,0.3333333333333333
semantic_rag,5a7a4ca955429941d65f25a3,hybrid,0.0,0.0,False,False,0.0,0.0,0.0
semantic_rag,5a8a09565542992d82986e66,hybrid,0.5,0.0,False,False,0.125,0.25,0.0
semantic_rag,5a77edf955429967ab1052e8,hybrid,1.0,1.0,True,True,1.0,1.0,1.0
semantic_rag,5adc8b5a5542994d58a2f648,hybrid,0.5,0.0,False,False,0.125,0.25,0.0
semantic_rag,5a83587f5542990548d0b1de,hybrid,0.0,0.0,False,False,0.0,0.0,0.0
semantic_rag,5a81ea115542995ce29dcc78,hybrid,1.0,0.6666666666666666,False,True,0.6666666666666666,1.0,0.3333333333333333
semantic_rag,5ab61140554299110f2199d7,hybrid,0.5,0.8,False,False,0.325,0.25,0.4
semantic_rag,5ab3460055429976abd1bc80,hybrid,1.0,1.0,True,True,1.0,1.0,1.0
semantic_rag,5a758c925542992db947367b,hybrid,0.0,0.0,False,False,0.0,0.0,0.0
semantic_rag,5ae713af554299572ea546bb,hybrid,0.5,0.0,False,False,0.125,0.25,0.0
semantic_rag,5a8fb5905542997ba9cb32f6,hybrid,0.5,0.0,False,False,0.125,0.25,0.0
semantic_rag,5a8ce15d554299653c1aa12f,local,0.0,0.0,False,False,0.0,0.0,0.0
semantic_rag,5a8e276b5542995a26add468,local,1.0,1.0,True,True,1.0,1.0,1.0
semantic_rag,5a89e2ba5542992e4fca8441,hybrid,0.0,0.0,False,False,0.0,0.0,0.0
semantic_rag,5ae4183f5542996836b02c40,hybrid,0.5,0.0,False,False,0.125,0.25,0.0
semantic_rag,5a7248665542990c210a40b1,hybrid,0.0,0.0,False,False,0.0,0.0,0.0
semantic_rag,5ac3b39e554299204fd21e09,local,0.5,1.0,True,True,0.875,0.75,1.0
semantic_rag,5a8fae205542997ba9cb32ec,hybrid,0.5,0.0,False,False,0.125,0.25,0.0
semantic_rag,5a77c09555429967ab105262,hybrid,0.5,0.0,False,False,0.125,0.25,0.0
semantic_rag,5ade630e55429975fa854eb7,hybrid,0.5,0.0,False,False,0.125,0.25,0.0
semantic_rag,5ab506a05542990594ba9cd6,local,0.0,0.0,False,False,0.0,0.0,0.0
semantic_rag,5a8b429f5542995d1e6f132c,hybrid,0.5,0.6666666666666666,False,True,0.5416666666666666,0.75,0.3333333333333333
semantic_rag,5ab871725542990e739ec8f8,local,0.5,0.0,False,False,0.125,0.25,0.0
semantic_rag,5a7e4af3554299495941998c,hybrid,0.5,0.6666666666666666,True,True,0.7916666666666666,0.75,0.8333333333333333
semantic_rag,5ab2c7ef554299545a2cfa73,hybrid,0.0,0.0,False,False,0.0,0.0,0.0
semantic_rag,5a8ba9d255429971feec4759,hybrid,0.5,0.0,False,False,0.125,0.25,0.0
semantic_rag,5ae136375542997b2ef7d12f,hybrid,0.0,0.0,False,False,0.0,0.0,0.0
semantic_rag,5ab235ed5542993be8fa98c8,hybrid,0.0,0.0,False,False,0.0,0.0,0.0
semantic_rag,5a8cddd1554299441c6b9f3a,hybrid,0.5,0.4,False,False,0.225,0.25,0.2
semantic_rag,5abdd8d95542991f6610606a,hybrid,0.0,0.0,False,False,0.0,0.0,0.0
semantic_rag,5ae3789b5542992e3233c412,hybrid,0.0,0.0,False,False,0.0,0.0,0.0
semantic_rag,5ae4cf975542990ba0bbb151,hybrid,0.0,0.0,False,False,0.0,0.0,0.0
semantic_rag,5ab8cd3d5542991b5579f009,hybrid,0.5,0.0,False,False,0.125,0.25,0.0
semantic_rag,5a81537355429926c1cdad20,hybrid,0.5,0.3333333333333333,False,True,0.4583333333333333,0.75,0.1666666666666666
semantic_rag,5a7cef6955429909bec768ad,hybrid,1.0,0.8,False,True,0.7,1.0,0.4
semantic_rag,5ae0f5fc554299422ee9957c,hybrid,0.0,0.0,False,False,0.0,0.0,0.0
semantic_rag,5abc081e5542993f40c73c54,local,1.0,1.0,True,True,1.0,1.0,1.0
semantic_rag,5a7fe7f85542994857a7683e,hybrid,0.0,0.0,False,False,0.0,0.0,0.0
semantic_rag,5ae389fc5542992f92d8230f,hybrid,0.5,0.0,False,False,0.125,0.25,0.0
semantic_rag,5ac4f8705542995c82c4ad8d,hybrid,0.5,0.0,False,False,0.125,0.25,0.0
semantic_rag,5a74655b55429974ef308bf0,hybrid,0.5,0.0,False,False,0.125,0.25,0.0
semantic_rag,5ab57673554299637185c5a3,hybrid,0.8,0.4,False,False,0.3,0.4,0.2
semantic_rag,5a8765ad5542996e4f3087cf,local,0.5,0.0,False,False,0.125,0.25,0.0
semantic_rag,5ae5cf625542996de7b71a22,hybrid,0.0,0.0,False,False,0.0,0.0,0.0
semantic_rag,5ae515bb55429913cc204584,hybrid,0.5,0.6666666666666666,False,True,0.5416666666666666,0.75,0.3333333333333333
semantic_rag,5ae2eb7f55429928c423955b,hybrid,1.0,1.0,True,True,1.0,1.0,1.0
semantic_rag,5a8838885542994846c1ce39,local,0.5,1.0,True,True,0.875,0.75,1.0
semantic_rag,5a7b241b554299042af8f705,local,0.5,0.0,False,False,0.125,0.25,0.0
semantic_rag,5a8cc7af554299653c1aa11e,local,0.0,0.0,False,False,0.0,0.0,0.0
semantic_rag,5a86681c5542991e77181644,hybrid,0.0,0.0,False,False,0.0,0.0,0.0
semantic_rag,5abce3015542993a06baf995,hybrid,0.5,0.0,False,False,0.125,0.25,0.0
semantic_rag,5a7bf84b5542996dd594b875,hybrid,1.0,1.0,True,True,1.0,1.0,1.0
semantic_rag,5ab70c41554299110f219a9d,hybrid,1.0,1.0,True,True,1.0,1.0,1.0
semantic_rag,5adbcd475542996e68525240,hybrid,1.0,1.0,True,True,1.0,1.0,1.0
semantic_rag,5a7fd6fc5542995d8a8ddf31,local,0.0,0.0,False,False,0.0,0.0,0.0
semantic_rag,5a902d5155429933b8a2048d,hybrid,0.5,0.8571428571428571,False,True,0.5892857142857143,0.75,0.4285714285714285
semantic_rag,5a7758895542994aec3b729c,local,0.5,0.0,False,False,0.125,0.25,0.0
semantic_rag,5ae81032554299540e5a572a,hybrid,0.0,0.0,False,False,0.0,0.0,0.0
semantic_rag,5a8e42d15542995a26add4a6,local,0.5,0.0,False,False,0.125,0.25,0.0
semantic_rag,5abbc3a955429931dba144f9,hybrid,0.5,0.0,False,False,0.125,0.25,0.0
semantic_rag,5ae206c45542994d89d5b311,hybrid,0.5,0.0,False,False,0.125,0.25,0.0
semantic_rag,5a80b9e85542992bc0c4a7ed,hybrid,0.5,0.0,False,True,0.375,0.75,0.0
semantic_rag,5a8a1dbc55429970aeb7025a,hybrid,0.5,0.0,False,False,0.125,0.25,0.0
semantic_rag,5ab9c3e1554299753720f852,hybrid,0.5,0.0,False,False,0.125,0.25,0.0
semantic_rag,5a84f5865542991dd0999e30,hybrid,0.5,0.0,False,False,0.125,0.25,0.0
semantic_rag,5abcf299554299700f9d7936,local,0.5,0.0,True,True,0.625,0.75,0.5
semantic_rag,5ae4581e55429970de88d92f,local,0.0,0.0,False,False,0.0,0.0,0.0
semantic_rag,5a7785af55429949eeb29ec2,local,0.0,0.0,False,False,0.0,0.0,0.0
semantic_rag,5ae3639b5542991a06ce99b2,local,0.0,0.0,False,False,0.0,0.0,0.0
semantic_rag,5ae779a555429952e35ea931,hybrid,0.5,0.0,False,False,0.125,0.25,0.0
semantic_rag,5abe822155429976d4830b48,hybrid,0.0,0.0,False,False,0.0,0.0,0.0
semantic_rag,5ae385df5542992f92d82305,local,1.0,1.0,True,True,1.0,1.0,1.0
semantic_rag,5a77720255429967ab10517f,local,0.5,0.0,False,True,0.375,0.75,0.0
semantic_rag,5a80de9b55429938b6142226,hybrid,0.0,0.0,False,False,0.0,0.0,0.0
semantic_rag,5ae15ae25542990adbacf767,hybrid,0.0,1.0,False,True,0.5,0.5,0.5
semantic_rag,5a8e8f6f5542995085b37451,local,0.0,0.0,False,False,0.0,0.0,0.0
semantic_rag,5ae5caff554299546bf82f69,hybrid,0.5,0.0,False,True,0.375,0.75,0.0
semantic_rag,5abde0655542991f6610608b,hybrid,0.0,0.0,False,False,0.0,0.0,0.0
semantic_rag,5a7c221f554299683c1c62d2,hybrid,0.0,0.0,False,False,0.0,0.0,0.0
semantic_rag,5a8782a25542993e715abf95,local,0.5,0.0,False,False,0.125,0.25,0.0
semantic_rag,5ab259b25542993be8fa98de,hybrid,0.0,0.0,False,False,0.0,0.0,0.0
semantic_rag,5abc805a554299658360045b,local,0.0,0.0,False,False,0.0,0.0,0.0
semantic_rag,5a721e0e55429971e9dc928d,local,0.5,1.0,True,True,0.875,0.75,1.0
semantic_rag,5ac05310554299012d1db5e7,hybrid,0.0,0.0,False,False,0.0,0.0,0.0
semantic_rag,5add57e55542992ae4cec516,hybrid,0.5,1.0,True,True,0.875,0.75,1.0
semantic_rag,5a778c215542995d831811ba,hybrid,0.0,0.0,False,False,0.0,0.0,0.0
semantic_rag,5ade28b15542997c77aded83,local,0.2,0.0,False,True,0.3,0.6,0.0
semantic_rag,5a87106555429960ec39b71f,hybrid,1.0,1.0,True,True,1.0,1.0,1.0
semantic_rag,5a72f3a85542992359bc31e5,hybrid,0.5,0.0,False,True,0.375,0.75,0.0
semantic_rag,5a7b88a85542995eb53be954,hybrid,1.0,1.0,True,True,1.0,1.0,1.0
semantic_rag,5a7cad635542996dd594b97f,hybrid,0.5,0.8,False,True,0.575,0.75,0.4
semantic_rag,5a832e715542990548d0b1bf,hybrid,1.0,1.0,True,True,1.0,1.0,1.0
semantic_rag,5ae81060554299540e5a572c,hybrid,0.5,0.0,False,False,0.125,0.25,0.0
semantic_rag,5a825f2155429954d2e2eb1b,hybrid,0.0,0.0,False,False,0.0,0.0,0.0
semantic_rag,5ab6e07b55429954757d33a0,hybrid,0.5,0.0,False,False,0.125,0.25,0.0
semantic_rag,5aba89d555429901930fa816,hybrid,0.0,0.5,False,False,0.125,0.0,0.25
semantic_rag,5a85d4ad5542997175ce2050,local,0.0,0.0,False,False,0.0,0.0,0.0
semantic_rag,5ac2660d55429951e9e685a1,hybrid,0.5,0.8,False,True,0.575,0.75,0.4
semantic_rag,5a831af855429954d2e2ec1e,local,0.5,0.0,True,True,0.625,0.75,0.5
semantic_rag,5abbc4d255429931dba144fe,local,1.0,1.0,True,True,1.0,1.0,1.0
semantic_rag,5a778ce55542995d831811c0,hybrid,0.5,0.8,False,True,0.575,0.75,0.4
semantic_rag,5a8a13f45542992d82986e9e,local,0.0,0.0,False,True,0.25,0.5,0.0
semantic_rag,5a86296a55429960ec39b631,hybrid,0.0,0.0,False,False,0.0,0.0,0.0
semantic_rag,5a7f275d55429934daa2fd01,local,0.0,0.0,False,False,0.0,0.0,0.0
semantic_rag,5ae13b085542997b2ef7d146,hybrid,0.5,0.0,False,False,0.125,0.25,0.0
semantic_rag,5a8081975542992097ad2fef,local,0.5,1.0,True,True,0.875,0.75,1.0
semantic_rag,5ae2e06d55429928c4239521,local,0.5,0.6666666666666666,False,True,0.5416666666666666,0.75,0.3333333333333333
semantic_rag,5ab2383155429970612095c1,local,1.0,1.0,True,True,1.0,1.0,1.0
semantic_rag,5ac29da5554299218029dac3,local,1.0,1.0,True,True,1.0,1.0,1.0
semantic_rag,5ab48af35542996a3a969f92,hybrid,0.5,0.6666666666666666,False,True,0.5416666666666666,0.75,0.3333333333333333
semantic_rag,5a902e755542995651fb50de,hybrid,0.0,0.0,False,False,0.0,0.0,0.0
semantic_rag,5ae002ec55429925eb1afbdc,hybrid,1.0,1.0,True,True,1.0,1.0,1.0
semantic_rag,5a74c2bd5542996c70cfadda,local,0.0,0.0,False,False,0.0,0.0,0.0
semantic_rag,5ab7a86d5542995dae37e986,hybrid,0.5,0.0,False,False,0.125,0.25,0.0
semantic_rag,5ae3c71f5542991a06ce9a22,hybrid,0.5,0.6666666666666666,False,True,0.5416666666666666,0.75,0.3333333333333333
semantic_rag,5adf32ee5542995534e8c767,hybrid,1.0,1.0,True,True,1.0,1.0,1.0
semantic_rag,5ae573b25542990ba0bbb2b4,hybrid,0.0,0.0,False,False,0.0,0.0,0.0
semantic_rag,5ac3c08a5542995ef918c217,hybrid,0.0,0.0,False,False,0.0,0.0,0.0
semantic_rag,5ab9ddef5542994dbf019875,local,0.5,1.0,True,True,0.875,0.75,1.0
semantic_rag,5ab862b35542990e739ec8db,hybrid,0.5,0.0,False,False,0.125,0.25,0.0
semantic_rag,5adfe37c554299025d62a377,hybrid,0.5,0.0,False,False,0.125,0.25,0.0
semantic_rag,5ac195455542991316484b40,hybrid,0.0,0.0,False,False,0.0,0.0,0.0
semantic_rag,5adf49935542993a75d26491,local,0.5,0.0,True,True,0.625,0.75,0.5
semantic_rag,5a7244955542990c210a408a,hybrid,0.5,0.0,False,False,0.125,0.25,0.0
semantic_rag,5a7b8cc7554299294a54a9ea,hybrid,1.0,1.0,True,True,1.0,1.0,1.0
semantic_rag,5ae7316e554299572ea5477e,hybrid,1.0,1.0,True,True,1.0,1.0,1.0
semantic_rag,5a8e0cb85542995085b373b2,local,0.5,0.0,False,False,0.125,0.25,0.0
semantic_rag,5ae2bba35542992decbdcd89,hybrid,1.0,1.0,True,True,1.0,1.0,1.0
semantic_rag,5a82301155429926c1cdae4a,hybrid,0.0,0.0,False,False,0.0,0.0,0.0
semantic_rag,5a877fa45542993e715abf84,hybrid,0.0,0.0,False,False,0.0,0.0,0.0
semantic_rag,5a8662da5542991e7718162f,local,1.0,1.0,True,True,1.0,1.0,1.0
semantic_rag,5ae1b943554299492dc91b7f,local,0.5,0.0,False,False,0.125,0.25,0.0
semantic_rag,5adec62e5542992fa25da841,hybrid,1.0,1.0,True,True,1.0,1.0,1.0
semantic_rag,5abfc9bf5542993fe9a41e60,hybrid,0.0,0.0,False,False,0.0,0.0,0.0
semantic_rag,5ab26b60554299449642c898,hybrid,0.5,0.0,False,False,0.125,0.25,0.0
semantic_rag,5adcd6705542992c1e3a2426,local,0.5,0.0,False,False,0.125,0.25,0.0
semantic_rag,5a79c9395542994bb94570a2,local,0.0,0.0,False,False,0.0,0.0,0.0
semantic_rag,5a750d315542996c70cfae84,hybrid,0.5,0.6666666666666666,False,True,0.5416666666666666,0.75,0.3333333333333333
semantic_rag,5ab7452b5542992aa3b8c806,hybrid,0.0,0.0,False,True,0.25,0.5,0.0
semantic_rag,5ab6993f554299110f219a2b,hybrid,0.0,0.0,False,False,0.0,0.0,0.0
semantic_rag,5ae1367055429901ffe4adf3,hybrid,0.0,0.0,False,False,0.0,0.0,0.0
semantic_rag,5ab7ba4155429928e1fe38b2,hybrid,0.5,0.4,False,False,0.225,0.25,0.2
semantic_rag,5aba5ea955429939ce03dca5,hybrid,1.0,1.0,True,True,1.0,1.0,1.0
semantic_rag,5ab67cf455429954757d3302,hybrid,1.0,1.0,True,True,1.0,1.0,1.0
semantic_rag,5abae3b05542996606241661,hybrid,0.5,0.0,False,False,0.125,0.25,0.0
semantic_rag,5a8303c255429954d2e2ec01,hybrid,0.5,0.0,False,False,0.125,0.25,0.0
semantic_rag,5a8b7d925542995d1e6f13bd,hybrid,0.5,0.0,False,False,0.125,0.25,0.0
semantic_rag,5ab6fcf55542991d32223718,hybrid,0.33,0.0,False,False,0.0825,0.165,0.0
semantic_rag,5a8313a755429954d2e2ec06,hybrid,0.0,0.0,False,False,0.0,0.0,0.0
semantic_rag,5ade747555429939a52fe8c5,hybrid,0.33,0.2857142857142857,False,False,0.1539285714285714,0.165,0.1428571428571428
semantic_rag,5ab6f9335542991d322236fc,local,0.5,0.0,False,True,0.375,0.75,0.0
semantic_rag,5a792ad055429907847277d1,hybrid,0.5,1.0,True,True,0.875,0.75,1.0
semantic_rag,5a8089535542992bc0c4a762,hybrid,0.5,0.0,False,False,0.125,0.25,0.0
semantic_rag,5a903b7255429933b8a204ae,hybrid,1.0,0.5714285714285715,False,True,0.6428571428571429,1.0,0.2857142857142857
semantic_rag,5ae022ab554299025d62a428,local,0.0,0.0,False,False,0.0,0.0,0.0
semantic_rag,5a8c7ced5542995e66a4761c,local,0.5,0.0,False,False,0.125,0.25,0.0
semantic_rag,5a75140b5542996c70cfae87,hybrid,0.5,0.0,False,False,0.125,0.25,0.0
semantic_rag,5a905cea55429933b8a204f4,hybrid,1.0,1.0,True,True,1.0,1.0,1.0
semantic_rag,5ae363e85542994393b9e6a5,hybrid,0.0,0.0,False,False,0.0,0.0,0.0
semantic_rag,5a83de04554299334474609f,hybrid,0.5,0.0,False,False,0.125,0.25,0.0
semantic_rag,5a8d7f2b554299068b959d0c,hybrid,1.0,1.0,True,True,1.0,1.0,1.0
semantic_rag,5ae4f2c45542990ba0bbb1a9,hybrid,0.5,0.0,False,False,0.125,0.25,0.0
semantic_rag,5a81e097554299676cceb129,hybrid,0.5,0.0,False,False,0.125,0.25,0.0
semantic_rag,5a776a805542993735360269,hybrid,0.0,0.0,False,False,0.0,0.0,0.0
semantic_rag,5a8835dc5542994846c1ce2b,hybrid,0.5,0.0,False,False,0.125,0.25,0.0
semantic_rag,5ab83f9f5542990e739ec891,hybrid,0.0,0.0,False,False,0.0,0.0,0.0
semantic_rag,5abd69ce5542993062266c7f,hybrid,0.0,0.0,False,False,0.0,0.0,0.0
semantic_rag,5ab6087a554299110f2199be,local,1.0,1.0,True,True,1.0,1.0,1.0
semantic_rag,5a78e9a2554299148911f995,hybrid,0.0,0.5,False,False,0.125,0.0,0.25
semantic_rag,5ab6988a554299710c8d1edc,local,0.5,0.0,False,False,0.125,0.25,0.0
semantic_rag,5adcb6875542994ed6169bcb,local,1.0,1.0,True,True,1.0,1.0,1.0
semantic_rag,5a8bb90f5542996e8ac88a02,hybrid,0.0,0.0,False,False,0.0,0.0,0.0
semantic_rag,5ac02b325542992a796decb9,hybrid,0.5,0.0,False,False,0.125,0.25,0.0
semantic_rag,5abbd2575542993f40c73bbd,hybrid,0.0,0.0,False,True,0.25,0.5,0.0
semantic_rag,5a88db445542993b751ca88a,hybrid,1.0,1.0,True,True,1.0,1.0,1.0
semantic_rag,5ac51c2855429924173fb5b5,hybrid,0.5,0.8,False,False,0.325,0.25,0.4
semantic_rag,5abd420f55429933744ab75c,hybrid,0.5,0.0,False,False,0.125,0.25,0.0
semantic_rag,5a84e21d5542997b5ce3ff7c,hybrid,0.5,0.0,False,False,0.125,0.25,0.0
semantic_rag,5a8e8af55542990e94052b3f,local,1.0,1.0,True,True,1.0,1.0,1.0
semantic_rag,5a8a647b55429930ff3c0dc1,hybrid,0.5,0.0,False,False,0.125,0.25,0.0
semantic_rag,5ae51b495542993aec5ec146,hybrid,0.0,1.0,True,True,0.75,0.5,1.0
semantic_rag,5a7f54665542992097ad2f1a,hybrid,0.0,0.25,False,False,0.0625,0.0,0.125
semantic_rag,5a75d9b4554299109176e5a7,hybrid,0.5,0.0,False,False,0.125,0.25,0.0
semantic_rag,5a74551555429974ef308bd9,hybrid,0.0,0.0,False,False,0.0,0.0,0.0
semantic_rag,5ae324e85542991a06ce9934,hybrid,0.0,0.0,False,False,0.0,0.0,0.0
semantic_rag,5ac3f18d554299204fd21ed3,hybrid,0.0,0.0,False,False,0.0,0.0,0.0
semantic_rag,5ae0c1be5542993d6555ec42,hybrid,0.5,0.0,False,False,0.125,0.25,0.0
semantic_rag,5a8013e45542995d8a8ddf41,hybrid,1.0,1.0,True,True,1.0,1.0,1.0
semantic_rag,5addda1b5542992200553b55,hybrid,0.5,0.0,False,False,0.125,0.25,0.0
semantic_rag,5ae35b6b5542990afbd1e116,hybrid,1.0,1.0,True,True,1.0,1.0,1.0
semantic_rag,5ae7739c5542997b22f6a775,hybrid,0.0,0.0,False,False,0.0,0.0,0.0
semantic_rag,5a726ba35542997f827839c0,hybrid,0.0,0.0,False,False,0.0,0.0,0.0
semantic_rag,5ac2d9f65542996773102631,hybrid,0.5,0.0,False,False,0.125,0.25,0.0
semantic_rag,5ae1305b55429901ffe4add6,hybrid,0.0,0.0,False,False,0.0,0.0,0.0
semantic_rag,5a907bf05542995651fb5164,hybrid,0.0,0.0,False,False,0.0,0.0,0.0
semantic_rag,5aba7c7155429955dce3ee58,hybrid,0.0,0.0,False,False,0.0,0.0,0.0
semantic_rag,5abfab8d5542997ec76fd42d,hybrid,1.0,1.0,True,True,1.0,1.0,1.0
semantic_rag,5ae05c9f55429945ae959348,hybrid,0.0,0.0,False,False,0.0,0.0,0.0
semantic_rag,5abf30185542990832d3a13f,hybrid,0.5,0.0,False,False,0.125,0.25,0.0
semantic_rag,5ae64ba755429929b0807b25,hybrid,0.0,0.0,False,False,0.0,0.0,0.0
semantic_rag,5ade4e415542992fa25da73f,hybrid,0.5,0.6666666666666666,False,False,0.2916666666666666,0.25,0.3333333333333333
semantic_rag,5a73073d55429901807daf69,hybrid,0.0,0.0,False,False,0.0,0.0,0.0
semantic_rag,5ac1b3a75542994ab5c67dd2,hybrid,0.0,0.0,False,False,0.0,0.0,0.0
semantic_rag,5a8fa32255429918e830d299,hybrid,0.5,0.0,False,False,0.125,0.25,0.0
semantic_rag,5ac562985542993e66e823ca,hybrid,0.5,0.0,False,False,0.125,0.25,0.0
semantic_rag,5ac2927b5542996366519a17,local,0.0,0.0,False,False,0.0,0.0,0.0
semantic_rag,5a729fe55542991f9a20c53b,hybrid,1.0,1.0,True,True,1.0,1.0,1.0
semantic_rag,5a72abb95542992359bc3162,local,1.0,1.0,True,True,1.0,1.0,1.0
semantic_rag,5a7cd28c554299452d57ba80,hybrid,0.0,0.0,False,False,0.0,0.0,0.0
semantic_rag,5a72120e55429971e9dc923f,hybrid,0.0,0.0,False,False,0.0,0.0,0.0
semantic_rag,5ade66e1554299728e26c713,hybrid,0.5,0.4,False,False,0.225,0.25,0.2
semantic_rag,5ae47ae05542995ad6573d4f,hybrid,0.5,1.0,True,True,0.875,0.75,1.0
semantic_rag,5a8ad6805542992d82986f93,hybrid,1.0,0.6666666666666666,False,True,0.6666666666666666,1.0,0.3333333333333333
semantic_rag,5a8f1adc554299458435d577,hybrid,0.5,0.0,False,False,0.125,0.25,0.0
semantic_rag,5a8e60ca5542995a26add4d9,hybrid,0.0,0.0,False,False,0.0,0.0,0.0
semantic_rag,5a78b386554299148911f949,hybrid,1.0,0.1111111111111111,False,False,0.2777777777777778,0.5,0.0555555555555555
semantic_rag,5a807181554299485f5985ec,hybrid,0.5,0.0,False,False,0.125,0.25,0.0
semantic_rag,5ac10c5e554299294b219074,hybrid,1.0,1.0,True,True,1.0,1.0,1.0
semantic_rag,5a88cc8f55429938390d3fc5,hybrid,1.0,1.0,True,True,1.0,1.0,1.0
semantic_rag,5abc3d215542993a06baf8a5,hybrid,0.0,0.0,False,False,0.0,0.0,0.0
semantic_rag,5ab8ee805542991b5579f051,hybrid,1.0,0.0,False,False,0.25,0.5,0.0
semantic_rag,5adc020e55429947ff1738b4,hybrid,0.0,0.2,False,False,0.05,0.0,0.1
semantic_rag,5ab9aab555429970cfb8eb65,hybrid,0.5,1.0,True,True,0.875,0.75,1.0
semantic_rag,5abb1fd95542996cc5e49fb6,hybrid,0.0,0.0,False,False,0.0,0.0,0.0
semantic_rag,5a8a547d55429970aeb70293,local,0.0,1.0,True,True,0.75,0.5,1.0
semantic_rag,5a7217f255429971e9dc9260,hybrid,0.0,0.2857142857142857,False,False,0.0714285714285714,0.0,0.1428571428571428
semantic_rag,5a89dbec554299669944a5d6,hybrid,1.0,1.0,True,True,1.0,1.0,1.0
semantic_rag,5a89e6615542992e4fca8462,hybrid,0.5,0.0,False,False,0.125,0.25,0.0
semantic_rag,5ae361dc5542992f92d822aa,hybrid,0.5,0.0,False,False,0.125,0.25,0.0
semantic_rag,5a8e63d65542995085b37421,local,1.0,1.0,True,True,1.0,1.0,1.0
semantic_rag,5a88451655429938390d3f12,hybrid,0.0,0.0,False,False,0.0,0.0,0.0
semantic_rag,5a7a05485542990198eaf04c,hybrid,0.0,1.0,False,True,0.5,0.5,0.5
semantic_rag,5ae25d2b554299495565da46,local,0.5,0.0,False,False,0.125,0.25,0.0
semantic_rag,5ab8f53355429916710eb0d1,hybrid,0.0,0.0,False,False,0.0,0.0,0.0
semantic_rag,5a9042825542990a984935d6,hybrid,0.5,0.8571428571428571,True,True,0.8392857142857143,0.75,0.9285714285714286
semantic_rag,5a7c96765542990527d554d8,local,0.0,0.0,False,False,0.0,0.0,0.0
semantic_rag,5ae75c6e5542991bbc9761f8,hybrid,0.5,0.3333333333333333,False,True,0.4583333333333333,0.75,0.1666666666666666
semantic_rag,5adf8dea5542995534e8c7e4,hybrid,0.5,0.0,False,False,0.125,0.25,0.0
semantic_rag,5ae1681b554299422ee9967c,hybrid,0.0,0.0,False,False,0.0,0.0,0.0
semantic_rag,5ade286e5542997c77aded81,local,0.0,0.0,False,False,0.0,0.0,0.0
semantic_rag,5ab938db5542996be2020454,hybrid,1.0,1.0,True,True,1.0,1.0,1.0
semantic_rag,5a8cacce554299585d9e3718,hybrid,0.5,0.0,False,False,0.125,0.25,0.0
semantic_rag,5a7353795542991f29ee2d82,local,0.0,0.0,False,False,0.0,0.0,0.0
semantic_rag,5a7730f255429972597f148c,hybrid,0.5,0.0,False,False,0.125,0.25,0.0
semantic_rag,5a7d07a455429907fabef0ae,hybrid,0.5,0.5,False,True,0.5,0.75,0.25
semantic_rag,5ab5eed65542997d4ad1f25c,local,1.0,1.0,True,True,1.0,1.0,1.0
semantic_rag,5a8ceddb554299441c6b9f85,local,0.5,0.0,False,True,0.375,0.75,0.0
semantic_rag,5ac4920d5542996feb3fe8d3,hybrid,0.5,0.0,False,False,0.125,0.25,0.0
semantic_rag,5ae40d405542996836b02c28,hybrid,0.0,0.0,False,False,0.0,0.0,0.0
semantic_rag,5ac04a265542997d642959f1,hybrid,1.0,1.0,True,True,1.0,1.0,1.0
semantic_rag,5a9084e75542990a98493667,hybrid,0.0,0.0,False,False,0.0,0.0,0.0
semantic_rag,5adff4a555429925eb1afb91,local,0.0,0.0,False,False,0.0,0.0,0.0
semantic_rag,5adeb78a554299728e26c77a,hybrid,0.0,0.0,False,False,0.0,0.0,0.0
semantic_rag,5ae20c245542997283cd2367,hybrid,0.5,0.0,False,False,0.125,0.25,0.0
semantic_rag,5ab482815542990594ba9c3d,hybrid,0.5,0.0,False,False,0.125,0.25,0.0
semantic_rag,5ab2b95c5542991669774072,hybrid,0.5,0.0,False,False,0.125,0.25,0.0
semantic_rag,5ab41677554299753aec5a38,hybrid,0.0,0.0,False,False,0.0,0.0,0.0
semantic_rag,5abae1e65542996cc5e49ed2,hybrid,0.5,0.0,False,False,0.125,0.25,0.0
semantic_rag,5ab4482b55429942dd415f09,local,0.5,0.7499999999999999,False,True,0.5625,0.75,0.3749999999999999
semantic_rag,5ae6537c5542991bbc9760c1,hybrid,0.5,0.4444444444444445,False,True,0.4861111111111111,0.75,0.2222222222222222
semantic_rag,5adc3a7055429947ff173913,hybrid,0.0,0.0,False,False,0.0,0.0,0.0
semantic_rag,5a7a5cc35542996c55b2dd7c,hybrid,0.5,0.0,False,False,0.125,0.25,0.0
semantic_rag,5ac47d7355429919431739b3,hybrid,0.0,0.0,False,False,0.0,0.0,0.0
semantic_rag,5a8b041955429971feec4604,hybrid,0.5,0.0,False,False,0.125,0.25,0.0
semantic_rag,5ae56a0d5542990ba0bbb29c,hybrid,0.5,0.0,False,False,0.125,0.25,0.0
semantic_rag,5ab6b59f5542995eadef0065,hybrid,0.5,1.0,True,True,0.875,0.75,1.0
semantic_rag,5a80ef1555429938b614225e,hybrid,0.5,0.0,False,False,0.125,0.25,0.0
semantic_rag,5a8660ba55429960ec39b684,local,0.5,0.0,False,True,0.375,0.75,0.0
semantic_rag,5a7a94f155429941d65f26ca,hybrid,0.5,0.0,False,False,0.125,0.25,0.0
semantic_rag,5a78a862554299148911f8fe,hybrid,0.5,0.0,False,False,0.125,0.25,0.0
semantic_rag,5a72a51355429901807daf21,hybrid,0.0,0.5,False,False,0.125,0.0,0.25
semantic_rag,5ac417405542995c82c4acbb,hybrid,0.0,0.0,False,False,0.0,0.0,0.0
semantic_rag,5ae7a9765542994a481bbdbc,hybrid,0.0,0.5454545454545454,False,True,0.3863636363636363,0.5,0.2727272727272727
semantic_rag,5ae496735542995dadf2435d,hybrid,1.0,0.6666666666666666,False,True,0.6666666666666666,1.0,0.3333333333333333
semantic_rag,5ab56b3a554299637185c585,hybrid,0.0,0.0,False,False,0.0,0.0,0.0
semantic_rag,5ab72c7d55429928e1fe3830,hybrid,0.5,0.3333333333333333,False,False,0.2083333333333333,0.25,0.1666666666666666
semantic_rag,5a8adbf55542992d82986fab,hybrid,0.5,0.5,False,True,0.5,0.75,0.25
semantic_rag,5a8a48ee55429930ff3c0d66,hybrid,0.0,0.0,False,False,0.0,0.0,0.0
semantic_rag,5a74be0b5542996c70cfadc8,hybrid,0.0,0.0,False,False,0.0,0.0,0.0
semantic_rag,5abac35055429901930fa8ae,hybrid,0.0,0.0,False,False,0.0,0.0,0.0
semantic_rag,5a8b19f45542996c9b8d5f9e,hybrid,1.0,0.8571428571428571,True,True,0.9642857142857144,1.0,0.9285714285714286
semantic_rag,5a7f5d165542992097ad2f3c,local,1.0,1.0,True,True,1.0,1.0,1.0
semantic_rag,5ac55ea55542993e66e82377,hybrid,0.5,0.0,False,False,0.125,0.25,0.0
semantic_rag,5abd0097554299700f9d7956,hybrid,0.0,0.0,False,False,0.0,0.0,0.0
semantic_rag,5ae655845542991bbc9760c3,hybrid,1.0,1.0,True,True,1.0,1.0,1.0
semantic_rag,5ade84d7554299728e26c72b,local,0.5,0.0,True,True,0.625,0.75,0.5
semantic_rag,5a8c2adc554299240d9c20a9,hybrid,0.5,0.0,False,False,0.125,0.25,0.0
semantic_rag,5ae2661d554299495565da60,hybrid,0.5,0.0,False,False,0.125,0.25,0.0
semantic_rag,5ac250aa5542992f1f2b384d,hybrid,0.0,0.0,False,False,0.0,0.0,0.0
semantic_rag,5a74cfed5542993748c896ea,local,0.5,0.0,False,False,0.125,0.25,0.0
semantic_rag,5a89fc665542993b751ca9de,hybrid,0.0,0.5714285714285715,False,True,0.3928571428571429,0.5,0.2857142857142857
semantic_rag,5ae2ce505542996483e64a72,hybrid,0.5,0.0,False,False,0.125,0.25,0.0
semantic_rag,5ab98d70554299753720f82f,local,0.5,0.0,False,False,0.125,0.25,0.0
semantic_rag,5ab56f7a554299637185c59a,hybrid,0.0,0.0,False,False,0.0,0.0,0.0
semantic_rag,5a83a4bc554299123d8c217f,hybrid,0.0,0.0,False,False,0.0,0.0,0.0
semantic_rag,5a84f6c55542997175ce1f36,hybrid,0.0,0.0,False,False,0.0,0.0,0.0
semantic_rag,5ac26ac15542992f1f2b38bc,hybrid,0.0,0.0,False,False,0.0,0.0,0.0
semantic_rag,5a7615fb5542992db9473727,hybrid,0.5,0.0,False,False,0.125,0.25,0.0
semantic_rag,5ade3bf75542997c77adedb8,local,0.5,0.8,False,True,0.575,0.75,0.4
semantic_rag,5ae32eca5542994393b9e640,hybrid,0.5,0.5,False,True,0.5,0.75,0.25
semantic_rag,5ab514c05542991779162d72,hybrid,0.0,0.0,False,False,0.0,0.0,0.0
semantic_rag,5a8a3a355542996c9b8d5e5e,hybrid,0.0,0.0,False,False,0.0,0.0,0.0
semantic_rag,5ab5ab5d5542992aa134a37d,hybrid,1.0,0.3333333333333333,False,True,0.5833333333333334,1.0,0.1666666666666666
semantic_rag,5ab2999a554299194fa9342f,hybrid,0.5,0.0,False,False,0.125,0.25,0.0
semantic_rag,5a7c6b86554299683c1c62ff,local,0.0,0.0,False,False,0.0,0.0,0.0
semantic_rag,5ab6e865554299710c8d1fad,local,0.5,0.0,False,False,0.125,0.25,0.0
semantic_rag,5adf9f6c5542992d7e9f93c2,hybrid,0.8,0.6666666666666666,False,False,0.3666666666666667,0.4,0.3333333333333333
semantic_rag,5a7dd6cd5542995f4f4022cd,hybrid,0.5,0.0,False,False,0.125,0.25,0.0
semantic_rag,5a8f141e55429918e830d181,hybrid,0.5,0.0,False,False,0.125,0.25,0.0
semantic_rag,5a8b4d5e5542995d1e6f135c,hybrid,0.5,0.0,False,False,0.125,0.25,0.0
semantic_rag,5a778a165542995d831811a9,local,0.0,0.0,False,False,0.0,0.0,0.0
semantic_rag,5ac458f8554299204fd21f2a,hybrid,0.5,1.0,True,True,0.875,0.75,1.0
semantic_rag,5ae4a2d05542995ad6573de1,hybrid,0.0,0.0,False,False,0.0,0.0,0.0
semantic_rag,5a8c42d7554299240d9c20f5,hybrid,0.5,0.6666666666666666,False,True,0.5416666666666666,0.75,0.3333333333333333
semantic_rag,5ac2bcf55542990b17b1546e,hybrid,0.0,0.0,False,False,0.0,0.0,0.0
semantic_rag,5a7224ab55429971e9dc92dd,hybrid,0.5,0.3333333333333333,False,False,0.2083333333333333,0.25,0.1666666666666666
semantic_rag,5ab26a4b55429970612095fc,hybrid,0.0,0.0,False,False,0.0,0.0,0.0
semantic_rag,5a80be9655429938b61421b5,hybrid,0.0,0.0,False,False,0.0,0.0,0.0
semantic_rag,5adfc97255429906c02daa41,hybrid,0.0,0.0,False,False,0.0,0.0,0.0
semantic_rag,5ab6b13b554299710c8d1f3f,hybrid,0.5,0.5,False,True,0.5,0.75,0.25
semantic_rag,5abea05f5542991f661061b6,hybrid,0.5,0.0,False,False,0.125,0.25,0.0
semantic_rag,5ae679ec5542996d980e7b75,hybrid,0.33,0.0,False,False,0.0825,0.165,0.0
semantic_rag,5a7de14a5542991319bc93fc,hybrid,0.0,0.0,False,False,0.0,0.0,0.0
semantic_rag,5adf4da15542995534e8c780,hybrid,0.5,0.0,False,True,0.375,0.75,0.0
semantic_rag,5a71419f5542994082a3e70d,hybrid,0.5,0.4,False,True,0.475,0.75,0.2
semantic_rag,5a8a19c45542992e4fca8501,local,0.5,0.0,True,True,0.625,0.75,0.5
semantic_rag,5adde73f5542992200553b94,hybrid,0.5,0.0,False,False,0.125,0.25,0.0
semantic_rag,5a80f793554299260e20a1e1,hybrid,0.0,0.0,False,False,0.0,0.0,0.0
semantic_rag,5a8a803b55429930ff3c0e04,hybrid,0.5,0.0,False,False,0.125,0.25,0.0
semantic_rag,5a80274e5542992e7d278dfb,hybrid,0.0,0.0,False,False,0.0,0.0,0.0
semantic_rag,5a72c9e85542991f9a20c595,local,0.0,0.0,False,False,0.0,0.0,0.0
semantic_rag,5ab499a55542996a3a969f9f,local,1.0,0.0,True,True,0.75,1.0,0.5
semantic_rag,5a80838d5542992bc0c4a745,local,0.0,0.0,False,False,0.0,0.0,0.0
semantic_rag,5ab8750255429934fafe6dd1,hybrid,0.5,0.0,False,False,0.125,0.25,0.0
semantic_rag,5abac89d55429901930fa8b5,hybrid,0.0,0.0,False,False,0.0,0.0,0.0
semantic_rag,5a73090455429901807daf6e,local,0.5,0.6666666666666666,False,True,0.5416666666666666,0.75,0.3333333333333333
semantic_rag,5ab5d27a554299494045f073,hybrid,0.5,0.0,False,False,0.125,0.25,0.0
semantic_rag,5adc396155429944faac2479,local,0.5,0.0,True,True,0.625,0.75,0.5
semantic_rag,5a89e2785542992e4fca843d,local,1.0,1.0,True,True,1.0,1.0,1.0
semantic_rag,5a7f7c285542994857a76746,hybrid,0.5,0.0,False,False,0.125,0.25,0.0
semantic_rag,5a8f0796554299458435d528,hybrid,1.0,1.0,True,True,1.0,1.0,1.0
semantic_rag,5a8ce55f554299441c6b9f62,hybrid,0.5,0.0,False,False,0.125,0.25,0.0
semantic_rag,5a8e3e9b5542995085b37402,hybrid,0.5,0.0,False,False,0.125,0.25,0.0
semantic_rag,5a80e5f5554299260e20a1ae,hybrid,0.0,0.0,False,False,0.0,0.0,0.0
semantic_rag,5ae064605542993d6555eb44,hybrid,0.0,0.0,False,False,0.0,0.0,0.0
semantic_rag,5a81737155429903bc27b96f,hybrid,0.0,0.0,False,False,0.0,0.0,0.0
semantic_rag,5ae3d67f5542992f92d8238f,hybrid,0.0,0.0,False,False,0.0,0.0,0.0
semantic_rag,5abd8ee05542993062266cc8,hybrid,0.0,0.0,False,False,0.0,0.0,0.0
semantic_rag,5a89d3e15542992e4fca83d4,local,0.0,0.0,False,False,0.0,0.0,0.0
semantic_rag,5ab2ed62554299166977413a,hybrid,1.0,1.0,True,True,1.0,1.0,1.0
semantic_rag,5a85e5345542991dd0999ebb,hybrid,0.5,0.6666666666666666,False,True,0.5416666666666666,0.75,0.3333333333333333
semantic_rag,5a86f13c554299211dda2b5e,hybrid,0.5,0.5,False,True,0.5,0.75,0.25
semantic_rag,5ac562115542993e66e823bf,hybrid,0.0,0.0,False,False,0.0,0.0,0.0
semantic_rag,5ab3589455429976abd1bc93,hybrid,0.5,0.3333333333333333,False,False,0.2083333333333333,0.25,0.1666666666666666
semantic_rag,5a7eacd855429930675135c3,hybrid,0.0,0.0,False,False,0.0,0.0,0.0
semantic_rag,5a74a8fa55429929fddd8497,hybrid,0.5,0.6666666666666666,False,True,0.5416666666666666,0.75,0.3333333333333333
semantic_rag,5ac05fb55542997d64295a0b,hybrid,0.5,1.0,False,True,0.625,0.75,0.5
semantic_rag,5ae4606c5542996836b02c91,hybrid,0.0,0.0,False,False,0.0,0.0,0.0
semantic_rag,5a73f2035542993a88ae2ea8,hybrid,0.5,0.0,False,False,0.125,0.25,0.0
semantic_rag,5ae666d35542991bbc9760cc,hybrid,1.0,0.0,True,True,0.75,1.0,0.5
semantic_rag,5a7c54eb554299683c1c62e8,hybrid,1.0,1.0,True,True,1.0,1.0,1.0
semantic_rag,5abbd58d554299660624172f,local,0.0,0.0,False,False,0.0,0.0,0.0
semantic_rag,5ac160bb5542994d76dccdfb,hybrid,0.0,0.0,False,False,0.0,0.0,0.0
semantic_rag,5a734dad5542994cef4bc522,local,1.0,0.1999999999999999,False,True,0.55,1.0,0.0999999999999999
semantic_rag,5ab94fa25542996be2020474,hybrid,0.0,0.0,False,False,0.0,0.0,0.0
semantic_rag,5a7b2ec755429927d897bf53,hybrid,0.5,0.5,False,True,0.5,0.75,0.25
semantic_rag,5ae604ec5542996de7b71af9,hybrid,0.0,0.0,False,False,0.0,0.0,0.0
semantic_rag,5adc1af75542994650320c75,hybrid,0.0,0.0,False,False,0.0,0.0,0.0
semantic_rag,5ab298fb554299449642c922,hybrid,0.0,0.0,False,False,0.0,0.0,0.0
semantic_rag,5a812d0555429938b61422e1,local,0.5,0.0,False,False,0.125,0.25,0.0
semantic_rag,5adf35935542993344016c36,hybrid,0.0,0.0,False,False,0.0,0.0,0.0
semantic_rag,5a7f669a5542994857a76729,hybrid,0.0,0.0,False,False,0.0,0.0,0.0
semantic_rag,5a7ea14655429930675135ab,hybrid,1.0,1.0,True,True,1.0,1.0,1.0
semantic_rag,5a7db1a15542995ed0d16660,local,0.0,0.0,False,False,0.0,0.0,0.0
semantic_rag,5ac41ca75542991943173919,hybrid,0.5,0.0,False,False,0.125,0.25,0.0
semantic_rag,5a8cbda955429941ae14dee5,hybrid,0.0,0.0,False,True,0.25,0.5,0.0
semantic_rag,5a8463945542992ef85e23d9,hybrid,1.0,1.0,True,True,1.0,1.0,1.0
semantic_rag,5a7fa55555429969796c1b0e,hybrid,0.0,0.0,False,False,0.0,0.0,0.0
semantic_rag,5a8f91c755429918e830d26c,hybrid,1.0,1.0,True,True,1.0,1.0,1.0
semantic_rag,5ab67d2055429954757d3304,local,0.0,0.0,False,False,0.0,0.0,0.0
semantic_rag,5a73583455429901807dafcf,hybrid,1.0,0.0,False,False,0.25,0.5,0.0
semantic_rag,5ae0ba1155429924de1b7156,hybrid,0.0,0.0,False,False,0.0,0.0,0.0
semantic_rag,5a8c87aa554299653c1aa0ac,local,0.5,0.0,False,False,0.125,0.25,0.0
semantic_rag,5a74fd6d5542993748c8977d,hybrid,0.0,0.0,False,False,0.0,0.0,0.0
semantic_rag,5a7f00b455429930675135f1,hybrid,1.0,1.0,True,True,1.0,1.0,1.0
semantic_rag,5ae0800055429924de1b70db,hybrid,0.5,0.0,False,False,0.125,0.25,0.0
semantic_rag,5a7e782655429934daa2fc26,hybrid,0.0,0.0,False,False,0.0,0.0,0.0
semantic_rag,5a721b9055429971e9dc9277,hybrid,1.0,1.0,True,True,1.0,1.0,1.0
semantic_rag,5ac2c7ff554299657fa2904f,hybrid,0.5,0.6666666666666666,False,True,0.5416666666666666,0.75,0.3333333333333333
semantic_rag,5a72b3335542994cef4bc3dc,hybrid,0.5,0.0,False,False,0.125,0.25,0.0
semantic_rag,5a86038455429960ec39b600,hybrid,1.0,0.0,True,True,0.75,1.0,0.5
semantic_rag,5ab7fa4f5542993667794080,local,1.0,1.0,True,True,1.0,1.0,1.0
semantic_rag,5ae0a09a5542993d6555ebc9,local,0.5,1.0,True,True,0.875,0.75,1.0
semantic_rag,5ae509f655429908b63264ef,hybrid,0.0,0.2,False,False,0.05,0.0,0.1
semantic_rag,5a7739f25542994aec3b7234,hybrid,0.0,0.0,False,False,0.0,0.0,0.0
semantic_rag,5adcdea85542992c1e3a2441,hybrid,0.5,0.0,False,False,0.125,0.25,0.0
semantic_rag,5a83335f5542996488c2e3ec,local,1.0,0.8,False,False,0.45,0.5,0.4
semantic_rag,5a7a4f405542994f819ef1c0,hybrid,0.0,0.0,False,False,0.0,0.0,0.0
semantic_rag,5a7182b65542994082a3e85b,hybrid,0.0,0.0,False,False,0.0,0.0,0.0
semantic_rag,5ae1a8c05542997f29b3c0ec,hybrid,0.5,0.0,False,False,0.125,0.25,0.0
semantic_rag,5ade063d5542997dc7907129,hybrid,0.5,0.0,False,False,0.125,0.25,0.0
semantic_rag,5a81d51a55429903bc27b9d2,hybrid,0.0,0.0,False,False,0.0,0.0,0.0
semantic_rag,5abed44b5542990832d3a0db,hybrid,0.0,0.0,False,False,0.0,0.0,0.0
semantic_rag,5a86294e5542994775f60715,hybrid,1.0,1.0,True,True,1.0,1.0,1.0
semantic_rag,5a72a2935542991f9a20c546,local,0.5,0.0,False,False,0.125,0.25,0.0
semantic_rag,5ade653f55429975fa854ebb,hybrid,0.5,0.6666666666666666,False,True,0.5416666666666666,0.75,0.3333333333333333
semantic_rag,5a7a3cea5542994f819ef182,hybrid,0.0,0.0,False,False,0.0,0.0,0.0
semantic_rag,5ab56f3e5542992aa134a317,local,0.5,1.0,True,True,0.875,0.75,1.0
semantic_rag,5ab9bc6155429970cfb8eb90,local,0.5,0.0,True,True,0.625,0.75,0.5
semantic_rag,5a90ad595542990a9849368b,hybrid,1.0,1.0,True,True,1.0,1.0,1.0
semantic_rag,5adcd5005542994d58a2f6f0,hybrid,1.0,1.0,True,True,1.0,1.0,1.0
semantic_rag,5a78d16455429974737f78bb,local,0.33,0.0,False,False,0.0825,0.165,0.0
semantic_rag,5a77f2af5542995d83181333,local,0.5,0.4,False,False,0.225,0.25,0.2
semantic_rag,5a840e8a5542992ef85e239e,local,1.0,1.0,True,True,1.0,1.0,1.0
semantic_rag,5adea62e55429975fa854f3b,local,0.0,0.0,False,False,0.0,0.0,0.0
semantic_rag,5a7759dd5542994aec3b729f,hybrid,1.0,0.0,False,False,0.25,0.5,0.0
semantic_rag,5ab81cff5542990e739ec827,local,1.0,1.0,True,True,1.0,1.0,1.0
semantic_rag,5a7c5a87554299683c1c62eb,hybrid,0.5,0.0,False,False,0.125,0.25,0.0
semantic_rag,5abb61c0554299642a094a86,local,0.0,0.0,False,False,0.0,0.0,0.0
semantic_rag,5ae499d755429970de88d9ca,hybrid,0.8,0.8,False,True,0.65,0.9,0.4
semantic_rag,5a79fac85542996c55b2dcc1,hybrid,1.0,1.0,True,True,1.0,1.0,1.0
semantic_rag,5ab9c292554299131ca423f5,hybrid,1.0,1.0,True,True,1.0,1.0,1.0
semantic_rag,5ab5e024554299494045f097,local,0.5,1.0,True,True,0.875,0.75,1.0
semantic_rag,5ade2bce5542997c77aded96,local,1.0,1.0,True,True,1.0,1.0,1.0
semantic_rag,5ae20c465542997283cd236a,hybrid,0.0,0.0,False,False,0.0,0.0,0.0
semantic_rag,5a8a12ae5542992d82986e92,hybrid,0.5,0.0,False,True,0.375,0.75,0.0
semantic_rag,5a7350d55542994cef4bc535,local,0.5,0.0,False,False,0.125,0.25,0.0
semantic_rag,5ac4f2235542996feb3fe995,hybrid,0.5,0.0,False,False,0.125,0.25,0.0
semantic_rag,5ae13f3c5542997b2ef7d168,hybrid,0.0,0.0,False,False,0.0,0.0,0.0
semantic_rag,5ab8f4ee5542991b5579f091,local,1.0,1.0,True,True,1.0,1.0,1.0
semantic_rag,5ac02c6b554299294b218f38,hybrid,0.5,0.0,False,False,0.125,0.25,0.0
semantic_rag,5a89e57f5542992e4fca845d,hybrid,0.0,0.0,False,False,0.0,0.0,0.0
semantic_rag,5a83c2e25542996488c2e4bc,hybrid,0.0,0.0,False,False,0.0,0.0,0.0
semantic_rag,5ab850b255429916710eb036,hybrid,0.0,0.0,False,False,0.0,0.0,0.0
semantic_rag,5a753ff455429916b01642bc,local,0.5,0.0,False,False,0.125,0.25,0.0
semantic_rag,5a75675d5542992d0ec05f87,hybrid,0.0,0.0,False,False,0.0,0.0,0.0
semantic_rag,5a7f48e15542992e7d278ce6,hybrid,0.0,0.0,False,False,0.0,0.0,0.0
semantic_rag,5a7292385542994cef4bc342,hybrid,0.5,0.8,False,False,0.325,0.25,0.4
semantic_rag,5aba75e655429955dce3ee3c,hybrid,0.0,0.0,False,False,0.0,0.0,0.0
semantic_rag,5ac2b8085542990b17b1546b,hybrid,0.33,0.5714285714285715,False,True,0.4753571428571428,0.665,0.2857142857142857
semantic_rag,5ae603ba5542996de7b71af4,hybrid,0.5,1.0,True,True,0.875,0.75,1.0
semantic_rag,5a8b7cb95542995d1e6f13bb,hybrid,0.0,0.0,False,False,0.0,0.0,0.0
semantic_rag,5a88e75c5542993b751ca8c7,local,0.5,0.0,False,False,0.125,0.25,0.0
semantic_rag,5a83305d55429966c78a6b4a,local,0.5,0.0,False,False,0.125,0.25,0.0
semantic_rag,5a78c235554299078472775d,hybrid,0.0,0.0,False,False,0.0,0.0,0.0
semantic_rag,5a7ba83f5542995eb53be981,local,0.5,0.0,False,False,0.125,0.25,0.0
semantic_rag,5a7b9fac554299294a54aa2f,local,0.0,0.0,False,True,0.25,0.5,0.0
semantic_rag,5adfd30c55429906c02daa53,hybrid,0.5,0.0,False,False,0.125,0.25,0.0
semantic_rag,5ab729335542993667793f5a,hybrid,0.0,0.0,False,False,0.0,0.0,0.0
semantic_rag,5a857cf35542994c784ddb1d,hybrid,0.0,0.0,False,False,0.0,0.0,0.0
semantic_rag,5abba91e554299642a094b10,hybrid,0.5,0.0,False,False,0.125,0.25,0.0
semantic_rag,5a7f90a15542995d8a8ddea5,hybrid,0.0,0.0,False,False,0.0,0.0,0.0
semantic_rag,5a83bfc8554299123d8c21a1,hybrid,1.0,1.0,True,True,1.0,1.0,1.0
semantic_rag,5a80e47d55429938b6142238,local,0.0,0.0,False,False,0.0,0.0,0.0
semantic_rag,5a7dec305542995ed0d16679,local,0.5,0.0,False,False,0.125,0.25,0.0
semantic_rag,5ae61dce5542992663a4f262,hybrid,0.5,0.0,False,False,0.125,0.25,0.0
semantic_rag,5a8a429955429930ff3c0d34,hybrid,0.0,0.0,False,False,0.0,0.0,0.0
semantic_rag,5addd82c5542990dbb2f7eb9,local,0.5,0.0,True,True,0.625,0.75,0.5
semantic_rag,5ae527085542993aec5ec165,hybrid,0.0,0.0,False,False,0.0,0.0,0.0
semantic_rag,5adbe1b355429944faac23a0,local,1.0,1.0,True,True,1.0,1.0,1.0
semantic_rag,5a750de95542993748c897ac,hybrid,0.5,0.3333333333333333,False,True,0.4583333333333333,0.75,0.1666666666666666
semantic_rag,5abff65c5542994516f45551,hybrid,0.0,0.0,False,False,0.0,0.0,0.0
semantic_rag,5ae552bb55429908b63265d9,hybrid,0.0,0.0,False,False,0.0,0.0,0.0
semantic_rag,5ab3010455429976abd1bc15,local,0.0,0.0,False,False,0.0,0.0,0.0
semantic_rag,5a84fd085542994c784ddaba,hybrid,0.5,0.0,False,False,0.125,0.25,0.0
semantic_rag,5a7f660555429969796c1a2e,hybrid,0.0,0.0,False,False,0.0,0.0,0.0
semantic_rag,5ab47e0a5542990594ba9c32,hybrid,0.0,0.0,False,False,0.0,0.0,0.0
semantic_rag,5ae554ce55429960a22e02b7,hybrid,0.5,0.0,False,False,0.125,0.25,0.0
semantic_rag,5abba664554299642a094b02,hybrid,0.0,0.0,False,False,0.0,0.0,0.0
semantic_rag,5a88ac3d554299206df2b328,hybrid,0.5,0.0,False,False,0.125,0.25,0.0
semantic_rag,5a7323ad5542994cef4bc476,local,0.0,0.0,False,False,0.0,0.0,0.0
semantic_rag,5abd2eb255429933744ab750,hybrid,0.5,1.0,True,True,0.875,0.75,1.0
semantic_rag,5adddf5d5542997dc7907078,hybrid,0.0,0.0,False,False,0.0,0.0,0.0
semantic_rag,5abc553a554299700f9d7871,hybrid,0.5,0.5,False,True,0.5,0.75,0.25
semantic_rag,5a77d31c55429967ab1052c0,hybrid,0.0,0.0,False,False,0.0,0.0,0.0
semantic_rag,5adc398755429947ff173912,local,1.0,1.0,True,True,1.0,1.0,1.0
semantic_rag,5ab6dbc15542995eadef00cd,local,0.5,0.0,False,False,0.125,0.25,0.0
semantic_rag,5a7b59115542995eb53be923,hybrid,0.0,0.0,False,False,0.0,0.0,0.0
semantic_rag,5adc99ba5542994ed6169ba9,hybrid,0.5,0.0,False,False,0.125,0.25,0.0
semantic_rag,5a863ff0554299211dda2ac6,local,0.5,0.0,False,False,0.125,0.25,0.0
semantic_rag,5ade99235542997c77adee7f,hybrid,0.5,0.0,False,False,0.125,0.25,0.0
semantic_rag,5a8843a455429938390d3f0c,local,0.5,1.0,True,True,0.875,0.75,1.0
semantic_rag,5a89dfcc55429946c8d6e9f0,local,1.0,1.0,True,True,1.0,1.0,1.0
semantic_rag,5ab5c6e55542997d4ad1f1db,hybrid,1.0,1.0,True,True,1.0,1.0,1.0
semantic_rag,5ae7313c5542991e8301cbbc,hybrid,0.5,0.0,False,False,0.125,0.25,0.0
semantic_rag,5ac31ad4554299741d48a1ee,local,0.5,1.0,True,True,0.875,0.75,1.0
semantic_rag,5ae0f2bf5542997b2ef7d09e,local,0.0,0.888888888888889,True,True,0.7222222222222222,0.5,0.9444444444444444
semantic_rag,5abab36455429955dce3eed1,hybrid,0.5,0.2857142857142857,False,True,0.4464285714285714,0.75,0.1428571428571428
semantic_rag,5adf2d375542993344016c0d,hybrid,0.0,0.0,False,False,0.0,0.0,0.0
semantic_rag,5ae4c35c55429913cc2044fb,hybrid,0.0,0.0,False,False,0.0,0.0,0.0
semantic_rag,5a7280925542991f9a20c4a1,local,0.0,0.0,False,False,0.0,0.0,0.0
semantic_rag,5ab6aa4c55429953192ad359,hybrid,0.0,0.0,False,False,0.0,0.0,0.0
semantic_rag,5a8bc1565542996e8ac88a0c,hybrid,0.0,0.0,False,False,0.0,0.0,0.0
semantic_rag,5a815f445542995ce29dcbec,hybrid,0.5,0.8,False,True,0.575,0.75,0.4
semantic_rag,5a8842435542994846c1ce6d,hybrid,1.0,1.0,True,True,1.0,1.0,1.0
semantic_rag,5a893fc855429951533612f0,local,0.0,0.0,False,False,0.0,0.0,0.0
semantic_rag,5ab9df1f554299232ef4a239,hybrid,0.0,0.0,False,False,0.0,0.0,0.0
semantic_rag,5a7914e155429974737f7973,hybrid,0.0,0.0,False,False,0.0,0.0,0.0
semantic_rag,5add23e45542992ae4cec4a1,hybrid,1.0,1.0,True,True,1.0,1.0,1.0
semantic_rag,5a7df6e65542995f4f402353,local,0.5,0.8,False,False,0.325,0.25,0.4
semantic_rag,5a803d695542996402f6a494,local,0.0,0.6666666666666666,False,True,0.4166666666666666,0.5,0.3333333333333333
semantic_rag,5a74594a55429974ef308be1,hybrid,0.0,0.0,False,False,0.0,0.0,0.0
semantic_rag,5a807f6a5542992bc0c4a737,hybrid,1.0,1.0,True,True,1.0,1.0,1.0
semantic_rag,5a820f2f554299676cceb1ff,hybrid,1.0,0.6666666666666666,False,True,0.6666666666666666,1.0,0.3333333333333333
semantic_rag,5ae5e852554299546bf82fb8,hybrid,0.5,0.6666666666666666,False,True,0.5416666666666666,0.75,0.3333333333333333
semantic_rag,5ab9b2c7554299743d22ebaf,local,0.5,0.0,True,True,0.625,0.75,0.5
semantic_rag,5a862b0b554299211dda2a98,hybrid,0.5,0.5,False,True,0.5,0.75,0.25
semantic_rag,5a79db655542994bb94570f4,hybrid,0.0,0.0,False,False,0.0,0.0,0.0
semantic_rag,5a8796f75542996e4f308865,hybrid,0.5,0.6666666666666666,False,True,0.5416666666666666,0.75,0.3333333333333333
semantic_rag,5ac264195542992f1f2b38a5,hybrid,0.0,0.0,False,False,0.0,0.0,0.0
semantic_rag,5ac27afa5542990b17b153b5,hybrid,0.0,0.0,False,False,0.0,0.0,0.0
semantic_rag,5ae129115542990adbacf722,hybrid,0.5,0.0,False,False,0.125,0.25,0.0
semantic_rag,5a7736bc554299373536021b,hybrid,0.5,0.0,False,False,0.125,0.25,0.0
semantic_rag,5ae306115542992decbdcdc4,hybrid,0.0,0.0,False,False,0.0,0.0,0.0
semantic_rag,5ab1ea0a554299340b52542a,hybrid,0.0,0.0,False,False,0.0,0.0,0.0
semantic_rag,5ab50e0a5542990594ba9cf0,hybrid,0.5,0.0,False,False,0.125,0.25,0.0
semantic_rag,5ab2ce27554299545a2cfa98,hybrid,0.0,0.0,False,False,0.0,0.0,0.0
semantic_rag,5ae1443855429920d5234362,hybrid,0.33,0.0,False,False,0.0825,0.165,0.0
semantic_rag,5ae201465542997f29b3c1f7,local,0.5,1.0,True,True,0.875,0.75,1.0
semantic_rag,5a8ceb7a554299441c6b9f7b,hybrid,0.0,0.0,False,False,0.0,0.0,0.0
semantic_rag,5add15d15542994ed6169c70,hybrid,0.0,0.0,False,False,0.0,0.0,0.0
semantic_rag,5a8aeadc55429950cd6afbe0,hybrid,1.0,0.0,False,True,0.5,1.0,0.0
semantic_rag,5a8cd6de55429941ae14df07,hybrid,0.0,0.0,False,False,0.0,0.0,0.0
semantic_rag,5a77bc9955429967ab105256,hybrid,1.0,1.0,True,True,1.0,1.0,1.0
semantic_rag,5adfff0755429925eb1afbce,hybrid,0.0,0.0,False,False,0.0,0.0,0.0
semantic_rag,5ab2771e554299340b5254d8,hybrid,0.0,0.0,False,False,0.0,0.0,0.0
semantic_rag,5a727a635542994cef4bc2c9,hybrid,1.0,1.0,True,True,1.0,1.0,1.0
semantic_rag,5abce87e5542993a06baf9a5,hybrid,0.5,0.0,False,False,0.125,0.25,0.0
semantic_rag,5a7da98e5542990b8f503a17,hybrid,0.0,0.0,False,False,0.0,0.0,0.0
semantic_rag,5ae0a5825542993d6555ebdf,local,0.5,0.0,False,False,0.125,0.25,0.0
semantic_rag,5a7cff5755429907fabef09d,hybrid,0.0,0.0,False,False,0.0,0.0,0.0
semantic_rag,5abd0803554299700f9d7979,hybrid,1.0,0.8,False,True,0.7,1.0,0.4
semantic_rag,5a88e7a55542993b751ca8ca,hybrid,1.0,1.0,True,True,1.0,1.0,1.0
semantic_rag,5a773ae055429972597f14b0,hybrid,0.5,0.6666666666666666,False,True,0.5416666666666666,0.75,0.3333333333333333
semantic_rag,5ae625935542995703ce8b2a,hybrid,0.5,0.0,False,False,0.125,0.25,0.0
semantic_rag,5ab828f25542992aa3b8c8a3,hybrid,0.0,0.0,False,False,0.0,0.0,0.0
semantic_rag,5abe832a55429965af743f29,hybrid,0.0,0.4,False,False,0.1,0.0,0.2
semantic_rag,5a778b1e55429949eeb29ee3,hybrid,0.5,0.0,False,False,0.125,0.25,0.0
semantic_rag,5a7c4a6455429907fabeef53,hybrid,0.0,0.0,False,False,0.0,0.0,0.0
semantic_rag,5a7e035d5542997cc2c474f6,local,0.5,0.0,False,False,0.125,0.25,0.0
semantic_rag,5ade8ad95542992fa25da7b8,local,0.0,0.0,False,False,0.0,0.0,0.0
semantic_rag,5a793d335542994bb9456fca,hybrid,0.5,0.0,False,False,0.125,0.25,0.0
semantic_rag,5ae1599155429901ffe4ae7b,local,0.5,0.0,False,False,0.125,0.25,0.0
semantic_rag,5ab2beba554299166977408f,hybrid,0.5,0.0,False,False,0.125,0.25,0.0
semantic_rag,5ac3c0495542995ef918c215,hybrid,1.0,1.0,True,True,1.0,1.0,1.0
semantic_rag,5a8e2147554299068b959e67,hybrid,0.5,0.0,False,False,0.125,0.25,0.0
semantic_rag,5ab5a7f45542997d4ad1f1a5,hybrid,0.5,0.0,False,False,0.125,0.25,0.0
semantic_rag,5ac2f6b8554299677310265f,hybrid,0.5,0.0,False,False,0.125,0.25,0.0
semantic_rag,5a7509175542993748c897a3,hybrid,0.0,0.0,False,False,0.0,0.0,0.0
semantic_rag,5abcce3355429965836004a5,hybrid,0.0,0.0,False,False,0.0,0.0,0.0
semantic_rag,5add114a5542994734353826,hybrid,0.5,0.0,False,False,0.125,0.25,0.0
semantic_rag,5a73595055429901807dafd6,hybrid,0.5,0.0,False,False,0.125,0.25,0.0
semantic_rag,5ab5062f55429942dd415fd1,hybrid,0.5,0.0,False,False,0.125,0.25,0.0
semantic_rag,5adcd9fe5542990d50227d46,local,0.5,0.0,False,False,0.125,0.25,0.0
semantic_rag,5a83c9e45542992ef85e2361,hybrid,0.5,0.0,False,False,0.125,0.25,0.0
semantic_rag,5a8dbc8b554299441c6ba077,hybrid,0.0,0.0,False,False,0.0,0.0,0.0
semantic_rag,5ab7209a554299110f219aba,hybrid,0.0,0.0,False,False,0.0,0.0,0.0
semantic_rag,5ab809bb5542990e739ec7f9,hybrid,0.0,0.0,False,False,0.0,0.0,0.0
semantic_rag,5ae765185542995703ce8c0f,hybrid,0.0,0.0,False,False,0.0,0.0,0.0
semantic_rag,5adfdef9554299025d62a36b,hybrid,0.0,0.0,False,False,0.0,0.0,0.0
semantic_rag,5ab98e2b5542996be202054e,hybrid,0.0,0.0,False,False,0.0,0.0,0.0
semantic_rag,5a8b058055429971feec4612,hybrid,0.0,0.0,False,False,0.0,0.0,0.0
semantic_rag,5a8f64605542992414482aaa,local,0.0,0.0,False,False,0.0,0.0,0.0
semantic_rag,5a824e0b554299676cceb254,hybrid,0.33,0.0,False,False,0.0825,0.165,0.0
semantic_rag,5a8b051255429971feec460e,hybrid,0.5,0.5,False,True,0.5,0.75,0.25
semantic_rag,5ac235e355429951e9e684a2,hybrid,1.0,1.0,True,True,1.0,1.0,1.0
semantic_rag,5ab32fc355429969a97a80fa,local,0.5,1.0,True,True,0.875,0.75,1.0
semantic_rag,5a8e8d665542995085b3744e,hybrid,0.0,0.0,False,False,0.0,0.0,0.0
semantic_rag,5ac4f7e955429924173fb523,hybrid,0.0,0.0,False,False,0.0,0.0,0.0
semantic_rag,5aba5c625542994dbf0198f2,hybrid,0.5,0.0,False,False,0.125,0.25,0.0
semantic_rag,5a7a2dac5542990198eaf0b6,local,0.0,0.0,False,False,0.0,0.0,0.0
semantic_rag,5ae26af3554299492dc91c1c,local,1.0,1.0,True,True,1.0,1.0,1.0
semantic_rag,5a7f5e0455429969796c1a12,hybrid,0.0,0.4,False,False,0.1,0.0,0.2
semantic_rag,5ab73de755429928e1fe383b,local,0.0,0.1666666666666666,False,True,0.2916666666666667,0.5,0.0833333333333333
semantic_rag,5a84afdc5542991dd0999d81,hybrid,0.0,0.0,False,False,0.0,0.0,0.0
semantic_rag,5a7dc2185542990b8f503a7b,hybrid,1.0,1.0,True,True,1.0,1.0,1.0
semantic_rag,5ab48f245542990594ba9c66,local,0.5,1.0,True,True,0.875,0.75,1.0
semantic_rag,5a8f43795542997ba9cb3204,hybrid,0.5,1.0,True,True,0.875,0.75,1.0
semantic_rag,5a875b755542996e4f308796,hybrid,0.0,0.0,False,False,0.0,0.0,0.0
semantic_rag,5ab31fea554299194fa9356a,hybrid,0.5,0.0,False,False,0.125,0.25,0.0
semantic_rag,5a7503945542996c70cfae76,hybrid,0.5,0.6666666666666666,False,False,0.2916666666666666,0.25,0.3333333333333333
semantic_rag,5ae60484554299546bf8301a,hybrid,0.0,0.2857142857142857,False,False,0.0714285714285714,0.0,0.1428571428571428
semantic_rag,5ae80f73554299540e5a5722,hybrid,0.5,0.0,False,False,0.125,0.25,0.0
semantic_rag,5ab5df4c5542997d4ad1f218,hybrid,0.0,0.0,False,False,0.0,0.0,0.0
semantic_rag,5ae165aa5542997b2ef7d1d1,local,0.5,0.0,False,False,0.125,0.25,0.0
semantic_rag,5a8b027e55429950cd6afc45,hybrid,0.0,0.0,False,False,0.0,0.0,0.0
semantic_rag,5a7fd95d5542992e7d278dc5,hybrid,1.0,1.0,True,True,1.0,1.0,1.0
semantic_rag,5a7a3bed5542996c55b2dd45,hybrid,1.0,1.0,True,True,1.0,1.0,1.0
semantic_rag,5a83938c5542993344746049,hybrid,1.0,1.0,True,True,1.0,1.0,1.0
semantic_rag,5a7354e35542994cef4bc55b,hybrid,0.5,0.5,False,False,0.25,0.25,0.25
semantic_rag,5a72644b5542997f8278399a,hybrid,0.0,0.0,False,False,0.0,0.0,0.0
semantic_rag,5a7c5de155429935c91b5179,hybrid,0.0,0.0,False,False,0.0,0.0,0.0
semantic_rag,5a73672b5542991f29ee2de7,hybrid,0.0,0.0,False,False,0.0,0.0,0.0
semantic_rag,5ac4e07e5542996feb3fe95c,hybrid,0.0,1.0,True,True,0.75,0.5,1.0
semantic_rag,5a8aad0d5542992d82986f55,hybrid,0.0,0.0,False,False,0.0,0.0,0.0
semantic_rag,5ac4db1d554299076e296e1a,hybrid,0.0,0.0,False,False,0.0,0.0,0.0
semantic_rag,5a80b35c5542992bc0c4a7b8,hybrid,0.0,0.0,False,False,0.0,0.0,0.0
semantic_rag,5ab2118055429970612095b8,hybrid,0.0,0.0,False,False,0.0,0.0,0.0
semantic_rag,5adfba9555429942ec259b1e,hybrid,1.0,1.0,True,True,1.0,1.0,1.0
semantic_rag,5a7b895c5542997c3ec97206,hybrid,0.0,0.0,False,False,0.0,0.0,0.0
semantic_rag,5a72334755429971e9dc934c,hybrid,0.5,0.4,False,False,0.225,0.25,0.2
semantic_rag,5ab720685542993667793f44,hybrid,0.5,0.0,False,False,0.125,0.25,0.0
semantic_rag,5ab9339f554299131ca422bb,hybrid,1.0,1.0,True,True,1.0,1.0,1.0
semantic_rag,5ae2c509554299492dc91c68,hybrid,0.0,0.0,False,False,0.0,0.0,0.0
semantic_rag,5a8341c255429954d2e2ec6e,hybrid,0.5,0.6666666666666666,False,True,0.5416666666666666,0.75,0.3333333333333333
semantic_rag,5a7f44a65542992e7d278cd7,hybrid,0.5,0.0,False,False,0.125,0.25,0.0
semantic_rag,5a887293554299206df2b273,hybrid,0.5,0.0,False,False,0.125,0.25,0.0
semantic_rag,5a74bdce55429929fddd84e1,local,0.5,0.8,False,False,0.325,0.25,0.4
semantic_rag,5abd81ff5542993062266cb3,local,0.0,0.125,False,False,0.03125,0.0,0.0625
semantic_rag,5a7b4d765542995eb53be8fe,hybrid,0.0,0.0,False,False,0.0,0.0,0.0
semantic_rag,5ade662155429975fa854ebd,hybrid,0.0,0.0,False,False,0.0,0.0,0.0
semantic_rag,5ae629215542995703ce8b34,hybrid,1.0,1.0,True,True,1.0,1.0,1.0
semantic_rag,5a89e0ec5542992e4fca8427,hybrid,1.0,1.0,True,True,1.0,1.0,1.0
semantic_rag,5a90945755429933b8a2056c,hybrid,0.5,0.0,False,False,0.125,0.25,0.0
semantic_rag,5a8335d95542993344745ff1,local,0.5,0.0,False,False,0.125,0.25,0.0
semantic_rag,5ac1a6a85542994ab5c67db6,hybrid,0.0,0.0,False,False,0.0,0.0,0.0
semantic_rag,5a8b46925542995d1e6f133c,hybrid,0.0,0.0,False,False,0.0,0.0,0.0
semantic_rag,5ae444b55542996836b02c63,hybrid,0.5,0.0,False,False,0.125,0.25,0.0
semantic_rag,5a8ba45b554299240d9c2051,hybrid,0.5,0.0,False,False,0.125,0.25,0.0
semantic_rag,5ac3adc35542995ef918c1e2,local,1.0,1.0,True,True,1.0,1.0,1.0
semantic_rag,5add74b95542992ae4cec56f,local,0.5,0.0,True,True,0.625,0.75,0.5
semantic_rag,5ab6b6fd5542995eadef006b,local,0.5,0.0,False,False,0.125,0.25,0.0
semantic_rag,5ae3e1e95542994393b9e78b,hybrid,0.0,0.0,False,False,0.0,0.0,0.0
semantic_rag,5abc87a8554299114383a13e,hybrid,0.5,1.0,True,True,0.875,0.75,1.0
semantic_rag,5a7ba4765542995eb53be976,hybrid,0.0,0.0,False,False,0.0,0.0,0.0
semantic_rag,5a7b1a82554299042af8f6cf,hybrid,0.8,1.0,True,True,0.95,0.9,1.0
semantic_rag,5ae37e6e5542992f92d822e0,hybrid,0.5,0.5,False,True,0.5,0.75,0.25
semantic_rag,5ae7ae9a5542993210983ef2,hybrid,1.0,1.0,True,True,1.0,1.0,1.0
semantic_rag,5ac082535542992a796ded2f,local,1.0,1.0,True,True,1.0,1.0,1.0
semantic_rag,5add6f975542992200553b18,hybrid,0.5,0.0,False,False,0.125,0.25,0.0
semantic_rag,5a88d6df554299206df2b377,hybrid,0.0,0.0,False,False,0.0,0.0,0.0
semantic_rag,5ab2909a5542993be8fa994f,hybrid,0.5,0.0,False,False,0.125,0.25,0.0
semantic_rag,5ae083b75542993d6555eb85,hybrid,0.0,0.0,False,False,0.0,0.0,0.0
semantic_rag,5ae6dd745542996d980e7ca0,hybrid,0.5,0.0,False,False,0.125,0.25,0.0
semantic_rag,5a8dacf2554299068b959d91,hybrid,0.0,0.0,False,False,0.0,0.0,0.0
semantic_rag,5adcfdc555429947343537f4,hybrid,1.0,0.3333333333333333,False,True,0.5833333333333334,1.0,0.1666666666666666
semantic_rag,5a7a616355429941d65f25f7,hybrid,0.5,0.0,False,False,0.125,0.25,0.0
semantic_rag,5a7ce7b755429909bec76872,hybrid,1.0,1.0,True,True,1.0,1.0,1.0
semantic_rag,5a8dd9d25542995a26add420,local,0.5,0.0,False,False,0.125,0.25,0.0
semantic_rag,5ac4f12d55429924173fb4f6,local,0.5,0.0,True,True,0.625,0.75,0.5
semantic_rag,5a8ad59355429950cd6afba4,hybrid,1.0,1.0,True,True,1.0,1.0,1.0
semantic_rag,5ae1b53b5542997283cd2255,hybrid,0.5,0.0,False,False,0.125,0.25,0.0
semantic_rag,5ae526c455429908b6326529,hybrid,0.0,0.0,False,False,0.0,0.0,0.0
semantic_rag,5a7e32905542991319bc943b,hybrid,0.5,0.0,False,False,0.125,0.25,0.0
semantic_rag,5ae8202255429952e35eaa3a,hybrid,1.0,1.0,True,True,1.0,1.0,1.0
semantic_rag,5a81df7d55429926c1cdadaa,hybrid,0.0,0.0,False,False,0.0,0.0,0.0
semantic_rag,5ac372195542995ef918c194,hybrid,1.0,1.0,True,True,1.0,1.0,1.0
semantic_rag,5a7133fa5542994082a3e660,hybrid,0.0,0.0,False,False,0.0,0.0,0.0
semantic_rag,5ae61ac355429929b0807ac6,hybrid,0.0,0.4,False,False,0.1,0.0,0.2
semantic_rag,5a78c69e55429974737f787c,local,0.5,0.0,False,False,0.125,0.25,0.0
semantic_rag,5a8b86645542997f31a41d62,hybrid,0.0,0.0,False,False,0.0,0.0,0.0
semantic_rag,5a807b44554299485f59860a,hybrid,0.0,0.0,False,False,0.0,0.0,0.0
semantic_rag,5ae3ffba5542995dadf242b2,hybrid,0.5,0.0,False,False,0.125,0.25,0.0
semantic_rag,5ae0111e55429906c02daabc,hybrid,0.0,0.0,False,False,0.0,0.0,0.0
semantic_rag,5a777fd655429949eeb29e93,hybrid,0.0,1.0,True,True,0.75,0.5,1.0
semantic_rag,5ae70f4c5542991bbc9761b2,hybrid,1.0,1.0,True,True,1.0,1.0,1.0
semantic_rag,5addc7e35542997545bbbdbe,hybrid,0.5,0.0,False,True,0.375,0.75,0.0
semantic_rag,5ae73ddb554299572ea5478d,hybrid,1.0,1.0,True,True,1.0,1.0,1.0
semantic_rag,5a7c22bb554299683c1c62d3,local,0.0,0.0,False,False,0.0,0.0,0.0
semantic_rag,5a74e9c255429974ef308c93,hybrid,0.5,0.0,False,False,0.125,0.25,0.0
semantic_rag,5a8dde01554299653c1aa159,hybrid,1.0,1.0,True,True,1.0,1.0,1.0
semantic_rag,5abce1af554299114383a178,hybrid,0.0,0.0,False,False,0.0,0.0,0.0
semantic_rag,5a8257fa55429940e5e1a866,hybrid,1.0,1.0,True,True,1.0,1.0,1.0
semantic_rag,5a72830e5542994cef4bc2f9,hybrid,0.5,0.0,False,False,0.125,0.25,0.0
semantic_rag,5a8de5d55542995085b3734d,local,0.5,0.0,True,True,0.625,0.75,0.5
semantic_rag,5ade895955429975fa854ef5,hybrid,0.0,0.0,False,False,0.0,0.0,0.0
semantic_rag,5a7ecae055429934daa2fc6a,local,0.5,1.0,True,True,0.875,0.75,1.0
semantic_rag,5adfa12c554299025d62a301,local,0.0,0.0,False,False,0.0,0.0,0.0
semantic_rag,5ae5bcbd55429960a22e0324,hybrid,0.0,0.0,False,False,0.0,0.0,0.0
semantic_rag,5a899f4955429946c8d6e971,hybrid,0.0,0.0,False,False,0.0,0.0,0.0
semantic_rag,5ae14def55429901ffe4ae4a,local,0.5,1.0,True,True,0.875,0.75,1.0
semantic_rag,5adf21bc5542993344016bf4,hybrid,0.0,0.0,False,False,0.0,0.0,0.0
semantic_rag,5a77e9c055429949eeb29fa6,hybrid,0.0,0.0,False,False,0.0,0.0,0.0
semantic_rag,5ac19eb35542994ab5c67da3,hybrid,0.0,0.0,False,False,0.0,0.0,0.0
semantic_rag,5a7f89c75542994857a76775,hybrid,0.5,0.0,False,False,0.125,0.25,0.0
semantic_rag,5ab6a3a3554299710c8d1f0d,hybrid,0.0,0.0,False,False,0.0,0.0,0.0
semantic_rag,5ac3295d5542995ef918c14d,hybrid,0.0,0.0,False,False,0.0,0.0,0.0
semantic_rag,5add6b595542992200553b0c,hybrid,0.5,0.0,False,False,0.125,0.25,0.0
semantic_rag,5ae212c9554299495565d9de,hybrid,0.8,0.0,False,False,0.2,0.4,0.0
semantic_rag,5adcf20f5542994ed6169c2c,hybrid,0.0,0.0,False,False,0.0,0.0,0.0
semantic_rag,5ae2ff2055429928c4239598,hybrid,0.5,0.0,False,False,0.125,0.25,0.0
semantic_rag,5ac55e835542993e66e82375,hybrid,0.5,0.6666666666666666,False,True,0.5416666666666666,0.75,0.3333333333333333
semantic_rag,5a7b9f1f554299294a54aa2a,local,0.5,0.8,False,False,0.325,0.25,0.4
semantic_rag,5ab596d95542992aa134a371,local,0.5,0.0,False,False,0.125,0.25,0.0
semantic_rag,5adf32165542993344016c15,local,1.0,1.0,True,True,1.0,1.0,1.0
semantic_rag,5ae20427554299234fd04397,hybrid,0.5,0.0,False,False,0.125,0.25,0.0
semantic_rag,5a7fa48c5542994857a7679a,hybrid,0.5,0.5,False,True,0.5,0.75,0.25
semantic_rag,5ab677e2554299110f219a13,hybrid,0.5,0.6666666666666666,False,True,0.5416666666666666,0.75,0.3333333333333333
semantic_rag,5a7d2b535542995f4f402224,local,0.5,0.8,False,True,0.575,0.75,0.4
semantic_rag,5ae720e9554299572ea54715,hybrid,0.5,0.3333333333333333,False,False,0.2083333333333333,0.25,0.1666666666666666
semantic_rag,5a8393665542990548d0b1ea,local,0.5,0.0,True,True,0.625,0.75,0.5
semantic_rag,5a84c01e5542991dd0999dd6,hybrid,0.5,0.0,False,False,0.125,0.25,0.0
semantic_rag,5abca6375542993a06baf946,hybrid,1.0,1.0,True,True,1.0,1.0,1.0
semantic_rag,5ae7f41c5542997ec2727701,hybrid,0.0,0.0,False,False,0.0,0.0,0.0
semantic_rag,5ac4fbe255429924173fb53b,hybrid,0.0,0.0,False,False,0.0,0.0,0.0
semantic_rag,5a7744e45542993569682d37,local,0.0,0.5,False,False,0.125,0.0,0.25
semantic_rag,5ae455d45542996836b02c7b,hybrid,0.0,0.0,False,False,0.0,0.0,0.0
semantic_rag,5a8f13d55542997ba9cb31c9,hybrid,0.5,1.0,False,True,0.625,0.75,0.5
semantic_rag,5ab809195542991d3222380f,local,1.0,1.0,True,True,1.0,1.0,1.0
semantic_rag,5a8ee7c95542990e94052bb1,hybrid,0.0,0.0,False,False,0.0,0.0,0.0
semantic_rag,5abea7c25542990832d3a068,hybrid,0.5,1.0,True,True,0.875,0.75,1.0
semantic_rag,5a7172105542994082a3e837,hybrid,0.5,0.0,False,False,0.125,0.25,0.0
semantic_rag,5ac3c264554299204fd21e37,hybrid,0.5,0.2857142857142857,False,True,0.4464285714285714,0.75,0.1428571428571428
semantic_rag,5a7542425542996c70cfaecc,local,0.0,0.0,False,False,0.0,0.0,0.0
semantic_rag,5a8e4e7855429917b4a5bd92,local,0.5,0.0,False,True,0.375,0.75,0.0
semantic_rag,5ade89d855429975fa854ef7,hybrid,0.33,0.0,False,False,0.0825,0.165,0.0
semantic_rag,5a7636fb55429976ec32bd79,hybrid,0.0,0.0,False,False,0.0,0.0,0.0
semantic_rag,5adc0d2955429947ff1738e6,local,0.5,0.0,False,True,0.375,0.75,0.0
semantic_rag,5a81d1f0554299676cceb0ee,hybrid,0.5,0.0,False,False,0.125,0.25,0.0
semantic_rag,5adfa22655429942ec259ac4,hybrid,0.0,0.0,False,False,0.0,0.0,0.0
semantic_rag,5abaa32655429955dce3eeaa,hybrid,0.5,0.0,False,False,0.125,0.25,0.0
semantic_rag,5ac4f04e5542995c82c4ad81,hybrid,0.5,0.5,False,True,0.5,0.75,0.25
semantic_rag,5ab2d65e554299545a2cfabe,hybrid,1.0,0.0,False,True,0.5,1.0,0.0
semantic_rag,5ab6c1da554299710c8d1f4c,hybrid,0.0,0.0,False,False,0.0,0.0,0.0
semantic_rag,5a76c98855429972597f13d0,hybrid,0.0,0.0,False,False,0.0,0.0,0.0
semantic_rag,5ae537895542990ba0bbb234,hybrid,0.5,0.0,False,False,0.125,0.25,0.0
semantic_rag,5abc00ff5542993f40c73c41,hybrid,0.0,0.0,False,False,0.0,0.0,0.0
semantic_rag,5adcf48e5542992c1e3a24d4,hybrid,0.0,0.0,False,False,0.0,0.0,0.0
semantic_rag,5ae2d59755429928c42394ec,local,0.0,0.0,False,False,0.0,0.0,0.0
semantic_rag,5a8ac87d55429970aeb7031d,hybrid,0.5,0.5714285714285715,False,True,0.5178571428571429,0.75,0.2857142857142857
semantic_rag,5adf123f5542995ec70e8f63,hybrid,0.0,0.0,False,False,0.0,0.0,0.0
semantic_rag,5a8d8abf5542994ba4e3dca1,hybrid,1.0,1.0,True,True,1.0,1.0,1.0
semantic_rag,5ae4988655429970de88d9c1,local,1.0,1.0,True,True,1.0,1.0,1.0
semantic_rag,5aba9db7554299232ef4a361,hybrid,0.0,0.0,False,False,0.0,0.0,0.0
semantic_rag,5a83c9445542992ef85e2360,hybrid,0.5,0.4,False,False,0.225,0.25,0.2
semantic_rag,5ae56a3f5542992663a4f1f4,hybrid,0.0,0.0,False,False,0.0,0.0,0.0
semantic_rag,5adf5e285542992d7e9f9323,hybrid,0.0,0.0,False,False,0.0,0.0,0.0
semantic_rag,5a839cb9554299123d8c2169,local,0.5,1.0,True,True,0.875,0.75,1.0
semantic_rag,5ae04a2755429924de1b7091,local,0.0,0.0,False,False,0.0,0.0,0.0
semantic_rag,5a859a0c5542992a431d1b69,local,0.0,0.0,True,True,0.5,0.5,0.5
semantic_rag,5ade02d05542997545bbbe0d,hybrid,0.0,0.0,False,False,0.0,0.0,0.0
semantic_rag,5abd001d5542993a06baf9f2,hybrid,0.0,0.0,False,False,0.0,0.0,0.0
semantic_rag,5ae5a3bb55429960a22e0314,hybrid,1.0,1.0,True,True,1.0,1.0,1.0
semantic_rag,5a86ec9f55429960ec39b6d7,local,0.0,0.0,False,False,0.0,0.0,0.0
semantic_rag,5a8ee3a755429917b4a5be02,hybrid,0.5,0.6666666666666666,False,True,0.5416666666666666,0.75,0.3333333333333333
semantic_rag,5a74397055429974ef308bbe,hybrid,0.0,0.0,False,False,0.0,0.0,0.0
semantic_rag,5a82360055429903bc27ba46,hybrid,0.0,0.0,False,False,0.0,0.0,0.0
semantic_rag,5ab94bc2554299743d22eacf,hybrid,1.0,1.0,True,True,1.0,1.0,1.0
semantic_rag,5ac131575542994d76dccdb6,hybrid,0.0,0.0,False,False,0.0,0.0,0.0
semantic_rag,5a75a76b5542992db9473697,local,0.5,0.0,False,False,0.125,0.25,0.0
semantic_rag,5adc2ae5554299438c868d64,local,0.5,1.0,True,True,0.875,0.75,1.0
semantic_rag,5ab52bd1554299637185c4ee,local,0.0,0.0,False,False,0.0,0.0,0.0
semantic_rag,5abd2af955429933744ab74b,hybrid,0.5,0.0,False,False,0.125,0.25,0.0
semantic_rag,5a7bcd68554299294a54aaf0,local,0.0,0.0,False,False,0.0,0.0,0.0
semantic_rag,5a8cefc155429941ae14df55,hybrid,0.5,0.0,False,False,0.125,0.25,0.0
semantic_rag,5a76334c5542994ccc918710,hybrid,0.0,0.0,False,False,0.0,0.0,0.0
semantic_rag,5a8c5d3f554299585d9e3675,local,0.0,0.0,False,False,0.0,0.0,0.0
semantic_rag,5ae02b6c55429924de1b7044,local,1.0,1.0,True,True,1.0,1.0,1.0
semantic_rag,5a88982155429938390d3f81,hybrid,1.0,1.0,True,True,1.0,1.0,1.0
semantic_rag,5ade3b925542992fa25da70a,hybrid,0.5,0.0,False,False,0.125,0.25,0.0
semantic_rag,5ac23f98554299636651994b,hybrid,0.5,0.0,False,False,0.125,0.25,0.0
semantic_rag,5a7cfb2755429907fabef084,hybrid,0.0,0.0,False,False,0.0,0.0,0.0
semantic_rag,5ae471fa55429970de88d965,hybrid,0.0,0.0,False,False,0.0,0.0,0.0
semantic_rag,5abec66b5542997ec76fd360,hybrid,0.0,0.0,False,False,0.0,0.0,0.0
semantic_rag,5a8e5a635542990e94052ae4,hybrid,0.5,1.0,False,True,0.625,0.75,0.5
semantic_rag,5a80db5055429938b6142218,hybrid,0.0,0.0,False,False,0.0,0.0,0.0
semantic_rag,5ac308135542990b17b154f4,hybrid,0.5,0.0,False,False,0.125,0.25,0.0
semantic_rag,5add3aaa5542992ae4cec500,hybrid,1.0,1.0,True,True,1.0,1.0,1.0
semantic_rag,5a7622d75542994ccc9186f1,local,0.5,1.0,True,True,0.875,0.75,1.0
semantic_rag,5a8f03855542997ba9cb3186,hybrid,0.0,0.0,False,False,0.0,0.0,0.0
semantic_rag,5a74be7a55429929fddd84e4,hybrid,0.0,0.0,False,False,0.0,0.0,0.0
semantic_rag,5abd580855429924427fcfb8,hybrid,1.0,1.0,True,True,1.0,1.0,1.0
semantic_rag,5a88940055429938390d3f7b,hybrid,0.5,0.0,False,False,0.125,0.25,0.0
semantic_rag,5a7bacf35542997c3ec9724b,local,0.5,0.0,False,False,0.125,0.25,0.0
semantic_rag,5ab93781554299131ca422c7,hybrid,0.0,0.0,False,False,0.0,0.0,0.0
semantic_rag,5a87100655429960ec39b71e,hybrid,1.0,1.0,True,True,1.0,1.0,1.0
semantic_rag,5a80abd15542996402f6a5e0,hybrid,0.0,0.0,False,False,0.0,0.0,0.0
semantic_rag,5a7ca55b55429907fabeefe0,hybrid,0.5,0.1818181818181818,False,False,0.1704545454545454,0.25,0.0909090909090909
semantic_rag,5a8cc602554299653c1aa11a,local,1.0,0.0,True,True,0.75,1.0,0.5
semantic_rag,5ab941c2554299743d22ea88,hybrid,0.5,0.1538461538461538,False,True,0.4134615384615384,0.75,0.0769230769230769
semantic_rag,5add47bf5542992200553a7f,local,0.5,1.0,True,True,0.875,0.75,1.0
semantic_rag,5abd13b655429924427fceea,hybrid,1.0,1.0,True,True,1.0,1.0,1.0
semantic_rag,5abffa095542990832d3a1de,hybrid,0.0,0.0,False,False,0.0,0.0,0.0
semantic_rag,5a7c02c45542996dd594b880,hybrid,0.5,0.0,False,False,0.125,0.25,0.0
semantic_rag,5a74512b55429974ef308bd5,hybrid,0.0,0.0,False,False,0.0,0.0,0.0
semantic_rag,5ae7c2dc5542994a481bbdd3,hybrid,0.5,0.0,False,False,0.125,0.25,0.0
semantic_rag,5ae22895554299495565da0c,hybrid,0.0,0.0,False,False,0.0,0.0,0.0
semantic_rag,5aba67c255429955dce3ee10,local,1.0,1.0,True,True,1.0,1.0,1.0
semantic_rag,5ae1fd8a5542994d89d5b2ee,local,0.5,0.0,False,False,0.125,0.25,0.0
semantic_rag,5a8a6b625542996c9b8d5ed9,hybrid,0.0,0.0,False,False,0.0,0.0,0.0
semantic_rag,5a90b2175542990a984936ae,local,1.0,1.0,True,True,1.0,1.0,1.0
semantic_rag,5ae14cf05542990adbacf742,hybrid,0.5,0.0,False,False,0.125,0.25,0.0
semantic_rag,5add23d05542994734353871,local,0.0,0.0,False,False,0.0,0.0,0.0
semantic_rag,5a7f1ad155429934daa2fce2,hybrid,0.5,0.0,False,False,0.125,0.25,0.0
semantic_rag,5a7fb90655429969796c1b34,hybrid,0.0,0.0,False,False,0.0,0.0,0.0
semantic_rag,5ab531e55542990594ba9d24,hybrid,1.0,1.0,True,True,1.0,1.0,1.0
semantic_rag,5a886b7555429938390d3f4d,hybrid,0.0,0.0,False,False,0.0,0.0,0.0
semantic_rag,5abee4ff5542993fe9a41d7d,hybrid,0.0,0.0,False,False,0.0,0.0,0.0
semantic_rag,5adbfffb5542994650320c39,hybrid,0.5,0.6666666666666666,False,True,0.5416666666666666,0.75,0.3333333333333333
semantic_rag,5a7b63eb55429931da12ca7e,hybrid,0.5,1.0,True,True,0.875,0.75,1.0
semantic_rag,5ab3abe9554299753aec597e,hybrid,0.0,0.0,False,False,0.0,0.0,0.0
semantic_rag,5a87144155429960ec39b72b,hybrid,1.0,1.0,True,True,1.0,1.0,1.0
semantic_rag,5ae497595542995ad6573db7,local,0.5,0.0,False,False,0.125,0.25,0.0
semantic_rag,5a72a47d55429901807daf1f,hybrid,0.5,0.0,False,False,0.125,0.25,0.0
semantic_rag,5ac05e035542992a796decf7,hybrid,0.0,0.0,False,False,0.0,0.0,0.0
semantic_rag,5ac1725c5542994d76dcce2c,hybrid,0.0,0.0,False,False,0.0,0.0,0.0
semantic_rag,5adec4695542992fa25da83a,hybrid,1.0,1.0,True,True,1.0,1.0,1.0
semantic_rag,5a8a32d65542992d82986ef4,hybrid,1.0,1.0,True,True,1.0,1.0,1.0
semantic_rag,5a846c005542990548d0b2b3,hybrid,0.5,0.0,False,False,0.125,0.25,0.0
semantic_rag,5a7dbb295542990b8f503a4b,hybrid,0.5,0.5,False,True,0.5,0.75,0.25
semantic_rag,5abb8a9b5542996cc5e4a016,local,0.5,0.0,False,False,0.125,0.25,0.0
semantic_rag,5a7df1095542990b8f503afe,local,1.0,1.0,True,True,1.0,1.0,1.0
semantic_rag,5ae5086d55429908b63264eb,hybrid,0.0,0.0,False,False,0.0,0.0,0.0
semantic_rag,5ae48aff5542996836b02cce,hybrid,1.0,1.0,True,True,1.0,1.0,1.0
semantic_rag,5a7ca95b55429935c91b5287,local,0.0,0.0,False,False,0.0,0.0,0.0
semantic_rag,5a8b465855429949d91db522,hybrid,0.0,0.0,False,False,0.0,0.0,0.0
semantic_rag,5ae7a2e255429952e35ea99e,hybrid,0.0,0.0,False,False,0.0,0.0,0.0
semantic_rag,5ab250b9554299722f9b4cd9,hybrid,0.0,0.0,False,False,0.0,0.0,0.0
semantic_rag,5add3fe05542992c1e3a2580,hybrid,0.0,0.0,False,False,0.0,0.0,0.0
semantic_rag,5a8bd2965542997f31a41dd1,local,0.5,0.0,True,True,0.625,0.75,0.5
semantic_rag,5a87b6215542996e4f3088d6,local,0.0,0.0,False,False,0.0,0.0,0.0
semantic_rag,5a81b2505542995ce29dcc32,hybrid,1.0,0.4,False,True,0.6,1.0,0.2
semantic_rag,5a7cce4b554299683c1c6388,local,0.0,0.0,False,False,0.0,0.0,0.0
semantic_rag,5ac2cb09554299657fa29066,hybrid,0.0,0.0,False,False,0.0,0.0,0.0
semantic_rag,5ab3acc5554299233954ff7e,hybrid,0.5,0.0,False,False,0.125,0.25,0.0
semantic_rag,5a7c465a5542990527d5547f,hybrid,1.0,1.0,True,True,1.0,1.0,1.0
semantic_rag,5ac3a0b25542993915413838,hybrid,1.0,1.0,True,True,1.0,1.0,1.0
semantic_rag,5ac3ba0455429939154138f2,hybrid,0.0,0.0,False,False,0.0,0.0,0.0
semantic_rag,5ab1d6545542997061209588,hybrid,0.5,0.0,False,True,0.375,0.75,0.0
semantic_rag,5abc23c45542993a06baf896,hybrid,1.0,1.0,True,True,1.0,1.0,1.0
semantic_rag,5a7b3fc155429931da12ca3a,hybrid,0.5,0.0,False,False,0.125,0.25,0.0
semantic_rag,5adc8cb45542994d58a2f651,hybrid,0.5,0.0,False,False,0.125,0.25,0.0
semantic_rag,5a82930655429966c78a6a5e,hybrid,0.0,0.0,False,True,0.25,0.5,0.0
semantic_rag,5ae09ea05542993d6555ebc1,hybrid,0.0,0.0,False,False,0.0,0.0,0.0
semantic_rag,5a85ecf25542991dd0999ec6,hybrid,0.0,0.0,False,False,0.0,0.0,0.0
semantic_rag,5ab572ff5542992aa134a31b,hybrid,0.0,0.0,False,False,0.0,0.0,0.0
semantic_rag,5a8e16a5554299068b959e58,hybrid,1.0,1.0,True,True,1.0,1.0,1.0
semantic_rag,5a71380c5542994082a3e68b,hybrid,1.0,1.0,True,True,1.0,1.0,1.0
semantic_rag,5ae794215542997ec27276a8,hybrid,0.0,0.0,False,False,0.0,0.0,0.0
semantic_rag,5adc3d7455429944faac248a,hybrid,0.0,0.0,False,False,0.0,0.0,0.0
semantic_rag,5a75e3845542994ccc91864e,hybrid,1.0,1.0,True,True,1.0,1.0,1.0
semantic_rag,5a794119554299029c4b5f3c,hybrid,0.5,0.0,False,False,0.125,0.25,0.0
semantic_rag,5abe250f5542991f661060ef,hybrid,1.0,1.0,True,True,1.0,1.0,1.0
semantic_rag,5a84cb255542991dd0999dfa,hybrid,0.5,1.0,True,True,0.875,0.75,1.0
semantic_rag,5a881cbb55429938390d3ee7,hybrid,0.0,0.0,False,False,0.0,0.0,0.0
semantic_rag,5a80b9df5542992bc0c4a7ec,hybrid,0.5,0.0,False,False,0.125,0.25,0.0
semantic_rag,5a8c62f5554299585d9e367b,hybrid,0.5,0.0,False,False,0.125,0.25,0.0
semantic_rag,5a74a62b55429916b01641a0,local,0.5,0.0,False,False,0.125,0.25,0.0
semantic_rag,5ab463da5542990594ba9c0d,hybrid,0.5,0.0,False,False,0.125,0.25,0.0
semantic_rag,5ae7b40e5542994a481bbdbd,hybrid,0.0,0.0,False,False,0.0,0.0,0.0
semantic_rag,5a8601f855429960ec39b5fd,hybrid,0.0,0.0,False,False,0.0,0.0,0.0
semantic_rag,5ae8167b55429952e35eaa06,hybrid,0.0,0.3333333333333333,False,False,0.0833333333333333,0.0,0.1666666666666666
semantic_rag,5adddce05542992200553b70,hybrid,0.5,1.0,True,True,0.875,0.75,1.0
semantic_rag,5a8e494e5542995a26add4c8,hybrid,1.0,0.5,False,True,0.625,1.0,0.25
semantic_rag,5a8d9de2554299068b959d62,local,0.0,0.0,False,False,0.0,0.0,0.0
semantic_rag,5a7e6f295542991319bc94b1,hybrid,0.0,0.0,False,False,0.0,0.0,0.0
semantic_rag,5ae3992d5542994393b9e722,hybrid,1.0,0.8,False,False,0.45,0.5,0.4
semantic_rag,5ac406c155429919431738fc,local,0.0,0.0,False,False,0.0,0.0,0.0
semantic_rag,5ab1e97f554299340b525427,hybrid,0.0,0.0,False,False,0.0,0.0,0.0
semantic_rag,5a8b05c855429949d91db46a,hybrid,0.5,0.0,False,False,0.125,0.25,0.0
semantic_rag,5ae3263455429928c4239634,hybrid,0.5,1.0,True,True,0.875,0.75,1.0
semantic_rag,5ac249f55542992f1f2b3831,hybrid,1.0,0.0,False,False,0.25,0.5,0.0
semantic_rag,5a9058e655429916514e747e,hybrid,0.0,0.0,False,False,0.0,0.0,0.0
semantic_rag,5ac371aa5542995ef918c191,hybrid,0.5,0.3333333333333333,False,False,0.2083333333333333,0.25,0.1666666666666666
semantic_rag,5ac0f7df554299012d1db667,hybrid,0.5,0.0,False,False,0.125,0.25,0.0
semantic_rag,5ade1ddf55429939a52fe827,hybrid,0.5,0.6666666666666666,False,True,0.5416666666666666,0.75,0.3333333333333333
semantic_rag,5ab9d7e4554299232ef4a21f,hybrid,0.0,0.0909090909090909,False,False,0.0227272727272727,0.0,0.0454545454545454
semantic_rag,5ab9180b5542991b5579f0f3,hybrid,1.0,1.0,True,True,1.0,1.0,1.0
semantic_rag,5ab85f555542992aa3b8c8ca,hybrid,0.5,0.0,False,False,0.125,0.25,0.0
semantic_rag,5a77727555429972597f1540,hybrid,1.0,1.0,True,True,1.0,1.0,1.0
semantic_rag,5ab674ee5542995eadeefff2,hybrid,0.0,0.0,False,False,0.0,0.0,0.0
semantic_rag,5a838a3d554299123d8c215d,hybrid,0.0,0.0,False,False,0.0,0.0,0.0
semantic_rag,5a8be7735542997f31a41df2,hybrid,0.0,0.0,False,False,0.0,0.0,0.0
semantic_rag,5a7b55375542995eb53be91f,hybrid,0.5,0.0,False,False,0.125,0.25,0.0
semantic_rag,5a8297c055429954d2e2eb71,hybrid,0.5,0.0,False,False,0.125,0.25,0.0
semantic_rag,5a8af11a55429950cd6afc21,hybrid,0.5,0.0,False,False,0.125,0.25,0.0
semantic_rag,5a74879255429974ef308c1d,local,0.5,0.5,False,True,0.5,0.75,0.25
semantic_rag,5a84d2ea5542992a431d1aa8,local,0.5,0.0,False,False,0.125,0.25,0.0
semantic_rag,5ab913205542991b5579f0e0,hybrid,0.0,0.4,False,True,0.35,0.5,0.2
semantic_rag,5adc85b855429944faac24e9,hybrid,0.0,0.0,False,False,0.0,0.0,0.0
semantic_rag,5abe79c755429976d4830b2a,hybrid,0.0,0.0,False,False,0.0,0.0,0.0
semantic_rag,5a8f541e5542992414482a53,hybrid,0.0,1.0,True,True,0.75,0.5,1.0
semantic_rag,5a71148b5542994082a3e567,hybrid,0.0,0.0,False,False,0.0,0.0,0.0
semantic_rag,5ae33f9a5542990afbd1e0f1,hybrid,0.5,0.0,False,False,0.125,0.25,0.0
semantic_rag,5abbe40555429931dba145cd,local,1.0,1.0,True,True,1.0,1.0,1.0
semantic_rag,5a8756f25542994775f607dc,hybrid,1.0,1.0,True,True,1.0,1.0,1.0
semantic_rag,5ae1c2d8554299234fd042ee,hybrid,0.0,0.0,False,False,0.0,0.0,0.0
semantic_rag,5adc83c65542994d58a2f623,hybrid,1.0,1.0,True,True,1.0,1.0,1.0
semantic_rag,5ae72ca35542991e8301cb92,hybrid,0.0,0.0,False,False,0.0,0.0,0.0
semantic_rag,5a8af92c55429950cd6afc33,hybrid,0.5,0.5,False,True,0.5,0.75,0.25
semantic_rag,5abfa2255542993fe9a41e18,local,0.5,0.0,True,True,0.625,0.75,0.5
semantic_rag,5abafb6d5542992ccd8e7e92,hybrid,0.0,0.0,False,False,0.0,0.0,0.0
semantic_rag,5a8340fd55429954d2e2ec6b,local,0.5,0.0,False,False,0.125,0.25,0.0
semantic_rag,5a7b493855429931da12ca58,hybrid,0.5,0.8,False,True,0.575,0.75,0.4
semantic_rag,5adfd01f55429925eb1afa9f,hybrid,0.0,0.0,False,False,0.0,0.0,0.0
semantic_rag,5ae5fd395542996de7b71ab3,hybrid,0.5,0.0,False,True,0.375,0.75,0.0
semantic_rag,5ae17f1e5542990adbacf7a6,hybrid,0.0,0.0,False,False,0.0,0.0,0.0
semantic_rag,5ae222ec5542996483e648ff,hybrid,0.5,0.4,False,False,0.225,0.25,0.2
semantic_rag,5ab5d2fe554299488d4d9a3e,hybrid,0.5,0.0,False,False,0.125,0.25,0.0
semantic_rag,5a864d9e5542994775f6073d,local,0.0,0.0,False,False,0.0,0.0,0.0
semantic_rag,5abd920e55429924427fd05d,local,0.5,1.0,True,True,0.875,0.75,1.0
semantic_rag,5ae07c6255429924de1b70d6,hybrid,0.5,0.0,False,True,0.375,0.75,0.0
semantic_rag,5abbe188554299642a094ba0,hybrid,0.0,0.0,False,False,0.0,0.0,0.0
semantic_rag,5adf3a0d5542992d7e9f92e8,hybrid,1.0,0.6666666666666666,False,True,0.6666666666666666,1.0,0.3333333333333333
semantic_rag,5a7d1bf65542995ed0d165f0,hybrid,0.6,0.0,False,False,0.15,0.3,0.0
semantic_rag,5ab7268b5542992aa3b8c7b1,hybrid,1.0,1.0,True,True,1.0,1.0,1.0
semantic_rag,5ae4ebeb55429908b63264bb,local,0.5,0.0,True,True,0.625,0.75,0.5
semantic_rag,5a714bb35542994082a3e78f,local,0.0,0.0,False,False,0.0,0.0,0.0
semantic_rag,5a836a2d554299334474600f,hybrid,0.0,0.0,False,False,0.0,0.0,0.0
semantic_rag,5ae1d1995542997283cd226c,hybrid,0.5,0.0,False,False,0.125,0.25,0.0
semantic_rag,5ab965f25542996be20204c3,hybrid,0.0,0.0,False,False,0.0,0.0,0.0
semantic_rag,5a80f499554299260e20a1d9,hybrid,0.0,0.0,False,False,0.0,0.0,0.0
semantic_rag,5adcf3e35542994ed6169c3a,hybrid,0.0,0.0,False,False,0.0,0.0,0.0
semantic_rag,5adf92f15542995534e8c7f3,hybrid,0.4,0.0,False,False,0.1,0.2,0.0
semantic_rag,5a74e6e855429974ef308c8e,hybrid,0.5,0.0,False,False,0.125,0.25,0.0
semantic_rag,5adbd60855429944faac2377,hybrid,0.5,0.6666666666666666,False,False,0.2916666666666666,0.25,0.3333333333333333
semantic_rag,5a7c99705542990527d554de,hybrid,0.0,0.0,False,False,0.0,0.0,0.0
semantic_rag,5ae3fcfc5542995dadf2428c,hybrid,1.0,1.0,True,True,1.0,1.0,1.0
semantic_rag,5ab9618f554299743d22eb28,hybrid,0.5,0.0,False,False,0.125,0.25,0.0
semantic_rag,5adf53dc5542995534e8c791,local,0.0,0.0,False,False,0.0,0.0,0.0
semantic_rag,5adfecf0554299603e4183c3,hybrid,1.0,1.0,True,True,1.0,1.0,1.0
semantic_rag,5a8662b955429960ec39b687,hybrid,0.0,0.5,False,True,0.375,0.5,0.25
semantic_rag,5a8f8e4d55429918e830d260,hybrid,0.5,0.0,False,False,0.125,0.25,0.0
semantic_rag,5a8d08ee55429941ae14df70,local,0.5,0.4,False,False,0.225,0.25,0.2
semantic_rag,5ae72e5d5542991e8301cba8,hybrid,0.0,0.0,False,False,0.0,0.0,0.0
semantic_rag,5ae2979a554299495565dade,local,1.0,1.0,True,True,1.0,1.0,1.0
semantic_rag,5ae764a85542997b22f6a720,hybrid,0.5,0.0,False,False,0.125,0.25,0.0
semantic_rag,5a8510a25542994c784ddaf0,local,0.0,0.0,False,False,0.0,0.0,0.0
semantic_rag,5a7600275542994ccc91867a,hybrid,0.0,0.0,False,False,0.0,0.0,0.0
semantic_rag,5ae0ee2c5542993d6555eca3,hybrid,0.5,0.0,False,False,0.125,0.25,0.0
semantic_rag,5adccaca5542994d58a2f6d5,local,1.0,1.0,True,True,1.0,1.0,1.0
semantic_rag,5a88a35c554299206df2b316,hybrid,0.5,0.0,False,False,0.125,0.25,0.0
semantic_rag,5a8367c1554299334474600e,hybrid,0.5,0.6666666666666666,False,True,0.5416666666666666,0.75,0.3333333333333333
semantic_rag,5ae1f17e554299234fd04349,local,1.0,0.5,False,False,0.375,0.5,0.25
semantic_rag,5a8889405542997e5c09a5f9,hybrid,1.0,1.0,True,True,1.0,1.0,1.0
semantic_rag,5a71224f5542994082a3e5c1,hybrid,0.5,0.0,False,False,0.125,0.25,0.0
semantic_rag,5ab7e3c45542995dae37e9db,hybrid,0.5,0.0,False,False,0.125,0.25,0.0
semantic_rag,5a8c8f24554299653c1aa0ba,hybrid,0.8,0.0,False,False,0.2,0.4,0.0
semantic_rag,5ae73eca5542991e8301cc37,hybrid,0.0,0.0,False,False,0.0,0.0,0.0
semantic_rag,5ab285d1554299449642c8dd,local,0.5,0.0,False,True,0.375,0.75,0.0
semantic_rag,5ac11a8d5542992a796dedee,local,1.0,1.0,True,True,1.0,1.0,1.0
semantic_rag,5a81b4cc5542995ce29dcc3c,hybrid,1.0,1.0,True,True,1.0,1.0,1.0
semantic_rag,5ae142c455429920d5234355,hybrid,0.5,0.0,False,False,0.125,0.25,0.0
semantic_rag,5a8651185542994775f60752,local,0.5,0.0,False,False,0.125,0.25,0.0
semantic_rag,5ae80d25554299540e5a5709,hybrid,0.0,0.0,False,False,0.0,0.0,0.0
semantic_rag,5abbd12b55429931dba14577,hybrid,0.0,0.4,False,False,0.1,0.0,0.2
semantic_rag,5ac1218c55429964131be15c,local,0.5,0.0,False,False,0.125,0.25,0.0
semantic_rag,5adf1c3f5542993a75d263ec,hybrid,0.5,0.0,False,False,0.125,0.25,0.0
semantic_rag,5ade03da5542997dc7907120,hybrid,0.0,0.0,False,False,0.0,0.0,0.0
semantic_rag,5ae55e6855429960a22e02d0,hybrid,0.0,0.0,False,False,0.0,0.0,0.0
semantic_rag,5a7b177b55429927d897bf35,hybrid,0.8,0.0,False,False,0.2,0.4,0.0
semantic_rag,5ab67f4c55429953192ad2d9,hybrid,1.0,1.0,True,True,1.0,1.0,1.0
semantic_rag,5a8db9b3554299068b959dde,local,0.5,0.0,False,False,0.125,0.25,0.0
semantic_rag,5a88f0d455429946c8d6e8dc,hybrid,0.5,0.0,False,False,0.125,0.25,0.0
semantic_rag,5ae336495542990afbd1e0e1,hybrid,1.0,1.0,True,True,1.0,1.0,1.0
semantic_rag,5adc2f53554299438c868d6d,local,1.0,0.0,True,True,0.75,1.0,0.5
semantic_rag,5ac24cea55429951e9e6853a,hybrid,0.5,1.0,True,True,0.875,0.75,1.0
semantic_rag,5ab600fb554299488d4d9a82,hybrid,0.0,0.0,False,False,0.0,0.0,0.0
semantic_rag,5a8c6d4e5542996e8ac88aa6,local,0.0,0.0,False,False,0.0,0.0,0.0
semantic_rag,5ac005a15542997719eab6fc,local,0.0,0.0,False,False,0.0,0.0,0.0
semantic_rag,5abdc74755429965af743e36,hybrid,1.0,1.0,True,True,1.0,1.0,1.0
semantic_rag,5a8e06785542995085b37383,hybrid,1.0,1.0,True,True,1.0,1.0,1.0
semantic_rag,5a8bf0835542995d1e6f146b,hybrid,0.0,0.0,False,False,0.0,0.0,0.0
semantic_rag,5a8f25ed5542997ba9cb31f0,hybrid,0.5,0.8,True,True,0.825,0.75,0.9
semantic_rag,5a8e024f5542995085b37375,hybrid,0.0,0.0,False,False,0.0,0.0,0.0
semantic_rag,5a8b14125542992d82986fd5,hybrid,0.5,0.5,False,True,0.5,0.75,0.25
semantic_rag,5aba6d0f55429955dce3ee19,hybrid,0.0,0.5,False,False,0.125,0.0,0.25
semantic_rag,5ab71b5c5542991d3222377e,hybrid,0.0,0.0,False,False,0.0,0.0,0.0
semantic_rag,5a8e0dbd554299068b959e3e,hybrid,0.5,0.0,False,False,0.125,0.25,0.0
semantic_rag,5ae356045542990afbd1e10d,hybrid,0.33,0.0,False,False,0.0825,0.165,0.0
semantic_rag,5ae075455542993d6555eb59,local,1.0,1.0,True,True,1.0,1.0,1.0
semantic_rag,5a90503755429916514e7470,hybrid,0.5,0.0,False,False,0.125,0.25,0.0
semantic_rag,5a75377c55429929fddd8514,hybrid,0.8,0.0,False,False,0.2,0.4,0.0
semantic_rag,5a7eec6f55429934daa2fc7c,hybrid,0.0,0.0,False,False,0.0,0.0,0.0
semantic_rag,5a77863555429949eeb29ec6,local,0.0,0.0,False,False,0.0,0.0,0.0
semantic_rag,5ab6e8e6554299710c8d1faf,hybrid,0.5,0.0,False,False,0.125,0.25,0.0
semantic_rag,5a7d47da5542990b8f503975,hybrid,0.5,0.0,False,False,0.125,0.25,0.0
semantic_rag,5abced075542993a06baf9ac,hybrid,0.5,0.0,False,False,0.125,0.25,0.0
semantic_rag,5a71646e5542994082a3e80e,hybrid,0.0,0.0,False,False,0.0,0.0,0.0
semantic_rag,5abd9b5255429924427fd06a,hybrid,0.0,0.1052631578947368,False,False,0.0263157894736842,0.0,0.0526315789473684
semantic_rag,5ac017f4554299012d1db5a2,local,0.0,0.0,False,False,0.0,0.0,0.0
semantic_rag,5ae791cf55429952e35ea978,hybrid,0.5,0.5,False,True,0.5,0.75,0.25
semantic_rag,5ae612f3554299546bf83065,hybrid,0.5,0.6666666666666666,False,False,0.2916666666666666,0.25,0.3333333333333333
semantic_rag,5a84eecd5542994c784dda8e,hybrid,0.5,0.0,False,False,0.125,0.25,0.0
semantic_rag,5a7eb22655429930675135cb,hybrid,0.0,0.0,False,False,0.0,0.0,0.0
semantic_rag,5a7f6f4b5542994857a76740,hybrid,0.0,0.5,False,False,0.125,0.0,0.25
semantic_rag,5aba5e2555429955dce3edf1,hybrid,0.8,0.0,False,False,0.2,0.4,0.0
semantic_rag,5ae4eb9255429908b63264ba,hybrid,0.0,0.0,False,False,0.0,0.0,0.0
semantic_rag,5ab8ffc655429934fafe6e30,hybrid,0.0,0.0,False,False,0.0,0.0,0.0
semantic_rag,5ac05c245542992a796dece5,hybrid,0.5,0.8,False,True,0.575,0.75,0.4
semantic_rag,5a8c03415542995e66a4752a,hybrid,0.0,0.2857142857142857,False,False,0.0714285714285714,0.0,0.1428571428571428
semantic_rag,5adf715b5542992d7e9f9354,hybrid,0.0,0.0,False,False,0.0,0.0,0.0
semantic_rag,5a73520c5542994cef4bc53f,hybrid,1.0,1.0,True,True,1.0,1.0,1.0
semantic_rag,5addb0335542995b365fab5e,hybrid,0.0,0.0,False,False,0.0,0.0,0.0
semantic_rag,5a8b6eba55429950cd6afcfc,hybrid,0.0,0.0,False,True,0.25,0.5,0.0
semantic_rag,5a89e3995542992e4fca844d,hybrid,0.5,0.0,False,False,0.125,0.25,0.0
semantic_rag,5a7ce444554299683c1c63c1,hybrid,0.0,0.0,False,False,0.0,0.0,0.0
semantic_rag,5a8af56855429950cd6afc2f,hybrid,0.33,0.0,False,False,0.0825,0.165,0.0
semantic_rag,5a882ffb5542994846c1ce0d,hybrid,0.0,0.4,False,False,0.1,0.0,0.2
semantic_rag,5ac3b4e0554299741d48a2ec,local,0.5,1.0,True,True,0.875,0.75,1.0
semantic_rag,5ac0223f5542992a796dec9f,hybrid,0.5,0.25,False,True,0.4375,0.75,0.125
semantic_rag,5ab4f8c95542990594ba9cbb,hybrid,0.5,0.0,False,False,0.125,0.25,0.0
semantic_rag,5a776cfa5542993735360274,hybrid,0.5,0.0,False,False,0.125,0.25,0.0
semantic_rag,5ae824295542997ec272772f,hybrid,0.5,0.0,False,False,0.125,0.25,0.0
semantic_rag,5a7561495542992db947364e,hybrid,0.5,0.0,False,False,0.125,0.25,0.0
semantic_rag,5ab8764155429919ba4e22fe,local,0.0,0.0,False,False,0.0,0.0,0.0
semantic_rag,5a8b6ee255429950cd6afcfd,local,0.5,1.0,True,True,0.875,0.75,1.0
semantic_rag,5a8031d05542996402f6a47c,hybrid,0.0,0.0,False,False,0.0,0.0,0.0
semantic_rag,5a7bf3da5542996dd594b869,hybrid,1.0,1.0,True,True,1.0,1.0,1.0
semantic_rag,5ab78e2e55429928e1fe387d,local,0.5,0.0,False,False,0.125,0.25,0.0
semantic_rag,5a8f5bb45542992414482a77,hybrid,0.0,0.0,False,False,0.0,0.0,0.0
semantic_rag,5ae0f3b955429920d523424e,local,0.5,1.0,True,True,0.875,0.75,1.0
semantic_rag,5a716c415542994082a3e827,hybrid,0.0,0.0,False,False,0.0,0.0,0.0
semantic_rag,5ae0945d55429906c02daadd,hybrid,1.0,1.0,True,True,1.0,1.0,1.0
semantic_rag,5ae0335655429925eb1afc28,hybrid,0.0,0.0,False,False,0.0,0.0,0.0
semantic_rag,5a819e2755429903bc27b988,hybrid,0.0,0.0,False,False,0.0,0.0,0.0
semantic_rag,5a74f7405542996c70cfae59,hybrid,1.0,0.8,True,True,0.95,1.0,0.9
semantic_rag,5ae096d755429906c02daadf,hybrid,1.0,1.0,True,True,1.0,1.0,1.0
semantic_rag,5ade1eda55429975fa854e71,local,0.5,1.0,True,True,0.875,0.75,1.0
semantic_rag,5a80c01855429938b61421b8,hybrid,0.0,0.5,False,False,0.125,0.0,0.25
semantic_rag,5a87184a5542991e771816c5,hybrid,0.0,0.0,False,False,0.0,0.0,0.0
semantic_rag,5a77d12755429967ab1052b8,local,1.0,1.0,True,True,1.0,1.0,1.0
semantic_rag,5a80b9ae5542992bc0c4a7eb,hybrid,0.0,0.0,False,False,0.0,0.0,0.0
semantic_rag,5a77d3f555429967ab1052c5,hybrid,0.0,0.0,False,False,0.0,0.0,0.0
semantic_rag,5ae121315542997b2ef7d0ee,hybrid,0.0,0.0,False,False,0.0,0.0,0.0
semantic_rag,5abfde655542997719eab6f2,local,0.5,0.0,False,False,0.125,0.25,0.0
semantic_rag,5adc82fc554299438c868dce,hybrid,0.0,0.1111111111111111,False,False,0.0277777777777777,0.0,0.0555555555555555
semantic_rag,5ade1f1c55429939a52fe82d,hybrid,0.5,0.0,False,False,0.125,0.25,0.0
semantic_rag,5a77a7565542995d83181249,local,0.5,0.0,False,False,0.125,0.25,0.0
semantic_rag,5a8c743e5542996e8ac88ab3,hybrid,1.0,1.0,True,True,1.0,1.0,1.0
semantic_rag,5ab2af1655429929539467eb,hybrid,1.0,1.0,True,True,1.0,1.0,1.0
semantic_rag,5a7e08b55542997cc2c474fe,hybrid,0.0,0.0,False,False,0.0,0.0,0.0
semantic_rag,5a80799b5542992bc0c4a72e,hybrid,0.5,0.0,False,False,0.125,0.25,0.0
semantic_rag,5a8789115542994846c1cd9a,hybrid,0.0,0.0,False,False,0.0,0.0,0.0
semantic_rag,5a7c572655429935c91b5166,local,1.0,1.0,True,True,1.0,1.0,1.0
semantic_rag,5a9051615542995651fb5136,hybrid,1.0,0.0,False,True,0.5,1.0,0.0
semantic_rag,5a7e60a855429949594199ae,hybrid,0.5,0.0,False,False,0.125,0.25,0.0
semantic_rag,5abbf64055429965836003bc,hybrid,0.5,0.0,False,False,0.125,0.25,0.0
semantic_rag,5ab8284d5542990e739ec83f,hybrid,1.0,1.0,True,True,1.0,1.0,1.0
semantic_rag,5a808cbd5542996402f6a54b,hybrid,0.5,0.5,False,True,0.5,0.75,0.25
semantic_rag,5a7a01b15542996c55b2dcd1,local,0.5,0.8,False,True,0.575,0.75,0.4
semantic_rag,5ae4d7fc5542990ba0bbb16f,local,0.5,1.0,True,True,0.875,0.75,1.0
semantic_rag,5a79caad5542994f819ef09f,hybrid,0.0,0.0,False,False,0.0,0.0,0.0
semantic_rag,5ae153915542990adbacf752,local,0.5,0.0,False,False,0.125,0.25,0.0
semantic_rag,5a87f3cb5542994846c1ce03,hybrid,0.5,0.6666666666666666,False,True,0.5416666666666666,0.75,0.3333333333333333
semantic_rag,5abd455c55429924427fcf5a,local,0.0,0.0,False,False,0.0,0.0,0.0
semantic_rag,5a739ef955429978a71e904b,hybrid,0.5,0.6666666666666666,False,True,0.5416666666666666,0.75,0.3333333333333333
semantic_rag,5abd889f55429924427fd046,hybrid,1.0,0.0,True,True,0.75,1.0,0.5
semantic_rag,5ac536485542996feb3fea2e,hybrid,1.0,0.0,False,True,0.5,1.0,0.0
semantic_rag,5adff45c55429925eb1afb8c,hybrid,0.5,0.0,False,False,0.125,0.25,0.0
semantic_rag,5a79e3555542994bb945712f,local,0.0,0.3636363636363636,False,True,0.3409090909090909,0.5,0.1818181818181818
semantic_rag,5ae4bbf05542995ad6573e32,hybrid,1.0,1.0,True,True,1.0,1.0,1.0
semantic_rag,5a8682755542996432c571cf,hybrid,0.5,0.5,False,True,0.5,0.75,0.25
semantic_rag,5a82f35f5542995ce29dcd14,hybrid,1.0,1.0,True,True,1.0,1.0,1.0
semantic_rag,5ae6453e55429908198fa56c,hybrid,0.5,0.0,False,False,0.125,0.25,0.0
semantic_rag,5a78a7025542990784727710,hybrid,1.0,1.0,True,True,1.0,1.0,1.0
semantic_rag,5ae37ec25542990afbd1e178,hybrid,0.0,0.0,False,False,0.0,0.0,0.0
semantic_rag,5ae55a4e5542990ba0bbb285,hybrid,0.5,0.0,False,False,0.125,0.25,0.0
semantic_rag,5ab69e4f554299710c8d1eee,hybrid,0.5,0.5,False,True,0.5,0.75,0.25
semantic_rag,5add39ca5542992ae4cec4fb,hybrid,0.0,0.0,False,False,0.0,0.0,0.0
semantic_rag,5adcfe7f5542992c1e3a24f1,hybrid,0.5,0.6666666666666666,False,False,0.2916666666666666,0.25,0.3333333333333333
semantic_rag,5a72b2dc5542992359bc3173,hybrid,1.0,1.0,True,True,1.0,1.0,1.0
semantic_rag,5ae122465542997b2ef7d0f4,hybrid,0.0,0.125,False,False,0.03125,0.0,0.0625
semantic_rag,5abfce075542994516f454f7,hybrid,0.5,0.0,False,False,0.125,0.25,0.0
semantic_rag,5a8abb115542992d82986f66,local,0.0,1.0,True,True,0.75,0.5,1.0
semantic_rag,5ac49a1c5542996feb3fe905,hybrid,0.0,0.0,False,False,0.0,0.0,0.0
semantic_rag,5ae1fced5542997283cd230e,local,1.0,1.0,True,True,1.0,1.0,1.0
semantic_rag,5a7b1c6b55429931da12c9ca,local,0.0,0.0,False,False,0.0,0.0,0.0
semantic_rag,5a807e6f5542995d8a8ddf80,hybrid,0.0,0.0,False,False,0.0,0.0,0.0
semantic_rag,5a712fca5542994082a3e641,local,0.5,0.6666666666666666,False,True,0.5416666666666666,0.75,0.3333333333333333
semantic_rag,5a771d6155429966f1a36c6d,hybrid,0.0,0.0,False,False,0.0,0.0,0.0
semantic_rag,5ae2ad6b5542996483e64a3d,hybrid,1.0,1.0,True,True,1.0,1.0,1.0
semantic_rag,5a8f137355429918e830d180,hybrid,0.5,0.3333333333333333,False,False,0.2083333333333333,0.25,0.1666666666666666
semantic_rag,5ae4f6c755429960a22e022a,hybrid,0.5,0.0,False,False,0.125,0.25,0.0
semantic_rag,5a8dd47c5542995a26add3fa,hybrid,0.5,0.0,False,False,0.125,0.25,0.0
semantic_rag,5ab3d764554299233954ffc7,hybrid,0.5,0.0,False,False,0.125,0.25,0.0
semantic_rag,5ab30f9a554299233954fef2,hybrid,0.0,0.0,False,False,0.0,0.0,0.0
semantic_rag,5a8af0a355429950cd6afc1c,hybrid,0.0,0.0,False,False,0.0,0.0,0.0
semantic_rag,5a85018d5542997b5ce3ff98,hybrid,0.0,0.0,False,False,0.0,0.0,0.0
semantic_rag,5adc6c4c5542994650320ce0,local,0.5,1.0,False,True,0.625,0.75,0.5
semantic_rag,5a73b8d655429908901be31f,local,0.0,0.0,False,False,0.0,0.0,0.0
semantic_rag,5ab30ebf554299753aec592c,hybrid,0.0,0.0,False,False,0.0,0.0,0.0
semantic_rag,5ab41b8c5542996a3a969f40,hybrid,0.5,0.0,False,False,0.125,0.25,0.0
semantic_rag,5ab52cb2554299637185c4f1,hybrid,0.0,0.0,False,False,0.0,0.0,0.0
semantic_rag,5ae52ba755429908b6326538,hybrid,0.0,0.0,False,False,0.0,0.0,0.0
semantic_rag,5a88be405542997e5c09a6ab,hybrid,0.0,0.0,False,False,0.0,0.0,0.0
semantic_rag,5ae13bf1554299422ee99634,hybrid,0.0,0.0,False,False,0.0,0.0,0.0
semantic_rag,5ae785685542994a481bbd47,hybrid,0.0,0.0,False,False,0.0,0.0,0.0
semantic_rag,5abd247e5542996e802b472f,local,0.0,0.0,False,False,0.0,0.0,0.0
semantic_rag,5a81ff1a554299676cceb1c2,hybrid,1.0,1.0,True,True,1.0,1.0,1.0
semantic_rag,5a890b895542995153361278,hybrid,0.0,0.0,False,False,0.0,0.0,0.0
semantic_rag,5ae31d5a5542990afbd1e0b1,hybrid,0.0,0.0,False,False,0.0,0.0,0.0
semantic_rag,5add4fd15542992200553a98,hybrid,0.5,0.0,False,False,0.125,0.25,0.0
semantic_rag,5a8f6fbf5542992414482acd,hybrid,1.0,0.0,False,False,0.25,0.5,0.0
semantic_rag,5a8841a35542994846c1ce69,hybrid,0.5,0.0,False,False,0.125,0.25,0.0
semantic_rag,5a8b3c5b55429971feec4684,local,0.0,0.0,False,False,0.0,0.0,0.0
semantic_rag,5a730abe5542994cef4bc42f,hybrid,0.8,1.0,True,True,0.95,0.9,1.0
semantic_rag,5a7c76275542990527d554b4,local,0.5,0.0,False,False,0.125,0.25,0.0
semantic_rag,5a8df72055429917b4a5bcf2,hybrid,1.0,1.0,True,True,1.0,1.0,1.0
semantic_rag,5ac471305542991943173998,hybrid,0.0,0.0,False,False,0.0,0.0,0.0
semantic_rag,5a79dae35542994f819ef0d3,hybrid,0.5,0.2857142857142857,False,False,0.1964285714285714,0.25,0.1428571428571428
semantic_rag,5a85e57a5542994c784ddbb1,hybrid,0.5,1.0,True,True,0.875,0.75,1.0
semantic_rag,5a84c89a5542992a431d1a9c,hybrid,0.5,0.0,False,False,0.125,0.25,0.0
semantic_rag,5adbf3fa554299438c868ce0,hybrid,0.5,0.0,False,False,0.125,0.25,0.0
semantic_rag,5a8cacac554299585d9e3716,hybrid,0.5,0.0,False,False,0.125,0.25,0.0
semantic_rag,5ab672165542995eadeeffe0,local,1.0,1.0,True,True,1.0,1.0,1.0
semantic_rag,5a7fa0d55542995d8a8dded3,local,0.0,0.0,False,False,0.0,0.0,0.0
semantic_rag,5a7cb8bc554299452d57b9be,hybrid,0.0,0.0,False,False,0.0,0.0,0.0
semantic_rag,5ae4957155429970de88d9bc,local,0.0,0.0,False,False,0.0,0.0,0.0
semantic_rag,5a7d052255429909bec768fd,hybrid,1.0,1.0,True,True,1.0,1.0,1.0
semantic_rag,5ab862f95542992aa3b8c8d4,local,0.5,1.0,True,True,0.875,0.75,1.0
semantic_rag,5ab692b5554299710c8d1ed6,hybrid,1.0,1.0,True,True,1.0,1.0,1.0
semantic_rag,5ab87b2955429934fafe6df4,hybrid,0.0,0.0,False,False,0.0,0.0,0.0
semantic_rag,5ae82c3d55429952e35eaa75,hybrid,0.5,0.0,False,False,0.125,0.25,0.0
semantic_rag,5ae326d85542991a06ce9938,hybrid,0.0,0.0,False,False,0.0,0.0,0.0
semantic_rag,5ade03c65542990dbb2f7f2e,hybrid,0.5,0.0,False,False,0.125,0.25,0.0
semantic_rag,5add7c455542990dbb2f7e5f,hybrid,0.0,0.0,False,False,0.0,0.0,0.0
semantic_rag,5adc54085542994650320cce,hybrid,0.0,0.0,False,False,0.0,0.0,0.0
semantic_rag,5ade04465542990dbb2f7f2f,hybrid,0.0,0.0,False,False,0.0,0.0,0.0
semantic_rag,5a7384755542992d56e7e354,hybrid,0.5,0.0,False,False,0.125,0.25,0.0
semantic_rag,5a7dedb55542995f4f402317,hybrid,1.0,1.0,True,True,1.0,1.0,1.0
semantic_rag,5a77e70f5542992a6e59dfeb,hybrid,0.5,0.6666666666666666,False,True,0.5416666666666666,0.75,0.3333333333333333
semantic_rag,5a801e68554299485f59856f,hybrid,0.0,0.3333333333333333,False,False,0.0833333333333333,0.0,0.1666666666666666
semantic_rag,5adcd4325542994d58a2f6ed,local,0.5,1.0,True,True,0.875,0.75,1.0
semantic_rag,5ae368715542991a06ce99bd,hybrid,0.0,1.0,True,True,0.75,0.5,1.0
semantic_rag,5ab9753055429970cfb8eb0b,hybrid,0.5,0.0,False,False,0.125,0.25,0.0
semantic_rag,5a8031c1554299485f598585,hybrid,0.0,0.0,False,False,0.0,0.0,0.0
semantic_rag,5ab6266555429953192ad277,hybrid,0.0,0.0,False,False,0.0,0.0,0.0
semantic_rag,5a76b56d554299373536017b,hybrid,0.0,0.0,False,False,0.0,0.0,0.0
semantic_rag,5a84be095542992a431d1a97,local,0.5,0.0,False,False,0.125,0.25,0.0
semantic_rag,5ab520dd5542996a3a96a02c,hybrid,1.0,1.0,True,True,1.0,1.0,1.0
semantic_rag,5a8ce88c55429941ae14df3b,hybrid,0.0,0.0,False,False,0.0,0.0,0.0
semantic_rag,5a7647b85542992d0ec0608a,hybrid,1.0,1.0,True,True,1.0,1.0,1.0
semantic_rag,5a74702555429929fddd8428,local,0.0,0.3636363636363636,False,False,0.0909090909090909,0.0,0.1818181818181818
semantic_rag,5a73626b55429901807db01e,hybrid,1.0,1.0,True,True,1.0,1.0,1.0
semantic_rag,5ae1ab715542997f29b3c0f7,hybrid,1.0,0.8,False,True,0.7,1.0,0.4
semantic_rag,5ae1d5a3554299234fd04319,hybrid,0.0,0.0,False,False,0.0,0.0,0.0
semantic_rag,5ae1f79f5542997283cd2302,hybrid,1.0,1.0,True,True,1.0,1.0,1.0
semantic_rag,5ab7c6995542993667794005,hybrid,0.0,0.0,False,False,0.0,0.0,0.0
semantic_rag,5a8197905542995ce29dcc10,local,1.0,1.0,True,True,1.0,1.0,1.0
semantic_rag,5a83cce95542996488c2e4d6,hybrid,0.0,0.0,False,False,0.0,0.0,0.0
semantic_rag,5a8019db5542992097ad2fd5,hybrid,0.5,0.0,False,False,0.125,0.25,0.0
semantic_rag,5adec7925542995534e8c70d,hybrid,0.5,0.4,False,False,0.225,0.25,0.2
semantic_rag,5ab5487b554299494045ef68,hybrid,1.0,1.0,True,True,1.0,1.0,1.0
semantic_rag,5adff1a255429925eb1afb5e,hybrid,0.5,0.0,False,False,0.125,0.25,0.0
semantic_rag,5a8cbce1554299653c1aa103,hybrid,0.0,0.0,False,False,0.0,0.0,0.0
semantic_rag,5aba9e235542994dbf019984,local,1.0,0.0,True,True,0.75,1.0,0.5
semantic_rag,5a77cba65542995d831812e2,hybrid,1.0,1.0,True,True,1.0,1.0,1.0
semantic_rag,5ae27df25542992decbdcd2a,local,0.0,0.0,False,False,0.0,0.0,0.0
semantic_rag,5a7309a15542992359bc320c,hybrid,0.5,0.0,False,False,0.125,0.25,0.0
semantic_rag,5ae3e0535542992e3233c496,hybrid,0.0,0.0,False,False,0.0,0.0,0.0
semantic_rag,5abc6fba554299700f9d78c7,hybrid,0.5,0.0,False,False,0.125,0.25,0.0
semantic_rag,5a75083b5542996c70cfae7e,hybrid,1.0,0.8571428571428571,False,True,0.7142857142857143,1.0,0.4285714285714285
semantic_rag,5ade04d75542997dc7907125,hybrid,0.0,0.0,False,False,0.0,0.0,0.0
semantic_rag,5a7f567e5542992097ad2f22,hybrid,0.5,0.0,False,False,0.125,0.25,0.0
semantic_rag,5ae0ce4e554299603e41845f,hybrid,0.5,0.0,False,False,0.125,0.25,0.0
semantic_rag,5abd93115542996e802b47e0,hybrid,0.8,0.0,False,False,0.2,0.4,0.0
semantic_rag,5a734db15542994cef4bc523,local,0.0,0.0,False,False,0.0,0.0,0.0
semantic_rag,5a876a4a5542993e715abf30,hybrid,0.0,0.0,False,False,0.0,0.0,0.0
semantic_rag,5a807ca5554299485f598613,hybrid,0.5,0.2,False,False,0.175,0.25,0.1
semantic_rag,5a8badef554299240d9c2080,hybrid,1.0,1.0,True,True,1.0,1.0,1.0
semantic_rag,5a771ead55429966f1a36c7c,hybrid,0.0,0.0,False,False,0.0,0.0,0.0
semantic_rag,5ae07db855429945ae95937a,hybrid,0.5,0.0,False,False,0.125,0.25,0.0
semantic_rag,5adc94dc5542990d50227cad,hybrid,0.0,0.0,False,False,0.0,0.0,0.0
semantic_rag,5a87b2fc5542996e4f3088d0,hybrid,0.0,0.0,False,False,0.0,0.0,0.0
semantic_rag,5a81108855429926c1cdace2,hybrid,0.5,0.0,False,False,0.125,0.25,0.0
semantic_rag,5ab7c24e5542995dae37e998,hybrid,0.5,0.0,False,False,0.125,0.25,0.0
semantic_rag,5ab3b42c5542992ade7c6e4f,hybrid,0.0,0.0,False,False,0.0,0.0,0.0
semantic_rag,5ac15c1c5542994ab5c67cf7,hybrid,0.0,0.4,False,True,0.35,0.5,0.2
semantic_rag,5a843b045542996488c2e518,hybrid,0.5,0.0,False,False,0.125,0.25,0.0
semantic_rag,5ac2a20055429967731025cb,local,0.0,0.0,False,False,0.0,0.0,0.0
semantic_rag,5ab29624554299545a2cf9b5,local,0.0,0.0,False,False,0.0,0.0,0.0
semantic_rag,5a7143625542994082a3e71e,hybrid,0.0,0.0,False,False,0.0,0.0,0.0
semantic_rag,5a76139b5542994ccc9186be,hybrid,0.5,0.6666666666666666,False,False,0.2916666666666666,0.25,0.3333333333333333
semantic_rag,5a8ef1e35542995a26add57a,hybrid,0.0,0.0,False,False,0.0,0.0,0.0
semantic_rag,5a8f7c9a55429918e830d239,hybrid,0.5,0.0,False,False,0.125,0.25,0.0
semantic_rag,5adfc8f45542992d7e9f93d0,hybrid,1.0,1.0,True,True,1.0,1.0,1.0
semantic_rag,5ab5cdb85542997d4ad1f1e0,hybrid,1.0,1.0,True,True,1.0,1.0,1.0
semantic_rag,5a7d043755429909bec768f7,hybrid,0.0,1.0,True,True,0.75,0.5,1.0
semantic_rag,5adc597d55429947ff17392f,hybrid,0.0,0.0,False,False,0.0,0.0,0.0
semantic_rag,5abc436f5542993a06baf8c3,hybrid,0.0,0.0,False,False,0.0,0.0,0.0
semantic_rag,5ae7a6da5542994a481bbdb9,hybrid,0.5,0.0,False,False,0.125,0.25,0.0
semantic_rag,5a8ed87955429917b4a5bdd2,hybrid,0.0,0.0,False,False,0.0,0.0,0.0
semantic_rag,5a7da4865542990b8f5039ed,hybrid,0.0,0.0,False,False,0.0,0.0,0.0
semantic_rag,5a7350585542992359bc32f9,hybrid,0.0,0.0,False,False,0.0,0.0,0.0
semantic_rag,5ae54b6355429908b63265cc,local,0.0,0.0,False,False,0.0,0.0,0.0
semantic_rag,5abd74c95542993062266ca2,hybrid,0.5,0.0,False,False,0.125,0.25,0.0
semantic_rag,5a79120755429974737f7966,hybrid,0.0,0.0,False,False,0.0,0.0,0.0
semantic_rag,5abd6f0855429933744ab7d5,hybrid,0.0,0.0,False,False,0.0,0.0,0.0
semantic_rag,5a8c52685542995e66a475bb,hybrid,0.5,0.0,False,False,0.125,0.25,0.0
semantic_rag,5ae3e84b5542996836b02bf0,local,0.0,0.2222222222222222,False,False,0.0555555555555555,0.0,0.1111111111111111
semantic_rag,5a7148d25542994082a3e766,local,0.5,0.0,False,False,0.125,0.25,0.0
semantic_rag,5a78ad26554299148911f913,hybrid,0.0,0.0,False,False,0.0,0.0,0.0
semantic_rag,5ac0714f554299294b218fe1,hybrid,0.5,0.0,False,False,0.125,0.25,0.0
semantic_rag,5ae2a9c6554299492dc91c42,hybrid,0.5,0.5,False,True,0.5,0.75,0.25
semantic_rag,5add18345542994ed6169c7e,hybrid,1.0,1.0,True,True,1.0,1.0,1.0
semantic_rag,5a7f40de5542992e7d278cc8,hybrid,0.0,0.0,False,False,0.0,0.0,0.0
semantic_rag,5abdb10f55429965af743dc9,local,1.0,1.0,True,True,1.0,1.0,1.0
semantic_rag,5ab6633b55429954757d3278,hybrid,1.0,1.0,True,True,1.0,1.0,1.0
semantic_rag,5abb2a5f5542996cc5e49fca,hybrid,0.0,0.0,False,False,0.0,0.0,0.0
semantic_rag,5a81fbc25542990a1d231f09,local,0.2,0.0,False,False,0.05,0.1,0.0
semantic_rag,5abde7ba5542991f6610609e,hybrid,0.0,0.0,False,False,0.0,0.0,0.0
semantic_rag,5ab2c6d955429916697740c3,local,0.5,0.0,False,True,0.375,0.75,0.0
semantic_rag,5a81fa59554299676cceb1b0,hybrid,0.5,0.0,False,False,0.125,0.25,0.0
semantic_rag,5adcdf455542994ed6169c11,hybrid,0.8,0.0,False,False,0.2,0.4,0.0
semantic_rag,5ab5d6155542997d4ad1f1fa,hybrid,0.0,0.0,False,False,0.0,0.0,0.0
semantic_rag,5ab480c45542990594ba9c36,hybrid,0.5,0.0,False,False,0.125,0.25,0.0
semantic_rag,5a7fc6e45542992e7d278d73,local,0.0,0.0,False,False,0.0,0.0,0.0
semantic_rag,5ac0784e554299294b218ff6,hybrid,0.5,1.0,True,True,0.875,0.75,1.0
semantic_rag,5add56ad5542992200553abf,hybrid,0.0,0.0,False,False,0.0,0.0,0.0
semantic_rag,5ac29f58554299657fa28fe4,hybrid,0.5,0.0,False,False,0.125,0.25,0.0
semantic_rag,5ade6acf554299728e26c71a,local,0.5,0.0,False,False,0.125,0.25,0.0
semantic_rag,5ac179bf5542994ab5c67d60,local,0.5,0.0,True,True,0.625,0.75,0.5
semantic_rag,5a78d2b955429974737f78c0,hybrid,1.0,0.0,False,False,0.25,0.5,0.0
semantic_rag,5a84aca95542992a431d1a89,hybrid,0.8,0.0,False,False,0.2,0.4,0.0
semantic_rag,5ae5b81d5542990ba0bbb2c2,hybrid,0.0,0.0,False,False,0.0,0.0,0.0
semantic_rag,5ae762835542997b22f6a711,hybrid,0.5,0.0,False,False,0.125,0.25,0.0
semantic_rag,5ac4d717554299076e296e0e,hybrid,0.0,0.0,False,False,0.0,0.0,0.0
semantic_rag,5a83b4d35542996488c2e495,hybrid,0.0,0.0,False,False,0.0,0.0,0.0
semantic_rag,5ab5cb4f554299637185c616,hybrid,0.0,0.0,False,False,0.0,0.0,0.0
semantic_rag,5a73266d5542994cef4bc47d,hybrid,1.0,1.0,True,True,1.0,1.0,1.0
semantic_rag,5a9094ba55429933b8a2056d,hybrid,0.0,0.0,False,False,0.0,0.0,0.0
semantic_rag,5abbb42555429931dba144af,local,0.5,1.0,True,True,0.875,0.75,1.0
semantic_rag,5add43335542995b365faae1,hybrid,0.0,0.0,False,False,0.0,0.0,0.0
semantic_rag,5ae7535c5542997b22f6a6d8,hybrid,0.0,0.0,False,False,0.0,0.0,0.0
semantic_rag,5ae226755542996483e64906,local,0.5,0.0,False,False,0.125,0.25,0.0
semantic_rag,5ab21682554299722f9b4ca9,hybrid,0.5,0.5,False,True,0.5,0.75,0.25
semantic_rag,5ab7f22a5542991d322237d4,hybrid,0.0,0.0,False,False,0.0,0.0,0.0
semantic_rag,5a8268aa55429940e5e1a8aa,hybrid,0.5,0.0,False,False,0.125,0.25,0.0
semantic_rag,5adc8ab05542994d58a2f642,hybrid,1.0,1.0,True,True,1.0,1.0,1.0
semantic_rag,5a84bb825542991dd0999dbe,hybrid,0.0,0.0,False,False,0.0,0.0,0.0
semantic_rag,5a89a74e554299669944a562,hybrid,1.0,1.0,True,True,1.0,1.0,1.0
semantic_rag,5a9051d955429916514e7474,hybrid,0.0,0.0,False,False,0.0,0.0,0.0
semantic_rag,5add5ac95542992200553ace,hybrid,0.0,0.0,False,False,0.0,0.0,0.0
semantic_rag,5ac34fdb554299741d48a24a,hybrid,0.5,0.0,False,False,0.125,0.25,0.0
semantic_rag,5a7d26fd554299452d57bb2a,hybrid,0.0,0.0,False,False,0.0,0.0,0.0
semantic_rag,5ab5052a5542990594ba9ccf,hybrid,0.0,0.0,False,False,0.0,0.0,0.0
semantic_rag,5ab5627b5542992aa134a2ff,hybrid,0.0,0.0,False,False,0.0,0.0,0.0
semantic_rag,5a83316b5542993344745fe5,hybrid,0.5,0.0,False,False,0.125,0.25,0.0
semantic_rag,5a7cd7f055429909bec7683e,hybrid,0.5,0.0,False,False,0.125,0.25,0.0
semantic_rag,5ae6f1675542991bbc9761a1,hybrid,1.0,0.0,False,False,0.25,0.5,0.0
semantic_rag,5abf1e825542997ec76fd3cb,hybrid,0.0,0.0,False,False,0.0,0.0,0.0
semantic_rag,5ab416a25542996a3a969f28,hybrid,1.0,0.0,False,False,0.25,0.5,0.0
semantic_rag,5abb2f2f554299232ef4a3d7,hybrid,0.33,0.0,False,False,0.0825,0.165,0.0
semantic_rag,5abb8e2d554299642a094aa4,hybrid,0.5,0.0,False,False,0.125,0.25,0.0
semantic_rag,5a8dae82554299068b959d99,hybrid,0.0,0.0,False,False,0.0,0.0,0.0
semantic_rag,5ac41f1d5542991943173924,local,1.0,1.0,True,True,1.0,1.0,1.0
semantic_rag,5ae2aa345542996483e64a25,hybrid,1.0,1.0,True,True,1.0,1.0,1.0
semantic_rag,5a77aa8655429949eeb29f22,hybrid,0.0,0.0,False,False,0.0,0.0,0.0
semantic_rag,5ae4083755429970de88d885,hybrid,0.0,0.0,False,False,0.0,0.0,0.0
semantic_rag,5ae0847455429945ae959394,local,0.0,0.0,False,False,0.0,0.0,0.0
semantic_rag,5ab761d955429928e1fe3856,hybrid,1.0,1.0,True,True,1.0,1.0,1.0
semantic_rag,5a7e801b5542997cc2c47557,hybrid,0.0,0.0,False,False,0.0,0.0,0.0
semantic_rag,5ae1e11c554299234fd04335,local,0.0,0.0,False,False,0.0,0.0,0.0
semantic_rag,5ab9dd1f554299232ef4a22d,hybrid,0.0,0.0,False,False,0.0,0.0,0.0
semantic_rag,5a88341c5542994846c1ce20,hybrid,0.0,0.0,False,False,0.0,0.0,0.0
semantic_rag,5a8baf635542996e8ac889c6,hybrid,0.0,0.0,False,False,0.0,0.0,0.0
semantic_rag,5a7f1e805542993067513640,hybrid,0.0,0.0,False,False,0.0,0.0,0.0
semantic_rag,5adf67e95542993344016c72,hybrid,0.5,0.4,False,True,0.475,0.75,0.2
semantic_rag,5ae33bdc5542992f92d8225e,hybrid,0.5,1.0,False,True,0.625,0.75,0.5
semantic_rag,5abbfc2b554299642a094bc9,hybrid,0.5,0.0,False,False,0.125,0.25,0.0
semantic_rag,5ae69e6d5542996d980e7c62,hybrid,0.0,0.0,False,False,0.0,0.0,0.0
semantic_rag,5ae75e335542991e8301cc70,hybrid,0.0,0.0,False,False,0.0,0.0,0.0
semantic_rag,5ac3a2f35542993915413856,hybrid,0.0,0.0,False,False,0.0,0.0,0.0
semantic_rag,5ab4eecb55429942dd415faa,local,0.5,0.0,True,True,0.625,0.75,0.5
semantic_rag,5adfeeed55429925eb1afb44,hybrid,0.0,0.0,False,False,0.0,0.0,0.0
semantic_rag,5ac00cde554299012d1db58a,local,0.0,0.0,False,False,0.0,0.0,0.0
semantic_rag,5a7bd286554299683c1c62bd,hybrid,0.5,0.0,False,False,0.125,0.25,0.0
semantic_rag,5a8a38135542996c9b8d5e59,hybrid,0.6,0.0,False,True,0.4,0.8,0.0
semantic_rag,5a8b2ccf55429971feec4665,local,0.5,0.0,False,False,0.125,0.25,0.0
semantic_rag,5ac509e95542994611c8b333,hybrid,0.0,0.0,False,False,0.0,0.0,0.0
semantic_rag,5a78c56455429974737f7876,hybrid,0.0,0.0,False,False,0.0,0.0,0.0
semantic_rag,5adf5c175542995ec70e8fd0,hybrid,0.0,0.0,False,False,0.0,0.0,0.0
semantic_rag,5ae786c8554299540e5a55d7,hybrid,1.0,1.0,True,True,1.0,1.0,1.0
semantic_rag,5a78abbc554299148911f90c,hybrid,0.0,0.0,False,False,0.0,0.0,0.0
semantic_rag,5ab6d9b25542995eadef00c8,local,0.0,0.0,False,False,0.0,0.0,0.0
semantic_rag,5ae7cea355429952e35ea9c1,hybrid,0.5,0.0,False,False,0.125,0.25,0.0
semantic_rag,5ae470815542996836b02c9f,hybrid,0.5,0.0,False,False,0.125,0.25,0.0
semantic_rag,5ae1fd995542997283cd2313,hybrid,1.0,1.0,True,True,1.0,1.0,1.0
semantic_rag,5a793bc95542994bb9456fc3,hybrid,0.5,0.4,False,True,0.475,0.75,0.2
semantic_rag,5a8f25ba55429924144829e9,hybrid,0.8,0.0,False,True,0.45,0.9,0.0
semantic_rag,5a7f4cb055429969796c1a02,hybrid,0.5,0.0,False,False,0.125,0.25,0.0
semantic_rag,5ac2381355429951e9e684a9,hybrid,0.5,0.0,False,False,0.125,0.25,0.0
semantic_rag,5a74ee175542996c70cfae41,hybrid,1.0,1.0,True,True,1.0,1.0,1.0
semantic_rag,5a77b6535542995d83181274,hybrid,0.0,0.0,False,False,0.0,0.0,0.0
semantic_rag,5a8a39195542992d82986f04,hybrid,0.5,0.6666666666666666,False,True,0.5416666666666666,0.75,0.3333333333333333
semantic_rag,5ab431d855429942dd415ed2,hybrid,0.0,0.0,False,False,0.0,0.0,0.0
semantic_rag,5a8efef05542997ba9cb3178,hybrid,0.0,0.0,False,False,0.0,0.0,0.0
semantic_rag,5a8aecff55429950cd6afbef,hybrid,0.0,0.0,False,False,0.0,0.0,0.0
semantic_rag,5a7243915542990c210a4086,hybrid,0.5,0.8571428571428571,False,False,0.3392857142857143,0.25,0.4285714285714285
semantic_rag,5a73235c5542994cef4bc475,local,0.5,0.0,False,False,0.125,0.25,0.0
semantic_rag,5ac285335542996773102552,hybrid,0.5,0.0,False,True,0.375,0.75,0.0
semantic_rag,5a75d9c05542992db94736f6,hybrid,0.0,0.0,False,False,0.0,0.0,0.0
semantic_rag,5ae51fa25542992663a4f11f,hybrid,0.5,0.0,False,False,0.125,0.25,0.0
semantic_rag,5a7fc03d5542992097ad2fbc,hybrid,1.0,1.0,True,True,1.0,1.0,1.0
semantic_rag,5ae1bf46554299234fd042e6,local,0.5,0.0,False,False,0.125,0.25,0.0
semantic_rag,5a80a1b25542992bc0c4a78c,local,0.5,0.0,True,True,0.625,0.75,0.5
semantic_rag,5a7f9cbd5542994857a7677c,hybrid,0.0,0.0,False,False,0.0,0.0,0.0
semantic_rag,5abb8ebe5542993f40c73b2d,hybrid,0.0,0.25,False,False,0.0625,0.0,0.125
semantic_rag,5ab91dc555429919ba4e23b4,hybrid,0.5,0.0,False,True,0.375,0.75,0.0
semantic_rag,5ab5ec2a5542992aa134a3e3,local,0.0,0.0,False,False,0.0,0.0,0.0
semantic_rag,5a80e03e55429938b614222c,hybrid,0.5,0.0,False,False,0.125,0.25,0.0
semantic_rag,5ab82d095542990e739ec853,hybrid,0.0,0.0,False,False,0.0,0.0,0.0
semantic_rag,5a89dc81554299669944a5dc,hybrid,0.0,0.0,False,False,0.0,0.0,0.0
semantic_rag,5a8effb55542997ba9cb317f,hybrid,0.0,0.0,False,False,0.0,0.0,0.0
semantic_rag,5ab3ede755429976abd1bcf4,hybrid,0.0,0.0,False,False,0.0,0.0,0.0
semantic_rag,5a7d2afb554299452d57bb41,hybrid,1.0,1.0,True,True,1.0,1.0,1.0
semantic_rag,5a8f1cfa554299458435d581,hybrid,0.0,0.0,False,False,0.0,0.0,0.0
semantic_rag,5ac2768d5542990b17b153a8,hybrid,0.5,0.0,False,False,0.125,0.25,0.0
semantic_rag,5ae4ce835542990ba0bbb14d,hybrid,1.0,1.0,True,True,1.0,1.0,1.0
semantic_rag,5a8a77fd55429930ff3c0de3,hybrid,0.0,0.0,False,False,0.0,0.0,0.0
semantic_rag,5ab1c2bf5542997061209558,hybrid,0.5,0.0,False,False,0.125,0.25,0.0
semantic_rag,5a758aff5542992d0ec05fb2,hybrid,0.5,0.0,False,False,0.125,0.25,0.0
semantic_rag,5a88d7875542993b751ca876,hybrid,0.5,0.8,False,False,0.325,0.25,0.4
semantic_rag,5ae12bcc5542997b2ef7d11a,local,0.5,0.0,False,False,0.125,0.25,0.0
semantic_rag,5ac52f8e5542996feb3fea14,hybrid,0.5,0.0,False,False,0.125,0.25,0.0
semantic_rag,5a7d41425542997cc2c4743b,hybrid,0.5,0.0,False,True,0.375,0.75,0.0
semantic_rag,5ab3b7c555429969a97a8190,hybrid,0.0,0.0,False,False,0.0,0.0,0.0
semantic_rag,5a7d72bb5542990b8f50398e,hybrid,0.0,0.0,False,False,0.0,0.0,0.0
semantic_rag,5a89ec7b5542992e4fca8483,hybrid,1.0,1.0,True,True,1.0,1.0,1.0
semantic_rag,5abd8ac25542993062266cc2,hybrid,0.0,0.0,False,False,0.0,0.0,0.0
semantic_rag,5ac2610f55429951e9e68593,hybrid,0.5,0.8,False,False,0.325,0.25,0.4
semantic_rag,5a85ee635542994775f606b4,local,1.0,1.0,True,True,1.0,1.0,1.0
semantic_rag,5a7a96555542990198eaf159,local,0.5,0.6666666666666666,False,False,0.2916666666666666,0.25,0.3333333333333333
semantic_rag,5ae53c9655429960a22e0290,hybrid,0.5,0.0,False,True,0.375,0.75,0.0
semantic_rag,5adf8c965542993344016cf5,hybrid,0.0,0.0,False,False,0.0,0.0,0.0
semantic_rag,5a8e39475542995085b373f1,hybrid,0.5,0.6666666666666666,False,True,0.5416666666666666,0.75,0.3333333333333333
semantic_rag,5a74e5aa5542996c70cfae2e,hybrid,0.0,1.0,True,True,0.75,0.5,1.0
semantic_rag,5ab2a32f554299706120967b,hybrid,1.0,1.0,True,True,1.0,1.0,1.0
semantic_rag,5add1d575542992c1e3a2540,hybrid,0.5,0.0,False,False,0.125,0.25,0.0
semantic_rag,5ac3b62b554299741d48a2f6,hybrid,0.5,0.0,False,False,0.125,0.25,0.0
semantic_rag,5a832f9d5542993344745fe4,hybrid,0.5,0.0,False,False,0.125,0.25,0.0
semantic_rag,5a7a919455429941d65f26b5,hybrid,0.0,0.0,False,False,0.0,0.0,0.0
semantic_rag,5a7145d55542994082a3e73c,local,0.5,0.0,False,False,0.125,0.25,0.0
semantic_rag,5abd04bd5542992ac4f381a9,hybrid,0.0,0.125,False,False,0.03125,0.0,0.0625
semantic_rag,5a87bc3f5542996432c57275,local,0.5,1.0,True,True,0.875,0.75,1.0
semantic_rag,5ab27287554299722f9b4d2c,local,1.0,1.0,True,True,1.0,1.0,1.0
semantic_rag,5ab9dd9a554299232ef4a231,hybrid,0.0,0.0,False,False,0.0,0.0,0.0
semantic_rag,5a8ed30655429917b4a5bdcd,hybrid,0.5,0.8571428571428571,False,True,0.5892857142857143,0.75,0.4285714285714285
semantic_rag,5a8f06075542995b44241f2d,hybrid,0.5,0.0,False,False,0.125,0.25,0.0
semantic_rag,5adcea3755429947343537ca,local,1.0,1.0,True,True,1.0,1.0,1.0
semantic_rag,5a8ac02d5542996c9b8d5f6f,hybrid,0.5,0.8,False,False,0.325,0.25,0.4
semantic_rag,5a7b8d4955429927d897bfeb,local,0.0,0.0,False,False,0.0,0.0,0.0
semantic_rag,5ab3bb7b55429969a97a8198,hybrid,0.5,0.0,False,False,0.125,0.25,0.0
semantic_rag,5ae03cd855429924de1b7072,local,0.0,0.0,False,False,0.0,0.0,0.0
semantic_rag,5aba549f554299232ef4a290,hybrid,0.0,0.0,False,False,0.0,0.0,0.0
semantic_rag,5adea95055429939a52fe931,hybrid,0.0,0.0,False,False,0.0,0.0,0.0
semantic_rag,5a808f3f5542992097ad2ffd,hybrid,1.0,1.0,True,True,1.0,1.0,1.0
semantic_rag,5a8d0e305542994ba4e3dbbe,hybrid,0.0,0.0,False,False,0.0,0.0,0.0
semantic_rag,5a8e17ce554299653c1aa169,hybrid,0.5,0.0,False,False,0.125,0.25,0.0
semantic_rag,5ab6c94c554299710c8d1f5e,hybrid,0.5,0.0,False,False,0.125,0.25,0.0
semantic_rag,5adbf81a554299438c868cfd,local,0.0,0.0,False,False,0.0,0.0,0.0
semantic_rag,5a79fe3b5542994f819ef119,hybrid,0.5,0.0,False,False,0.125,0.25,0.0
semantic_rag,5adf80605542995534e8c7d2,hybrid,0.0,0.0,False,False,0.0,0.0,0.0
semantic_rag,5ab2c418554299545a2cfa67,hybrid,0.5,0.2857142857142857,False,False,0.1964285714285714,0.25,0.1428571428571428
semantic_rag,5add2eab5542992ae4cec4da,hybrid,0.5,0.0,False,False,0.125,0.25,0.0
semantic_rag,5abd6be55542993062266c89,hybrid,0.0,0.0,False,False,0.0,0.0,0.0
semantic_rag,5ae849cc5542997ec2727798,hybrid,0.0,0.3333333333333333,False,False,0.0833333333333333,0.0,0.1666666666666666
semantic_rag,5a7cb993554299452d57b9c2,hybrid,0.8,0.0,False,False,0.2,0.4,0.0
semantic_rag,5abfaa445542990832d3a18c,local,0.5,0.0,False,False,0.125,0.25,0.0
semantic_rag,5a7f251155429934daa2fcf2,hybrid,0.0,0.0,False,False,0.0,0.0,0.0
semantic_rag,5ae13e205542997b2ef7d157,hybrid,0.0,0.0,False,False,0.0,0.0,0.0
semantic_rag,5ae08dad55429945ae9593b9,hybrid,0.5,0.0,False,False,0.125,0.25,0.0
semantic_rag,5a86eee85542994775f60787,hybrid,0.0,0.4,False,True,0.35,0.5,0.2
semantic_rag,5adc51375542996e68525300,hybrid,0.5,0.0,False,False,0.125,0.25,0.0
semantic_rag,5ac5461d5542993e66e82296,hybrid,0.5,0.8,False,True,0.575,0.75,0.4
semantic_rag,5a735c3a55429901807daff7,local,0.5,0.0,False,False,0.125,0.25,0.0
semantic_rag,5a778e8755429949eeb29ef4,hybrid,0.0,0.0,False,False,0.0,0.0,0.0
semantic_rag,5ae3f33e5542991a06ce9a3d,hybrid,1.0,1.0,True,True,1.0,1.0,1.0
semantic_rag,5ab41f6b5542991751b4d671,hybrid,0.33,0.0,False,False,0.0825,0.165,0.0
semantic_rag,5ac38d1f55429939154137c3,hybrid,1.0,1.0,True,True,1.0,1.0,1.0
semantic_rag,5ab9530a55429970cfb8ea62,hybrid,0.0,0.0,False,False,0.0,0.0,0.0
semantic_rag,5ab8680755429934fafe6da8,local,0.5,0.0,False,False,0.125,0.25,0.0
semantic_rag,5a74e8a25542996c70cfae37,hybrid,0.0,0.4,False,False,0.1,0.0,0.2
semantic_rag,5a87bd4e5542994846c1cde0,local,0.0,0.0,False,False,0.0,0.0,0.0
semantic_rag,5ab4c8735542996a3a969fcb,hybrid,0.5,0.0,False,False,0.125,0.25,0.0
semantic_rag,5a89bcc85542992e4fca83a7,hybrid,1.0,0.0,True,True,0.75,1.0,0.5
semantic_rag,5a8f9cdb554299458435d69c,hybrid,0.33,0.0,False,False,0.0825,0.165,0.0
semantic_rag,5ae45adc55429970de88d93f,hybrid,0.5,0.5714285714285715,False,True,0.5178571428571429,0.75,0.2857142857142857
semantic_rag,5a8ec02e5542995a26add501,hybrid,0.5,0.5714285714285715,False,True,0.5178571428571429,0.75,0.2857142857142857
semantic_rag,5a8e0c595542995085b373b0,hybrid,0.5,0.0,False,False,0.125,0.25,0.0
semantic_rag,5abec90a5542994516f45438,hybrid,1.0,1.0,True,True,1.0,1.0,1.0
semantic_rag,5a7b68a75542997c3ec97153,hybrid,0.5,0.0,False,False,0.125,0.25,0.0
semantic_rag,5a7360235542991f29ee2dc7,hybrid,0.0,0.0,False,False,0.0,0.0,0.0
semantic_rag,5a775e095542994aec3b72b4,hybrid,1.0,1.0,True,True,1.0,1.0,1.0
semantic_rag,5a90206155429933b8a20481,hybrid,0.5,0.0,False,False,0.125,0.25,0.0
semantic_rag,5ae5d19155429929b08079bc,hybrid,0.0,0.0,False,False,0.0,0.0,0.0
semantic_rag,5ab3a83d5542992ade7c6e08,hybrid,0.5,0.8,True,True,0.825,0.75,0.9
semantic_rag,5a722a6855429971e9dc9320,hybrid,0.0,0.0,False,False,0.0,0.0,0.0
semantic_rag,5a77c58b55429967ab105281,local,0.0,0.0,False,False,0.0,0.0,0.0
semantic_rag,5ae7473f5542991bbc9761d2,hybrid,0.0,0.0,False,False,0.0,0.0,0.0
semantic_rag,5adf8f675542995534e8c7eb,hybrid,1.0,1.0,True,True,1.0,1.0,1.0
semantic_rag,5abf0bf95542997719eab63a,hybrid,0.0,0.0,False,False,0.0,0.0,0.0
semantic_rag,5a7b9a8a554299042af8f78d,hybrid,0.5,0.0,False,False,0.125,0.25,0.0
semantic_rag,5ab439bd55429942dd415eee,local,1.0,1.0,True,True,1.0,1.0,1.0
semantic_rag,5a72df275542992359bc31b3,hybrid,0.5,0.3636363636363636,False,True,0.4659090909090909,0.75,0.1818181818181818
semantic_rag,5a8740ee5542994846c1cd35,hybrid,0.0,0.125,False,False,0.03125,0.0,0.0625
semantic_rag,5ae4ad3155429913cc2044cb,local,0.5,1.0,True,True,0.875,0.75,1.0
semantic_rag,5ac2ab9455429967731025f0,hybrid,0.5,0.0,False,False,0.125,0.25,0.0
semantic_rag,5ae5b25d5542990ba0bbb2bb,local,0.5,0.8,False,True,0.575,0.75,0.4
semantic_rag,5adfffe755429925eb1afbd1,hybrid,0.5,0.0,False,False,0.125,0.25,0.0
semantic_rag,5abdcad155429965af743e4d,local,1.0,1.0,True,True,1.0,1.0,1.0
semantic_rag,5ae09b7055429906c02daae4,hybrid,0.0,0.0,False,False,0.0,0.0,0.0
semantic_rag,5ab960d6554299743d22eb21,hybrid,0.5,0.0,False,False,0.125,0.25,0.0
semantic_rag,5ac3090d5542990b17b154fc,hybrid,0.0,0.0,False,False,0.0,0.0,0.0
semantic_rag,5a7dd8cb5542995f4f4022d0,hybrid,1.0,0.8,False,True,0.7,1.0,0.4
semantic_rag,5a85b2895542994c784ddb49,hybrid,0.5,0.4,False,True,0.475,0.75,0.2
semantic_rag,5ae0ab7755429945ae959407,hybrid,1.0,1.0,True,True,1.0,1.0,1.0
semantic_rag,5a836a765542996488c2e446,local,0.5,1.0,True,True,0.875,0.75,1.0
semantic_rag,5ab90e9755429934fafe6e51,local,0.5,0.0,False,True,0.375,0.75,0.0
semantic_rag,5a8d6d4e554299441c6b9fdb,hybrid,1.0,1.0,True,True,1.0,1.0,1.0
semantic_rag,5ae4db9c55429908b6326492,hybrid,0.5,0.25,False,False,0.1875,0.25,0.125
semantic_rag,5ae234385542992decbdcc59,hybrid,1.0,1.0,True,True,1.0,1.0,1.0
semantic_rag,5ae3eabc5542995dadf2424f,hybrid,0.5,0.0,False,False,0.125,0.25,0.0
semantic_rag,5ae123875542997b2ef7d0fa,hybrid,0.0,0.0,False,False,0.0,0.0,0.0
semantic_rag,5a8494b15542991dd0999d35,local,0.0,0.0,False,False,0.0,0.0,0.0
semantic_rag,5ae2b83c5542992decbdcd7f,hybrid,0.0,0.0,False,False,0.0,0.0,0.0
semantic_rag,5ab9cfe655429970cfb8ebaf,hybrid,0.5,0.6666666666666666,False,True,0.5416666666666666,0.75,0.3333333333333333
semantic_rag,5a8ae0ae55429950cd6afbc2,hybrid,0.0,0.0,False,False,0.0,0.0,0.0
semantic_rag,5ab2ac3d55429929539467ce,hybrid,0.5,0.0,False,False,0.125,0.25,0.0
semantic_rag,5a8ff83c55429916514e73f3,hybrid,0.5,0.0,False,False,0.125,0.25,0.0
semantic_rag,5ade0a275542997545bbbe2d,hybrid,0.5,0.25,False,False,0.1875,0.25,0.125
semantic_rag,5a8834f05542994846c1ce26,hybrid,0.33,0.0,False,False,0.0825,0.165,0.0
semantic_rag,5a7f35015542992e7d278c8a,hybrid,0.0,0.0,False,False,0.0,0.0,0.0
semantic_rag,5a7750a155429966f1a36cef,hybrid,1.0,0.0,False,False,0.25,0.5,0.0
semantic_rag,5ab9ba6e554299743d22ebcd,hybrid,1.0,1.0,True,True,1.0,1.0,1.0
semantic_rag,5a7db0915542990b8f503a30,hybrid,0.0,1.0,True,True,0.75,0.5,1.0
semantic_rag,5a8f0986554299458435d535,hybrid,1.0,0.3333333333333333,False,False,0.3333333333333333,0.5,0.1666666666666666
semantic_rag,5a7a51b95542990783324f0f,hybrid,1.0,1.0,True,True,1.0,1.0,1.0
semantic_rag,5ab6973f554299110f219a25,hybrid,1.0,0.4444444444444445,False,True,0.6111111111111112,1.0,0.2222222222222222
semantic_rag,5a8f21c755429918e830d195,local,0.5,0.5,False,True,0.5,0.75,0.25
semantic_rag,5adef5fb5542993a75d263be,hybrid,0.0,0.0,False,False,0.0,0.0,0.0
semantic_rag,5a7613c15542994ccc9186bf,hybrid,0.0,0.0,False,False,0.0,0.0,0.0
semantic_rag,5adf03b35542993a75d263d3,hybrid,0.5,0.0,False,False,0.125,0.25,0.0
semantic_rag,5abc5603554299700f9d7875,hybrid,0.0,0.0,False,False,0.0,0.0,0.0
semantic_rag,5abeb6645542993fe9a41d11,hybrid,1.0,0.6666666666666666,True,True,0.9166666666666666,1.0,0.8333333333333333
semantic_rag,5a89e85c5542992e4fca846f,hybrid,0.5,0.0,False,False,0.125,0.25,0.0
semantic_rag,5a7d6a2d5542991319bc93c6,hybrid,0.5,0.0,False,False,0.125,0.25,0.0
semantic_rag,5a835a7b554299123d8c20fc,local,0.5,0.0,False,False,0.125,0.25,0.0
semantic_rag,5ac273455542992f1f2b38d4,hybrid,0.5,0.0,False,False,0.125,0.25,0.0
semantic_rag,5a87ed5b5542994846c1cdfc,hybrid,0.5,0.0,False,False,0.125,0.25,0.0
semantic_rag,5adf5fa65542993a75d264db,hybrid,0.0,0.0,False,False,0.0,0.0,0.0
semantic_rag,5ae7821b5542997ec2727678,hybrid,0.0,1.0,True,True,0.75,0.5,1.0
semantic_rag,5abd2cde5542993062266bb1,hybrid,0.5,0.0,False,False,0.125,0.25,0.0
semantic_rag,5a8c4c5f554299585d9e3651,local,0.0,0.0,False,False,0.0,0.0,0.0
semantic_rag,5ab9b4a555429970cfb8eb75,local,1.0,1.0,True,True,1.0,1.0,1.0
semantic_rag,5ae56c875542990ba0bbb2a2,hybrid,0.0,0.0,False,False,0.0,0.0,0.0
semantic_rag,5add1c485542992c1e3a253d,hybrid,0.5,0.0,False,False,0.125,0.25,0.0
semantic_rag,5adde2475542997545bbbdc1,hybrid,0.0,0.0,False,False,0.0,0.0,0.0
semantic_rag,5a841b215542990548d0b25b,hybrid,0.0,0.0,False,False,0.0,0.0,0.0
semantic_rag,5ae618535542995703ce8af7,hybrid,0.5,0.0,False,False,0.125,0.25,0.0
semantic_rag,5a7c703055429935c91b51aa,hybrid,0.5,0.8571428571428571,False,True,0.5892857142857143,0.75,0.4285714285714285
semantic_rag,5a90485755429933b8a204d2,hybrid,0.0,0.0,False,False,0.0,0.0,0.0
semantic_rag,5adc393f5542996e685252e7,local,0.5,0.0,False,False,0.125,0.25,0.0
semantic_rag,5a72b9155542992359bc3187,hybrid,1.0,1.0,True,True,1.0,1.0,1.0
semantic_rag,5abc0aba55429959677d6a00,hybrid,0.5,0.0,False,False,0.125,0.25,0.0
semantic_rag,5a84b9c95542997b5ce3ff35,hybrid,0.0,0.0,False,False,0.0,0.0,0.0
semantic_rag,5addcb215542997dc7907033,hybrid,0.5,0.0,False,False,0.125,0.25,0.0
semantic_rag,5ade51515542992fa25da745,hybrid,0.5,0.25,False,True,0.4375,0.75,0.125
semantic_rag,5a7e513a5542994959419996,hybrid,0.5,1.0,True,True,0.875,0.75,1.0
semantic_rag,5adf51595542993344016c52,hybrid,0.0,0.0,False,False,0.0,0.0,0.0
semantic_rag,5a737e4655429908901be2cc,hybrid,0.5,0.0,False,False,0.125,0.25,0.0
semantic_rag,5ab7022f5542995eadef010e,hybrid,0.0,0.0,False,False,0.0,0.0,0.0
semantic_rag,5ac194db55429964131be23a,hybrid,0.5,0.0,False,False,0.125,0.25,0.0
semantic_rag,5a7526945542993748c897d2,hybrid,0.0,0.0,False,False,0.0,0.0,0.0
semantic_rag,5ab5b0f75542992aa134a38c,hybrid,0.5,0.0,False,False,0.125,0.25,0.0
semantic_rag,5ac42f42554299076e296d88,hybrid,0.5,1.0,True,True,0.875,0.75,1.0
semantic_rag,5a72944c5542994cef4bc351,hybrid,1.0,1.0,True,True,1.0,1.0,1.0
semantic_rag,5a8a44c65542996c9b8d5e85,local,1.0,1.0,True,True,1.0,1.0,1.0
semantic_rag,5a8220db5542995ce29dccc1,hybrid,0.0,0.0,False,False,0.0,0.0,0.0
semantic_rag,5a7100435542994082a3e4a3,local,0.5,0.0,False,False,0.125,0.25,0.0
semantic_rag,5a84b6e15542991dd0999daa,local,0.5,0.0,False,False,0.125,0.25,0.0
semantic_rag,5a848a725542990548d0b2c7,local,1.0,1.0,True,True,1.0,1.0,1.0
semantic_rag,5a8719fa55429960ec39b742,local,0.0,1.0,True,True,0.75,0.5,1.0
semantic_rag,5a883c175542997e5c09a5ae,hybrid,1.0,1.0,True,True,1.0,1.0,1.0
semantic_rag,5a79f04d5542996c55b2dca7,local,0.5,0.0,False,False,0.125,0.25,0.0
semantic_rag,5add4d8f5542997545bbbd25,hybrid,0.5,0.0,False,False,0.125,0.25,0.0
semantic_rag,5ae138d855429920d523432d,hybrid,0.0,0.0,False,False,0.0,0.0,0.0
semantic_rag,5ab3063e554299753aec58fe,hybrid,0.0,0.0,False,False,0.0,0.0,0.0
semantic_rag,5a83697e5542996488c2e441,hybrid,0.5,0.0,False,False,0.125,0.25,0.0
semantic_rag,5a721a7655429971e9dc9271,hybrid,0.5,0.0,False,False,0.125,0.25,0.0
semantic_rag,5ab2b5a0554299295394683c,hybrid,0.5,0.0,False,False,0.125,0.25,0.0
semantic_rag,5ae4d0ff55429913cc204511,local,0.0,1.0,True,True,0.75,0.5,1.0
semantic_rag,5ae141a65542997b2ef7d18a,hybrid,0.5,0.0,False,False,0.125,0.25,0.0
semantic_rag,5a90991d5542990a9849366b,hybrid,0.5,0.0,False,False,0.125,0.25,0.0
semantic_rag,5ab2b7c1554299166977406a,hybrid,1.0,1.0,True,True,1.0,1.0,1.0
semantic_rag,5ac2570a5542992f1f2b3861,hybrid,0.5,0.0,False,False,0.125,0.25,0.0
semantic_rag,5ac434ed554299204fd21f09,hybrid,0.0,0.0,False,True,0.25,0.5,0.0
semantic_rag,5ae54e005542993aec5ec19a,local,0.5,0.0,True,True,0.625,0.75,0.5
semantic_rag,5add97c15542997545bbbd80,local,1.0,0.5,False,True,0.625,1.0,0.25
semantic_rag,5a8359c7554299123d8c20fb,hybrid,1.0,1.0,True,True,1.0,1.0,1.0
semantic_rag,5abe3c7555429965af743ea5,hybrid,0.0,0.0,False,False,0.0,0.0,0.0
semantic_rag,5ab7c3ed5542991d322237b2,local,0.0,0.0,False,False,0.0,0.0,0.0
semantic_rag,5ac083b0554299294b21900d,local,0.5,0.0,False,False,0.125,0.25,0.0
semantic_rag,5a89d2d75542992e4fca83d2,hybrid,0.5,0.0,False,False,0.125,0.25,0.0
semantic_rag,5abdbabe5542993f32c2a028,local,0.0,0.0,False,False,0.0,0.0,0.0
semantic_rag,5a7f1c195542993067513633,local,0.5,0.0,True,True,0.625,0.75,0.5
semantic_rag,5a7228f655429971e9dc9312,hybrid,1.0,1.0,True,True,1.0,1.0,1.0
semantic_rag,5ab682dc55429954757d3318,hybrid,0.5,0.8,False,True,0.575,0.75,0.4
semantic_rag,5ab294a6554299545a2cf9a6,hybrid,0.5,0.0,False,False,0.125,0.25,0.0
semantic_rag,5ae163b3554299422ee99678,hybrid,0.5,0.0,False,False,0.125,0.25,0.0
semantic_rag,5a849c1b5542997175ce1ef9,hybrid,0.5,0.0,False,False,0.125,0.25,0.0
semantic_rag,5ae414d855429970de88d8ec,hybrid,0.0,0.0,False,False,0.0,0.0,0.0
semantic_rag,5ab5dcb95542992aa134a3b3,local,0.5,0.0,False,False,0.125,0.25,0.0
semantic_rag,5ac2c4fe554299218029db3b,hybrid,0.0,0.0,False,False,0.0,0.0,0.0
semantic_rag,5ae644c55542992663a4f27e,hybrid,0.0,0.0,False,False,0.0,0.0,0.0
semantic_rag,5a7fc8d05542992e7d278d86,hybrid,0.5,0.5714285714285715,False,True,0.5178571428571429,0.75,0.2857142857142857
semantic_rag,5ae5621655429908b63265fc,hybrid,0.5,0.0,False,False,0.125,0.25,0.0
semantic_rag,5a72339855429971e9dc934d,hybrid,0.0,0.0,False,True,0.25,0.5,0.0
semantic_rag,5a886211554299206df2b24a,local,0.5,0.2857142857142857,False,True,0.4464285714285714,0.75,0.1428571428571428
semantic_rag,5ae1dac85542997283cd229a,hybrid,0.0,0.0,False,False,0.0,0.0,0.0
semantic_rag,5ab31adc554299233954ff0a,hybrid,0.5,0.6666666666666666,False,True,0.5416666666666666,0.75,0.3333333333333333
semantic_rag,5a7ca33f5542990527d554ee,local,0.5,0.0,False,False,0.125,0.25,0.0
semantic_rag,5a8a39b355429930ff3c0d13,hybrid,0.0,0.0,False,False,0.0,0.0,0.0
semantic_rag,5a806e01554299485f5985e5,hybrid,0.0,0.0,False,False,0.0,0.0,0.0
semantic_rag,5ab96c93554299743d22eb63,local,1.0,1.0,True,True,1.0,1.0,1.0
semantic_rag,5a79c3785542994bb9457074,hybrid,0.5,0.0,False,False,0.125,0.25,0.0
semantic_rag,5ac047a3554299294b218f70,local,1.0,1.0,True,True,1.0,1.0,1.0
semantic_rag,5a7b74485542997c3ec97190,hybrid,0.5,0.4,False,True,0.475,0.75,0.2
semantic_rag,5a8b20b85542996c9b8d5fb5,hybrid,0.5,0.0,False,False,0.125,0.25,0.0
semantic_rag,5abcd44655429959677d6af1,hybrid,0.33,0.0,False,False,0.0825,0.165,0.0
semantic_rag,5ae2f5b955429928c423957e,hybrid,0.5,0.0,False,False,0.125,0.25,0.0
semantic_rag,5ae7eed8554299540e5a56b5,hybrid,1.0,0.6666666666666666,False,True,0.6666666666666666,1.0,0.3333333333333333
semantic_rag,5a8e0370554299068b959e2d,hybrid,0.5,0.0,False,False,0.125,0.25,0.0
semantic_rag,5ab44a775542991779162c57,hybrid,0.0,0.0,False,False,0.0,0.0,0.0
semantic_rag,5a77dbaf5542997042120b5b,local,0.5,0.0,False,False,0.125,0.25,0.0
semantic_rag,5a8481ba5542997175ce1ed4,hybrid,0.0,0.5,False,False,0.125,0.0,0.25
semantic_rag,5abed2b45542990832d3a0d0,hybrid,0.0,0.0,False,False,0.0,0.0,0.0
semantic_rag,5a790d9855429974737f7954,hybrid,0.5,0.0,False,False,0.125,0.25,0.0
semantic_rag,5ae22eae554299495565da30,hybrid,0.5,0.0,False,True,0.375,0.75,0.0
semantic_rag,5ae70c7b5542991bbc9761aa,hybrid,0.5,0.5714285714285715,False,True,0.5178571428571429,0.75,0.2857142857142857
semantic_rag,5abae88c554299660624167e,hybrid,0.0,0.0,False,False,0.0,0.0,0.0
semantic_rag,5a8d12ca5542994ba4e3dbe2,hybrid,0.0,0.0,False,False,0.0,0.0,0.0
semantic_rag,5a7271525542997f827839d0,hybrid,0.0,0.0,False,False,0.0,0.0,0.0
semantic_rag,5a8ea7f25542995085b37468,local,0.0,0.0,False,False,0.0,0.0,0.0
semantic_rag,5a821b4b5542995ce29dccab,hybrid,0.0,0.0,False,False,0.0,0.0,0.0
semantic_rag,5ac2da27554299657fa2909f,hybrid,0.0,0.0,False,False,0.0,0.0,0.0
semantic_rag,5a8771595542993e715abf46,hybrid,1.0,0.5,False,True,0.625,1.0,0.25
semantic_rag,5a8d0c74554299585d9e37a1,hybrid,0.0,0.0,False,False,0.0,0.0,0.0
semantic_rag,5abfd5c45542994516f4550e,hybrid,0.0,0.0,False,False,0.0,0.0,0.0
semantic_rag,5a7d115355429909bec76934,hybrid,0.0,0.0,False,False,0.0,0.0,0.0
semantic_rag,5a82800855429966c78a6a2f,local,1.0,0.0,True,True,0.75,1.0,0.5
semantic_rag,5a8671e95542994775f60763,hybrid,0.5,0.0,False,False,0.125,0.25,0.0
semantic_rag,5ae347fb5542992e3233c368,hybrid,0.0,0.0,False,False,0.0,0.0,0.0
semantic_rag,5adf744d5542992d7e9f937e,hybrid,0.5,0.0,False,False,0.125,0.25,0.0
semantic_rag,5a773c5c55429966f1a36cbb,hybrid,0.5,0.0,False,False,0.125,0.25,0.0
semantic_rag,5a847edd554299123d8c2272,local,0.0,0.0,False,False,0.0,0.0,0.0
semantic_rag,5a7d68e25542995f4f402270,hybrid,1.0,1.0,True,True,1.0,1.0,1.0
semantic_rag,5ab5b701554299637185c5e7,hybrid,1.0,1.0,True,True,1.0,1.0,1.0
semantic_rag,5ab61668554299488d4d9aa6,hybrid,0.5,0.0,False,False,0.125,0.25,0.0
semantic_rag,5a8da97c554299068b959d84,local,0.0,0.0,False,False,0.0,0.0,0.0
semantic_rag,5a73ae3b55429978a71e907c,hybrid,0.0,0.0,False,False,0.0,0.0,0.0
semantic_rag,5ae00895554299025d62a3b2,hybrid,1.0,1.0,True,True,1.0,1.0,1.0
semantic_rag,5abd6db755429933744ab7d0,hybrid,0.0,0.0,False,False,0.0,0.0,0.0
semantic_rag,5a7f3361554299306751369a,local,0.5,0.0,False,False,0.125,0.25,0.0
semantic_rag,5ae1cf355542997f29b3c126,local,1.0,1.0,True,True,1.0,1.0,1.0
semantic_rag,5a8778d25542994846c1cd89,local,0.0,0.0,False,False,0.0,0.0,0.0
semantic_rag,5abce73055429959677d6b34,hybrid,0.5,0.0,False,False,0.125,0.25,0.0
semantic_rag,5abae14b5542996606241657,hybrid,0.5,0.0,False,False,0.125,0.25,0.0
semantic_rag,5ac0c84a554299012d1db633,hybrid,0.0,0.0,False,True,0.25,0.5,0.0
semantic_rag,5ae5da8d55429929b08079d1,hybrid,0.0,0.0,False,False,0.0,0.0,0.0
semantic_rag,5a72f0e25542991f9a20c5cf,hybrid,0.5,0.6666666666666666,False,True,0.5416666666666666,0.75,0.3333333333333333
semantic_rag,5abe9cc95542993f32c2a184,hybrid,0.0,0.0,False,False,0.0,0.0,0.0
semantic_rag,5a7502345542993748c89795,hybrid,1.0,1.0,True,True,1.0,1.0,1.0
semantic_rag,5ade0e115542995b365fabf3,hybrid,0.0,0.0,False,False,0.0,0.0,0.0
semantic_rag,5a88a23f5542997e5c09a652,local,0.0,0.0,False,False,0.0,0.0,0.0
semantic_rag,5a87b93c5542996e4f3088ec,hybrid,0.5,0.8,False,True,0.575,0.75,0.4
semantic_rag,5ab23d8a55429970612095c9,hybrid,0.0,0.0,False,False,0.0,0.0,0.0
semantic_rag,5abf11d45542997719eab660,hybrid,0.0,0.0,False,False,0.0,0.0,0.0
semantic_rag,5a70eee85542994082a3e3f0,hybrid,0.0,0.0,False,False,0.0,0.0,0.0
semantic_rag,5a73250a5542991f9a20c643,hybrid,0.0,0.0,False,False,0.0,0.0,0.0
semantic_rag,5adfed5e55429942ec259b92,hybrid,0.0,0.0,False,False,0.0,0.0,0.0
semantic_rag,5a8832d355429938390d3f03,hybrid,0.0,0.0,False,False,0.0,0.0,0.0
semantic_rag,5ae4bb1255429913cc2044e7,local,0.5,0.0,False,False,0.125,0.25,0.0
semantic_rag,5abe6f8455429965af743f03,hybrid,1.0,0.0,False,False,0.25,0.5,0.0
semantic_rag,5a88401c5542994846c1ce60,hybrid,0.0,0.0,False,False,0.0,0.0,0.0
semantic_rag,5a7ba11d554299294a54aa39,hybrid,0.5,0.0,False,False,0.125,0.25,0.0
semantic_rag,5a78bd515542990784727749,hybrid,0.0,0.0,False,False,0.0,0.0,0.0
semantic_rag,5abf64265542997ec76fd3eb,hybrid,1.0,0.0,False,False,0.25,0.5,0.0
semantic_rag,5a7a5ec855429941d65f25e4,hybrid,0.5,0.0,False,False,0.125,0.25,0.0
semantic_rag,5ae038e955429942ec259c4d,hybrid,0.33,0.0,False,False,0.0825,0.165,0.0
semantic_rag,5a77d25555429949eeb29f6c,hybrid,0.5,0.0,False,False,0.125,0.25,0.0
semantic_rag,5ab92f1f554299753720f77b,hybrid,0.5,0.0,False,False,0.125,0.25,0.0
semantic_rag,5ac24a035542992f1f2b3832,hybrid,0.0,0.0,False,False,0.0,0.0,0.0
semantic_rag,5ae55ed15542992663a4f1ea,hybrid,0.0,0.0,False,False,0.0,0.0,0.0
semantic_rag,5a8b6d885542997f31a41d25,hybrid,0.0,0.0,False,False,0.0,0.0,0.0
semantic_rag,5a7f68365542994857a7672e,local,0.5,0.0,False,False,0.125,0.25,0.0
semantic_rag,5ae1d4e8554299234fd04312,hybrid,1.0,0.6666666666666666,False,True,0.6666666666666666,1.0,0.3333333333333333
semantic_rag,5ae504a855429908b63264df,local,0.0,1.0,True,True,0.75,0.5,1.0
semantic_rag,5a8ae61955429970aeb70326,local,0.0,0.0,False,False,0.0,0.0,0.0
semantic_rag,5ab8420555429919ba4e2290,hybrid,0.5,0.0,False,False,0.125,0.25,0.0
semantic_rag,5ae6316d5542996de7b71b87,hybrid,0.0,0.0,False,False,0.0,0.0,0.0
semantic_rag,5abb254c5542992ccd8e7f29,hybrid,0.5,0.6666666666666666,False,True,0.5416666666666666,0.75,0.3333333333333333
semantic_rag,5ae0b0af55429945ae959424,hybrid,0.5,0.5,False,True,0.5,0.75,0.25
semantic_rag,5ac3bd0c554299204fd21e21,local,0.5,0.0,False,False,0.125,0.25,0.0
semantic_rag,5abfad3c5542990832d3a197,hybrid,0.5,0.0,False,False,0.125,0.25,0.0
semantic_rag,5adcecbd5542992c1e3a24b7,hybrid,0.5,0.0,False,False,0.125,0.25,0.0
semantic_rag,5ae0120155429925eb1afbfb,hybrid,0.5,0.0,False,False,0.125,0.25,0.0
semantic_rag,5ae5cf0b55429929b08079aa,hybrid,0.5,0.6666666666666666,False,False,0.2916666666666666,0.25,0.3333333333333333
semantic_rag,5a7746cf5542994aec3b7263,hybrid,1.0,0.888888888888889,False,True,0.7222222222222222,1.0,0.4444444444444445
semantic_rag,5a7109e95542994082a3e4fa,hybrid,0.0,0.0,False,False,0.0,0.0,0.0
semantic_rag,5ae0536755429924de1b70a6,local,0.0,0.0,False,False,0.0,0.0,0.0
semantic_rag,5ae5e8dc554299546bf82fbe,hybrid,0.5,0.8,False,False,0.325,0.25,0.4
semantic_rag,5ae4f8b755429960a22e0230,hybrid,1.0,1.0,True,True,1.0,1.0,1.0
semantic_rag,5abd957a5542996e802b47eb,hybrid,0.5,0.0,False,False,0.125,0.25,0.0
semantic_rag,5ab48ec25542991779162cdc,hybrid,1.0,1.0,True,True,1.0,1.0,1.0
semantic_rag,5adca0845542994d58a2f684,hybrid,0.0,0.0,False,False,0.0,0.0,0.0
semantic_rag,5a8b2d3255429950cd6afc60,hybrid,0.0,0.0,False,False,0.0,0.0,0.0
semantic_rag,5a849c135542992a431d1a7a,hybrid,1.0,1.0,True,True,1.0,1.0,1.0
semantic_rag,5ab2f50a55429929539468cd,hybrid,0.5,0.0,False,False,0.125,0.25,0.0
semantic_rag,5a87081755429960ec39b6fe,hybrid,1.0,1.0,True,True,1.0,1.0,1.0
semantic_rag,5ac17c865542994ab5c67d6a,hybrid,0.0,0.0,False,False,0.0,0.0,0.0
semantic_rag,5a7943ea5542994bb9456fd3,hybrid,0.0,0.0,False,False,0.0,0.0,0.0
semantic_rag,5abdc18555429965af743e2b,hybrid,0.5,0.6666666666666666,False,True,0.5416666666666666,0.75,0.3333333333333333
semantic_rag,5a8a1aea5542992e4fca8508,local,0.5,0.0,False,False,0.125,0.25,0.0
semantic_rag,5a8268215542995ce29dccfb,hybrid,0.0,0.0,False,False,0.0,0.0,0.0
semantic_rag,5a714f6f5542994082a3e7b3,hybrid,1.0,1.0,True,True,1.0,1.0,1.0
semantic_rag,5abfd3ba5542994516f4550a,local,0.0,0.0,False,False,0.0,0.0,0.0
semantic_rag,5abe7e1d55429976d4830b36,hybrid,0.0,0.4,False,False,0.1,0.0,0.2
semantic_rag,5abbd4425542993f40c73bcc,hybrid,0.5,0.0,False,False,0.125,0.25,0.0
semantic_rag,5ac288a95542990b17b153e5,hybrid,0.6,0.0,False,False,0.15,0.3,0.0
semantic_rag,5a89e28f5542992e4fca843e,hybrid,0.33,0.2857142857142857,False,True,0.4039285714285714,0.665,0.1428571428571428
semantic_rag,5adfb10855429942ec259af9,hybrid,1.0,1.0,True,True,1.0,1.0,1.0
semantic_rag,5a7732dc55429972597f149b,hybrid,0.0,0.0,False,False,0.0,0.0,0.0
semantic_rag,5aba89365542994dbf019932,hybrid,0.0,0.0,False,False,0.0,0.0,0.0
semantic_rag,5a90a9a45542990a9849367e,local,1.0,1.0,True,True,1.0,1.0,1.0
semantic_rag,5a7baae2554299042af8f794,hybrid,0.0,0.0,False,False,0.0,0.0,0.0
semantic_rag,5a78b5f7554299148911f95b,hybrid,0.5,0.0,False,False,0.125,0.25,0.0
semantic_rag,5ae199305542997b2ef7d20e,hybrid,0.0,0.0,False,False,0.0,0.0,0.0
semantic_rag,5ae362105542991a06ce99ae,hybrid,0.0,0.0,False,False,0.0,0.0,0.0
semantic_rag,5ab833ad5542990e739ec86f,hybrid,0.6,0.0,False,False,0.15,0.3,0.0
semantic_rag,5a84b8555542991dd0999db2,hybrid,0.8,0.0,False,False,0.2,0.4,0.0
semantic_rag,5a78c66e55429974737f787b,hybrid,0.0,0.0,False,False,0.0,0.0,0.0
semantic_rag,5ab5c8c5554299637185c60d,local,0.5,0.0,True,True,0.625,0.75,0.5
semantic_rag,5ae544035542992663a4f1af,hybrid,0.5,0.0,False,False,0.125,0.25,0.0
semantic_rag,5ac3a364554299391541385d,hybrid,0.33,0.0,False,False,0.0825,0.165,0.0
semantic_rag,5a77919d5542995d831811dd,local,0.0,0.3333333333333333,False,True,0.3333333333333333,0.5,0.1666666666666666
semantic_rag,5a899bf955429946c8d6e959,hybrid,1.0,1.0,True,True,1.0,1.0,1.0
semantic_rag,5adc6e035542994650320cec,hybrid,1.0,1.0,True,True,1.0,1.0,1.0
semantic_rag,5a75495a5542996c70cfaed8,hybrid,0.5,0.8,False,True,0.575,0.75,0.4
semantic_rag,5aba056255429939ce03dc55,hybrid,0.0,0.0,False,False,0.0,0.0,0.0
semantic_rag,5a7b76225542997c3ec9719c,local,0.0,0.0,False,False,0.0,0.0,0.0
semantic_rag,5ac02880554299012d1db5c0,hybrid,1.0,1.0,True,True,1.0,1.0,1.0
semantic_rag,5adfcc625542992d7e9f93d3,local,0.5,0.0,True,True,0.625,0.75,0.5
semantic_rag,5ae3f82a5542996836b02c01,hybrid,0.0,0.0,False,False,0.0,0.0,0.0
semantic_rag,5ae0d85d5542990adbacf67e,hybrid,1.0,0.6666666666666666,False,True,0.6666666666666666,1.0,0.3333333333333333
semantic_rag,5ac2eb635542990b17b154a7,hybrid,0.0,0.0,False,False,0.0,0.0,0.0
semantic_rag,5a76404b5542994ccc91873d,local,0.5,0.0,False,False,0.125,0.25,0.0
semantic_rag,5abf8cc35542990832d3a14e,hybrid,0.0,0.0,False,False,0.0,0.0,0.0
semantic_rag,5a86f94a5542991e7718169e,hybrid,0.5,0.0,False,False,0.125,0.25,0.0
semantic_rag,5a80ad19554299485f5986a8,hybrid,1.0,1.0,True,True,1.0,1.0,1.0
semantic_rag,5adcc7515542994ed6169bff,hybrid,1.0,1.0,True,True,1.0,1.0,1.0
semantic_rag,5adcfebe5542992c1e3a24f3,hybrid,0.5,0.0,False,False,0.125,0.25,0.0
semantic_rag,5ae364285542991a06ce99b3,hybrid,0.5,0.0,False,False,0.125,0.25,0.0
semantic_rag,5ae5fa38554299546bf82ff1,hybrid,1.0,1.0,True,True,1.0,1.0,1.0
semantic_rag,5ae564a155429960a22e02e4,hybrid,0.5,0.0,False,False,0.125,0.25,0.0
semantic_rag,5ab446875542990594ba9bea,hybrid,0.0,0.0,False,False,0.0,0.0,0.0
semantic_rag,5adfa8d0554299025d62a32c,hybrid,0.0,0.0,False,False,0.0,0.0,0.0
semantic_rag,5ac30a79554299657fa290e2,hybrid,0.5,0.0,False,False,0.125,0.25,0.0
semantic_rag,5ae3fd595542995dadf24292,hybrid,1.0,1.0,True,True,1.0,1.0,1.0
semantic_rag,5a89e20a5542992e4fca8438,hybrid,0.0,0.0,False,False,0.0,0.0,0.0
semantic_rag,5a84524a554299123d8c2203,hybrid,0.0,0.0,False,False,0.0,0.0,0.0
semantic_rag,5adcbb815542994ed6169bde,hybrid,0.5,1.0,False,True,0.625,0.75,0.5
semantic_rag,5ab4428c5542990594ba9bda,local,0.5,1.0,True,True,0.875,0.75,1.0
semantic_rag,5ac14d0c5542991316484ae2,local,0.5,1.0,True,True,0.875,0.75,1.0
semantic_rag,5ac3c10a554299204fd21e33,hybrid,0.0,0.0,False,False,0.0,0.0,0.0
semantic_rag,5add5f395542990dbb2f7e50,hybrid,0.5,0.0,False,False,0.125,0.25,0.0
semantic_rag,5a736e0155429901807db04f,hybrid,0.0,0.0,False,False,0.0,0.0,0.0
semantic_rag,5a734a205542992359bc32e2,hybrid,1.0,1.0,True,True,1.0,1.0,1.0
semantic_rag,5ae484f855429970de88d999,hybrid,0.5,0.4,False,False,0.225,0.25,0.2
semantic_rag,5a8d18fb5542994ba4e3dbf2,hybrid,0.0,0.0,False,False,0.0,0.0,0.0
semantic_rag,5ac2a10e554299657fa28fec,hybrid,1.0,1.0,True,True,1.0,1.0,1.0
semantic_rag,5a81e8a0554299676cceb157,local,0.0,0.0,False,False,0.0,0.0,0.0
semantic_rag,5a84ee4c5542997175ce1f2b,local,0.0,0.3333333333333333,False,False,0.0833333333333333,0.0,0.1666666666666666
semantic_rag,5a8e68b15542995085b3742d,hybrid,0.0,0.0,False,False,0.0,0.0,0.0
semantic_rag,5a8e03375542995a26add458,hybrid,1.0,1.0,True,True,1.0,1.0,1.0
semantic_rag,5ab938fb554299131ca422ce,hybrid,0.5,0.0,False,False,0.125,0.25,0.0
semantic_rag,5ac4f9db55429924173fb532,local,0.5,0.0,False,False,0.125,0.25,0.0
semantic_rag,5ac4f33355429924173fb507,hybrid,0.33,0.0,False,False,0.0825,0.165,0.0
semantic_rag,5a8bc3ac5542995e66a47501,hybrid,0.5,0.0,False,False,0.125,0.25,0.0
semantic_rag,5ab5d43f5542997d4ad1f1f6,hybrid,0.0,0.1333333333333333,False,False,0.0333333333333333,0.0,0.0666666666666666
semantic_rag,5a8d7e1055429941ae14dfd8,local,1.0,1.0,True,True,1.0,1.0,1.0
semantic_rag,5a8db348554299068b959dc2,hybrid,0.0,0.0,False,False,0.0,0.0,0.0
semantic_rag,5a76bbe85542993735360191,hybrid,0.5,1.0,True,True,0.875,0.75,1.0
semantic_rag,5ac39f7b554299218029dbe7,hybrid,0.0,0.0,False,False,0.0,0.0,0.0
semantic_rag,5a76f45a5542994aec3b719b,hybrid,0.0,0.0,False,False,0.0,0.0,0.0
semantic_rag,5a738b855542992d56e7e363,local,0.33,1.0,True,True,0.8325,0.665,1.0
semantic_rag,5ae5b06e554299546bf82f2a,hybrid,0.0,0.0,False,False,0.0,0.0,0.0
semantic_rag,5a76648f5542992db9473795,hybrid,1.0,1.0,True,True,1.0,1.0,1.0
semantic_rag,5ae0593855429945ae959333,hybrid,0.5,0.0,False,False,0.125,0.25,0.0
