label,question_id,code_rag_type,query_type,question,gold_preview
Q1,HumanEval-0,humaneval,local,"Complete the following Python function. Return only the full function implementation.

from typing import List


def has_close_elements(numbers: List[float], threshold: float) -> bool:
    """""" Chec","from typing import List


def has_close_elements(numbers: List[float], threshold: float) -> bool:
    """""" Check if in"
Q2,HumanEval-1,humaneval,local,"Complete the following Python function. Return only the full function implementation.

from typing import List


def separate_paren_groups(paren_string: str) -> List[str]:
    """""" Input to this fun","from typing import List


def separate_paren_groups(paren_string: str) -> List[str]:
    """""" Input to this function i"
Q3,HumanEval-2,humaneval,local,"Complete the following Python function. Return only the full function implementation.

def truncate_number(number: float) -> float:
    """""" Given a positive floating point number, it can be decompo","def truncate_number(number: float) -> float:
    """""" Given a positive floating point number, it can be decomposed int"
Q4,HumanEval-3,humaneval,local,"Complete the following Python function. Return only the full function implementation.

from typing import List


def below_zero(operations: List[int]) -> bool:
    """""" You're given a list of deposi","from typing import List


def below_zero(operations: List[int]) -> bool:
    """""" You're given a list of deposit and w"
Q5,HumanEval-4,humaneval,local,"Complete the following Python function. Return only the full function implementation.

from typing import List


def mean_absolute_deviation(numbers: List[float]) -> float:
    """""" For a given list","from typing import List


def mean_absolute_deviation(numbers: List[float]) -> float:
    """""" For a given list of inp"
Q6,HumanEval-5,humaneval,local,"Complete the following Python function. Return only the full function implementation.

from typing import List


def intersperse(numbers: List[int], delimeter: int) -> List[int]:
    """""" Insert a n","from typing import List


def intersperse(numbers: List[int], delimeter: int) -> List[int]:
    """""" Insert a number '"
Q7,HumanEval-6,humaneval,local,"Complete the following Python function. Return only the full function implementation.

from typing import List


def parse_nested_parens(paren_string: str) -> List[int]:
    """""" Input to this funct","from typing import List


def parse_nested_parens(paren_string: str) -> List[int]:
    """""" Input to this function is "
Q8,HumanEval-7,humaneval,local,"Complete the following Python function. Return only the full function implementation.

from typing import List


def filter_by_substring(strings: List[str], substring: str) -> List[str]:
    """""" Fi","from typing import List


def filter_by_substring(strings: List[str], substring: str) -> List[str]:
    """""" Filter an"
Q9,HumanEval-8,humaneval,local,"Complete the following Python function. Return only the full function implementation.

from typing import List, Tuple


def sum_product(numbers: List[int]) -> Tuple[int, int]:
    """""" For a given l","from typing import List, Tuple


def sum_product(numbers: List[int]) -> Tuple[int, int]:
    """""" For a given list of "
Q10,HumanEval-9,humaneval,local,"Complete the following Python function. Return only the full function implementation.

from typing import List, Tuple


def rolling_max(numbers: List[int]) -> List[int]:
    """""" From a given list o","from typing import List, Tuple


def rolling_max(numbers: List[int]) -> List[int]:
    """""" From a given list of integ"
Q11,HumanEval-10,humaneval,local,"Complete the following Python function. Return only the full function implementation.

def is_palindrome(string: str) -> bool:
    """""" Test if given string is a palindrome """"""
    return string ","def is_palindrome(string: str) -> bool:
    """""" Test if given string is a palindrome """"""
    return string == stri"
Q12,HumanEval-11,humaneval,local,"Complete the following Python function. Return only the full function implementation.

from typing import List


def string_xor(a: str, b: str) -> str:
    """""" Input are two strings a and b consist","from typing import List


def string_xor(a: str, b: str) -> str:
    """""" Input are two strings a and b consisting onl"
Q13,HumanEval-12,humaneval,local,"Complete the following Python function. Return only the full function implementation.

from typing import List, Optional


def longest(strings: List[str]) -> Optional[str]:
    """""" Out of list of s","from typing import List, Optional


def longest(strings: List[str]) -> Optional[str]:
    """""" Out of list of strings,"
Q14,HumanEval-13,humaneval,local,"Complete the following Python function. Return only the full function implementation.

def greatest_common_divisor(a: int, b: int) -> int:
    """""" Return a greatest common divisor of two integers a","def greatest_common_divisor(a: int, b: int) -> int:
    """""" Return a greatest common divisor of two integers a and b
"
Q15,HumanEval-14,humaneval,local,"Complete the following Python function. Return only the full function implementation.

from typing import List


def all_prefixes(string: str) -> List[str]:
    """""" Return list of all prefixes from","from typing import List


def all_prefixes(string: str) -> List[str]:
    """""" Return list of all prefixes from shorte"
Q16,HumanEval-15,humaneval,local,"Complete the following Python function. Return only the full function implementation.

def string_sequence(n: int) -> str:
    """""" Return a string containing space-delimited numbers starting from 0","def string_sequence(n: int) -> str:
    """""" Return a string containing space-delimited numbers starting from 0 upto n"
Q17,HumanEval-16,humaneval,local,"Complete the following Python function. Return only the full function implementation.

def count_distinct_characters(string: str) -> int:
    """""" Given a string, find out how many distinct characte","def count_distinct_characters(string: str) -> int:
    """""" Given a string, find out how many distinct characters (reg"
Q18,HumanEval-17,humaneval,local,"Complete the following Python function. Return only the full function implementation.

from typing import List


def parse_music(music_string: str) -> List[int]:
    """""" Input to this function is a","from typing import List


def parse_music(music_string: str) -> List[int]:
    """""" Input to this function is a string"
Q19,HumanEval-18,humaneval,local,"Complete the following Python function. Return only the full function implementation.

def how_many_times(string: str, substring: str) -> int:
    """""" Find how many times a given substring can be f","def how_many_times(string: str, substring: str) -> int:
    """""" Find how many times a given substring can be found in"
Q20,HumanEval-19,humaneval,local,"Complete the following Python function. Return only the full function implementation.

from typing import List


def sort_numbers(numbers: str) -> str:
    """""" Input is a space-delimited string of ","from typing import List


def sort_numbers(numbers: str) -> str:
    """""" Input is a space-delimited string of numbera"
Q21,HumanEval-20,humaneval,local,"Complete the following Python function. Return only the full function implementation.

from typing import List, Tuple


def find_closest_elements(numbers: List[float]) -> Tuple[float, float]:
    """"","from typing import List, Tuple


def find_closest_elements(numbers: List[float]) -> Tuple[float, float]:
    """""" From"
Q22,HumanEval-21,humaneval,local,"Complete the following Python function. Return only the full function implementation.

from typing import List


def rescale_to_unit(numbers: List[float]) -> List[float]:
    """""" Given list of numb","from typing import List


def rescale_to_unit(numbers: List[float]) -> List[float]:
    """""" Given list of numbers (of"
Q23,HumanEval-22,humaneval,local,"Complete the following Python function. Return only the full function implementation.

from typing import List, Any


def filter_integers(values: List[Any]) -> List[int]:
    """""" Filter given list ","from typing import List, Any


def filter_integers(values: List[Any]) -> List[int]:
    """""" Filter given list of any "
Q24,HumanEval-23,humaneval,local,"Complete the following Python function. Return only the full function implementation.

def strlen(string: str) -> int:
    """""" Return length of given string
    >>> strlen('')
    0
    >>> strlen(","def strlen(string: str) -> int:
    """""" Return length of given string
    >>> strlen('')
    0
    >>> strlen('abc')
"
Q25,HumanEval-24,humaneval,local,"Complete the following Python function. Return only the full function implementation.

def largest_divisor(n: int) -> int:
    """""" For a given number n, find the largest number that divides n evenl","def largest_divisor(n: int) -> int:
    """""" For a given number n, find the largest number that divides n evenly, smal"
Q26,HumanEval-25,humaneval,local,"Complete the following Python function. Return only the full function implementation.

from typing import List


def factorize(n: int) -> List[int]:
    """""" Return list of prime factors of given in","from typing import List


def factorize(n: int) -> List[int]:
    """""" Return list of prime factors of given integer i"
Q27,HumanEval-26,humaneval,local,"Complete the following Python function. Return only the full function implementation.

from typing import List


def remove_duplicates(numbers: List[int]) -> List[int]:
    """""" From a list of integ","from typing import List


def remove_duplicates(numbers: List[int]) -> List[int]:
    """""" From a list of integers, re"
Q28,HumanEval-27,humaneval,local,"Complete the following Python function. Return only the full function implementation.

def flip_case(string: str) -> str:
    """""" For a given string, flip lowercase characters to uppercase and uppe","def flip_case(string: str) -> str:
    """""" For a given string, flip lowercase characters to uppercase and uppercase t"
Q29,HumanEval-28,humaneval,local,"Complete the following Python function. Return only the full function implementation.

from typing import List


def concatenate(strings: List[str]) -> str:
    """""" Concatenate list of strings into","from typing import List


def concatenate(strings: List[str]) -> str:
    """""" Concatenate list of strings into a sing"
Q30,HumanEval-29,humaneval,local,"Complete the following Python function. Return only the full function implementation.

from typing import List


def filter_by_prefix(strings: List[str], prefix: str) -> List[str]:
    """""" Filter a","from typing import List


def filter_by_prefix(strings: List[str], prefix: str) -> List[str]:
    """""" Filter an input"
Q31,HumanEval-30,humaneval,local,"Complete the following Python function. Return only the full function implementation.

def get_positive(l: list):
    """"""Return only positive numbers in the list.
    >>> get_positive([-1, 2, -4, 5","def get_positive(l: list):
    """"""Return only positive numbers in the list.
    >>> get_positive([-1, 2, -4, 5, 6])
 "
Q32,HumanEval-31,humaneval,local,"Complete the following Python function. Return only the full function implementation.

def is_prime(n):
    """"""Return true if a given number is prime, and false otherwise.
    >>> is_prime(6)
    F","def is_prime(n):
    """"""Return true if a given number is prime, and false otherwise.
    >>> is_prime(6)
    False
  "
Q33,HumanEval-32,humaneval,local,"Complete the following Python function. Return only the full function implementation.

import math


def poly(xs: list, x: float):
    """"""
    Evaluates polynomial with coefficients xs at point x.
","import math


def poly(xs: list, x: float):
    """"""
    Evaluates polynomial with coefficients xs at point x.
    ret"
Q34,HumanEval-33,humaneval,local,"Complete the following Python function. Return only the full function implementation.

def sort_third(l: list):
    """"""This function takes a list l and returns a list l' such that
    l' is identic","def sort_third(l: list):
    """"""This function takes a list l and returns a list l' such that
    l' is identical to l"
Q35,HumanEval-34,humaneval,local,"Complete the following Python function. Return only the full function implementation.

def unique(l: list):
    """"""Return sorted unique elements in a list
    >>> unique([5, 3, 5, 2, 3, 3, 9, 0, 12","def unique(l: list):
    """"""Return sorted unique elements in a list
    >>> unique([5, 3, 5, 2, 3, 3, 9, 0, 123])
   "
Q36,HumanEval-35,humaneval,local,"Complete the following Python function. Return only the full function implementation.

def max_element(l: list):
    """"""Return maximum element in the list.
    >>> max_element([1, 2, 3])
    3
    ","def max_element(l: list):
    """"""Return maximum element in the list.
    >>> max_element([1, 2, 3])
    3
    >>> max"
Q37,HumanEval-36,humaneval,local,"Complete the following Python function. Return only the full function implementation.

def fizz_buzz(n: int):
    """"""Return the number of times the digit 7 appears in integers less than n which are","def fizz_buzz(n: int):
    """"""Return the number of times the digit 7 appears in integers less than n which are divisi"
Q38,HumanEval-37,humaneval,local,"Complete the following Python function. Return only the full function implementation.

def sort_even(l: list):
    """"""This function takes a list l and returns a list l' such that
    l' is identica","def sort_even(l: list):
    """"""This function takes a list l and returns a list l' such that
    l' is identical to l "
Q39,HumanEval-38,humaneval,local,"Complete the following Python function. Return only the full function implementation.

def encode_cyclic(s: str):
    """"""
    returns encoded string by cycling groups of three characters.
    """""","def encode_cyclic(s: str):
    """"""
    returns encoded string by cycling groups of three characters.
    """"""
    #"
Q40,HumanEval-39,humaneval,local,"Complete the following Python function. Return only the full function implementation.

def prime_fib(n: int):
    """"""
    prime_fib returns n-th number that is a Fibonacci number and it's also prim","def prime_fib(n: int):
    """"""
    prime_fib returns n-th number that is a Fibonacci number and it's also prime.
    "
Q41,HumanEval-40,humaneval,local,"Complete the following Python function. Return only the full function implementation.

def triples_sum_to_zero(l: list):
    """"""
    triples_sum_to_zero takes a list of integers as an input.
    it","def triples_sum_to_zero(l: list):
    """"""
    triples_sum_to_zero takes a list of integers as an input.
    it return"
Q42,HumanEval-41,humaneval,local,"Complete the following Python function. Return only the full function implementation.

def car_race_collision(n: int):
    """"""
    Imagine a road that's a perfectly straight infinitely long line.
 ","def car_race_collision(n: int):
    """"""
    Imagine a road that's a perfectly straight infinitely long line.
    n ca"
Q43,HumanEval-42,humaneval,local,"Complete the following Python function. Return only the full function implementation.

def incr_list(l: list):
    """"""Return list with elements incremented by 1.
    >>> incr_list([1, 2, 3])
    [2","def incr_list(l: list):
    """"""Return list with elements incremented by 1.
    >>> incr_list([1, 2, 3])
    [2, 3, 4]"
Q44,HumanEval-43,humaneval,local,"Complete the following Python function. Return only the full function implementation.

def pairs_sum_to_zero(l):
    """"""
    pairs_sum_to_zero takes a list of integers as an input.
    it returns T","def pairs_sum_to_zero(l):
    """"""
    pairs_sum_to_zero takes a list of integers as an input.
    it returns True if "
Q45,HumanEval-44,humaneval,local,"Complete the following Python function. Return only the full function implementation.

def change_base(x: int, base: int):
    """"""Change numerical base of input number x to base.
    return string ","def change_base(x: int, base: int):
    """"""Change numerical base of input number x to base.
    return string represe"
Q46,HumanEval-45,humaneval,local,"Complete the following Python function. Return only the full function implementation.

def triangle_area(a, h):
    """"""Given length of a side and high return area for a triangle.
    >>> triangle_a","def triangle_area(a, h):
    """"""Given length of a side and high return area for a triangle.
    >>> triangle_area(5, "
Q47,HumanEval-46,humaneval,local,"Complete the following Python function. Return only the full function implementation.

def fib4(n: int):
    """"""The Fib4 number sequence is a sequence similar to the Fibbonacci sequnece that's defi","def fib4(n: int):
    """"""The Fib4 number sequence is a sequence similar to the Fibbonacci sequnece that's defined as "
Q48,HumanEval-47,humaneval,local,"Complete the following Python function. Return only the full function implementation.

def median(l: list):
    """"""Return median of elements in the list l.
    >>> median([3, 1, 2, 4, 5])
    3
   ","def median(l: list):
    """"""Return median of elements in the list l.
    >>> median([3, 1, 2, 4, 5])
    3
    >>> me"
Q49,HumanEval-48,humaneval,local,"Complete the following Python function. Return only the full function implementation.

def is_palindrome(text: str):
    """"""
    Checks if given string is a palindrome
    >>> is_palindrome('')
   ","def is_palindrome(text: str):
    """"""
    Checks if given string is a palindrome
    >>> is_palindrome('')
    True
 "
Q50,HumanEval-49,humaneval,local,"Complete the following Python function. Return only the full function implementation.

def modp(n: int, p: int):
    """"""Return 2^n modulo p (be aware of numerics).
    >>> modp(3, 5)
    3
    >>> ","def modp(n: int, p: int):
    """"""Return 2^n modulo p (be aware of numerics).
    >>> modp(3, 5)
    3
    >>> modp(11"
Q51,HumanEval-50,humaneval,local,"Complete the following Python function. Return only the full function implementation.

def encode_shift(s: str):
    """"""
    returns encoded string by shifting every character by 5 in the alphabet.","def encode_shift(s: str):
    """"""
    returns encoded string by shifting every character by 5 in the alphabet.
    """
Q52,HumanEval-51,humaneval,local,"Complete the following Python function. Return only the full function implementation.

def remove_vowels(text):
    """"""
    remove_vowels is a function that takes string and returns string without ","def remove_vowels(text):
    """"""
    remove_vowels is a function that takes string and returns string without vowels."
Q53,HumanEval-52,humaneval,local,"Complete the following Python function. Return only the full function implementation.

def below_threshold(l: list, t: int):
    """"""Return True if all numbers in the list l are below threshold t.
 ","def below_threshold(l: list, t: int):
    """"""Return True if all numbers in the list l are below threshold t.
    >>> "
Q54,HumanEval-53,humaneval,local,"Complete the following Python function. Return only the full function implementation.

def add(x: int, y: int):
    """"""Add two numbers x and y
    >>> add(2, 3)
    5
    >>> add(5, 7)
    12
    "","def add(x: int, y: int):
    """"""Add two numbers x and y
    >>> add(2, 3)
    5
    >>> add(5, 7)
    12
    """"""
 "
Q55,HumanEval-54,humaneval,local,"Complete the following Python function. Return only the full function implementation.

def same_chars(s0: str, s1: str):
    """"""
    Check if two words have the same characters.
    >>> same_chars(","def same_chars(s0: str, s1: str):
    """"""
    Check if two words have the same characters.
    >>> same_chars('eabcdz"
Q56,HumanEval-55,humaneval,local,"Complete the following Python function. Return only the full function implementation.

def fib(n: int):
    """"""Return n-th Fibonacci number.
    >>> fib(10)
    55
    >>> fib(1)
    1
    >>> fib(","def fib(n: int):
    """"""Return n-th Fibonacci number.
    >>> fib(10)
    55
    >>> fib(1)
    1
    >>> fib(8)
    "
Q57,HumanEval-56,humaneval,local,"Complete the following Python function. Return only the full function implementation.

def correct_bracketing(brackets: str):
    """""" brackets is a string of ""<"" and "">"".
    return True if eve","def correct_bracketing(brackets: str):
    """""" brackets is a string of ""<"" and "">"".
    return True if every open"
Q58,HumanEval-57,humaneval,local,"Complete the following Python function. Return only the full function implementation.

def monotonic(l: list):
    """"""Return True is list elements are monotonically increasing or decreasing.
    >>","def monotonic(l: list):
    """"""Return True is list elements are monotonically increasing or decreasing.
    >>> monot"
Q59,HumanEval-58,humaneval,local,"Complete the following Python function. Return only the full function implementation.

def common(l1: list, l2: list):
    """"""Return sorted unique common elements for two lists.
    >>> common([1, ","def common(l1: list, l2: list):
    """"""Return sorted unique common elements for two lists.
    >>> common([1, 4, 3, 3"
Q60,HumanEval-59,humaneval,local,"Complete the following Python function. Return only the full function implementation.

def largest_prime_factor(n: int):
    """"""Return the largest prime factor of n. Assume n > 1 and is not a prime","def largest_prime_factor(n: int):
    """"""Return the largest prime factor of n. Assume n > 1 and is not a prime.
    >"
Q61,HumanEval-60,humaneval,local,"Complete the following Python function. Return only the full function implementation.

def sum_to_n(n: int):
    """"""sum_to_n is a function that sums numbers from 1 to n.
    >>> sum_to_n(30)
    46","def sum_to_n(n: int):
    """"""sum_to_n is a function that sums numbers from 1 to n.
    >>> sum_to_n(30)
    465
    >"
Q62,HumanEval-61,humaneval,local,"Complete the following Python function. Return only the full function implementation.

def correct_bracketing(brackets: str):
    """""" brackets is a string of ""("" and "")"".
    return True if eve","def correct_bracketing(brackets: str):
    """""" brackets is a string of ""("" and "")"".
    return True if every open"
Q63,HumanEval-62,humaneval,local,"Complete the following Python function. Return only the full function implementation.

def derivative(xs: list):
    """""" xs represent coefficients of a polynomial.
    xs[0] + xs[1] * x + xs[2] * x","def derivative(xs: list):
    """""" xs represent coefficients of a polynomial.
    xs[0] + xs[1] * x + xs[2] * x^2 + .."
Q64,HumanEval-63,humaneval,local,"Complete the following Python function. Return only the full function implementation.

def fibfib(n: int):
    """"""The FibFib number sequence is a sequence similar to the Fibbonacci sequnece that's ","def fibfib(n: int):
    """"""The FibFib number sequence is a sequence similar to the Fibbonacci sequnece that's defined"
Q65,HumanEval-64,humaneval,local,"Complete the following Python function. Return only the full function implementation.

FIX = """"""
Add more test cases.
""""""

def vowels_count(s):
    """"""Write a function vowels_count which take","FIX = """"""
Add more test cases.
""""""

def vowels_count(s):
    """"""Write a function vowels_count which takes a str"
Q66,HumanEval-65,humaneval,local,"Complete the following Python function. Return only the full function implementation.

def circular_shift(x, shift):
    """"""Circular shift the digits of the integer x, shift the digits right by shi","def circular_shift(x, shift):
    """"""Circular shift the digits of the integer x, shift the digits right by shift
    "
Q67,HumanEval-66,humaneval,local,"Complete the following Python function. Return only the full function implementation.

def digitSum(s):
    """"""Task
    Write a function that takes a string as input and returns the sum of the uppe","def digitSum(s):
    """"""Task
    Write a function that takes a string as input and returns the sum of the upper chara"
Q68,HumanEval-67,humaneval,local,"Complete the following Python function. Return only the full function implementation.

def fruit_distribution(s,n):
    """"""
    In this task, you will be given a string that represents a number of ","def fruit_distribution(s,n):
    """"""
    In this task, you will be given a string that represents a number of apples "
Q69,HumanEval-68,humaneval,local,"Complete the following Python function. Return only the full function implementation.

def pluck(arr):
    """"""
    ""Given an array representing a branch of a tree that has non-negative integer nod","def pluck(arr):
    """"""
    ""Given an array representing a branch of a tree that has non-negative integer nodes
    "
Q70,HumanEval-69,humaneval,local,"Complete the following Python function. Return only the full function implementation.

def search(lst):
    '''
    You are given a non-empty list of positive integers. Return the greatest integer tha","def search(lst):
    '''
    You are given a non-empty list of positive integers. Return the greatest integer that is gr"
Q71,HumanEval-70,humaneval,local,"Complete the following Python function. Return only the full function implementation.

def strange_sort_list(lst):
    '''
    Given list of integers, return list in strange order.
    Strange sorting","def strange_sort_list(lst):
    '''
    Given list of integers, return list in strange order.
    Strange sorting, is wh"
Q72,HumanEval-71,humaneval,local,"Complete the following Python function. Return only the full function implementation.

def triangle_area(a, b, c):
    '''
    Given the lengths of the three sides of a triangle. Return the area of
  ","def triangle_area(a, b, c):
    '''
    Given the lengths of the three sides of a triangle. Return the area of
    the t"
Q73,HumanEval-72,humaneval,local,"Complete the following Python function. Return only the full function implementation.

def will_it_fly(q,w):
    '''
    Write a function that returns True if the object q will fly, and False otherwis","def will_it_fly(q,w):
    '''
    Write a function that returns True if the object q will fly, and False otherwise.
    "
Q74,HumanEval-73,humaneval,local,"Complete the following Python function. Return only the full function implementation.

def smallest_change(arr):
    """"""
    Given an array arr of integers, find the minimum number of elements that","def smallest_change(arr):
    """"""
    Given an array arr of integers, find the minimum number of elements that
    ne"
Q75,HumanEval-74,humaneval,local,"Complete the following Python function. Return only the full function implementation.

def total_match(lst1, lst2):
    '''
    Write a function that accepts two lists of strings and returns the list ","def total_match(lst1, lst2):
    '''
    Write a function that accepts two lists of strings and returns the list that ha"
Q76,HumanEval-75,humaneval,local,"Complete the following Python function. Return only the full function implementation.

def is_multiply_prime(a):
    """"""Write a function that returns true if the given number is the multiplication ","def is_multiply_prime(a):
    """"""Write a function that returns true if the given number is the multiplication of 3 pr"
Q77,HumanEval-76,humaneval,local,"Complete the following Python function. Return only the full function implementation.

def is_simple_power(x, n):
    """"""Your task is to write a function that returns true if a number x is a simple","def is_simple_power(x, n):
    """"""Your task is to write a function that returns true if a number x is a simple
    po"
Q78,HumanEval-77,humaneval,local,"Complete the following Python function. Return only the full function implementation.

def iscube(a):
    '''
    Write a function that takes an integer a and returns True 
    if this ingeger is a cu","def iscube(a):
    '''
    Write a function that takes an integer a and returns True 
    if this ingeger is a cube of s"
Q79,HumanEval-78,humaneval,local,"Complete the following Python function. Return only the full function implementation.

def hex_key(num):
    """"""You have been tasked to write a function that receives 
    a hexadecimal number as a","def hex_key(num):
    """"""You have been tasked to write a function that receives 
    a hexadecimal number as a string"
Q80,HumanEval-79,humaneval,local,"Complete the following Python function. Return only the full function implementation.

def decimal_to_binary(decimal):
    """"""You will be given a number in decimal form and your task is to convert ","def decimal_to_binary(decimal):
    """"""You will be given a number in decimal form and your task is to convert it to
 "
Q81,HumanEval-80,humaneval,local,"Complete the following Python function. Return only the full function implementation.

def is_happy(s):
    """"""You are given a string s.
    Your task is to check if the string is happy or not.
   ","def is_happy(s):
    """"""You are given a string s.
    Your task is to check if the string is happy or not.
    A stri"
Q82,HumanEval-81,humaneval,local,"Complete the following Python function. Return only the full function implementation.

def numerical_letter_grade(grades):
    """"""It is the last week of the semester and the teacher has to give the","def numerical_letter_grade(grades):
    """"""It is the last week of the semester and the teacher has to give the grades"
Q83,HumanEval-82,humaneval,local,"Complete the following Python function. Return only the full function implementation.

def prime_length(string):
    """"""Write a function that takes a string and returns True if the string
    lengt","def prime_length(string):
    """"""Write a function that takes a string and returns True if the string
    length is a "
Q84,HumanEval-83,humaneval,local,"Complete the following Python function. Return only the full function implementation.

def starts_one_ends(n):
    """"""
    Given a positive integer n, return the count of the numbers of n-digit
   ","def starts_one_ends(n):
    """"""
    Given a positive integer n, return the count of the numbers of n-digit
    positi"
Q85,HumanEval-84,humaneval,local,"Complete the following Python function. Return only the full function implementation.

def solve(N):
    """"""Given a positive integer N, return the total sum of its digits in binary.
    
    Exampl","def solve(N):
    """"""Given a positive integer N, return the total sum of its digits in binary.
    
    Example
     "
Q86,HumanEval-85,humaneval,local,"Complete the following Python function. Return only the full function implementation.

def add(lst):
    """"""Given a non-empty list of integers lst. add the even elements that are at odd indices..

","def add(lst):
    """"""Given a non-empty list of integers lst. add the even elements that are at odd indices..


    Ex"
Q87,HumanEval-86,humaneval,local,"Complete the following Python function. Return only the full function implementation.

def anti_shuffle(s):
    """"""
    Write a function that takes a string and returns an ordered version of it.
  ","def anti_shuffle(s):
    """"""
    Write a function that takes a string and returns an ordered version of it.
    Order"
Q88,HumanEval-87,humaneval,local,"Complete the following Python function. Return only the full function implementation.

def get_row(lst, x):
    """"""
    You are given a 2 dimensional data, as a nested lists,
    which is similar t","def get_row(lst, x):
    """"""
    You are given a 2 dimensional data, as a nested lists,
    which is similar to matri"
Q89,HumanEval-88,humaneval,local,"Complete the following Python function. Return only the full function implementation.

def sort_array(array):
    """"""
    Given an array of non-negative integers, return a copy of the given array a","def sort_array(array):
    """"""
    Given an array of non-negative integers, return a copy of the given array after so"
Q90,HumanEval-89,humaneval,local,"Complete the following Python function. Return only the full function implementation.

def encrypt(s):
    """"""Create a function encrypt that takes a string as an argument and
    returns a string e","def encrypt(s):
    """"""Create a function encrypt that takes a string as an argument and
    returns a string encrypte"
Q91,HumanEval-90,humaneval,local,"Complete the following Python function. Return only the full function implementation.

def next_smallest(lst):
    """"""
    You are given a list of integers.
    Write a function next_smallest() tha","def next_smallest(lst):
    """"""
    You are given a list of integers.
    Write a function next_smallest() that retur"
Q92,HumanEval-91,humaneval,local,"Complete the following Python function. Return only the full function implementation.

def is_bored(S):
    """"""
    You'll be given a string of words, and your task is to count the number
    of bo","def is_bored(S):
    """"""
    You'll be given a string of words, and your task is to count the number
    of boredoms."
Q93,HumanEval-92,humaneval,local,"Complete the following Python function. Return only the full function implementation.

def any_int(x, y, z):
    '''
    Create a function that takes 3 numbers.
    Returns true if one of the numbers ","def any_int(x, y, z):
    '''
    Create a function that takes 3 numbers.
    Returns true if one of the numbers is equa"
Q94,HumanEval-93,humaneval,local,"Complete the following Python function. Return only the full function implementation.

def encode(message):
    """"""
    Write a function that takes a message, and encodes in such a 
    way that it","def encode(message):
    """"""
    Write a function that takes a message, and encodes in such a 
    way that it swaps "
Q95,HumanEval-94,humaneval,local,"Complete the following Python function. Return only the full function implementation.

def skjkasdkd(lst):
    """"""You are given a list of integers.
    You need to find the largest prime value and ","def skjkasdkd(lst):
    """"""You are given a list of integers.
    You need to find the largest prime value and return "
Q96,HumanEval-95,humaneval,local,"Complete the following Python function. Return only the full function implementation.

def check_dict_case(dict):
    """"""
    Given a dictionary, return True if all keys are strings in lower 
    c","def check_dict_case(dict):
    """"""
    Given a dictionary, return True if all keys are strings in lower 
    case or "
Q97,HumanEval-96,humaneval,local,"Complete the following Python function. Return only the full function implementation.

def count_up_to(n):
    """"""Implement a function that takes an non-negative integer and returns an array of the","def count_up_to(n):
    """"""Implement a function that takes an non-negative integer and returns an array of the first "
Q98,HumanEval-97,humaneval,local,"Complete the following Python function. Return only the full function implementation.

def multiply(a, b):
    """"""Complete the function that takes two integers and returns 
    the product of their","def multiply(a, b):
    """"""Complete the function that takes two integers and returns 
    the product of their unit d"
Q99,HumanEval-98,humaneval,local,"Complete the following Python function. Return only the full function implementation.

def count_upper(s):
    """"""
    Given a string s, count the number of uppercase vowels in even indices.
    
 ","def count_upper(s):
    """"""
    Given a string s, count the number of uppercase vowels in even indices.
    
    For "
Q100,HumanEval-99,humaneval,local,"Complete the following Python function. Return only the full function implementation.

def closest_integer(value):
    '''
    Create a function that takes a value (string) representing a number
    a","def closest_integer(value):
    '''
    Create a function that takes a value (string) representing a number
    and retu"
Q101,HumanEval-100,humaneval,local,"Complete the following Python function. Return only the full function implementation.

def make_a_pile(n):
    """"""
    Given a positive integer n, you have to make a pile of n levels of stones.
   ","def make_a_pile(n):
    """"""
    Given a positive integer n, you have to make a pile of n levels of stones.
    The fi"
Q102,HumanEval-101,humaneval,local,"Complete the following Python function. Return only the full function implementation.

def words_string(s):
    """"""
    You will be given a string of words separated by commas or spaces. Your task ","def words_string(s):
    """"""
    You will be given a string of words separated by commas or spaces. Your task is
    "
Q103,HumanEval-102,humaneval,local,"Complete the following Python function. Return only the full function implementation.

def choose_num(x, y):
    """"""This function takes two positive numbers x and y and returns the
    biggest even","def choose_num(x, y):
    """"""This function takes two positive numbers x and y and returns the
    biggest even intege"
Q104,HumanEval-103,humaneval,local,"Complete the following Python function. Return only the full function implementation.

def rounded_avg(n, m):
    """"""You are given two positive integers n and m, and your task is to compute the
   ","def rounded_avg(n, m):
    """"""You are given two positive integers n and m, and your task is to compute the
    averag"
Q105,HumanEval-104,humaneval,local,"Complete the following Python function. Return only the full function implementation.

def unique_digits(x):
    """"""Given a list of positive integers x. return a sorted list of all 
    elements th","def unique_digits(x):
    """"""Given a list of positive integers x. return a sorted list of all 
    elements that hasn"
Q106,HumanEval-105,humaneval,local,"Complete the following Python function. Return only the full function implementation.

def by_length(arr):
    """"""
    Given an array of integers, sort the integers that are between 1 and 9 inclusi","def by_length(arr):
    """"""
    Given an array of integers, sort the integers that are between 1 and 9 inclusive,
   "
Q107,HumanEval-106,humaneval,local,"Complete the following Python function. Return only the full function implementation.

def f(n):
    """""" Implement the function f that takes n as a parameter,
    and returns a list of size n, such","def f(n):
    """""" Implement the function f that takes n as a parameter,
    and returns a list of size n, such that t"
Q108,HumanEval-107,humaneval,local,"Complete the following Python function. Return only the full function implementation.

def even_odd_palindrome(n):
    """"""
    Given a positive integer n, return a tuple that has the number of even","def even_odd_palindrome(n):
    """"""
    Given a positive integer n, return a tuple that has the number of even and od"
Q109,HumanEval-108,humaneval,local,"Complete the following Python function. Return only the full function implementation.

def count_nums(arr):
    """"""
    Write a function count_nums which takes an array of integers and returns
    ","def count_nums(arr):
    """"""
    Write a function count_nums which takes an array of integers and returns
    the num"
Q110,HumanEval-109,humaneval,local,"Complete the following Python function. Return only the full function implementation.

def move_one_ball(arr):
    """"""We have an array 'arr' of N integers arr[1], arr[2], ..., arr[N].The
    number","def move_one_ball(arr):
    """"""We have an array 'arr' of N integers arr[1], arr[2], ..., arr[N].The
    numbers in th"
Q111,HumanEval-110,humaneval,local,"Complete the following Python function. Return only the full function implementation.

def exchange(lst1, lst2):
    """"""In this problem, you will implement a function that takes two lists of number","def exchange(lst1, lst2):
    """"""In this problem, you will implement a function that takes two lists of numbers,
    "
Q112,HumanEval-111,humaneval,local,"Complete the following Python function. Return only the full function implementation.

def histogram(test):
    """"""Given a string representing a space separated lowercase letters, return a dictiona","def histogram(test):
    """"""Given a string representing a space separated lowercase letters, return a dictionary
    "
Q113,HumanEval-112,humaneval,local,"Complete the following Python function. Return only the full function implementation.

def reverse_delete(s,c):
    """"""Task
    We are given two strings s and c, you have to deleted all the charact","def reverse_delete(s,c):
    """"""Task
    We are given two strings s and c, you have to deleted all the characters in "
Q114,HumanEval-113,humaneval,local,"Complete the following Python function. Return only the full function implementation.

def odd_count(lst):
    """"""Given a list of strings, where each string consists of only digits, return a list.
","def odd_count(lst):
    """"""Given a list of strings, where each string consists of only digits, return a list.
    Eac"
Q115,HumanEval-114,humaneval,local,"Complete the following Python function. Return only the full function implementation.

def minSubArraySum(nums):
    """"""
    Given an array of integers nums, find the minimum sum of any non-empty s","def minSubArraySum(nums):
    """"""
    Given an array of integers nums, find the minimum sum of any non-empty sub-arra"
Q116,HumanEval-115,humaneval,local,"Complete the following Python function. Return only the full function implementation.

def max_fill(grid, capacity):
    import math
    """"""
    You are given a rectangular grid of wells. Each row ","def max_fill(grid, capacity):
    import math
    """"""
    You are given a rectangular grid of wells. Each row represe"
Q117,HumanEval-116,humaneval,local,"Complete the following Python function. Return only the full function implementation.

def sort_array(arr):
    """"""
    In this Kata, you have to sort an array of non-negative integers according to","def sort_array(arr):
    """"""
    In this Kata, you have to sort an array of non-negative integers according to
    nu"
Q118,HumanEval-117,humaneval,local,"Complete the following Python function. Return only the full function implementation.

def select_words(s, n):
    """"""Given a string s and a natural number n, you have been tasked to implement 
   ","def select_words(s, n):
    """"""Given a string s and a natural number n, you have been tasked to implement 
    a func"
Q119,HumanEval-118,humaneval,local,"Complete the following Python function. Return only the full function implementation.

def get_closest_vowel(word):
    """"""You are given a word. Your task is to find the closest vowel that stands b","def get_closest_vowel(word):
    """"""You are given a word. Your task is to find the closest vowel that stands between "
Q120,HumanEval-119,humaneval,local,"Complete the following Python function. Return only the full function implementation.

def match_parens(lst):
    '''
    You are given a list of two strings, both strings consist of open
    parenthe","def match_parens(lst):
    '''
    You are given a list of two strings, both strings consist of open
    parentheses '('"
Q121,HumanEval-120,humaneval,local,"Complete the following Python function. Return only the full function implementation.

def maximum(arr, k):
    """"""
    Given an array arr of integers and a positive integer k, return a sorted list","def maximum(arr, k):
    """"""
    Given an array arr of integers and a positive integer k, return a sorted list 
    o"
Q122,HumanEval-121,humaneval,local,"Complete the following Python function. Return only the full function implementation.

def solution(lst):
    """"""Given a non-empty list of integers, return the sum of all of the odd elements that a","def solution(lst):
    """"""Given a non-empty list of integers, return the sum of all of the odd elements that are in e"
Q123,HumanEval-122,humaneval,local,"Complete the following Python function. Return only the full function implementation.

def add_elements(arr, k):
    """"""
    Given a non-empty array of integers arr and an integer k, return
    the","def add_elements(arr, k):
    """"""
    Given a non-empty array of integers arr and an integer k, return
    the sum of"
Q124,HumanEval-123,humaneval,local,"Complete the following Python function. Return only the full function implementation.

def get_odd_collatz(n):
    """"""
    Given a positive integer n, return a sorted list that has the odd numbers ","def get_odd_collatz(n):
    """"""
    Given a positive integer n, return a sorted list that has the odd numbers in coll"
Q125,HumanEval-124,humaneval,local,"Complete the following Python function. Return only the full function implementation.

def valid_date(date):
    """"""You have to write a function which validates a given date string and
    returns ","def valid_date(date):
    """"""You have to write a function which validates a given date string and
    returns True if"
Q126,HumanEval-125,humaneval,local,"Complete the following Python function. Return only the full function implementation.

def split_words(txt):
    '''
    Given a string of words, return a list of words split on whitespace, if no whit","def split_words(txt):
    '''
    Given a string of words, return a list of words split on whitespace, if no whitespaces"
Q127,HumanEval-126,humaneval,local,"Complete the following Python function. Return only the full function implementation.

def is_sorted(lst):
    '''
    Given a list of numbers, return whether or not they are sorted
    in ascending o","def is_sorted(lst):
    '''
    Given a list of numbers, return whether or not they are sorted
    in ascending order. I"
Q128,HumanEval-127,humaneval,local,"Complete the following Python function. Return only the full function implementation.

def intersection(interval1, interval2):
    """"""You are given two intervals,
    where each interval is a pair ","def intersection(interval1, interval2):
    """"""You are given two intervals,
    where each interval is a pair of inte"
Q129,HumanEval-128,humaneval,local,"Complete the following Python function. Return only the full function implementation.

def prod_signs(arr):
    """"""
    You are given an array arr of integers and you need to return
    sum of magn","def prod_signs(arr):
    """"""
    You are given an array arr of integers and you need to return
    sum of magnitudes "
Q130,HumanEval-129,humaneval,local,"Complete the following Python function. Return only the full function implementation.

def minPath(grid, k):
    """"""
    Given a grid with N rows and N columns (N >= 2) and a positive integer k, 
 ","def minPath(grid, k):
    """"""
    Given a grid with N rows and N columns (N >= 2) and a positive integer k, 
    each"
Q131,HumanEval-130,humaneval,local,"Complete the following Python function. Return only the full function implementation.

def tri(n):
    """"""Everyone knows Fibonacci sequence, it was studied deeply by mathematicians in 
    the last","def tri(n):
    """"""Everyone knows Fibonacci sequence, it was studied deeply by mathematicians in 
    the last couple"
Q132,HumanEval-131,humaneval,local,"Complete the following Python function. Return only the full function implementation.

def digits(n):
    """"""Given a positive integer n, return the product of the odd digits.
    Return 0 if all di","def digits(n):
    """"""Given a positive integer n, return the product of the odd digits.
    Return 0 if all digits ar"
Q133,HumanEval-132,humaneval,local,"Complete the following Python function. Return only the full function implementation.

def is_nested(string):
    '''
    Create a function that takes a string as input which contains only square brac","def is_nested(string):
    '''
    Create a function that takes a string as input which contains only square brackets.
 "
Q134,HumanEval-133,humaneval,local,"Complete the following Python function. Return only the full function implementation.

def sum_squares(lst):
    """"""You are given a list of numbers.
    You need to return the sum of squared number","def sum_squares(lst):
    """"""You are given a list of numbers.
    You need to return the sum of squared numbers in th"
Q135,HumanEval-134,humaneval,local,"Complete the following Python function. Return only the full function implementation.

def check_if_last_char_is_a_letter(txt):
    '''
    Create a function that returns True if the last character
  ","def check_if_last_char_is_a_letter(txt):
    '''
    Create a function that returns True if the last character
    of a "
Q136,HumanEval-135,humaneval,local,"Complete the following Python function. Return only the full function implementation.

def can_arrange(arr):
    """"""Create a function which returns the largest index of an element which
    is not ","def can_arrange(arr):
    """"""Create a function which returns the largest index of an element which
    is not greater"
Q137,HumanEval-136,humaneval,local,"Complete the following Python function. Return only the full function implementation.

def largest_smallest_integers(lst):
    '''
    Create a function that returns a tuple (a, b), where 'a' is
    t","def largest_smallest_integers(lst):
    '''
    Create a function that returns a tuple (a, b), where 'a' is
    the larg"
Q138,HumanEval-137,humaneval,local,"Complete the following Python function. Return only the full function implementation.

def compare_one(a, b):
    """"""
    Create a function that takes integers, floats, or strings representing
    ","def compare_one(a, b):
    """"""
    Create a function that takes integers, floats, or strings representing
    real nu"
Q139,HumanEval-138,humaneval,local,"Complete the following Python function. Return only the full function implementation.

def is_equal_to_sum_even(n):
    """"""Evaluate whether the given number n can be written as the sum of exactly 4","def is_equal_to_sum_even(n):
    """"""Evaluate whether the given number n can be written as the sum of exactly 4 positi"
Q140,HumanEval-139,humaneval,local,"Complete the following Python function. Return only the full function implementation.

def special_factorial(n):
    """"""The Brazilian factorial is defined as:
    brazilian_factorial(n) = n! * (n-1","def special_factorial(n):
    """"""The Brazilian factorial is defined as:
    brazilian_factorial(n) = n! * (n-1)! * (n"
Q141,HumanEval-140,humaneval,local,"Complete the following Python function. Return only the full function implementation.

def fix_spaces(text):
    """"""
    Given a string text, replace all spaces in it with underscores, 
    and if ","def fix_spaces(text):
    """"""
    Given a string text, replace all spaces in it with underscores, 
    and if a strin"
Q142,HumanEval-141,humaneval,local,"Complete the following Python function. Return only the full function implementation.

def file_name_check(file_name):
    """"""Create a function which takes a string representing a file's name, and ","def file_name_check(file_name):
    """"""Create a function which takes a string representing a file's name, and returns"
Q143,HumanEval-142,humaneval,local,"Complete the following Python function. Return only the full function implementation.

def sum_squares(lst):
    """"""""
    This function will take a list of integers. For all entries in the list, t","def sum_squares(lst):
    """"""""
    This function will take a list of integers. For all entries in the list, the func"
Q144,HumanEval-143,humaneval,local,"Complete the following Python function. Return only the full function implementation.

def words_in_sentence(sentence):
    """"""
    You are given a string representing a sentence,
    the sentence ","def words_in_sentence(sentence):
    """"""
    You are given a string representing a sentence,
    the sentence contain"
Q145,HumanEval-144,humaneval,local,"Complete the following Python function. Return only the full function implementation.

def simplify(x, n):
    """"""Your task is to implement a function that will simplify the expression
    x * n. T","def simplify(x, n):
    """"""Your task is to implement a function that will simplify the expression
    x * n. The func"
Q146,HumanEval-145,humaneval,local,"Complete the following Python function. Return only the full function implementation.

def order_by_points(nums):
    """"""
    Write a function which sorts the given list of integers
    in ascendin","def order_by_points(nums):
    """"""
    Write a function which sorts the given list of integers
    in ascending order"
Q147,HumanEval-146,humaneval,local,"Complete the following Python function. Return only the full function implementation.

def specialFilter(nums):
    """"""Write a function that takes an array of numbers as input and returns 
    the ","def specialFilter(nums):
    """"""Write a function that takes an array of numbers as input and returns 
    the number "
Q148,HumanEval-147,humaneval,local,"Complete the following Python function. Return only the full function implementation.

def get_max_triples(n):
    """"""
    You are given a positive integer n. You have to create an integer array a ","def get_max_triples(n):
    """"""
    You are given a positive integer n. You have to create an integer array a of leng"
Q149,HumanEval-148,humaneval,local,"Complete the following Python function. Return only the full function implementation.

def bf(planet1, planet2):
    '''
    There are eight planets in our solar system: the closerst to the Sun 
    i","def bf(planet1, planet2):
    '''
    There are eight planets in our solar system: the closerst to the Sun 
    is Mercu"
Q150,HumanEval-149,humaneval,local,"Complete the following Python function. Return only the full function implementation.

def sorted_list_sum(lst):
    """"""Write a function that accepts a list of strings as a parameter,
    deletes t","def sorted_list_sum(lst):
    """"""Write a function that accepts a list of strings as a parameter,
    deletes the stri"
Q151,HumanEval-150,humaneval,local,"Complete the following Python function. Return only the full function implementation.

def x_or_y(n, x, y):
    """"""A simple program which should return the value of x if n is 
    a prime number an","def x_or_y(n, x, y):
    """"""A simple program which should return the value of x if n is 
    a prime number and shoul"
Q152,HumanEval-151,humaneval,local,"Complete the following Python function. Return only the full function implementation.

def double_the_difference(lst):
    '''
    Given a list of numbers, return the sum of squares of the numbers
   ","def double_the_difference(lst):
    '''
    Given a list of numbers, return the sum of squares of the numbers
    in the"
Q153,HumanEval-152,humaneval,local,"Complete the following Python function. Return only the full function implementation.

def compare(game,guess):
    """"""I think we all remember that feeling when the result of some long-awaited
    ","def compare(game,guess):
    """"""I think we all remember that feeling when the result of some long-awaited
    event i"
Q154,HumanEval-153,humaneval,local,"Complete the following Python function. Return only the full function implementation.

def Strongest_Extension(class_name, extensions):
    """"""You will be given the name of a class (a string) and a","def Strongest_Extension(class_name, extensions):
    """"""You will be given the name of a class (a string) and a list o"
Q155,HumanEval-154,humaneval,local,"Complete the following Python function. Return only the full function implementation.

def cycpattern_check(a , b):
    """"""You are given 2 words. You need to return True if the second word or any o","def cycpattern_check(a , b):
    """"""You are given 2 words. You need to return True if the second word or any of its r"
Q156,HumanEval-155,humaneval,local,"Complete the following Python function. Return only the full function implementation.

def even_odd_count(num):
    """"""Given an integer. return a tuple that has the number of even and odd digits re","def even_odd_count(num):
    """"""Given an integer. return a tuple that has the number of even and odd digits respectiv"
Q157,HumanEval-156,humaneval,local,"Complete the following Python function. Return only the full function implementation.

def int_to_mini_roman(number):
    """"""
    Given a positive integer, obtain its roman numeral equivalent as a ","def int_to_mini_roman(number):
    """"""
    Given a positive integer, obtain its roman numeral equivalent as a string,"
Q158,HumanEval-157,humaneval,local,"Complete the following Python function. Return only the full function implementation.

def right_angle_triangle(a, b, c):
    '''
    Given the lengths of the three sides of a triangle. Return True if","def right_angle_triangle(a, b, c):
    '''
    Given the lengths of the three sides of a triangle. Return True if the th"
Q159,HumanEval-158,humaneval,local,"Complete the following Python function. Return only the full function implementation.

def find_max(words):
    """"""Write a function that accepts a list of strings.
    The list contains different w","def find_max(words):
    """"""Write a function that accepts a list of strings.
    The list contains different words. R"
Q160,HumanEval-159,humaneval,local,"Complete the following Python function. Return only the full function implementation.

def eat(number, need, remaining):
    """"""
    You're a hungry rabbit, and you already have eaten a certain num","def eat(number, need, remaining):
    """"""
    You're a hungry rabbit, and you already have eaten a certain number of "
Q161,HumanEval-160,humaneval,local,"Complete the following Python function. Return only the full function implementation.

def do_algebra(operator, operand):
    """"""
    Given two lists operator, and operand. The first list has basic","def do_algebra(operator, operand):
    """"""
    Given two lists operator, and operand. The first list has basic algebr"
Q162,HumanEval-161,humaneval,local,"Complete the following Python function. Return only the full function implementation.

def solve(s):
    """"""You are given a string s.
    if s[i] is a letter, reverse its case from lower to upper o","def solve(s):
    """"""You are given a string s.
    if s[i] is a letter, reverse its case from lower to upper or vise "
Q163,HumanEval-162,humaneval,local,"Complete the following Python function. Return only the full function implementation.

def string_to_md5(text):
    """"""
    Given a string 'text', return its md5 hash equivalent string.
    If 'tex","def string_to_md5(text):
    """"""
    Given a string 'text', return its md5 hash equivalent string.
    If 'text' is a"
Q164,HumanEval-163,humaneval,local,"Complete the following Python function. Return only the full function implementation.

def generate_integers(a, b):
    """"""
    Given two positive integers a and b, return the even digits between a","def generate_integers(a, b):
    """"""
    Given two positive integers a and b, return the even digits between a
    an"
Q165,MBPP-11,mbpp,local,"Write a Python function for the following problem. Return only code.

Write a python function to remove first and last occurrence of a given character from the string.","def remove_Occ(s,ch): 
    for i in range(len(s)): 
        if (s[i] == ch): 
            s = s[0 : i] + s[i + 1:] 
"
Q166,MBPP-12,mbpp,local,"Write a Python function for the following problem. Return only code.

Write a function to sort a given matrix in ascending order according to the sum of its rows.","def sort_matrix(M):
    result = sorted(M, key=sum)
    return result"
Q167,MBPP-13,mbpp,local,"Write a Python function for the following problem. Return only code.

Write a function to count the most common words in a dictionary.","from collections import Counter
def count_common(words):
  word_counts = Counter(words)
  top_four = word_counts.most"
Q168,MBPP-14,mbpp,local,"Write a Python function for the following problem. Return only code.

Write a python function to find the volume of a triangular prism.","def find_Volume(l,b,h) : 
    return ((l * b * h) / 2)"
Q169,MBPP-15,mbpp,local,"Write a Python function for the following problem. Return only code.

Write a function to split a string at lowercase letters.","import re
def split_lowerstring(text):
 return (re.findall('[a-z][^a-z]*', text))"
Q170,MBPP-16,mbpp,local,"Write a Python function for the following problem. Return only code.

Write a function to find sequences of lowercase letters joined with an underscore.","import re
def text_lowercase_underscore(text):
        patterns = '^[a-z]+_[a-z]+$'
        if re.search(patterns,  t"
Q171,MBPP-17,mbpp,local,"Write a Python function for the following problem. Return only code.

Write a function to find the perimeter of a square.","def square_perimeter(a):
  perimeter=4*a
  return perimeter"
Q172,MBPP-18,mbpp,local,"Write a Python function for the following problem. Return only code.

Write a function to remove characters from the first string which are present in the second string.","NO_OF_CHARS = 256
def str_to_list(string): 
	temp = [] 
	for x in string: 
		temp.append(x) 
	return temp 
def lst"
Q173,MBPP-19,mbpp,local,"Write a Python function for the following problem. Return only code.

Write a function to find whether a given array of integers contains any duplicate element.","def test_duplicate(arraynums):
    nums_set = set(arraynums)    
    return len(arraynums) != len(nums_set)"
Q174,MBPP-20,mbpp,local,"Write a Python function for the following problem. Return only code.

Write a function to check if the given number is woodball or not.","def is_woodall(x): 
	if (x % 2 == 0): 
		return False
	if (x == 1): 
		return True
	x = x + 1 
	p = 0
	while (x %"
Q175,MBPP-21,mbpp,local,"Write a Python function for the following problem. Return only code.

Write a function to find m number of multiples of n.","def multiples_of_num(m,n): 
    multiples_of_num= list(range(n,(m+1)*n, n)) 
    return list(multiples_of_num)"
Q176,MBPP-22,mbpp,local,"Write a Python function for the following problem. Return only code.

Write a function to find the first duplicate element in a given array of integers.","def find_first_duplicate(nums):
    num_set = set()
    no_duplicate = -1

    for i in range(len(nums)):

       "
Q177,MBPP-23,mbpp,local,"Write a Python function for the following problem. Return only code.

Write a python function to find the maximum sum of elements of list in a list of lists.","def maximum_Sum(list1): 
    maxi = -100000
    for x in list1: 
        sum = 0 
        for y in x: 
            "
Q178,MBPP-24,mbpp,local,"Write a Python function for the following problem. Return only code.

Write a function to convert the given binary number to its decimal equivalent.","def binary_to_decimal(binary): 
    binary1 = binary 
    decimal, i, n = 0, 0, 0
    while(binary != 0): 
        d"
Q179,MBPP-25,mbpp,local,"Write a Python function for the following problem. Return only code.

Write a python function to find the product of non-repeated elements in a given array.","def find_Product(arr,n): 
    arr.sort() 
    prod = 1
    for i in range(0,n,1): 
        if (arr[i - 1] != arr[i])"
Q180,MBPP-26,mbpp,local,"Write a Python function for the following problem. Return only code.

Write a function to check if the given tuple list has all k elements.","def check_k_elements(test_list, K):
  res = True
  for tup in test_list:
    for ele in tup:
      if ele != K:
   "
Q181,MBPP-27,mbpp,local,"Write a Python function for the following problem. Return only code.

Write a python function to remove all digits from a list of strings.","import re  
def remove(list): 
    pattern = '[0-9]'
    list = [re.sub(pattern, '', i) for i in list] 
    return l"
Q182,MBPP-28,mbpp,local,"Write a Python function for the following problem. Return only code.

Write a python function to find binomial co-efficient.","def binomial_Coeff(n,k): 
    if k > n : 
       return 0
    if k==0 or k ==n : 
        return 1 
    return bino"
Q183,MBPP-29,mbpp,local,"Write a Python function for the following problem. Return only code.

Write a python function to find the element occurring odd number of times.","def get_Odd_Occurrence(arr,arr_size):   
    for i in range(0,arr_size): 
        count = 0
        for j in range(0,"
Q184,MBPP-30,mbpp,local,"Write a Python function for the following problem. Return only code.

Write a python function to count all the substrings starting and ending with same characters.","def check_Equality(s): 
    return (ord(s[0]) == ord(s[len(s) - 1])); 
def count_Substring_With_Equal_Ends(s): 
    r"
Q185,MBPP-31,mbpp,local,"Write a Python function for the following problem. Return only code.

Write a function to find the top k integers that occur most frequently from given lists of sorted and distinct integers using heap","def func(nums, k):
    import collections
    d = collections.defaultdict(int)
    for row in nums:
        for i in"
Q186,MBPP-32,mbpp,local,"Write a Python function for the following problem. Return only code.

Write a python function to find the largest prime factor of a given number.","import math 
def max_Prime_Factors (n): 
    maxPrime = -1 
    while n%2 == 0: 
        maxPrime = 2
        n >>="
Q187,MBPP-33,mbpp,local,"Write a Python function for the following problem. Return only code.

Write a python function to convert a decimal number to binary number.","def decimal_To_Binary(N): 
    B_Number = 0
    cnt = 0
    while (N != 0): 
        rem = N % 2
        c = pow(10"
Q188,MBPP-34,mbpp,local,"Write a Python function for the following problem. Return only code.

Write a python function to find the missing number in a sorted array.","def find_missing(ar,N): 
    l = 0
    r = N - 1
    while (l <= r):  
        mid = (l + r) / 2
        mid= int ("
Q189,MBPP-35,mbpp,local,"Write a Python function for the following problem. Return only code.

Write a function to find the n-th rectangular number.","def find_rect_num(n):
  return n*(n + 1)"
Q190,MBPP-36,mbpp,local,"Write a Python function for the following problem. Return only code.

Write a python function to find the nth digit in the proper fraction of two given numbers.","def find_Nth_Digit(p,q,N) :  
    while (N > 0) : 
        N -= 1;  
        p *= 10;  
        res = p // q;  
   "
Q191,MBPP-37,mbpp,local,"Write a Python function for the following problem. Return only code.

Write a function to sort a given mixed list of integers and strings.","def sort_mixed_list(mixed_list):
    int_part = sorted([i for i in mixed_list if type(i) is int])
    str_part = sorte"
Q192,MBPP-38,mbpp,local,"Write a Python function for the following problem. Return only code.

Write a function to find the division of first even and odd number of a given list.","def div_even_odd(list1):
    first_even = next((el for el in list1 if el%2==0),-1)
    first_odd = next((el for el in "
Q193,MBPP-39,mbpp,local,"Write a Python function for the following problem. Return only code.

Write a function to check if the letters of a given string can be rearranged so that two characters that are adjacent to each othe","import heapq
from collections import Counter
def rearange_string(S):
    ctr = Counter(S)
    heap = [(-value, key) "
Q194,MBPP-40,mbpp,local,"Write a Python function for the following problem. Return only code.

Write a function to find frequency of the elements in a given list of lists using collections module.","from collections import Counter
from itertools import chain
def freq_element(nums):
  result = Counter(chain.from_ite"
Q195,MBPP-41,mbpp,local,"Write a Python function for the following problem. Return only code.

Write a function to filter even numbers using lambda function.","def filter_evennumbers(nums):
 even_nums = list(filter(lambda x: x%2 == 0, nums))
 return even_nums"
Q196,MBPP-42,mbpp,local,"Write a Python function for the following problem. Return only code.

Write a python function to find the sum of repeated elements in a given array.","def find_Sum(arr,n): 
    return sum([x for x in arr if arr.count(x) > 1])"
Q197,MBPP-43,mbpp,local,"Write a Python function for the following problem. Return only code.

Write a function to find sequences of lowercase letters joined with an underscore using regex.","import re
def text_match(text):
  patterns = '^[a-z]+_[a-z]+$'
  if re.search(patterns,  text):
    return ('Found a"
Q198,MBPP-44,mbpp,local,"Write a Python function for the following problem. Return only code.

Write a function that matches a word at the beginning of a string.","import re
def text_match_string(text):
        patterns = '^\w+'
        if re.search(patterns,  text):
            "
Q199,MBPP-45,mbpp,local,"Write a Python function for the following problem. Return only code.

Write a function to find the gcd of the given array elements.","def find_gcd(x, y): 
	while(y): 
		x, y = y, x % y 
	return x 
def get_gcd(l):
  num1 = l[0]
  num2 = l[1]
  gcd "
Q200,MBPP-46,mbpp,local,"Write a Python function for the following problem. Return only code.

Write a python function to determine whether all the numbers are different from each other are not.","def test_distinct(data):
  if len(data) == len(set(data)):
    return True
  else:
    return False;"
Q201,MBPP-47,mbpp,local,"Write a Python function for the following problem. Return only code.

Write a python function to find the last digit when factorial of a divides factorial of b.","def compute_Last_Digit(A,B): 
    variable = 1
    if (A == B): 
        return 1
    elif ((B - A) >= 5):  
      "
Q202,MBPP-48,mbpp,local,"Write a Python function for the following problem. Return only code.

Write a python function to set all odd bits of a given number.","def odd_bit_set_number(n):
    count = 0;res = 0;temp = n
    while temp > 0:
        if count % 2 == 0:
           "
Q203,MBPP-49,mbpp,local,"Write a Python function for the following problem. Return only code.

Write a function to extract every first or specified element from a given two-dimensional list.","def specified_element(nums, N):
    result = [i[N] for i in nums]
    return result"
Q204,MBPP-50,mbpp,local,"Write a Python function for the following problem. Return only code.

Write a function to find the list with minimum length using lambda function.","def min_length_list(input_list):
    min_length = min(len(x) for x in input_list )  
    min_list = min(input_list, ke"
Q205,MBPP-51,mbpp,local,"Write a Python function for the following problem. Return only code.

Write a function to print check if the triangle is equilateral or not.","def check_equilateral(x,y,z):
  if x == y == z:
	   return True
  else:
     return False"
Q206,MBPP-52,mbpp,local,"Write a Python function for the following problem. Return only code.

Write a function to caluclate area of a parallelogram.","def parallelogram_area(b,h):
  area=b*h
  return area"
Q207,MBPP-53,mbpp,local,"Write a Python function for the following problem. Return only code.

Write a python function to check whether the first and last characters of a given string are equal or not.","def check_Equality(str):
  if (str[0] == str[-1]):  
    return (""Equal"") 
  else:  
    return (""Not Equal"")"
Q208,MBPP-54,mbpp,local,"Write a Python function for the following problem. Return only code.

Write a function to sort the given array by using counting sort.","def counting_sort(my_list):
    max_value = 0
    for i in range(len(my_list)):
        if my_list[i] > max_value:
 "
Q209,MBPP-55,mbpp,local,"Write a Python function for the following problem. Return only code.

Write a function to find t-nth term of geometric series.","import math
def tn_gp(a,n,r):
  tn = a * (math.pow(r, n - 1))
  return tn"
Q210,MBPP-56,mbpp,local,"Write a Python function for the following problem. Return only code.

Write a python function to check if a given number is one less than twice its reverse.","def rev(num):    
    rev_num = 0
    while (num > 0):  
        rev_num = (rev_num * 10 + num % 10) 
        num = "
Q211,MBPP-57,mbpp,local,"Write a Python function for the following problem. Return only code.

Write a python function to find the largest number that can be formed with the given digits.","def find_Max_Num(arr,n) : 
    arr.sort(reverse = True) 
    num = arr[0] 
    for i in range(1,n) : 
        num = "
Q212,MBPP-58,mbpp,local,"Write a Python function for the following problem. Return only code.

Write a python function to check whether the given two integers have opposite sign or not.","def opposite_Signs(x,y): 
    return ((x ^ y) < 0);"
Q213,MBPP-59,mbpp,local,"Write a Python function for the following problem. Return only code.

Write a function to find the nth octagonal number.","def is_octagonal(n): 
	return 3 * n * n - 2 * n"
Q214,MBPP-60,mbpp,local,"Write a Python function for the following problem. Return only code.

Write a function to find the maximum length of the subsequence with difference between adjacent elements for the given array.","def max_len_sub( arr, n): 
	mls=[] 
	max = 0
	for i in range(n): 
		mls.append(1) 
	for i in range(n): 
		for j in"
Q215,MBPP-61,mbpp,local,"Write a Python function for the following problem. Return only code.

Write a python function to count number of substrings with the sum of digits equal to their length.","from collections import defaultdict
def count_Substrings(s,n):
    count,sum = 0,0
    mp = defaultdict(lambda : 0)
"
Q216,MBPP-62,mbpp,local,"Write a Python function for the following problem. Return only code.

Write a python function to find smallest number in a list.","def smallest_num(xs):
  return min(xs)"
Q217,MBPP-63,mbpp,local,"Write a Python function for the following problem. Return only code.

Write a function to find the maximum difference between available pairs in the given tuple list.","def max_difference(test_list):
  temp = [abs(b - a) for a, b in test_list]
  res = max(temp)
  return (res)"
Q218,MBPP-64,mbpp,local,"Write a Python function for the following problem. Return only code.

Write a function to sort a list of tuples using lambda.","def subject_marks(subjectmarks):
#subject_marks = [('English', 88), ('Science', 90), ('Maths', 97), ('Social sciences',"
Q219,MBPP-65,mbpp,local,"Write a Python function for the following problem. Return only code.

Write a function of recursion list sum.","def recursive_list_sum(data_list):
	total = 0
	for element in data_list:
		if type(element) == type([]):
			total = "
Q220,MBPP-66,mbpp,local,"Write a Python function for the following problem. Return only code.

Write a python function to count positive numbers in a list.","def pos_count(list):
  pos_count= 0
  for num in list: 
    if num >= 0: 
      pos_count += 1
  return pos_count"
Q221,MBPP-67,mbpp,local,"Write a Python function for the following problem. Return only code.

Write a function to find the number of ways to partition a set of bell numbers.","def bell_number(n):   
    bell = [[0 for i in range(n+1)] for j in range(n+1)] 
    bell[0][0] = 1
    for i in rang"
Q222,MBPP-68,mbpp,local,"Write a Python function for the following problem. Return only code.

Write a python function to check whether the given array is monotonic or not.","def is_Monotonic(A): 
    return (all(A[i] <= A[i + 1] for i in range(len(A) - 1)) or
            all(A[i] >= A[i + 1]"
Q223,MBPP-69,mbpp,local,"Write a Python function for the following problem. Return only code.

Write a function to check whether a list contains the given sublist or not.","def is_sublist(l, s):
	sub_set = False
	if s == []:
		sub_set = True
	elif s == l:
		sub_set = True
	elif len(s) >"
Q224,MBPP-70,mbpp,local,"Write a Python function for the following problem. Return only code.

Write a function to find whether all the given tuples have equal length or not.","def find_equal_tuple(Input, k):
  flag = 1
  for tuple in Input:
    if len(tuple) != k:
      flag = 0
      break"
Q225,MBPP-71,mbpp,local,"Write a Python function for the following problem. Return only code.

Write a function to sort a list of elements using comb sort.","def comb_sort(nums):
    shrink_fact = 1.3
    gaps = len(nums)
    swapped = True
    i = 0
    while gaps > 1 or "
Q226,MBPP-72,mbpp,local,"Write a Python function for the following problem. Return only code.

Write a python function to check whether the given number can be represented as difference of two squares or not.","def dif_Square(n): 
    if (n % 4 != 2): 
        return True
    return False"
Q227,MBPP-73,mbpp,local,"Write a Python function for the following problem. Return only code.

Write a function to split the given string with multiple delimiters by using regex.","import re
def multiple_split(text):
  return (re.split('; |, |\*|\n',text))"
Q228,MBPP-74,mbpp,local,"Write a Python function for the following problem. Return only code.

Write a function to check whether it follows the sequence given in the patterns array.","def is_samepatterns(colors, patterns):    
    if len(colors) != len(patterns):
        return False    
    sdict = "
Q229,MBPP-75,mbpp,local,"Write a Python function for the following problem. Return only code.

Write a function to find tuples which have all elements divisible by k from the given list of tuples.","def find_tuples(test_list, K):
  res = [sub for sub in test_list if all(ele % K == 0 for ele in sub)]
  return (str(re"
Q230,MBPP-76,mbpp,local,"Write a Python function for the following problem. Return only code.

Write a python function to count the number of squares in a rectangle.","def count_Squares(m,n):
    if(n < m):
        temp = m
        m = n
        n = temp
    return ((m * (m + 1) * ("
Q231,MBPP-77,mbpp,local,"Write a Python function for the following problem. Return only code.

Write a python function to find the difference between sum of even and odd digits.","def is_Diff(n): 
    return (n % 11 == 0)"
Q232,MBPP-78,mbpp,local,"Write a Python function for the following problem. Return only code.

Write a python function to find number of integers with odd number of set bits.","def count_With_Odd_SetBits(n): 
    if (n % 2 != 0): 
        return (n + 1) / 2
    count = bin(n).count('1') 
    "
Q233,MBPP-79,mbpp,local,"Write a Python function for the following problem. Return only code.

Write a python function to check whether the length of the word is odd or not.","def word_len(s): 
    s = s.split(' ')   
    for word in s:    
        if len(word)%2!=0: 
            return True"
Q234,MBPP-80,mbpp,local,"Write a Python function for the following problem. Return only code.

Write a function to find the nth tetrahedral number.","def tetrahedral_number(n): 
	return (n * (n + 1) * (n + 2)) / 6"
Q235,MBPP-81,mbpp,local,"Write a Python function for the following problem. Return only code.

Write a function to zip the two given tuples.","def zip_tuples(test_tup1, test_tup2):
  res = []
  for i, j in enumerate(test_tup1):
    res.append((j, test_tup2[i %"
Q236,MBPP-82,mbpp,local,"Write a Python function for the following problem. Return only code.

Write a function to find the volume of a sphere.","import math
def volume_sphere(r):
  volume=(4/3)*math.pi*r*r*r
  return volume"
Q237,MBPP-83,mbpp,local,"Write a Python function for the following problem. Return only code.

Write a python function to find the character made by adding all the characters of the given string.","def get_Char(strr):  
    summ = 0
    for i in range(len(strr)): 
        summ += (ord(strr[i]) - ord('a') + 1)  
 "
Q238,MBPP-84,mbpp,local,"Write a Python function for the following problem. Return only code.

Write a function to find the n-th number in newman conway sequence.","def sequence(n): 
	if n == 1 or n == 2: 
		return 1
	else: 
		return sequence(sequence(n-1)) + sequence(n-sequence(n"
Q239,MBPP-85,mbpp,local,"Write a Python function for the following problem. Return only code.

Write a function to find the surface area of a sphere.","import math
def surfacearea_sphere(r):
  surfacearea=4*math.pi*r*r
  return surfacearea"
Q240,MBPP-86,mbpp,local,"Write a Python function for the following problem. Return only code.

Write a function to find nth centered hexagonal number.","def centered_hexagonal_number(n):
  return 3 * n * (n - 1) + 1"
Q241,MBPP-87,mbpp,local,"Write a Python function for the following problem. Return only code.

Write a function to merge three dictionaries into a single expression.","import collections as ct
def merge_dictionaries_three(dict1,dict2, dict3):
    merged_dict = dict(ct.ChainMap({},dict1"
Q242,MBPP-88,mbpp,local,"Write a Python function for the following problem. Return only code.

Write a function to get the frequency of the elements in a list.","import collections
def freq_count(list1):
  freq_count= collections.Counter(list1)
  return freq_count"
Q243,MBPP-89,mbpp,local,"Write a Python function for the following problem. Return only code.

Write a function to find the closest smaller number than n.","def closest_num(N):
  return (N - 1)"
Q244,MBPP-90,mbpp,local,"Write a Python function for the following problem. Return only code.

Write a python function to find the length of the longest word.","def len_log(list1):
    max=len(list1[0])
    for i in list1:
        if len(i)>max:
            max=len(i)
    ret"
Q245,MBPP-91,mbpp,local,"Write a Python function for the following problem. Return only code.

Write a function to check if a substring is present in a given list of string values.","def find_substring(str1, sub_str):
   if any(sub_str in s for s in str1):
       return True
   return False"
Q246,MBPP-92,mbpp,local,"Write a Python function for the following problem. Return only code.

Write a function to check whether the given number is undulating or not.","def is_undulating(n): 
	if (len(n) <= 2): 
		return False
	for i in range(2, len(n)): 
		if (n[i - 2] != n[i]): 
		"
Q247,MBPP-93,mbpp,local,"Write a Python function for the following problem. Return only code.

Write a function to calculate the value of 'a' to the power 'b'.","def power(a,b):
	if b==0:
		return 1
	elif a==0:
		return 0
	elif b==1:
		return a
	else:
		return a*power(a,b-1"
Q248,MBPP-94,mbpp,local,"Write a Python function for the following problem. Return only code.

Write a function to extract the index minimum value record from the given tuples.","from operator import itemgetter 
def index_minimum(test_list):
  res = min(test_list, key = itemgetter(1))[0]
  retur"
Q249,MBPP-95,mbpp,local,"Write a Python function for the following problem. Return only code.

Write a python function to find the minimum length of sublist.","def Find_Min_Length(lst):  
    minLength = min(len(x) for x in lst )
    return minLength"
Q250,MBPP-96,mbpp,local,"Write a Python function for the following problem. Return only code.

Write a python function to find the number of divisors of a given integer.","def divisor(n):
  for i in range(n):
    x = len([i for i in range(1,n+1) if not n % i])
  return x"
Q251,MBPP-97,mbpp,local,"Write a Python function for the following problem. Return only code.

Write a function to find frequency count of list of lists.","def frequency_lists(list1):
    list1 = [item for sublist in list1 for item in sublist]
    dic_data = {}
    for num"
Q252,MBPP-98,mbpp,local,"Write a Python function for the following problem. Return only code.

Write a function to multiply all the numbers in a list and divide with the length of the list.","def multiply_num(numbers):  
    total = 1
    for x in numbers:
        total *= x  
    return total/len(numbers)"
Q253,MBPP-99,mbpp,local,"Write a Python function for the following problem. Return only code.

Write a function to convert the given decimal number to its binary equivalent.","def decimal_to_binary(n): 
    return bin(n).replace(""0b"","""")"
Q254,MBPP-100,mbpp,local,"Write a Python function for the following problem. Return only code.

Write a function to find the next smallest palindrome of a specified number.","import sys
def next_smallest_palindrome(num):
    numstr = str(num)
    for i in range(num+1,sys.maxsize):
        i"
Q255,MBPP-101,mbpp,local,"Write a Python function for the following problem. Return only code.

Write a function to find the kth element in the given array.","def kth_element(arr, n, k):
  for i in range(n):
    for j in range(0, n-i-1):
      if arr[j] > arr[j+1]:
        a"
Q256,MBPP-102,mbpp,local,"Write a Python function for the following problem. Return only code.

Write a function to convert snake case string to camel case string.","def snake_to_camel(word):
        import re
        return ''.join(x.capitalize() or '_' for x in word.split('_'))"
Q257,MBPP-103,mbpp,local,"Write a Python function for the following problem. Return only code.

Write a function to find eulerian number a(n, m).","def eulerian_num(n, m): 
	if (m >= n or n == 0): 
		return 0 
	if (m == 0): 
		return 1 
	return ((n - m) * euleria"
Q258,MBPP-104,mbpp,local,"Write a Python function for the following problem. Return only code.

Write a function to sort each sublist of strings in a given list of lists using lambda function.","def sort_sublists(input_list):
    result = [sorted(x, key = lambda x:x[0]) for x in input_list] 
    return result"
Q259,MBPP-105,mbpp,local,"Write a Python function for the following problem. Return only code.

Write a python function to count true booleans in the given list.","def count(lst):   
    return sum(lst)"
Q260,MBPP-106,mbpp,local,"Write a Python function for the following problem. Return only code.

Write a function to add the given list to the given tuples.","def add_lists(test_list, test_tup):
  res = tuple(list(test_tup) + test_list)
  return (res)"
Q261,MBPP-107,mbpp,local,"Write a Python function for the following problem. Return only code.

Write a python function to count hexadecimal numbers for a given range.","def count_Hexadecimal(L,R) :  
    count = 0;  
    for i in range(L,R + 1) : 
        if (i >= 10 and i <= 15) : 
 "
Q262,MBPP-108,mbpp,local,"Write a Python function for the following problem. Return only code.

Write a function to merge multiple sorted inputs into a single sorted iterator using heap queue algorithm.","import heapq
def merge_sorted_list(num1,num2,num3):
  num1=sorted(num1)
  num2=sorted(num2)
  num3=sorted(num3)
  r"
Q263,MBPP-109,mbpp,local,"Write a Python function for the following problem. Return only code.

Write a python function to find the count of rotations of a binary string with odd value.","def odd_Equivalent(s,n): 
    count=0
    for i in range(0,n): 
        if (s[i] == '1'): 
            count = count"
Q264,MBPP-110,mbpp,local,"Write a Python function for the following problem. Return only code.

Write a function to extract the ranges that are missing from the given list with the given start range and end range values.","def extract_missing(test_list, strt_val, stop_val):
  res = []
  for sub in test_list:
    if sub[0] > strt_val:
   "
Q265,MBPP-111,mbpp,local,"Write a Python function for the following problem. Return only code.

Write a function to find common elements in given nested lists. * list item * list item * list item * list item","def common_in_nested_lists(nestedlist):
    result = list(set.intersection(*map(set, nestedlist)))
    return result"
Q266,MBPP-112,mbpp,local,"Write a Python function for the following problem. Return only code.

Write a python function to find the perimeter of a cylinder.","def perimeter(diameter,height) : 
    return 2*(diameter+height)"
Q267,MBPP-113,mbpp,local,"Write a Python function for the following problem. Return only code.

Write a function to check if a string represents an integer or not.","def check_integer(text):
 text = text.strip()
 if len(text) < 1:
    return None
 else:
     if all(text[i] in ""01"
Q268,MBPP-114,mbpp,local,"Write a Python function for the following problem. Return only code.

Write a function to assign frequency to each tuple in the given tuple list.","from collections import Counter 
def assign_freq(test_list):
  res = [(*key, val) for key, val in Counter(test_list).i"
Q269,MBPP-115,mbpp,local,"Write a Python function for the following problem. Return only code.

Write a function to check whether all dictionaries in a list are empty or not.","def empty_dit(list1):
 empty_dit=all(not d for d in list1)
 return empty_dit"
Q270,MBPP-116,mbpp,local,"Write a Python function for the following problem. Return only code.

Write a function to convert a given tuple of positive integers into an integer.","def tuple_to_int(nums):
    result = int(''.join(map(str,nums)))
    return result"
Q271,MBPP-117,mbpp,local,"Write a Python function for the following problem. Return only code.

Write a function to convert all possible convertible elements in the list to float.","def list_to_float(test_list):
  res = []
  for tup in test_list:
    temp = []
    for ele in tup:
      if ele.isa"
Q272,MBPP-118,mbpp,local,"Write a Python function for the following problem. Return only code.

[link text](https:// [link text](https:// [link text](https://)))write a function to convert a string to a list.","def string_to_list(string): 
    lst = list(string.split("" "")) 
    return lst"
Q273,MBPP-119,mbpp,local,"Write a Python function for the following problem. Return only code.

Write a python function to find the element that appears only once in a sorted array.","def search(arr,n) :
    XOR = 0
    for i in range(n) :
        XOR = XOR ^ arr[i]
    return (XOR)"
Q274,MBPP-120,mbpp,local,"Write a Python function for the following problem. Return only code.

Write a function to find the maximum product from the pairs of tuples within a given list.","def max_product_tuple(list1):
    result_max = max([abs(x * y) for x, y in list1] )
    return result_max"
Q275,MBPP-121,mbpp,local,"Write a Python function for the following problem. Return only code.

Write a function to find the triplet with sum of the given array","def check_triplet(A, n, sum, count):
    if count == 3 and sum == 0:
        return True
    if count == 3 or n == 0 "
Q276,MBPP-122,mbpp,local,"Write a Python function for the following problem. Return only code.

Write a function to find n’th smart number.","MAX = 3000 
def smartNumber(n): 
	primes = [0] * MAX 
	result = [] 
	for i in range(2, MAX): 
		if (primes[i] == 0)"
Q277,MBPP-123,mbpp,local,"Write a Python function for the following problem. Return only code.

Write a function to sum all amicable numbers from 1 to a specified number.","def amicable_numbers_sum(limit):
    if not isinstance(limit, int):
        return ""Input is not an integer!""
    i"
Q278,MBPP-124,mbpp,local,"Write a Python function for the following problem. Return only code.

Write a function to get the angle of a complex number.","import cmath
def angle_complex(a,b):
  cn=complex(a,b)
  angle=cmath.phase(a+b)
  return angle"
Q279,MBPP-125,mbpp,local,"Write a Python function for the following problem. Return only code.

Write a function to find the maximum difference between the number of 0s and number of 1s in any sub-string of the given binary st","def find_length(string, n): 
	current_sum = 0
	max_sum = 0
	for i in range(n): 
		current_sum += (1 if string[i] == "
Q280,MBPP-126,mbpp,local,"Write a Python function for the following problem. Return only code.

Write a python function to find the sum of common divisors of two given numbers.","def sum(a,b): 
    sum = 0
    for i in range (1,min(a,b)): 
        if (a % i == 0 and b % i == 0): 
            su"
Q281,MBPP-127,mbpp,local,"Write a Python function for the following problem. Return only code.

Write a function to multiply two integers without using the * operator in python.","def multiply_int(x, y):
    if y < 0:
        return -multiply_int(x, -y)
    elif y == 0:
        return 0
    eli"
Q282,MBPP-128,mbpp,local,"Write a Python function for the following problem. Return only code.

Write a function to shortlist words that are longer than n from a given list of words.","def long_words(n, str):
    word_len = []
    txt = str.split("" "")
    for x in txt:
        if len(x) > n:
     "
Q283,MBPP-129,mbpp,local,"Write a Python function for the following problem. Return only code.

Write a function to calculate magic square.","def magic_square_test(my_matrix):
    iSize = len(my_matrix[0])
    sum_list = []
    sum_list.extend([sum (lines) fo"
Q284,MBPP-130,mbpp,local,"Write a Python function for the following problem. Return only code.

Write a function to find the item with maximum frequency in a given list.","from collections import defaultdict
def max_occurrences(nums):
    dict = defaultdict(int)
    for i in nums:
      "
Q285,MBPP-131,mbpp,local,"Write a Python function for the following problem. Return only code.

Write a python function to reverse only the vowels of a given string.","def reverse_vowels(str1):
	vowels = """"
	for char in str1:
		if char in ""aeiouAEIOU"":
			vowels += char
	result_"
Q286,MBPP-132,mbpp,local,"Write a Python function for the following problem. Return only code.

Write a function to convert tuple to a string.","def tup_string(tup1):
  str =  ''.join(tup1)
  return str"
Q287,MBPP-133,mbpp,local,"Write a Python function for the following problem. Return only code.

Write a function to calculate the sum of the negative numbers of a given list of numbers using lambda function.","def sum_negativenum(nums):
  sum_negativenum = list(filter(lambda nums:nums<0,nums))
  return sum(sum_negativenum)"
Q288,MBPP-134,mbpp,local,"Write a Python function for the following problem. Return only code.

Write a python function to check whether the last element of given array is even or odd after performing an operation p times.","def check_last (arr,n,p): 
    _sum = 0
    for i in range(n): 
        _sum = _sum + arr[i] 
    if p == 1: 
     "
Q289,MBPP-135,mbpp,local,"Write a Python function for the following problem. Return only code.

Write a function to find the nth hexagonal number.","def hexagonal_num(n): 
	return n*(2*n - 1)"
Q290,MBPP-136,mbpp,local,"Write a Python function for the following problem. Return only code.

Write a function to calculate electricity bill.","def cal_electbill(units):
 if(units < 50):
    amount = units * 2.60
    surcharge = 25
 elif(units <= 100):
    am"
Q291,MBPP-137,mbpp,local,"Write a Python function for the following problem. Return only code.

Write a function to find the ration of zeroes in an array of integers.","from array import array
def zero_count(nums):
    n = len(nums)
    n1 = 0
    for x in nums:
        if x == 0:
 "
Q292,MBPP-138,mbpp,local,"Write a Python function for the following problem. Return only code.

Write a python function to check whether the given number can be represented as sum of non-zero powers of 2 or not.","def is_Sum_Of_Powers_Of_Two(n): 
    if (n % 2 == 1): 
        return False
    else: 
        return True"
Q293,MBPP-139,mbpp,local,"Write a Python function for the following problem. Return only code.

Write a function to find the circumference of a circle.","def circle_circumference(r):
  perimeter=2*3.1415*r
  return perimeter"
Q294,MBPP-140,mbpp,local,"Write a Python function for the following problem. Return only code.

Write a function to extract elements that occur singly in the given tuple list.","def extract_singly(test_list):
  res = []
  temp = set()
  for inner in test_list:
    for ele in inner:
      if n"
Q295,MBPP-141,mbpp,local,"Write a Python function for the following problem. Return only code.

Write a function to sort a list of elements using pancake sort.","def pancake_sort(nums):
    arr_len = len(nums)
    while arr_len > 1:
        mi = nums.index(max(nums[0:arr_len]))"
Q296,MBPP-142,mbpp,local,"Write a Python function for the following problem. Return only code.

Write a function to count the same pair in three given lists.","def count_samepair(list1,list2,list3):
    result = sum(m == n == o for m, n, o in zip(list1,list2,list3))
    return "
Q297,MBPP-143,mbpp,local,"Write a Python function for the following problem. Return only code.

Write a function to find number of lists present in the given tuple.","def find_lists(Input): 
	if isinstance(Input, list): 
		return 1
	else: 
		return len(Input)"
Q298,MBPP-144,mbpp,local,"Write a Python function for the following problem. Return only code.

Write a python function to find the sum of absolute differences in all pairs of the given array.","def sum_Pairs(arr,n): 
    sum = 0
    for i in range(n - 1,-1,-1): 
        sum += i*arr[i] - (n-1-i) * arr[i] 
   "
Q299,MBPP-145,mbpp,local,"Write a Python function for the following problem. Return only code.

Write a python function to find the maximum difference between any two elements in a given array.","def max_Abs_Diff(arr,n): 
    minEle = arr[0] 
    maxEle = arr[0] 
    for i in range(1, n): 
        minEle = min("
Q300,MBPP-146,mbpp,local,"Write a Python function for the following problem. Return only code.

Write a function to find the ascii value of total characters in a string.","def ascii_value_string(str1):
  for i in range(len(str1)):
   return ord(str1[i])"
Q301,MBPP-147,mbpp,local,"Write a Python function for the following problem. Return only code.

Write a function to find the maximum total path sum in the given triangle.","def max_path_sum(tri, m, n): 
	for i in range(m-1, -1, -1): 
		for j in range(i+1): 
			if (tri[i+1][j] > tri[i+1][j+"
Q302,MBPP-148,mbpp,local,"Write a Python function for the following problem. Return only code.

Write a function to divide a number into two parts such that the sum of digits is maximum.","def sum_digits_single(x) : 
    ans = 0
    while x : 
        ans += x % 10
        x //= 10  
    return ans 
de"
Q303,MBPP-149,mbpp,local,"Write a Python function for the following problem. Return only code.

Write a function to find the longest subsequence such that the difference between adjacents is one for the given array.","def longest_subseq_with_diff_one(arr, n): 
	dp = [1 for i in range(n)] 
	for i in range(n): 
		for j in range(i): 
	"
Q304,MBPP-150,mbpp,local,"Write a Python function for the following problem. Return only code.

Write a python function to find whether the given number is present in the infinite sequence or not.","def does_Contain_B(a,b,c): 
    if (a == b): 
        return True
    if ((b - a) * c > 0 and (b - a) % c == 0): 
  "
Q305,MBPP-151,mbpp,local,"Write a Python function for the following problem. Return only code.

Write a python function to check whether the given number is co-prime or not.","def gcd(p,q):
    while q != 0:
        p, q = q,p%q
    return p
def is_coprime(x,y):
    return gcd(x,y) == 1"
Q306,MBPP-152,mbpp,local,"Write a Python function for the following problem. Return only code.

Write a function to sort the given array by using merge sort.","def merge(a,b):
    c = []
    while len(a) != 0 and len(b) != 0:
        if a[0] < b[0]:
            c.append(a[0])"
Q307,MBPP-153,mbpp,local,"Write a Python function for the following problem. Return only code.

Write a function to find the vertex of a parabola.","def parabola_vertex(a, b, c): 
  vertex=(((-b / (2 * a)),(((4 * a * c) - (b * b)) / (4 * a))))
  return vertex"
Q308,MBPP-154,mbpp,local,"Write a Python function for the following problem. Return only code.

Write a function to extract every specified element from a given two dimensional list.","def specified_element(nums, N):
    result = [i[N] for i in nums]
    return result"
Q309,MBPP-155,mbpp,local,"Write a Python function for the following problem. Return only code.

Write a python function to toggle all even bits of a given number.","def even_bit_toggle_number(n) : 
    res = 0; count = 0; temp = n 
    while (temp > 0) :     
        if (count % 2 "
Q310,MBPP-156,mbpp,local,"Write a Python function for the following problem. Return only code.

Write a function to convert a tuple of string values to a tuple of integer values.","def tuple_int_str(tuple_str):
    result = tuple((int(x[0]), int(x[1])) for x in tuple_str)
    return result"
Q311,MBPP-157,mbpp,local,"Write a Python function for the following problem. Return only code.

Write a function to reflect the run-length encoding from a list.","from itertools import groupby
def encode_list(list1):
    return [[len(list(group)), key] for key, group in groupby(li"
Q312,MBPP-158,mbpp,local,"Write a Python function for the following problem. Return only code.

Write a python function to find k number of operations required to make all elements equal.","def min_Ops(arr,n,k): 
    max1 = max(arr) 
    res = 0
    for i in range(0,n):  
        if ((max1 - arr[i]) % k !"
Q313,MBPP-159,mbpp,local,"Write a Python function for the following problem. Return only code.

Write a function to print the season for the given month and day.","def month_season(month,days):
 if month in ('January', 'February', 'March'):
	 season = 'winter'
 elif month in ('Apr"
Q314,MBPP-160,mbpp,local,"Write a Python function for the following problem. Return only code.

Write a function to find x and y that satisfies ax + by = n.","def solution (a, b, n): 
	i = 0
	while i * a <= n: 
		if (n - (i * a)) % b == 0: 
			return (""x = "",i ,"", y = "","
Q315,MBPP-161,mbpp,local,"Write a Python function for the following problem. Return only code.

Write a function to remove all elements from a given list present in another list.","def remove_elements(list1, list2):
    result = [x for x in list1 if x not in list2]
    return result"
Q316,MBPP-162,mbpp,local,"Write a Python function for the following problem. Return only code.

Write a function to calculate the sum of the positive integers of n+(n-2)+(n-4)... (until n-x =< 0).","def sum_series(n):
  if n < 1:
    return 0
  else:
    return n + sum_series(n - 2)"
Q317,MBPP-163,mbpp,local,"Write a Python function for the following problem. Return only code.

Write a function to calculate the area of a regular polygon.","from math import tan, pi
def area_polygon(s,l):
  area = s * (l ** 2) / (4 * tan(pi / s))
  return area"
Q318,MBPP-164,mbpp,local,"Write a Python function for the following problem. Return only code.

Write a python function to check whether the sum of divisors are same or not.","import math 
def divSum(n): 
    sum = 1; 
    i = 2; 
    while(i * i <= n): 
        if (n % i == 0): 
         "
Q319,MBPP-165,mbpp,local,"Write a Python function for the following problem. Return only code.

Write a python function to count characters at same position in a given string (lower and uppercase characters) as in english alph","def count_char_position(str1): 
    count_chars = 0
    for i in range(len(str1)):
        if ((i == ord(str1[i]) - o"
Q320,MBPP-166,mbpp,local,"Write a Python function for the following problem. Return only code.

Write a python function to count the pairs with xor as an even number.","def find_even_Pair(A,N): 
    evenPair = 0
    for i in range(0,N): 
        for j in range(i+1,N): 
            if "
Q321,MBPP-167,mbpp,local,"Write a Python function for the following problem. Return only code.

Write a python function to find smallest power of 2 greater than or equal to n.","def next_Power_Of_2(n): 
    count = 0; 
    if (n and not(n & (n - 1))): 
        return n   
    while( n != 0): "
Q322,MBPP-168,mbpp,local,"Write a Python function for the following problem. Return only code.

Write a python function to find the frequency of a number in a given array.","def frequency(a,x): 
    count = 0  
    for i in a: 
        if i == x: count += 1
    return count"
Q323,MBPP-169,mbpp,local,"Write a Python function for the following problem. Return only code.

Write a function to calculate the nth pell number.","def get_pell(n): 
	if (n <= 2): 
		return n 
	a = 1
	b = 2
	for i in range(3, n+1): 
		c = 2 * b + a 
		a = b 
	"
Q324,MBPP-170,mbpp,local,"Write a Python function for the following problem. Return only code.

Write a function to find sum of the numbers in a list between the indices of a specified range.","def sum_range_list(list1, m, n):                                                                                        "
Q325,MBPP-171,mbpp,local,"Write a Python function for the following problem. Return only code.

Write a function to find the perimeter of a pentagon.","import math
def perimeter_pentagon(a):
  perimeter=(5*a)
  return perimeter"
Q326,MBPP-172,mbpp,local,"Write a Python function for the following problem. Return only code.

Write a function to find the occurence of characters 'std' in the given string 1. list item 1. list item 1. list item 2. list item","def count_occurance(s):
  count=0
  for i in range(len(s)):
    if (s[i]== 's' and s[i+1]=='t' and s[i+2]== 'd'):
  "
Q327,MBPP-173,mbpp,local,"Write a Python function for the following problem. Return only code.

Write a function to remove everything except alphanumeric characters from a string.","import re
def remove_splchar(text): 
 pattern = re.compile('[\W_]+')
 return (pattern.sub('', text))"
Q328,MBPP-174,mbpp,local,"Write a Python function for the following problem. Return only code.

Write a function to group a sequence of key-value pairs into a dictionary of lists.","def group_keyvalue(l):
    result = {}
    for k, v in l:
         result.setdefault(k, []).append(v)
    return res"
Q329,MBPP-175,mbpp,local,"Write a Python function for the following problem. Return only code.

Write a function to verify validity of a string of parentheses.","def is_valid_parenthese( str1):
        stack, pchar = [], {""("": "")"", ""{"": ""}"", ""["": ""]""}
        for pare"
Q330,MBPP-176,mbpp,local,"Write a Python function for the following problem. Return only code.

Write a function to find the perimeter of a triangle.","def perimeter_triangle(a,b,c):
  perimeter=a+b+c
  return perimeter"
Q331,MBPP-177,mbpp,local,"Write a Python function for the following problem. Return only code.

Write a python function to find two distinct numbers such that their lcm lies within the given range.","def answer(L,R): 
    if (2 * L <= R): 
        return (L ,2*L)
    else: 
        return (-1)"
Q332,MBPP-178,mbpp,local,"Write a Python function for the following problem. Return only code.

Write a function to search some literals strings in a string.","import re
def string_literals(patterns,text):
  for pattern in patterns:
     if re.search(pattern,  text):
       r"
Q333,MBPP-179,mbpp,local,"Write a Python function for the following problem. Return only code.

Write a function to find if the given number is a keith number or not.","def is_num_keith(x): 
	terms = [] 
	temp = x 
	n = 0 
	while (temp > 0): 
		terms.append(temp % 10) 
		temp = int("
Q334,MBPP-180,mbpp,local,"Write a Python function for the following problem. Return only code.

Write a function to calculate distance between two points using latitude and longitude.","from math import radians, sin, cos, acos
def distance_lat_long(slat,slon,elat,elon):
 dist = 6371.01 * acos(sin(slat)*"
Q335,MBPP-181,mbpp,local,"Write a Python function for the following problem. Return only code.

Write a function to find the longest common prefix in the given set of strings.","def common_prefix_util(str1, str2): 
	result = """"; 
	n1 = len(str1) 
	n2 = len(str2) 
	i = 0
	j = 0
	while i <= "
Q336,MBPP-182,mbpp,local,"Write a Python function for the following problem. Return only code.

Write a function to find uppercase, lowercase, special character and numeric values using regex.","import re
def find_character(string):
  uppercase_characters = re.findall(r""[A-Z]"", string) 
  lowercase_characters"
Q337,MBPP-183,mbpp,local,"Write a Python function for the following problem. Return only code.

Write a function to count all the distinct pairs having a difference of k in any array.","def count_pairs(arr, n, k):
  count=0;
  for i in range(0,n):
    for j in range(i+1, n):
      if arr[i] - arr[j] ="
Q338,MBPP-184,mbpp,local,"Write a Python function for the following problem. Return only code.

Write a function to find all the values in a list that are greater than a specified number.","def greater_specificnum(list,num):
 greater_specificnum=all(x >= num for x in list)
 return greater_specificnum"
Q339,MBPP-185,mbpp,local,"Write a Python function for the following problem. Return only code.

Write a function to find the focus of a parabola.","def parabola_focus(a, b, c): 
  focus= (((-b / (2 * a)),(((4 * a * c) - (b * b) + 1) / (4 * a))))
  return focus"
Q340,MBPP-186,mbpp,local,"Write a Python function for the following problem. Return only code.

Write a function to search some literals strings in a string by using regex.","import re
def check_literals(text, patterns):
  for pattern in patterns:
    if re.search(pattern,  text):
        r"
Q341,MBPP-187,mbpp,local,"Write a Python function for the following problem. Return only code.

Write a function to find the longest common subsequence for the given two sequences.","def longest_common_subsequence(X, Y, m, n): 
    if m == 0 or n == 0: 
       return 0 
    elif X[m-1] == Y[n-1]: 
"
Q342,MBPP-188,mbpp,local,"Write a Python function for the following problem. Return only code.

Write a python function to check whether the given number can be represented by product of two squares or not.","def prod_Square(n):
    for i in range(2,(n) + 1):
        if (i*i < (n+1)):
            for j in range(2,n + 1):
  "
Q343,MBPP-189,mbpp,local,"Write a Python function for the following problem. Return only code.

Write a python function to find the first missing positive number.","def first_Missing_Positive(arr,n): 
    ptr = 0
    for i in range(n):
        if arr[i] == 1:
            ptr = 1
"
Q344,MBPP-190,mbpp,local,"Write a Python function for the following problem. Return only code.

Write a python function to count the number of integral co-ordinates that lie inside a square.","def count_Intgral_Points(x1,y1,x2,y2): 
    return ((y2 - y1 - 1) * (x2 - x1 - 1))"
Q345,MBPP-191,mbpp,local,"Write a Python function for the following problem. Return only code.

Write a function to check whether the given month name contains 30 days or not.","def check_monthnumber(monthname3):
  if monthname3 ==""April"" or monthname3== ""June"" or monthname3== ""September"" o"
Q346,MBPP-192,mbpp,local,"Write a Python function for the following problem. Return only code.

Write a python function to check whether a string has atleast one letter and one number.","def check_String(str): 
    flag_l = False
    flag_n = False
    for i in str: 
        if i.isalpha(): 
         "
Q347,MBPP-193,mbpp,local,"Write a Python function for the following problem. Return only code.

Write a function to remove the duplicates from the given tuple.","def remove_tuple(test_tup):
  res = tuple(set(test_tup))
  return (res)"
Q348,MBPP-194,mbpp,local,"Write a Python function for the following problem. Return only code.

Write a python function to convert octal number to decimal number.","def octal_To_Decimal(n):  
    num = n; 
    dec_value = 0; 
    base = 1; 
    temp = num; 
    while (temp): 
  "
Q349,MBPP-195,mbpp,local,"Write a Python function for the following problem. Return only code.

Write a python function to find the first position of an element in a sorted array.","def first(arr,x,n): 
    low = 0
    high = n - 1
    res = -1  
    while (low <= high):
        mid = (low + high"
Q350,MBPP-196,mbpp,local,"Write a Python function for the following problem. Return only code.

Write a function to remove all the tuples with length k.","def remove_tuples(test_list, K):
  res = [ele for ele in test_list if len(ele) != K]
  return (res)"
Q351,MBPP-197,mbpp,local,"Write a Python function for the following problem. Return only code.

Write a function to perform the exponentiation of the given two tuples.","def find_exponentio(test_tup1, test_tup2):
  res = tuple(ele1 ** ele2 for ele1, ele2 in zip(test_tup1, test_tup2))
  r"
Q352,MBPP-198,mbpp,local,"Write a Python function for the following problem. Return only code.

Write a function to find the largest triangle that can be inscribed in an ellipse.","import math
def largest_triangle(a,b): 
    if (a < 0 or b < 0): 
        return -1 
    area = (3 * math.sqrt(3) * "
Q353,MBPP-199,mbpp,local,"Write a Python function for the following problem. Return only code.

Write a python function to find highest power of 2 less than or equal to given number.","def highest_Power_of_2(n): 
    res = 0; 
    for i in range(n, 0, -1):  
        if ((i & (i - 1)) == 0): 
        "
Q354,MBPP-200,mbpp,local,"Write a Python function for the following problem. Return only code.

Write a function to find all index positions of the maximum values in a given list.","def position_max(list1):
    max_val = max(list1)
    max_result = [i for i, j in enumerate(list1) if j == max_val]
 "
Q355,MBPP-201,mbpp,local,"Write a Python function for the following problem. Return only code.

Write a python function to check whether the elements in a list are same or not.","def chkList(lst): 
    return len(set(lst)) == 1"
Q356,MBPP-202,mbpp,local,"Write a Python function for the following problem. Return only code.

Write a function to remove even characters in a string.","def remove_even(str1):
 str2 = ''
 for i in range(1, len(str1) + 1):
    if(i % 2 != 0):
        str2 = str2 + str1["
Q357,MBPP-203,mbpp,local,"Write a Python function for the following problem. Return only code.

Write a python function to find the hamming distance between given two integers.","def hamming_Distance(n1,n2) : 
    x = n1 ^ n2  
    setBits = 0
    while (x > 0) : 
        setBits += x & 1
    "
Q358,MBPP-204,mbpp,local,"Write a Python function for the following problem. Return only code.

Write a python function to count the occurrence of a given character in a string.","def count(s,c) : 
    res = 0 
    for i in range(len(s)) : 
        if (s[i] == c): 
            res = res + 1
   "
Q359,MBPP-205,mbpp,local,"Write a Python function for the following problem. Return only code.

Write a function to find the inversions of tuple elements in the given tuple list.","def inversion_elements(test_tup):
  res = tuple(list(map(lambda x: ~x, list(test_tup))))
  return (res)"
Q360,MBPP-206,mbpp,local,"Write a Python function for the following problem. Return only code.

Write a function to perform the adjacent element concatenation in the given tuples.","def concatenate_elements(test_tup):
  res = tuple(i + j for i, j in zip(test_tup, test_tup[1:]))
  return (res)"
Q361,MBPP-207,mbpp,local,"Write a Python function for the following problem. Return only code.

Write a function to count the longest repeating subsequences such that the two subsequences don’t have same string characters at s","def find_longest_repeating_subseq(str): 
	n = len(str) 
	dp = [[0 for k in range(n+1)] for l in range(n+1)] 
	for i i"
Q362,MBPP-208,mbpp,local,"Write a Python function for the following problem. Return only code.

Write a function to check the given decimal with a precision of 2 by using regex.","import re
def is_decimal(num):
  num_fetch = re.compile(r""""""^[0-9]+(\.[0-9]{1,2})?$"""""")
  result = num_fetch.se"
Q363,MBPP-209,mbpp,local,"Write a Python function for the following problem. Return only code.

Write a function to delete the smallest element from the given heap and then insert a new item.","import heapq as hq
def heap_replace(heap,a):
  hq.heapify(heap)
  hq.heapreplace(heap, a)
  return heap"
Q364,MBPP-210,mbpp,local,"Write a Python function for the following problem. Return only code.

Write a function to check that the given string contains only a certain set of characters(in this case a-z, a-z and 0-9) by using ","import re
def is_allowed_specific_char(string):
    get_char = re.compile(r'[^a-zA-Z0-9.]')
    string = get_char.sea"
Q365,MBPP-211,mbpp,local,"Write a Python function for the following problem. Return only code.

Write a python function to count numbers whose oth and nth bits are set.","def count_Num(n): 
    if (n == 1): 
        return 1
    count = pow(2,n - 2) 
    return count"
Q366,MBPP-212,mbpp,local,"Write a Python function for the following problem. Return only code.

Write a python function to find the sum of fourth power of n natural numbers.","import math  
def fourth_Power_Sum(n): 
    sum = 0
    for i in range(1,n+1) : 
        sum = sum + (i*i*i*i) 
   "
Q367,MBPP-213,mbpp,local,"Write a Python function for the following problem. Return only code.

Write a function to perform the concatenation of two string tuples.","def concatenate_strings(test_tup1, test_tup2):
  res = tuple(ele1 + ele2 for ele1, ele2 in zip(test_tup1, test_tup2))
"
Q368,MBPP-214,mbpp,local,"Write a Python function for the following problem. Return only code.

Write a function to convert radians to degrees.","import math
def degree_radian(radian):
 degree = radian*(180/math.pi)
 return degree"
Q369,MBPP-215,mbpp,local,"Write a Python function for the following problem. Return only code.

Write a function to decode a run-length encoded given list.","def decode_list(alist):
    def aux(g):
        if isinstance(g, list):
            return [(g[1], range(g[0]))]
   "
Q370,MBPP-216,mbpp,local,"Write a Python function for the following problem. Return only code.

Write a function to check if a nested list is a subset of another nested list.","def check_subset_list(list1, list2): 
    l1, l2 = list1[0], list2[0] 
    exist = True
    for i in list2: 
       "
Q371,MBPP-217,mbpp,local,"Write a Python function for the following problem. Return only code.

Write a python function to find the first repeated character in a given string.","def first_Repeated_Char(str): 
    h = {}
    for ch in str:
        if ch in h: 
            return ch;
        el"
Q372,MBPP-218,mbpp,local,"Write a Python function for the following problem. Return only code.

Write a python function to find the minimum operations required to make two numbers equal.","import math   
def min_Operations(A,B):  
    if (A > B): 
        swap(A,B)  
    B = B // math.gcd(A,B);  
    re"
Q373,MBPP-219,mbpp,local,"Write a Python function for the following problem. Return only code.

Write a function to extract maximum and minimum k elements in the given tuple.","def extract_min_max(test_tup, K):
  res = []
  test_tup = list(test_tup)
  temp = sorted(test_tup)
  for idx, val in"
Q374,MBPP-220,mbpp,local,"Write a Python function for the following problem. Return only code.

Write a function to replace maximum n occurrences of spaces, commas, or dots with a colon.","import re
def replace_max_specialchar(text,n):
 return (re.sub(""[ ,.]"", "":"", text, n))"
Q375,MBPP-221,mbpp,local,"Write a Python function for the following problem. Return only code.

Write a python function to find the first even number in a given list of numbers.","def first_even(nums):
    first_even = next((el for el in nums if el%2==0),-1)
    return first_even"
Q376,MBPP-222,mbpp,local,"Write a Python function for the following problem. Return only code.

Write a function to check if all the elements in tuple have same data type or not.","def check_type(test_tuple):
  res = True
  for ele in test_tuple:
    if not isinstance(ele, type(test_tuple[0])):
 "
Q377,MBPP-223,mbpp,local,"Write a Python function for the following problem. Return only code.

Write a function to check for majority element in the given sorted array.","def is_majority(arr, n, x):
	i = binary_search(arr, 0, n-1, x)
	if i == -1:
		return False
	if ((i + n//2) <= (n -1)"
Q378,MBPP-224,mbpp,local,"Write a Python function for the following problem. Return only code.

Write a python function to count set bits of a given number.","def count_Set_Bits(n): 
    count = 0
    while (n): 
        count += n & 1
        n >>= 1
    return count"
Q379,MBPP-225,mbpp,local,"Write a Python function for the following problem. Return only code.

Write a python function to find the minimum element in a sorted and rotated array.","def find_Min(arr,low,high): 
    while (low < high): 
        mid = low + (high - low) // 2;   
        if (arr[mid] "
Q380,MBPP-226,mbpp,local,"Write a Python function for the following problem. Return only code.

Write a python function to remove the characters which have odd index values of a given string.","def odd_values_string(str):
  result = """" 
  for i in range(len(str)):
    if i % 2 == 0:
      result = result + "
Q381,MBPP-227,mbpp,local,"Write a Python function for the following problem. Return only code.

Write a function to find minimum of three numbers.","def min_of_three(a,b,c): 
      if (a <= b) and (a <= c): 
        smallest = a 
      elif (b <= a) and (b <= c): 
"
Q382,MBPP-228,mbpp,local,"Write a Python function for the following problem. Return only code.

Write a python function to check whether all the bits are unset in the given range or not.","def all_Bits_Set_In_The_Given_Range(n,l,r):  
    num = (((1 << r) - 1) ^ ((1 << (l - 1)) - 1)) 
    new_num = n & num"
Q383,MBPP-229,mbpp,local,"Write a Python function for the following problem. Return only code.

Write a function to re-arrange the elements of the given array so that all negative elements appear before positive ones.","def re_arrange_array(arr, n):
  j=0
  for i in range(0, n):
    if (arr[i] < 0):
      temp = arr[i]
      arr[i] ="
Q384,MBPP-230,mbpp,local,"Write a Python function for the following problem. Return only code.

Write a function to replace blank spaces with any character in a string.","def replace_blank(str1,char):
 str2 = str1.replace(' ', char)
 return str2"
Q385,MBPP-231,mbpp,local,"Write a Python function for the following problem. Return only code.

Write a function to find the maximum sum in the given right triangle of numbers.","def max_sum(tri, n): 
	if n > 1: 
		tri[1][1] = tri[1][1]+tri[0][0] 
		tri[1][0] = tri[1][0]+tri[0][0] 
	for i in ra"
Q386,MBPP-232,mbpp,local,"Write a Python function for the following problem. Return only code.

Write a function to get the n largest items from a dataset.","import heapq
def larg_nnum(list1,n):
 largest=heapq.nlargest(n,list1)
 return largest"
Q387,MBPP-233,mbpp,local,"Write a Python function for the following problem. Return only code.

Write a function to find the lateral surface area of a cylinder.","def lateralsuface_cylinder(r,h):
  lateralsurface= 2*3.1415*r*h
  return lateralsurface"
Q388,MBPP-234,mbpp,local,"Write a Python function for the following problem. Return only code.

Write a function to find the volume of a cube.","def volume_cube(l):
  volume = l * l * l
  return volume"
Q389,MBPP-235,mbpp,local,"Write a Python function for the following problem. Return only code.

Write a python function to set all even bits of a given number.","def even_bit_set_number(n): 
    count = 0;res = 0;temp = n 
    while(temp > 0): 
        if (count % 2 == 1): 
   "
Q390,MBPP-236,mbpp,local,"Write a Python function for the following problem. Return only code.

Write a python function to count the maximum number of equilateral triangles that can be formed within a given equilateral triangl","def No_of_Triangle(N,K):
    if (N < K):
        return -1;
    else:
        Tri_up = 0;
        Tri_up = ((N - K "
Q391,MBPP-237,mbpp,local,"Write a Python function for the following problem. Return only code.

Write a function to check the occurrences of records which occur similar times in the given tuples.","from collections import Counter 
def check_occurences(test_list):
  res = dict(Counter(tuple(ele) for ele in map(sorte"
Q392,MBPP-238,mbpp,local,"Write a Python function for the following problem. Return only code.

Write a python function to count number of non-empty substrings of a given string.","def number_of_substrings(str): 
	str_len = len(str); 
	return int(str_len * (str_len + 1) / 2);"
Q393,MBPP-239,mbpp,local,"Write a Python function for the following problem. Return only code.

Write a function to find the number of possible sequences of length n such that each of the next element is greater than or equal ","def get_total_number_of_sequences(m,n): 
	T=[[0 for i in range(n+1)] for i in range(m+1)] 
	for i in range(m+1): 
		f"
Q394,MBPP-240,mbpp,local,"Write a Python function for the following problem. Return only code.

Write a function to replace the last element of the list with another list.","def replace_list(list1,list2):
 list1[-1:] = list2
 replace_list=list1
 return replace_list"
Q395,MBPP-241,mbpp,local,"Write a Python function for the following problem. Return only code.

Write a function to generate a 3d array having each element as '*'.","def array_3d(m,n,o):
 array_3d = [[ ['*' for col in range(m)] for col in range(n)] for row in range(o)]
 return array_"
Q396,MBPP-242,mbpp,local,"Write a Python function for the following problem. Return only code.

Write a function to count total characters in a string.","def count_charac(str1):
 total = 0
 for i in str1:
    total = total + 1
 return total"
Q397,MBPP-243,mbpp,local,"Write a Python function for the following problem. Return only code.

Write a function to sort the given list based on the occurrence of first element of tuples.","def sort_on_occurence(lst): 
	dct = {} 
	for i, j in lst: 
		dct.setdefault(i, []).append(j) 
	return ([(i, *dict.fr"
Q398,MBPP-244,mbpp,local,"Write a Python function for the following problem. Return only code.

Write a python function to find the next perfect square greater than a given number.","import math  
def next_Perfect_Square(N): 
    nextN = math.floor(math.sqrt(N)) + 1
    return nextN * nextN"
Q399,MBPP-245,mbpp,local,"Write a Python function for the following problem. Return only code.

Write a function to find the maximum sum of bi-tonic sub-sequence for the given array.","def max_sum(arr, n): 
	MSIBS = arr[:] 
	for i in range(n): 
		for j in range(0, i): 
			if arr[i] > arr[j] and MSIBS"
Q400,MBPP-246,mbpp,local,"Write a Python function for the following problem. Return only code.

Write a function for computing square roots using the babylonian method.","def babylonian_squareroot(number):
    if(number == 0):
        return 0;
    g = number/2.0;
    g2 = g + 1;
    w"
Q401,MBPP-247,mbpp,local,"Write a Python function for the following problem. Return only code.

Write a function to find the longest palindromic subsequence in the given string.","def lps(str): 
	n = len(str) 
	L = [[0 for x in range(n)] for x in range(n)] 
	for i in range(n): 
		L[i][i] = 1
	f"
Q402,MBPP-248,mbpp,local,"Write a Python function for the following problem. Return only code.

Write a function to calculate the harmonic sum of n-1.","def harmonic_sum(n):
  if n < 2:
    return 1
  else:
    return 1 / n + (harmonic_sum(n - 1))"
Q403,MBPP-249,mbpp,local,"Write a Python function for the following problem. Return only code.

Write a function to find the intersection of two arrays using lambda function.","def intersection_array(array_nums1,array_nums2):
 result = list(filter(lambda x: x in array_nums1, array_nums2)) 
 ret"
Q404,MBPP-250,mbpp,local,"Write a Python function for the following problem. Return only code.

Write a python function to count the occcurences of an element in a tuple.","def count_X(tup, x): 
    count = 0
    for ele in tup: 
        if (ele == x): 
            count = count + 1
    "
Q405,MBPP-251,mbpp,local,"Write a Python function for the following problem. Return only code.

Write a function to insert an element before each element of a list.","def insert_element(list,element):
 list = [v for elt in list for v in (element, elt)]
 return list"
Q406,MBPP-252,mbpp,local,"Write a Python function for the following problem. Return only code.

Write a python function to convert complex numbers to polar coordinates.","import cmath  
def convert(numbers):    
  num = cmath.polar(numbers)  
  return (num)"
Q407,MBPP-253,mbpp,local,"Write a Python function for the following problem. Return only code.

Write a python function to count integers from a given list.","def count_integer(list1):
    ctr = 0
    for i in list1:
        if isinstance(i, int):
            ctr = ctr + 1
"
Q408,MBPP-254,mbpp,local,"Write a Python function for the following problem. Return only code.

Write a function to find all words starting with 'a' or 'e' in a given string.","import re
def words_ae(text):
 list = re.findall(""[ae]\w+"", text)
 return list"
Q409,MBPP-255,mbpp,local,"Write a Python function for the following problem. Return only code.

Write a function to choose specified number of colours from three different colours and generate all the combinations with repetit","from itertools import combinations_with_replacement 
def combinations_colors(l, n):
    return list(combinations_with_"
Q410,MBPP-256,mbpp,local,"Write a Python function for the following problem. Return only code.

Write a python function to count the number of prime numbers less than a given non-negative number.","def count_Primes_nums(n):
    ctr = 0
    for num in range(n):
        if num <= 1:
            continue
        fo"
Q411,MBPP-257,mbpp,local,"Write a Python function for the following problem. Return only code.

Write a function to swap two numbers.","def swap_numbers(a,b):
 temp = a
 a = b
 b = temp
 return (a,b)"
Q412,MBPP-258,mbpp,local,"Write a Python function for the following problem. Return only code.

Write a function to find number of odd elements in the given list using lambda function.","def count_odd(array_nums):
   count_odd = len(list(filter(lambda x: (x%2 != 0) , array_nums)))
   return count_odd"
Q413,MBPP-259,mbpp,local,"Write a Python function for the following problem. Return only code.

Write a function to maximize the given two tuples.","def maximize_elements(test_tup1, test_tup2):
  res = tuple(tuple(max(a, b) for a, b in zip(tup1, tup2))
   for tup1, t"
Q414,MBPP-260,mbpp,local,"Write a Python function for the following problem. Return only code.

Write a function to find the nth newman–shanks–williams prime number.","def newman_prime(n): 
	if n == 0 or n == 1: 
		return 1
	return 2 * newman_prime(n - 1) + newman_prime(n - 2)"
Q415,MBPP-261,mbpp,local,"Write a Python function for the following problem. Return only code.

Write a function to perform mathematical division operation across the given tuples.","def division_elements(test_tup1, test_tup2):
  res = tuple(ele1 // ele2 for ele1, ele2 in zip(test_tup1, test_tup2))
 "
Q416,MBPP-262,mbpp,local,"Write a Python function for the following problem. Return only code.

Write a function to split a given list into two parts where the length of the first part of the list is given.","def split_two_parts(list1, L):
    return list1[:L], list1[L:]"
Q417,MBPP-263,mbpp,local,"Write a Python function for the following problem. Return only code.

Write a function to merge two dictionaries.","def merge_dict(d1,d2):
 d = d1.copy()
 d.update(d2)
 return d"
Q418,MBPP-264,mbpp,local,"Write a Python function for the following problem. Return only code.

Write a function to calculate a dog's age in dog's years.","def dog_age(h_age):
 if h_age < 0:
 	exit()
 elif h_age <= 2:
	 d_age = h_age * 10.5
 else:
	 d_age = 21 + (h_age "
Q419,MBPP-265,mbpp,local,"Write a Python function for the following problem. Return only code.

Write a function to split a list for every nth element.","def list_split(S, step):
    return [S[i::step] for i in range(step)]"
Q420,MBPP-266,mbpp,local,"Write a Python function for the following problem. Return only code.

Write a function to find the lateral surface area of a cube.","def lateralsurface_cube(l):
  LSA = 4 * (l * l)
  return LSA"
Q421,MBPP-267,mbpp,local,"Write a Python function for the following problem. Return only code.

Write a python function to find the sum of squares of first n odd natural numbers.","def square_Sum(n):  
    return int(n*(4*n*n-1)/3)"
Q422,MBPP-268,mbpp,local,"Write a Python function for the following problem. Return only code.

Write a function to find the n'th star number.","def find_star_num(n): 
	return (6 * n * (n - 1) + 1)"
Q423,MBPP-269,mbpp,local,"Write a Python function for the following problem. Return only code.

Write a function to find the ascii value of a character.","def ascii_value(k):
  ch=k
  return ord(ch)"
Q424,MBPP-270,mbpp,local,"Write a Python function for the following problem. Return only code.

Write a python function to find the sum of even numbers at even positions.","def sum_even_and_even_index(arr,n):  
    i = 0
    sum = 0
    for i in range(0,n,2): 
        if (arr[i] % 2 == 0)"
Q425,MBPP-271,mbpp,local,"Write a Python function for the following problem. Return only code.

Write a python function to find the sum of fifth power of first n even natural numbers.","def even_Power_Sum(n): 
    sum = 0; 
    for i in range(1,n+1): 
        j = 2*i; 
        sum = sum + (j*j*j*j*j);"
Q426,MBPP-272,mbpp,local,"Write a Python function for the following problem. Return only code.

Write a function to perfom the rear element extraction from list of tuples records.","def rear_extract(test_list):
  res = [lis[-1] for lis in test_list]
  return (res)"
Q427,MBPP-273,mbpp,local,"Write a Python function for the following problem. Return only code.

Write a function to substract the contents of one tuple with corresponding index of other tuple.","def substract_elements(test_tup1, test_tup2):
  res = tuple(map(lambda i, j: i - j, test_tup1, test_tup2))
  return (r"
Q428,MBPP-274,mbpp,local,"Write a Python function for the following problem. Return only code.

Write a python function to find sum of even index binomial coefficients.","import math  
def even_binomial_Coeff_Sum( n): 
    return (1 << (n - 1))"
Q429,MBPP-275,mbpp,local,"Write a Python function for the following problem. Return only code.

Write a python function to find the position of the last removed element from the given array.","import math as mt 
def get_Position(a,n,m): 
    for i in range(n): 
        a[i] = (a[i] // m + (a[i] % m != 0))  
"
Q430,MBPP-276,mbpp,local,"Write a Python function for the following problem. Return only code.

Write a function to find the volume of a cylinder.","def volume_cylinder(r,h):
  volume=3.1415*r*r*h
  return volume"
Q431,MBPP-277,mbpp,local,"Write a Python function for the following problem. Return only code.

Write a function to filter a dictionary based on values.","def dict_filter(dict,n):
 result = {key:value for (key, value) in dict.items() if value >=n}
 return result"
Q432,MBPP-278,mbpp,local,"Write a Python function for the following problem. Return only code.

Write a function to find the element count that occurs before the record in the given tuple.","def count_first_elements(test_tup):
  for count, ele in enumerate(test_tup):
    if isinstance(ele, tuple):
      bre"
Q433,MBPP-279,mbpp,local,"Write a Python function for the following problem. Return only code.

Write a function to find the nth decagonal number.","def is_num_decagonal(n): 
	return 4 * n * n - 3 * n"
Q434,MBPP-280,mbpp,local,"Write a Python function for the following problem. Return only code.

Write a function to search an element in the given array by using sequential search.","def sequential_search(dlist, item):
    pos = 0
    found = False
    while pos < len(dlist) and not found:
        "
Q435,MBPP-281,mbpp,local,"Write a Python function for the following problem. Return only code.

Write a python function to check if the elements of a given list are unique or not.","def all_unique(test_list):
    if len(test_list) > len(set(test_list)):
        return False
    return True"
Q436,MBPP-282,mbpp,local,"Write a Python function for the following problem. Return only code.

Write a function to substaract two lists using map and lambda function.","def sub_list(nums1,nums2):
  result = map(lambda x, y: x - y, nums1, nums2)
  return list(result)"
Q437,MBPP-283,mbpp,local,"Write a Python function for the following problem. Return only code.

Write a python function to check whether the frequency of each digit is less than or equal to the digit itself.","def validate(n): 
    for i in range(10): 
        temp = n;  
        count = 0; 
        while (temp): 
         "
Q438,MBPP-284,mbpp,local,"Write a Python function for the following problem. Return only code.

Write a function to check whether all items of a list are equal to a given string.","def check_element(list,element):
  check_element=all(v== element for v in list)
  return check_element"
Q439,MBPP-285,mbpp,local,"Write a Python function for the following problem. Return only code.

Write a function that matches a string that has an a followed by two to three 'b'.","import re
def text_match_two_three(text):
        patterns = 'ab{2,3}'
        if re.search(patterns,  text):
      "
Q440,MBPP-286,mbpp,local,"Write a Python function for the following problem. Return only code.

Write a function to find the largest sum of contiguous array in the modified array which is formed by repeating the given array k ","def max_sub_array_sum_repeated(a, n, k): 
	max_so_far = -2147483648
	max_ending_here = 0
	for i in range(n*k): 
		ma"
Q441,MBPP-287,mbpp,local,"Write a Python function for the following problem. Return only code.

Write a python function to find the sum of squares of first n even natural numbers.","def square_Sum(n):  
    return int(2*n*(n+1)*(2*n+1)/3)"
Q442,MBPP-288,mbpp,local,"Write a Python function for the following problem. Return only code.

Write a function to count array elements having modular inverse under given prime number p equal to itself.","def modular_inverse(arr, N, P):
	current_element = 0
	for i in range(0, N):
		if ((arr[i] * arr[i]) % P == 1):
			cu"
Q443,MBPP-289,mbpp,local,"Write a Python function for the following problem. Return only code.

Write a python function to calculate the number of odd days in a given year.","def odd_Days(N): 
    hund1 = N // 100
    hund4 = N // 400
    leap = N >> 2
    ordd = N - leap 
    if (hund1): "
Q444,MBPP-290,mbpp,local,"Write a Python function for the following problem. Return only code.

Write a function to find the list of lists with maximum length.","def max_length(list1):
    max_length = max(len(x) for x in  list1 )  
    max_list = max((x) for x in   list1)
    r"
Q445,MBPP-291,mbpp,local,"Write a Python function for the following problem. Return only code.

Write a function to find out the number of ways of painting the fence such that at most 2 adjacent posts have the same color for t","def count_no_of_ways(n, k): 
	dp = [0] * (n + 1) 
	total = k 
	mod = 1000000007
	dp[1] = k 
	dp[2] = k * k	 
	for "
Q446,MBPP-292,mbpp,local,"Write a Python function for the following problem. Return only code.

Write a python function to find quotient of two numbers.","def find(n,m):  
    q = n//m 
    return (q)"
Q447,MBPP-293,mbpp,local,"Write a Python function for the following problem. Return only code.

Write a function to find the third side of a right angled triangle.","import math
def otherside_rightangle(w,h):
  s=math.sqrt((w*w)+(h*h))
  return s"
Q448,MBPP-294,mbpp,local,"Write a Python function for the following problem. Return only code.

Write a function to find the maximum value in a given heterogeneous list.","def max_val(listval):
     max_val = max(i for i in listval if isinstance(i, int)) 
     return(max_val)"
Q449,MBPP-295,mbpp,local,"Write a Python function for the following problem. Return only code.

Write a function to return the sum of all divisors of a number.","def sum_div(number):
    divisors = [1]
    for i in range(2, number):
        if (number % i)==0:
            divis"
Q450,MBPP-296,mbpp,local,"Write a Python function for the following problem. Return only code.

Write a python function to count inversions in an array.","def get_Inv_Count(arr,n): 
    inv_count = 0
    for i in range(n): 
        for j in range(i + 1,n): 
            i"
Q451,MBPP-297,mbpp,local,"Write a Python function for the following problem. Return only code.

Write a function to flatten a given nested list structure.","def flatten_list(list1):
    result_list = []
    if not list1: return result_list
    stack = [list(list1)]
    whi"
Q452,MBPP-298,mbpp,local,"Write a Python function for the following problem. Return only code.

Write a function to find the nested list elements which are present in another list.","def intersection_nested_lists(l1, l2):
    result = [[n for n in lst if n in l1] for lst in l2]
    return result"
Q453,MBPP-299,mbpp,local,"Write a Python function for the following problem. Return only code.

Write a function to calculate the maximum aggregate from the list of tuples.","from collections import defaultdict
def max_aggregate(stdata):
    temp = defaultdict(int)
    for name, marks in std"
Q454,MBPP-300,mbpp,local,"Write a Python function for the following problem. Return only code.

Write a function to find the count of all binary sequences of length 2n such that sum of first n bits is same as sum of last n bit","def count_binary_seq(n): 
	nCr = 1
	res = 1
	for r in range(1, n + 1): 
		nCr = (nCr * (n + 1 - r)) / r 
		res += n"
Q455,MBPP-301,mbpp,local,"Write a Python function for the following problem. Return only code.

Write a function to find the depth of a dictionary.","def dict_depth(d):
    if isinstance(d, dict):
        return 1 + (max(map(dict_depth, d.values())) if d else 0)
    "
Q456,MBPP-302,mbpp,local,"Write a Python function for the following problem. Return only code.

Write a python function to find the most significant bit number which is also a set bit.","def set_Bit_Number(n): 
    if (n == 0): 
        return 0; 
    msb = 0; 
    n = int(n / 2); 
    while (n > 0): "
Q457,MBPP-303,mbpp,local,"Write a Python function for the following problem. Return only code.

Write a python function to check whether the count of inversion of two types are same or not.","import sys 
def solve(a,n):   
    mx = -sys.maxsize - 1
    for j in range(1,n):  
        if (mx > a[j]):  
     "
Q458,MBPP-304,mbpp,local,"Write a Python function for the following problem. Return only code.

Write a python function to find element at a given index after number of rotations.","def find_Element(arr,ranges,rotations,index) :  
    for i in range(rotations - 1,-1,-1 ) : 
        left = ranges[i]["
Q459,MBPP-305,mbpp,local,"Write a Python function for the following problem. Return only code.

Write a function to match two words from a list of words starting with letter 'p'.","import re
def start_withp(words):
 for w in words:
        m = re.match(""(P\w+)\W(P\w+)"", w)
        if m:
      "
Q460,MBPP-306,mbpp,local,"Write a Python function for the following problem. Return only code.

Write a function to find the maximum sum of increasing subsequence from prefix till ith index and also including a given kth eleme","def max_sum_increasing_subseq(a, n, index, k):
	dp = [[0 for i in range(n)] 
			for i in range(n)]
	for i in range(n)"
Q461,MBPP-307,mbpp,local,"Write a Python function for the following problem. Return only code.

Write a function to get a colon of a tuple.","from copy import deepcopy
def colon_tuplex(tuplex,m,n):
  tuplex_colon = deepcopy(tuplex)
  tuplex_colon[m].append(n)"
Q462,MBPP-308,mbpp,local,"Write a Python function for the following problem. Return only code.

Write a function to find the specified number of largest products from two given lists.","def large_product(nums1, nums2, N):
    result = sorted([x*y for x in nums1 for y in nums2], reverse=True)[:N]
    ret"
Q463,MBPP-309,mbpp,local,"Write a Python function for the following problem. Return only code.

Write a python function to find the maximum of two numbers.","def maximum(a,b):   
    if a >= b: 
        return a 
    else: 
        return b"
Q464,MBPP-310,mbpp,local,"Write a Python function for the following problem. Return only code.

Write a function to convert a given string to a tuple.","def string_to_tuple(str1):
    result = tuple(x for x in str1 if not x.isspace()) 
    return result"
Q465,MBPP-311,mbpp,local,"Write a Python function for the following problem. Return only code.

Write a python function to set the left most unset bit.","def set_left_most_unset_bit(n): 
    if not (n & (n + 1)): 
        return n 
    pos, temp, count = 0, n, 0 
    wh"
Q466,MBPP-312,mbpp,local,"Write a Python function for the following problem. Return only code.

Write a function to find the volume of a cone.","import math
def volume_cone(r,h):
  volume = (1.0/3) * math.pi * r * r * h
  return volume"
Q467,MBPP-313,mbpp,local,"Write a Python function for the following problem. Return only code.

Write a python function to print positive numbers in a list.","def pos_nos(list1):
  for num in list1: 
    if num >= 0: 
       return num"
Q468,MBPP-314,mbpp,local,"Write a Python function for the following problem. Return only code.

Write a function to find out the maximum sum such that no two chosen numbers are adjacent for the given rectangular grid of dimens","def max_sum_rectangular_grid(grid, n) : 
	incl = max(grid[0][0], grid[1][0]) 
	excl = 0
	for i in range(1, n) : 
		e"
Q469,MBPP-315,mbpp,local,"Write a Python function for the following problem. Return only code.

Write a python function to find the first maximum length of even word.","def find_Max_Len_Even(str): 
    n = len(str) 
    i = 0
    currlen = 0
    maxlen = 0
    st = -1
    while (i <"
Q470,MBPP-316,mbpp,local,"Write a Python function for the following problem. Return only code.

Write a function to find the index of the last occurrence of a given number in a sorted array.","def find_last_occurrence(A, x):
    (left, right) = (0, len(A) - 1)
    result = -1
    while left <= right:
       "
Q471,MBPP-317,mbpp,local,"Write a Python function for the following problem. Return only code.

Write a function to reflect the modified run-length encoding from a list.","from itertools import groupby
def modified_encode(alist):
        def ctr_ele(el):
            if len(el)>1: return ["
Q472,MBPP-318,mbpp,local,"Write a Python function for the following problem. Return only code.

Write a python function to find the maximum volume of a cuboid with given sum of sides.","def max_volume (s): 
    maxvalue = 0
    i = 1
    for i in range(s - 1): 
        j = 1
        for j in range(s)"
Q473,MBPP-319,mbpp,local,"Write a Python function for the following problem. Return only code.

Write a function to find all five characters long word in the given string by using regex.","import re
def find_long_word(text):
  return (re.findall(r""\b\w{5}\b"", text))"
Q474,MBPP-320,mbpp,local,"Write a Python function for the following problem. Return only code.

Write a function to calculate the difference between the squared sum of first n natural numbers and the sum of squared first n nat","def sum_difference(n):
    sumofsquares = 0
    squareofsum = 0
    for num in range(1, n+1):
        sumofsquares +"
Q475,MBPP-321,mbpp,local,"Write a Python function for the following problem. Return only code.

Write a function to find the demlo number for the given number.","def find_demlo(s): 
	l = len(s) 
	res = """" 
	for i in range(1,l+1): 
		res = res + str(i) 
	for i in range(l-1,0,"
Q476,MBPP-322,mbpp,local,"Write a Python function for the following problem. Return only code.

Write a function to find all index positions of the minimum values in a given list.","def position_min(list1):
    min_val = min(list1)
    min_result = [i for i, j in enumerate(list1) if j == min_val]
 "
Q477,MBPP-323,mbpp,local,"Write a Python function for the following problem. Return only code.

Write a function to re-arrange the given array in alternating positive and negative items.","def right_rotate(arr, n, out_of_place, cur):
	temp = arr[cur]
	for i in range(cur, out_of_place, -1):
		arr[i] = arr["
Q478,MBPP-324,mbpp,local,"Write a Python function for the following problem. Return only code.

Write a function to extract the sum of alternate chains of tuples.","def sum_of_alternates(test_tuple):
  sum1 = 0
  sum2 = 0
  for idx, ele in enumerate(test_tuple):
    if idx % 2:
 "
Q479,MBPP-325,mbpp,local,"Write a Python function for the following problem. Return only code.

Write a python function to find the minimum number of squares whose sum is equal to a given number.","def get_Min_Squares(n):
    if n <= 3:
        return n;
    res = n 
    for x in range(1,n + 1):
        temp = x"
Q480,MBPP-326,mbpp,local,"Write a Python function for the following problem. Return only code.

Write a function to get the word with most number of occurrences in the given strings list.","from collections import defaultdict 

def most_occurrences(test_list):
  temp = defaultdict(int)
  for sub in test_l"
Q481,MBPP-327,mbpp,local,"Write a Python function for the following problem. Return only code.

Write a function to print check if the triangle is isosceles or not.","def check_isosceles(x,y,z):
  if x==y or y==z or z==x:
	   return True
  else:
     return False"
Q482,MBPP-328,mbpp,local,"Write a Python function for the following problem. Return only code.

Write a function to rotate a given list by specified number of items to the left direction.","def rotate_left(list1,m,n):
  result =  list1[m:]+list1[:n]
  return result"
Q483,MBPP-329,mbpp,local,"Write a Python function for the following problem. Return only code.

Write a python function to count negative numbers in a list.","def neg_count(list):
  neg_count= 0
  for num in list: 
    if num <= 0: 
      neg_count += 1
  return neg_count"
Q484,MBPP-330,mbpp,local,"Write a Python function for the following problem. Return only code.

Write a function to find all three, four, five characters long words in the given string by using regex.","import re
def find_char(text):
  return (re.findall(r""\b\w{3,5}\b"", text))"
Q485,MBPP-331,mbpp,local,"Write a Python function for the following problem. Return only code.

Write a python function to count unset bits of a given number.","def count_unset_bits(n): 
    count = 0
    x = 1
    while(x < n + 1): 
        if ((x & n) == 0): 
            co"
Q486,MBPP-332,mbpp,local,"Write a Python function for the following problem. Return only code.

Write a function to count character frequency of a given string.","def char_frequency(str1):
    dict = {}
    for n in str1:
        keys = dict.keys()
        if n in keys:
       "
Q487,MBPP-333,mbpp,local,"Write a Python function for the following problem. Return only code.

Write a python function to sort a list according to the second element in sublist.","def Sort(sub_li): 
    sub_li.sort(key = lambda x: x[1]) 
    return sub_li"
Q488,MBPP-334,mbpp,local,"Write a Python function for the following problem. Return only code.

Write a python function to check whether the triangle is valid or not if sides are given.","def check_Validity(a,b,c):  
    if (a + b <= c) or (a + c <= b) or (b + c <= a) : 
        return False
    else: 
"
Q489,MBPP-335,mbpp,local,"Write a Python function for the following problem. Return only code.

Write a function to find the sum of arithmetic progression.","def ap_sum(a,n,d):
  total = (n * (2 * a + (n - 1) * d)) / 2
  return total"
Q490,MBPP-336,mbpp,local,"Write a Python function for the following problem. Return only code.

Write a function to check whether the given month name contains 28 days or not.","def check_monthnum(monthname1):
  if monthname1 == ""February"":
    return True
  else:
    return False"
Q491,MBPP-337,mbpp,local,"Write a Python function for the following problem. Return only code.

Write a function that matches a word at the end of a string, with optional punctuation.","import re
def text_match_word(text):
        patterns = '\w+\S*$'
        if re.search(patterns,  text):
           "
Q492,MBPP-338,mbpp,local,"Write a Python function for the following problem. Return only code.

Write a python function to count the number of substrings with same first and last characters.","def check_Equality(s): 
    return (ord(s[0]) == ord(s[len(s) - 1])); 
def count_Substring_With_Equal_Ends(s): 
    r"
Q493,MBPP-339,mbpp,local,"Write a Python function for the following problem. Return only code.

Write a python function to find the maximum occuring divisor in an interval.","def find_Divisor(x,y):  
    if (x==y): 
        return y 
    return 2"
Q494,MBPP-340,mbpp,local,"Write a Python function for the following problem. Return only code.

Write a python function to find the sum of the three lowest positive numbers from a given list of numbers.","def sum_three_smallest_nums(lst):
	return sum(sorted([x for x in lst if x > 0])[:3])"
Q495,MBPP-341,mbpp,local,"Write a Python function for the following problem. Return only code.

Write a function to convert the given set into ordered tuples.","def set_to_tuple(s):
  t = tuple(sorted(s))
  return (t)"
Q496,MBPP-342,mbpp,local,"Write a Python function for the following problem. Return only code.

Write a function to find the smallest range that includes at-least one element from each of the given arrays.","from heapq import heappop, heappush
class Node:
    def __init__(self, value, list_num, index):
        self.value = "
Q497,MBPP-343,mbpp,local,"Write a Python function for the following problem. Return only code.

Write a function to calculate the number of digits and letters in a string.","def dig_let(s):
 d=l=0
 for c in s:
    if c.isdigit():
        d=d+1
    elif c.isalpha():
        l=l+1
    els"
Q498,MBPP-344,mbpp,local,"Write a Python function for the following problem. Return only code.

Write a python function to find number of elements with odd factors in a given range.","def count_Odd_Squares(n,m): 
    return int(m**0.5) - int((n-1)**0.5)"
Q499,MBPP-345,mbpp,local,"Write a Python function for the following problem. Return only code.

Write a function to find the difference between two consecutive numbers in a given list.","def diff_consecutivenums(nums):
    result = [b-a for a, b in zip(nums[:-1], nums[1:])]
    return result"
Q500,MBPP-346,mbpp,local,"Write a Python function for the following problem. Return only code.

Write a function to find entringer number e(n, k).","def zigzag(n, k): 
	if (n == 0 and k == 0): 
		return 1
	if (k == 0): 
		return 0
	return zigzag(n, k - 1) + zigzag"
Q501,MBPP-347,mbpp,local,"Write a Python function for the following problem. Return only code.

Write a python function to count the number of squares in a rectangle.","def count_Squares(m,n): 
    if (n < m): 
        temp = m 
        m = n 
        n = temp 
    return n * (n + 1)"
Q502,MBPP-348,mbpp,local,"Write a Python function for the following problem. Return only code.

Write a function to count sequences of given length having non-negative prefix sums that can be generated by given values.","def bin_coff(n, r): 
	val = 1
	if (r > (n - r)): 
		r = (n - r) 
	for i in range(0, r): 
		val *= (n - i) 
		val /"
Q503,MBPP-349,mbpp,local,"Write a Python function for the following problem. Return only code.

Write a python function to check whether the given string is a binary string or not.","def check(string) :
    p = set(string) 
    s = {'0', '1'} 
    if s == p or p == {'0'} or p == {'1'}: 
        ret"
Q504,MBPP-350,mbpp,local,"Write a Python function for the following problem. Return only code.

Write a python function to minimize the length of the string by removing occurrence of only one character.","def minimum_Length(s) : 
    maxOcc = 0
    n = len(s) 
    arr = [0]*26
    for i in range(n) : 
        arr[ord(s"
Q505,MBPP-351,mbpp,local,"Write a Python function for the following problem. Return only code.

Write a python function to find the first element occurring k times in a given array.","def first_Element(arr,n,k): 
    count_map = {}; 
    for i in range(0, n): 
        if(arr[i] in count_map.keys()): "
Q506,MBPP-352,mbpp,local,"Write a Python function for the following problem. Return only code.

Write a python function to check whether all the characters in a given string are unique.","def unique_Characters(str):
    for i in range(len(str)):
        for j in range(i + 1,len(str)): 
            if (st"
Q507,MBPP-353,mbpp,local,"Write a Python function for the following problem. Return only code.

Write a function to remove a specified column from a given nested list.","def remove_column(list1, n):
   for i in list1: 
    del i[n] 
   return list1"
Q508,MBPP-354,mbpp,local,"Write a Python function for the following problem. Return only code.

Write a function to find t-nth term of arithemetic progression.","def tn_ap(a,n,d):
  tn = a + (n - 1) * d
  return tn"
Q509,MBPP-355,mbpp,local,"Write a Python function for the following problem. Return only code.

Write a python function to count the number of rectangles in a circle of radius r.","def count_Rectangles(radius):  
    rectangles = 0 
    diameter = 2 * radius 
    diameterSquare = diameter * diamet"
Q510,MBPP-356,mbpp,local,"Write a Python function for the following problem. Return only code.

Write a function to find the third angle of a triangle using two angles.","def find_angle(a,b):
 c = 180 - (a + b)
 return c"
Q511,MBPP-357,mbpp,local,"Write a Python function for the following problem. Return only code.

Write a function to find the maximum element of all the given tuple records.","def find_max(test_list):
  res = max(int(j) for i in test_list for j in i)
  return (res)"
Q512,MBPP-358,mbpp,local,"Write a Python function for the following problem. Return only code.

Write a function to find modulo division of two lists using map and lambda function.","def moddiv_list(nums1,nums2):
  result = map(lambda x, y: x % y, nums1, nums2)
  return list(result)"
Q513,MBPP-359,mbpp,local,"Write a Python function for the following problem. Return only code.

Write a python function to check whether one root of the quadratic equation is twice of the other or not.","def Check_Solution(a,b,c): 
    if (2*b*b == 9*a*c): 
        return (""Yes""); 
    else: 
        return (""No"");"
Q514,MBPP-360,mbpp,local,"Write a Python function for the following problem. Return only code.

Write a function to find the n’th carol number.","def get_carol(n): 
	result = (2**n) - 1
	return result * result - 2"
Q515,MBPP-361,mbpp,local,"Write a Python function for the following problem. Return only code.

Write a function to remove empty lists from a given list of lists.","def remove_empty(list1):
  remove_empty = [x for x in list1 if x]
  return remove_empty"
Q516,MBPP-362,mbpp,local,"Write a Python function for the following problem. Return only code.

Write a python function to find the item with maximum occurrences in a given list.","def max_occurrences(nums):
    max_val = 0
    result = nums[0] 
    for i in nums:
        occu = nums.count(i)
  "
Q517,MBPP-363,mbpp,local,"Write a Python function for the following problem. Return only code.

Write a function to add the k elements to each element in the tuple.","def add_K_element(test_list, K):
  res = [tuple(j + K for j in sub ) for sub in test_list]
  return (res)"
Q518,MBPP-364,mbpp,local,"Write a Python function for the following problem. Return only code.

Write a function to find the number of flips required to make the given binary string a sequence of alternate characters.","def make_flip(ch): 
	return '1' if (ch == '0') else '0'
def get_flip_with_starting_charcter(str, expected): 
	flip_co"
Q519,MBPP-365,mbpp,local,"Write a Python function for the following problem. Return only code.

Write a python function to count the number of digits of a given number.","def count_Digit(n):
    count = 0
    while n != 0:
        n //= 10
        count += 1
    return count"
Q520,MBPP-366,mbpp,local,"Write a Python function for the following problem. Return only code.

Write a python function to find the largest product of the pair of adjacent elements from a given list of integers.","def adjacent_num_product(list_nums):
    return max(a*b for a, b in zip(list_nums, list_nums[1:]))"
Q521,MBPP-367,mbpp,local,"Write a Python function for the following problem. Return only code.

Write a function to check if a binary tree is balanced or not.","class Node: 
	def __init__(self, data): 
		self.data = data 
		self.left = None
		self.right = None
def get_height("
Q522,MBPP-368,mbpp,local,"Write a Python function for the following problem. Return only code.

Write a function to repeat the given tuple n times.","def repeat_tuples(test_tup, N):
  res = ((test_tup, ) * N)
  return (res)"
Q523,MBPP-369,mbpp,local,"Write a Python function for the following problem. Return only code.

Write a function to find the lateral surface area of cuboid","def lateralsurface_cuboid(l,w,h):
  LSA = 2*h*(l+w)
  return LSA"
Q524,MBPP-370,mbpp,local,"Write a Python function for the following problem. Return only code.

Write a function to sort a tuple by its float element.","def float_sort(price):
  float_sort=sorted(price, key=lambda x: float(x[1]), reverse=True)
  return float_sort"
Q525,MBPP-371,mbpp,local,"Write a Python function for the following problem. Return only code.

Write a function to find the smallest missing element in a sorted array.","def smallest_missing(A, left_element, right_element):
    if left_element > right_element:
        return left_element"
Q526,MBPP-372,mbpp,local,"Write a Python function for the following problem. Return only code.

Write a function to sort a given list of elements in ascending order using heap queue algorithm.","import heapq as hq
def heap_assending(nums):
  hq.heapify(nums)
  s_result = [hq.heappop(nums) for i in range(len(num"
Q527,MBPP-373,mbpp,local,"Write a Python function for the following problem. Return only code.

Write a function to find the volume of a cuboid.","def volume_cuboid(l,w,h):
  volume=l*w*h
  return volume"
Q528,MBPP-374,mbpp,local,"Write a Python function for the following problem. Return only code.

Write a function to print all permutations of a given string including duplicates.","def permute_string(str):
    if len(str) == 0:
        return ['']
    prev_list = permute_string(str[1:len(str)])
 "
Q529,MBPP-375,mbpp,local,"Write a Python function for the following problem. Return only code.

Write a function to round the given number to the nearest multiple of a specific number.","def round_num(n,m):
    a = (n //m) * m
    b = a + m
    return (b if n - a > b - n else a)"
Q530,MBPP-376,mbpp,local,"Write a Python function for the following problem. Return only code.

Write a function to remove tuple elements that occur more than once and replace the duplicates with some custom value.","def remove_replica(test_tup):
  temp = set()
  res = tuple(ele if ele not in temp and not temp.add(ele) 
				else 'MS"
Q531,MBPP-377,mbpp,local,"Write a Python function for the following problem. Return only code.

Write a python function to remove all occurrences of a character in a given string.","def remove_Char(s,c) :  
    counts = s.count(c) 
    s = list(s) 
    while counts :  
        s.remove(c) 
      "
Q532,MBPP-378,mbpp,local,"Write a Python function for the following problem. Return only code.

Write a python function to shift last element to first position in the given list.","def move_first(test_list):
  test_list = test_list[-1:] + test_list[:-1]  
  return test_list"
Q533,MBPP-379,mbpp,local,"Write a Python function for the following problem. Return only code.

Write a function to find the surface area of a cuboid.","def surfacearea_cuboid(l,w,h):
  SA = 2*(l*w + l * h + w * h)
  return SA"
Q534,MBPP-380,mbpp,local,"Write a Python function for the following problem. Return only code.

Write a function to generate a two-dimensional array.","def multi_list(rownum,colnum):
  multi_list = [[0 for col in range(colnum)] for row in range(rownum)]
  for row in ran"
Q535,MBPP-381,mbpp,local,"Write a Python function for the following problem. Return only code.

Write a function to sort a list of lists by a given index of the inner list.","from operator import itemgetter
def index_on_inner_list(list_data, index_no):
    result = sorted(list_data, key=itemg"
Q536,MBPP-382,mbpp,local,"Write a Python function for the following problem. Return only code.

Write a function to find the number of rotations in a circularly sorted array.","def find_rotation_count(A):
    (left, right) = (0, len(A) - 1)
    while left <= right:
        if A[left] <= A[righ"
Q537,MBPP-383,mbpp,local,"Write a Python function for the following problem. Return only code.

Write a python function to toggle all odd bits of a given number.","def even_bit_toggle_number(n) : 
    res = 0; count = 0; temp = n    
    while(temp > 0 ) : 
        if (count % 2 ="
Q538,MBPP-384,mbpp,local,"Write a Python function for the following problem. Return only code.

Write a python function to find the frequency of the smallest value in a given array.","def frequency_Of_Smallest(n,arr): 
    mn = arr[0] 
    freq = 1
    for i in range(1,n): 
        if (arr[i] < mn):"
Q539,MBPP-385,mbpp,local,"Write a Python function for the following problem. Return only code.

Write a function to find the n'th perrin number using recursion.","def get_perrin(n):
  if (n == 0):
    return 3
  if (n == 1):
    return 0
  if (n == 2):
    return 2 
  return "
Q540,MBPP-386,mbpp,local,"Write a Python function for the following problem. Return only code.

Write a function to find out the minimum no of swaps required for bracket balancing in the given string.","def swap_count(s):
	chars = s
	count_left = 0
	count_right = 0
	swap = 0
	imbalance = 0; 
	for i in range(len(char"
Q541,MBPP-387,mbpp,local,"Write a Python function for the following problem. Return only code.

Write a python function to check whether the hexadecimal number is even or odd.","def even_or_odd(N): 
    l = len(N) 
    if (N[l-1] =='0'or N[l-1] =='2'or 
        N[l-1] =='4'or N[l-1] =='6'or 
 "
Q542,MBPP-388,mbpp,local,"Write a Python function for the following problem. Return only code.

Write a python function to find the highest power of 2 that is less than or equal to n.","def highest_Power_of_2(n): 
    res = 0; 
    for i in range(n, 0, -1): 
        if ((i & (i - 1)) == 0): 
         "
Q543,MBPP-389,mbpp,local,"Write a Python function for the following problem. Return only code.

Write a function to find the n'th lucas number.","def find_lucas(n): 
	if (n == 0): 
		return 2
	if (n == 1): 
		return 1
	return find_lucas(n - 1) + find_lucas(n - "
Q544,MBPP-390,mbpp,local,"Write a Python function for the following problem. Return only code.

Write a function to insert a given string at the beginning of all items in a list.","def add_string(list,string):
 add_string=[string.format(i) for i in  list]
 return add_string"
Q545,MBPP-391,mbpp,local,"Write a Python function for the following problem. Return only code.

Write a function to convert more than one list to nested dictionary.","def convert_list_dictionary(l1, l2, l3):
     result = [{x: {y: z}} for (x, y, z) in zip(l1, l2, l3)]
     return resu"
Q546,MBPP-392,mbpp,local,"Write a Python function for the following problem. Return only code.

Write a function to find the maximum sum possible by using the given equation f(n) = max( (f(n/2) + f(n/3) + f(n/4) + f(n/5)), n).","def get_max_sum (n):
	res = list()
	res.append(0)
	res.append(1)
	i = 2
	while i<n + 1:
		res.append(max(i, (res[i"
Q547,MBPP-393,mbpp,local,"Write a Python function for the following problem. Return only code.

Write a function to find the list with maximum length using lambda function.","def max_length_list(input_list):
    max_length = max(len(x) for x in input_list )   
    max_list = max(input_list, k"
Q548,MBPP-394,mbpp,local,"Write a Python function for the following problem. Return only code.

Write a function to check if given tuple is distinct or not.","def check_distinct(test_tup):
  res = True
  temp = set()
  for ele in test_tup:
    if ele in temp:
      res = Fa"
Q549,MBPP-395,mbpp,local,"Write a Python function for the following problem. Return only code.

Write a python function to find the first non-repeated character in a given string.","def first_non_repeating_character(str1):
  char_order = []
  ctr = {}
  for c in str1:
    if c in ctr:
      ctr[c"
Q550,MBPP-396,mbpp,local,"Write a Python function for the following problem. Return only code.

Write a function to check whether the given string starts and ends with the same character or not using regex.","import re  
regex = r'^[a-z]$|^([a-z]).*\1$'
def check_char(string): 
	if(re.search(regex, string)): 
		return ""Val"
Q551,MBPP-397,mbpp,local,"Write a Python function for the following problem. Return only code.

Write a function to find the median of three specific numbers.","def median_numbers(a,b,c):
 if a > b:
    if a < c:
        median = a
    elif b > c:
        median = b
    else"
Q552,MBPP-398,mbpp,local,"Write a Python function for the following problem. Return only code.

Write a function to compute the sum of digits of each number of a given list.","def sum_of_digits(nums):
    return sum(int(el) for n in nums for el in str(n) if el.isdigit())"
Q553,MBPP-399,mbpp,local,"Write a Python function for the following problem. Return only code.

Write a function to perform the mathematical bitwise xor operation across the given tuples.","def bitwise_xor(test_tup1, test_tup2):
  res = tuple(ele1 ^ ele2 for ele1, ele2 in zip(test_tup1, test_tup2))
  return"
Q554,MBPP-400,mbpp,local,"Write a Python function for the following problem. Return only code.

Write a function to extract the frequency of unique tuples in the given list order irrespective.","def extract_freq(test_list):
  res = len(list(set(tuple(sorted(sub)) for sub in test_list)))
  return (res)"
Q555,MBPP-401,mbpp,local,"Write a Python function for the following problem. Return only code.

Write a function to perform index wise addition of tuple elements in the given two nested tuples.","def add_nested_tuples(test_tup1, test_tup2):
  res = tuple(tuple(a + b for a, b in zip(tup1, tup2))
   for tup1, tup2 "
Q556,MBPP-402,mbpp,local,"Write a Python function for the following problem. Return only code.

Write a function to compute the value of ncr%p.","def ncr_modp(n, r, p): 
    C = [0 for i in range(r+1)]   
    C[0] = 1
    for i in range(1, n+1): 
        for j i"
Q557,MBPP-403,mbpp,local,"Write a Python function for the following problem. Return only code.

Write a function to check if a url is valid or not using regex.","import re
def is_valid_URL(str):
	regex = (""((http|https)://)(www.)?"" +
			""[a-zA-Z0-9@:%._\\+~#?&//=]"" +
			""{"
Q558,MBPP-404,mbpp,local,"Write a Python function for the following problem. Return only code.

Write a python function to find the minimum of two numbers.","def minimum(a,b):   
    if a <= b: 
        return a 
    else: 
        return b"
Q559,MBPP-405,mbpp,local,"Write a Python function for the following problem. Return only code.

Write a function to check whether an element exists within a tuple.","def check_tuplex(tuplex,tuple1): 
  if tuple1 in tuplex:
    return True
  else:
     return False"
Q560,MBPP-406,mbpp,local,"Write a Python function for the following problem. Return only code.

Write a python function to find the parity of a given number.","def find_Parity(x): 
    y = x ^ (x >> 1); 
    y = y ^ (y >> 2); 
    y = y ^ (y >> 4); 
    y = y ^ (y >> 8); 
  "
Q561,MBPP-407,mbpp,local,"Write a Python function for the following problem. Return only code.

Write a function to create the next bigger number by rearranging the digits of a given number.","def rearrange_bigger(n):
    nums = list(str(n))
    for i in range(len(nums)-2,-1,-1):
        if nums[i] < nums[i+1"
Q562,MBPP-408,mbpp,local,"Write a Python function for the following problem. Return only code.

Write a function to find k number of pairs which consist of one element from the first array and one element from the second array","import heapq
def k_smallest_pairs(nums1, nums2, k):
   queue = []
   def push(i, j):
       if i < len(nums1) and j "
Q563,MBPP-409,mbpp,local,"Write a Python function for the following problem. Return only code.

Write a function to find the minimum product from the pairs of tuples within a given list.","def min_product_tuple(list1):
    result_min = min([abs(x * y) for x, y in list1] )
    return result_min"
Q564,MBPP-410,mbpp,local,"Write a Python function for the following problem. Return only code.

Write a function to find the minimum value in a given heterogeneous list.","def min_val(listval):
     min_val = min(i for i in listval if isinstance(i, int))
     return min_val"
Q565,MBPP-411,mbpp,local,"Write a Python function for the following problem. Return only code.

Write a function to convert the given snake case string to camel case string by using regex.","import re
def snake_to_camel(word):
  return ''.join(x.capitalize() or '_' for x in word.split('_'))"
Q566,MBPP-412,mbpp,local,"Write a Python function for the following problem. Return only code.

Write a python function to remove odd numbers from a given list.","def remove_odd(l):
    for i in l:
        if i % 2 != 0:
            l.remove(i)
    return l"
Q567,MBPP-413,mbpp,local,"Write a Python function for the following problem. Return only code.

Write a function to extract the nth element from a given list of tuples.","def extract_nth_element(list1, n):
    result = [x[n] for x in list1]
    return result"
Q568,MBPP-414,mbpp,local,"Write a Python function for the following problem. Return only code.

Write a python function to check whether the value exists in a sequence or not.","def overlapping(list1,list2):  
    c=0
    d=0
    for i in list1: 
        c+=1
    for i in list2: 
        d+="
Q569,MBPP-415,mbpp,local,"Write a Python function for the following problem. Return only code.

Write a python function to find a pair with highest product from a given array of integers.","def max_Product(arr): 
    arr_len = len(arr) 
    if (arr_len < 2): 
        return (""No pairs exists"")           "
Q570,MBPP-416,mbpp,local,"Write a Python function for the following problem. Return only code.

Write a function to find the maximum sum we can make by dividing number in three parts recursively and summing them up together fo","MAX = 1000000
def breakSum(n): 
	dp = [0]*(n+1) 
	dp[0] = 0
	dp[1] = 1
	for i in range(2, n+1): 
		dp[i] = max(dp["
Q571,MBPP-417,mbpp,local,"Write a Python function for the following problem. Return only code.

Write a function to find common first element in given list of tuple.","def group_tuples(Input): 
	out = {} 
	for elem in Input: 
		try: 
			out[elem[0]].extend(elem[1:]) 
		except KeyErr"
Q572,MBPP-418,mbpp,local,"Write a Python function for the following problem. Return only code.

Write a python function to find the sublist having maximum length.","def Find_Max(lst): 
    maxList = max((x) for x in lst) 
    return maxList"
Q573,MBPP-419,mbpp,local,"Write a Python function for the following problem. Return only code.

Write a function to round every number of a given list of numbers and print the total sum multiplied by the length of the list.","def round_and_sum(list1):
  lenght=len(list1)
  round_and_sum=sum(list(map(round,list1))* lenght)
  return round_and_"
Q574,MBPP-420,mbpp,local,"Write a Python function for the following problem. Return only code.

Write a python function to find the cube sum of first n even natural numbers.","def cube_Sum(n): 
    sum = 0
    for i in range(1,n + 1): 
        sum += (2*i)*(2*i)*(2*i) 
    return sum"
Q575,MBPP-421,mbpp,local,"Write a Python function for the following problem. Return only code.

Write a function to concatenate each element of tuple by the delimiter.","def concatenate_tuple(test_tup):
    delim = ""-""
    res = ''.join([str(ele) + delim for ele in test_tup])
    res "
Q576,MBPP-422,mbpp,local,"Write a Python function for the following problem. Return only code.

Write a python function to find the average of cubes of first n natural numbers.","def find_Average_Of_Cube(n):  
    sum = 0
    for i in range(1, n + 1): 
        sum += i * i * i  
    return roun"
Q577,MBPP-423,mbpp,local,"Write a Python function for the following problem. Return only code.

Write a function to solve gold mine problem.","def get_maxgold(gold, m, n): 
    goldTable = [[0 for i in range(n)] 
                        for j in range(m)]   
 "
Q578,MBPP-424,mbpp,local,"Write a Python function for the following problem. Return only code.

Write a function to extract only the rear index element of each string in the given tuple.","def extract_rear(test_tuple):
  res = list(sub[len(sub) - 1] for sub in test_tuple)
  return (res)"
Q579,MBPP-425,mbpp,local,"Write a Python function for the following problem. Return only code.

Write a function to count the number of sublists containing a particular element.","def count_element_in_list(list1, x): 
    ctr = 0
    for i in range(len(list1)): 
        if x in list1[i]: 
      "
Q580,MBPP-426,mbpp,local,"Write a Python function for the following problem. Return only code.

Write a function to filter odd numbers using lambda function.","def filter_oddnumbers(nums):
 odd_nums = list(filter(lambda x: x%2 != 0, nums))
 return odd_nums"
Q581,MBPP-427,mbpp,local,"Write a Python function for the following problem. Return only code.

Write a function to convert a date of yyyy-mm-dd format to dd-mm-yyyy format by using regex.","import re
def change_date_format(dt):
        return re.sub(r'(\d{4})-(\d{1,2})-(\d{1,2})', '\\3-\\2-\\1', dt)"
Q582,MBPP-428,mbpp,local,"Write a Python function for the following problem. Return only code.

Write a function to sort the given array by using shell sort.","def shell_sort(my_list):
    gap = len(my_list) // 2
    while gap > 0:
        for i in range(gap, len(my_list)):
 "
Q583,MBPP-429,mbpp,local,"Write a Python function for the following problem. Return only code.

Write a function to extract the elementwise and tuples from the given two tuples.","def and_tuples(test_tup1, test_tup2):
  res = tuple(ele1 & ele2 for ele1, ele2 in zip(test_tup1, test_tup2))
  return "
Q584,MBPP-430,mbpp,local,"Write a Python function for the following problem. Return only code.

Write a function to find the directrix of a parabola.","def parabola_directrix(a, b, c): 
  directrix=((int)(c - ((b * b) + 1) * 4 * a ))
  return directrix"
Q585,MBPP-431,mbpp,local,"Write a Python function for the following problem. Return only code.

Write a function that takes two lists and returns true if they have at least one common element.","def common_element(list1, list2):
     result = False
     for x in list1:
         for y in list2:
             if "
Q586,MBPP-432,mbpp,local,"Write a Python function for the following problem. Return only code.

Write a function to find the median of a trapezium.","def median_trapezium(base1,base2,height):
 median = 0.5 * (base1+ base2)
 return median"
Q587,MBPP-433,mbpp,local,"Write a Python function for the following problem. Return only code.

Write a function to check whether the entered number is greater than the elements of the given array.","def check_greater(arr, number):
  arr.sort()
  if number > arr[-1]:
    return ('Yes, the entered number is greater t"
Q588,MBPP-434,mbpp,local,"Write a Python function for the following problem. Return only code.

Write a function that matches a string that has an a followed by one or more b's.","import re
def text_match_one(text):
        patterns = 'ab+?'
        if re.search(patterns,  text):
               "
Q589,MBPP-435,mbpp,local,"Write a Python function for the following problem. Return only code.

Write a python function to find the last digit of a given number.","def last_Digit(n) :
    return (n % 10)"
Q590,MBPP-436,mbpp,local,"Write a Python function for the following problem. Return only code.

Write a python function to print negative numbers in a list.","def neg_nos(list1):
  for num in list1: 
    if num < 0: 
       return num"
Q591,MBPP-437,mbpp,local,"Write a Python function for the following problem. Return only code.

Write a function to remove odd characters in a string.","def remove_odd(str1):
 str2 = ''
 for i in range(1, len(str1) + 1):
    if(i % 2 == 0):
        str2 = str2 + str1[i"
Q592,MBPP-438,mbpp,local,"Write a Python function for the following problem. Return only code.

Write a function to count bidirectional tuple pairs.","def count_bidirectional(test_list):
  res = 0
  for idx in range(0, len(test_list)):
    for iidx in range(idx + 1, l"
Q593,MBPP-439,mbpp,local,"Write a Python function for the following problem. Return only code.

Write a function to convert a list of multiple integers into a single integer.","def multiple_to_single(L):
  x = int("""".join(map(str, L)))
  return x"
Q594,MBPP-440,mbpp,local,"Write a Python function for the following problem. Return only code.

Write a function to find all adverbs and their positions in a given sentence.","import re
def find_adverb_position(text):
 for m in re.finditer(r""\w+ly"", text):
    return (m.start(), m.end(), m."
Q595,MBPP-441,mbpp,local,"Write a Python function for the following problem. Return only code.

Write a function to find the surface area of a cube.","def surfacearea_cube(l):
  surfacearea= 6*l*l
  return surfacearea"
Q596,MBPP-442,mbpp,local,"Write a Python function for the following problem. Return only code.

Write a function to find the ration of positive numbers in an array of integers.","from array import array
def positive_count(nums):
    n = len(nums)
    n1 = 0
    for x in nums:
        if x > 0:"
Q597,MBPP-443,mbpp,local,"Write a Python function for the following problem. Return only code.

Write a python function to find the largest negative number from the given list.","def largest_neg(list1): 
    max = list1[0] 
    for x in list1: 
        if x < max : 
             max = x  
    "
Q598,MBPP-444,mbpp,local,"Write a Python function for the following problem. Return only code.

Write a function to trim each tuple by k in the given tuple list.","def trim_tuple(test_list, K):
  res = []
  for ele in test_list:
    N = len(ele)
    res.append(tuple(list(ele)[K: "
Q599,MBPP-445,mbpp,local,"Write a Python function for the following problem. Return only code.

Write a function to perform index wise multiplication of tuple elements in the given two tuples.","def index_multiplication(test_tup1, test_tup2):
  res = tuple(tuple(a * b for a, b in zip(tup1, tup2))
   for tup1, tu"
Q600,MBPP-446,mbpp,local,"Write a Python function for the following problem. Return only code.

Write a python function to count the occurence of all elements of list in a tuple.","from collections import Counter 
def count_Occurrence(tup, lst): 
    count = 0
    for item in tup: 
        if ite"
Q601,MBPP-447,mbpp,local,"Write a Python function for the following problem. Return only code.

Write a function to find cubes of individual elements in a list using lambda function.","def cube_nums(nums):
 cube_nums = list(map(lambda x: x ** 3, nums))
 return cube_nums"
Q602,MBPP-448,mbpp,local,"Write a Python function for the following problem. Return only code.

Write a function to calculate the sum of perrin numbers.","def cal_sum(n): 
	a = 3
	b = 0
	c = 2
	if (n == 0): 
		return 3
	if (n == 1): 
		return 3
	if (n == 2): 
		retu"
Q603,MBPP-449,mbpp,local,"Write a Python function for the following problem. Return only code.

Write a python function to check whether the triangle is valid or not if 3 points are given.","def check_Triangle(x1,y1,x2,y2,x3,y3): 
    a = (x1*(y2-y3)+x2*(y3-y1)+x3*(y1-y2))   
    if a == 0: 
        return "
Q604,MBPP-450,mbpp,local,"Write a Python function for the following problem. Return only code.

Write a function to extract specified size of strings from a give list of string values.","def extract_string(str, l):
    result = [e for e in str if len(e) == l] 
    return result"
Q605,MBPP-451,mbpp,local,"Write a Python function for the following problem. Return only code.

Write a function to remove all whitespaces from the given string using regex.","import re
def remove_whitespaces(text1):
  return (re.sub(r'\s+', '',text1))"
Q606,MBPP-452,mbpp,local,"Write a Python function for the following problem. Return only code.

Write a function that gives loss amount if the given amount has loss else return none.","def loss_amount(actual_cost,sale_amount): 
  if(sale_amount > actual_cost):
    amount = sale_amount - actual_cost
  "
Q607,MBPP-453,mbpp,local,"Write a Python function for the following problem. Return only code.

Write a python function to find the sum of even factors of a number.","import math 
def sumofFactors(n) : 
    if (n % 2 != 0) : 
        return 0
    res = 1
    for i in range(2, (int)"
Q608,MBPP-454,mbpp,local,"Write a Python function for the following problem. Return only code.

Write a function that matches a word containing 'z'.","import re
def text_match_wordz(text):
        patterns = '\w*z.\w*'
        if re.search(patterns,  text):
         "
Q609,MBPP-455,mbpp,local,"Write a Python function for the following problem. Return only code.

Write a function to check whether the given month number contains 31 days or not.","def check_monthnumb_number(monthnum2):
  if(monthnum2==1 or monthnum2==3 or monthnum2==5 or monthnum2==7 or monthnum2=="
Q610,MBPP-456,mbpp,local,"Write a Python function for the following problem. Return only code.

Write a function to reverse strings in a given list of string values.","def reverse_string_list(stringlist):
    result = [x[::-1] for x in stringlist]
    return result"
Q611,MBPP-457,mbpp,local,"Write a Python function for the following problem. Return only code.

Write a python function to find the sublist having minimum length.","def Find_Min(lst): 
    minList = min((x) for x in lst) 
    return minList"
Q612,MBPP-458,mbpp,local,"Write a Python function for the following problem. Return only code.

Write a function to find the area of a rectangle.","def rectangle_area(l,b):
  area=l*b
  return area"
Q613,MBPP-459,mbpp,local,"Write a Python function for the following problem. Return only code.

Write a function to remove uppercase substrings from a given string by using regex.","import re
def remove_uppercase(str1):
  remove_upper = lambda text: re.sub('[A-Z]', '', text)
  result =  remove_uppe"
Q614,MBPP-460,mbpp,local,"Write a Python function for the following problem. Return only code.

Write a python function to get the first element of each sublist.","def Extract(lst): 
    return [item[0] for item in lst]"
Q615,MBPP-461,mbpp,local,"Write a Python function for the following problem. Return only code.

Write a python function to count the upper case characters in a given string.","def upper_ctr(str):
    upper_ctr = 0
    for i in range(len(str)):
          if str[i] >= 'A' and str[i] <= 'Z': upp"
Q616,MBPP-462,mbpp,local,"Write a Python function for the following problem. Return only code.

Write a function to find all possible combinations of the elements of a given list.","def combinations_list(list1):
    if len(list1) == 0:
        return [[]]
    result = []
    for el in combinations"
Q617,MBPP-463,mbpp,local,"Write a Python function for the following problem. Return only code.

Write a function to find the maximum product subarray of the given array.","def max_subarray_product(arr):
	n = len(arr)
	max_ending_here = 1
	min_ending_here = 1
	max_so_far = 0
	flag = 0
	"
Q618,MBPP-464,mbpp,local,"Write a Python function for the following problem. Return only code.

Write a function to check if all values are same in a dictionary.","def check_value(dict, n):
    result = all(x == n for x in dict.values()) 
    return result"
Q619,MBPP-465,mbpp,local,"Write a Python function for the following problem. Return only code.

Write a function to drop empty items from a given dictionary.","def drop_empty(dict1):
  dict1 = {key:value for (key, value) in dict1.items() if value is not None}
  return dict1"
Q620,MBPP-466,mbpp,local,"Write a Python function for the following problem. Return only code.

Write a function to find the peak element in the given array.","def find_peak_util(arr, low, high, n): 
	mid = low + (high - low)/2
	mid = int(mid) 
	if ((mid == 0 or arr[mid - 1] <"
Q621,MBPP-467,mbpp,local,"Write a Python function for the following problem. Return only code.

Write a python function to convert decimal number to octal number.","def decimal_to_Octal(deciNum):
    octalNum = 0
    countval = 1;
    dNo = deciNum;
    while (deciNum!= 0):
     "
Q622,MBPP-468,mbpp,local,"Write a Python function for the following problem. Return only code.

Write a function to find the maximum product formed by multiplying numbers of an increasing subsequence of that array.","def max_product(arr, n ): 
	mpis =[0] * (n) 
	for i in range(n): 
		mpis[i] = arr[i] 
	for i in range(1, n): 
		for"
Q623,MBPP-469,mbpp,local,"Write a Python function for the following problem. Return only code.

Write a function to find the maximum profit earned from a maximum of k stock transactions","def max_profit(price, k):
    n = len(price)
    final_profit = [[None for x in range(n)] for y in range(k + 1)]
    "
Q624,MBPP-470,mbpp,local,"Write a Python function for the following problem. Return only code.

Write a function to find the pairwise addition of the elements of the given tuples.","def add_pairwise(test_tup):
  res = tuple(i + j for i, j in zip(test_tup, test_tup[1:]))
  return (res)"
Q625,MBPP-471,mbpp,local,"Write a Python function for the following problem. Return only code.

Write a python function to find remainder of array multiplication divided by n.","def find_remainder(arr, lens, n): 
    mul = 1
    for i in range(lens):  
        mul = (mul * (arr[i] % n)) % n 
 "
Q626,MBPP-472,mbpp,local,"Write a Python function for the following problem. Return only code.

Write a python function to check whether the given list contains consecutive numbers or not.","def check_Consecutive(l): 
    return sorted(l) == list(range(min(l),max(l)+1))"
Q627,MBPP-473,mbpp,local,"Write a Python function for the following problem. Return only code.

Write a function to find the tuple intersection of elements in the given tuple list irrespective of their order.","def tuple_intersection(test_list1, test_list2):
  res = set([tuple(sorted(ele)) for ele in test_list1]) & set([tuple(so"
Q628,MBPP-474,mbpp,local,"Write a Python function for the following problem. Return only code.

Write a function to replace characters in a string.","def replace_char(str1,ch,newch):
 str2 = str1.replace(ch, newch)
 return str2"
Q629,MBPP-475,mbpp,local,"Write a Python function for the following problem. Return only code.

Write a function to sort counter by value.","from collections import Counter
def sort_counter(dict1):
 x = Counter(dict1)
 sort_counter=x.most_common()
 return s"
Q630,MBPP-476,mbpp,local,"Write a Python function for the following problem. Return only code.

Write a python function to find the sum of the largest and smallest value in a given array.","def big_sum(nums):
      sum= max(nums)+min(nums)
      return sum"
Q631,MBPP-477,mbpp,local,"Write a Python function for the following problem. Return only code.

Write a python function to convert the given string to lower case.","def is_lower(string):
  return (string.lower())"
Q632,MBPP-478,mbpp,local,"Write a Python function for the following problem. Return only code.

Write a function to remove lowercase substrings from a given string.","import re
def remove_lowercase(str1):
 remove_lower = lambda text: re.sub('[a-z]', '', text)
 result =  remove_lower("
Q633,MBPP-479,mbpp,local,"Write a Python function for the following problem. Return only code.

Write a python function to find the first digit of a given number.","def first_Digit(n) :  
    while n >= 10:  
        n = n / 10; 
    return int(n)"
Q634,MBPP-480,mbpp,local,"Write a Python function for the following problem. Return only code.

Write a python function to find the maximum occurring character in a given string.","def get_max_occuring_char(str1):
  ASCII_SIZE = 256
  ctr = [0] * ASCII_SIZE
  max = -1
  ch = ''
  for i in str1:"
Q635,MBPP-481,mbpp,local,"Write a Python function for the following problem. Return only code.

Write a function to determine if there is a subset of the given set with sum equal to the given sum.","def is_subset_sum(set, n, sum):
	if (sum == 0):
		return True
	if (n == 0):
		return False
	if (set[n - 1] > sum):"
Q636,MBPP-482,mbpp,local,"Write a Python function for the following problem. Return only code.

Write a function to find sequences of one upper case letter followed by lower case letters in the given string by using regex.","import re 
def match(text): 
		pattern = '[A-Z]+[a-z]+$'
		if re.search(pattern, text): 
				return('Yes') 
		else:"
Q637,MBPP-483,mbpp,local,"Write a Python function for the following problem. Return only code.

Write a python function to find the first natural number whose factorial is divisible by x.","def first_Factorial_Divisible_Number(x): 
    i = 1;
    fact = 1; 
    for i in range(1,x): 
        fact = fact * "
Q638,MBPP-484,mbpp,local,"Write a Python function for the following problem. Return only code.

Write a function to remove the matching tuples from the given two tuples.","def remove_matching_tuple(test_list1, test_list2):
  res = [sub for sub in test_list1 if sub not in test_list2]
  retu"
Q639,MBPP-485,mbpp,local,"Write a Python function for the following problem. Return only code.

Write a function to find the largest palindromic number in the given array.","def is_palindrome(n) : 
	divisor = 1
	while (n / divisor >= 10) : 
		divisor *= 10
	while (n != 0) : 
		leading = n"
Q640,MBPP-486,mbpp,local,"Write a Python function for the following problem. Return only code.

Write a function to compute binomial probability for the given number.","def nCr(n, r): 
	if (r > n / 2): 
		r = n - r 
	answer = 1 
	for i in range(1, r + 1): 
		answer *= (n - r + i) 
	"
Q641,MBPP-487,mbpp,local,"Write a Python function for the following problem. Return only code.

Write a function to sort a list of tuples in increasing order by the last element in each tuple.","def sort_tuple(tup): 
	lst = len(tup) 
	for i in range(0, lst): 
		for j in range(0, lst-i-1): 
			if (tup[j][-1] > "
Q642,MBPP-488,mbpp,local,"Write a Python function for the following problem. Return only code.

Write a function to find the area of a pentagon.","import math
def area_pentagon(a):
  area=(math.sqrt(5*(5+2*math.sqrt(5)))*pow(a,2))/4.0
  return area"
Q643,MBPP-489,mbpp,local,"Write a Python function for the following problem. Return only code.

Write a python function to find the frequency of the largest value in a given array.","def frequency_Of_Largest(n,arr): 
    mn = arr[0] 
    freq = 1
    for i in range(1,n): 
        if (arr[i] >mn): "
Q644,MBPP-490,mbpp,local,"Write a Python function for the following problem. Return only code.

Write a function to extract all the pairs which are symmetric in the given tuple list.","def extract_symmetric(test_list):
  temp = set(test_list) & {(b, a) for a, b in test_list}
  res = {(a, b) for a, b in"
Q645,MBPP-491,mbpp,local,"Write a Python function for the following problem. Return only code.

Write a function to find the sum of geometric progression series.","import math
def sum_gp(a,n,r):
 total = (a * (1 - math.pow(r, n ))) / (1- r)
 return total"
Q646,MBPP-492,mbpp,local,"Write a Python function for the following problem. Return only code.

Write a function to search an element in the given array by using binary search.","def binary_search(item_list,item):
	first = 0
	last = len(item_list)-1
	found = False
	while( first<=last and not fo"
Q647,MBPP-493,mbpp,local,"Write a Python function for the following problem. Return only code.

Write a function to calculate a grid of hexagon coordinates where function returns a list of lists containing 6 tuples of x, y poi","import math
def calculate_polygons(startx, starty, endx, endy, radius):
    sl = (2 * radius) * math.tan(math.pi / 6)"
Q648,MBPP-494,mbpp,local,"Write a Python function for the following problem. Return only code.

Write a function to convert the given binary tuple to integer.","def binary_to_integer(test_tup):
  res = int("""".join(str(ele) for ele in test_tup), 2)
  return (str(res))"
Q649,MBPP-495,mbpp,local,"Write a Python function for the following problem. Return only code.

Write a function to remove lowercase substrings from a given string by using regex.","import re
def remove_lowercase(str1):
  remove_lower = lambda text: re.sub('[a-z]', '', text)
  result =  remove_lowe"
Q650,MBPP-496,mbpp,local,"Write a Python function for the following problem. Return only code.

Write a function to find the smallest integers from a given list of numbers using heap queue algorithm.","import heapq as hq
def heap_queue_smallest(nums,n):
  smallest_nums = hq.nsmallest(n, nums)
  return smallest_nums"
Q651,MBPP-497,mbpp,local,"Write a Python function for the following problem. Return only code.

Write a function to find the surface area of a cone.","import math
def surfacearea_cone(r,h):
  l = math.sqrt(r * r + h * h)
  SA = math.pi * r * (r + l)
  return SA"
Q652,MBPP-498,mbpp,local,"Write a Python function for the following problem. Return only code.

Write a python function to find gcd of two positive integers.","def gcd(x, y):
    gcd = 1
    if x % y == 0:
        return y
    for k in range(int(y / 2), 0, -1):
        if x "
Q653,MBPP-499,mbpp,local,"Write a Python function for the following problem. Return only code.

Write a function to find the diameter of a circle.","def diameter_circle(r):
  diameter=2*r
  return diameter"
Q654,MBPP-500,mbpp,local,"Write a Python function for the following problem. Return only code.

Write a function to concatenate all elements of the given list into a string.","def concatenate_elements(list):
  ans = ' '
  for i in list:
    ans = ans+ ' '+i
  return (ans)"
Q655,MBPP-501,mbpp,local,"Write a Python function for the following problem. Return only code.

Write a python function to find common divisor between two numbers in a given pair.","def ngcd(x,y):
    i=1
    while(i<=x and i<=y):
        if(x%i==0 and y%i == 0):
            gcd=i;
        i+=1
"
Q656,MBPP-502,mbpp,local,"Write a Python function for the following problem. Return only code.

Write a python function to find remainder of two numbers.","def find(n,m):
  r = n%m
  return (r)"
Q657,MBPP-503,mbpp,local,"Write a Python function for the following problem. Return only code.

Write a function to add consecutive numbers of a given list.","def add_consecutive_nums(nums):
    result = [b+a for a, b in zip(nums[:-1], nums[1:])]
    return result"
Q658,MBPP-504,mbpp,local,"Write a Python function for the following problem. Return only code.

Write a python function to find the cube sum of first n natural numbers.","def sum_Of_Series(n): 
    sum = 0
    for i in range(1,n + 1): 
        sum += i * i*i       
    return sum"
Q659,MBPP-505,mbpp,local,"Write a Python function for the following problem. Return only code.

Write a function to move all zeroes to the end of the given array.","def re_order(A):
    k = 0
    for i in A:
        if i:
            A[k] = i
            k = k + 1
    for i in r"
Q660,MBPP-506,mbpp,local,"Write a Python function for the following problem. Return only code.

Write a function to calculate the permutation coefficient of given p(n, k).","def permutation_coefficient(n, k): 
	P = [[0 for i in range(k + 1)] 
			for j in range(n + 1)] 
	for i in range(n + 1"
Q661,MBPP-507,mbpp,local,"Write a Python function for the following problem. Return only code.

Write a function to remove specific words from a given list.","def remove_words(list1, removewords):
    for word in list(list1):
        if word in removewords:
            list1."
Q662,MBPP-508,mbpp,local,"Write a Python function for the following problem. Return only code.

Write a function to check if the common elements between two given lists are in the same order or not.","def same_order(l1, l2):
    common_elements = set(l1) & set(l2)
    l1 = [e for e in l1 if e in common_elements]
    "
Q663,MBPP-509,mbpp,local,"Write a Python function for the following problem. Return only code.

Write a python function to find the average of odd numbers till a given odd number.","def average_Odd(n) : 
    if (n%2==0) : 
        return (""Invalid Input"") 
        return -1 
    sm =0
    count"
Q664,MBPP-510,mbpp,local,"Write a Python function for the following problem. Return only code.

Write a function to find the number of subsequences having product smaller than k for the given non negative array.","def no_of_subsequences(arr, k): 
	n = len(arr) 
	dp = [[0 for i in range(n + 1)] 
			for j in range(k + 1)] 
	for i "
Q665,DS1000-Pandas-0,ds1000,hybrid,"Solve the following data-science coding problem. Return only Python code.

Problem:
I have the following DataFrame:
    Col1  Col2  Col3  Type
0      1     2     3     1
1      4     5     6     1
2  ","def g(df, List):
    return df.iloc[List]

result = g(df.copy(), List)"
Q666,DS1000-Pandas-1,ds1000,hybrid,"Solve the following data-science coding problem. Return only Python code.

Problem:
I have the following DataFrame:
    Col1  Col2  Col3  Type
0      1     2     3     1
1      4     5     6     1
2  ","def g(df, List):
    df2 = df.iloc[List].reindex().reset_index(drop=True)
    return (df2.Type != df.Type).sum()

result"
Q667,DS1000-Pandas-2,ds1000,hybrid,"Solve the following data-science coding problem. Return only Python code.

Problem:
I have following pandas dataframe :


import pandas as pd 
from pandas import Series, DataFrame
data = DataFrame({'Q","def g(df):
    return df.where(df.apply(lambda x: x.map(x.value_counts())) >= 2, ""other"")

result = g(df.copy())"
Q668,DS1000-Pandas-3,ds1000,hybrid,"Solve the following data-science coding problem. Return only Python code.

Problem:
I have following pandas dataframe :


import pandas as pd
from pandas import Series, DataFrame
data = DataFrame({'Qu","def g(df):
    return df.where(df.apply(lambda x: x.map(x.value_counts())) >= 3, ""other"")

result = g(df.copy())"
Q669,DS1000-Pandas-4,ds1000,hybrid,"Solve the following data-science coding problem. Return only Python code.

Problem:
I have following pandas dataframe :


import pandas as pd 
from pandas import Series, DataFrame
data = DataFrame({'Q","result = df.where(df.apply(lambda x: x.map(x.value_counts())) >= 2, ""other"")

    return result"
Q670,DS1000-Pandas-5,ds1000,hybrid,"Solve the following data-science coding problem. Return only Python code.

Problem:
I have following pandas dataframe :


import pandas as pd
from pandas import Series, DataFrame
data = DataFrame({'Qu","def g(df):
    for col in df.columns:
        vc = df[col].value_counts()
        if col == 'Qu1':
            df[col] ="
Q671,DS1000-Pandas-6,ds1000,hybrid,"Solve the following data-science coding problem. Return only Python code.

Problem:
I have following pandas dataframe :


import pandas as pd
from pandas import Series, DataFrame
data = DataFrame({'Qu","def g(df):
    for col in df.columns:
        vc = df[col].value_counts()
        if col == 'Qu1':
            df[col] ="
Q672,DS1000-Pandas-7,ds1000,hybrid,"Solve the following data-science coding problem. Return only Python code.

Problem:
I have a dataset :
id    url     keep_if_dup
1     A.com   Yes
2     A.com   Yes
3     B.com   No
4     B.com   No
5","def g(df):
    return df.loc[(df['keep_if_dup'] =='Yes') | ~df['url'].duplicated()]

result = g(df.copy())"
Q673,DS1000-Pandas-8,ds1000,hybrid,"Solve the following data-science coding problem. Return only Python code.

Problem:
I have a dataset :
id    url     drop_if_dup
1     A.com   Yes
2     A.com   Yes
3     B.com   No
4     B.com   No
5","def g(df):
    return df.loc[(df['drop_if_dup'] =='No') | ~df['url'].duplicated()]

result = g(df.copy())"
Q674,DS1000-Pandas-9,ds1000,hybrid,"Solve the following data-science coding problem. Return only Python code.

Problem:
I have a dataset :
id    url     keep_if_dup
1     A.com   Yes
2     A.com   Yes
3     B.com   No
4     B.com   No
5","def g(df):
    return df.loc[(df['keep_if_dup'] =='Yes') | ~df['url'].duplicated(keep='last')]

result = g(df.copy())"
Q675,DS1000-Pandas-10,ds1000,hybrid,"Solve the following data-science coding problem. Return only Python code.

Problem:
I'm Looking for a generic way of turning a DataFrame to a nested dictionary
This is a sample data frame 
    name   ","def g(df):
    if len(df.columns) == 1:
        if df.values.size == 1: return df.values[0][0]
        return df.values."
Q676,DS1000-Pandas-11,ds1000,hybrid,"Solve the following data-science coding problem. Return only Python code.

Problem:
I have been struggling with removing the time zone info from a column in a pandas dataframe. I have checked the foll","df['datetime'] = df['datetime'].dt.tz_localize(None)"
Q677,DS1000-Pandas-12,ds1000,hybrid,"Solve the following data-science coding problem. Return only Python code.

Problem:
I have been struggling with removing the time zone info from a column in a pandas dataframe. I have checked the foll","df['datetime'] = df['datetime'].dt.tz_localize(None)
    result = df

    return result"
Q678,DS1000-Pandas-13,ds1000,hybrid,"Solve the following data-science coding problem. Return only Python code.

Problem:
I have been struggling with removing the time zone info from a column in a pandas dataframe. I have checked the foll","df['datetime'] = df['datetime'].dt.tz_localize(None)
df.sort_values(by='datetime', inplace=True)
df['datetime'] = df['da"
Q679,DS1000-Pandas-14,ds1000,hybrid,"Solve the following data-science coding problem. Return only Python code.

Problem:
I have been struggling with removing the time zone info from a column in a pandas dataframe. I have checked the foll","def g(df):
    df['datetime'] = df['datetime'].dt.tz_localize(None)
    df.sort_values(by='datetime', inplace=True)
    "
Q680,DS1000-Pandas-15,ds1000,hybrid,"Solve the following data-science coding problem. Return only Python code.

Problem:
I have a data set like below:
name    status    number   message
matt    active    12345    [job:  , money: none, wi","import yaml
def g(df):
    df.message = df.message.replace(['\[','\]'],['{','}'], regex=True).apply(yaml.safe_load)
    "
Q681,DS1000-Pandas-16,ds1000,hybrid,"Solve the following data-science coding problem. Return only Python code.

Problem:
I have a dataframe that looks like this:
     product     score
0    1179160  0.424654
1    1066490  0.424509
2    1","df.loc[df['product'].isin(products), 'score'] *= 10"
Q682,DS1000-Pandas-17,ds1000,hybrid,"Solve the following data-science coding problem. Return only Python code.

Problem:
I have a dataframe that looks like this:
     product     score
0    1179160  0.424654
1    1066490  0.424509
2    1","df.loc[~df['product'].isin(products), 'score'] *= 10"
Q683,DS1000-Pandas-18,ds1000,hybrid,"Solve the following data-science coding problem. Return only Python code.

Problem:
I have a dataframe that looks like this:
     product     score
0    1179160  0.424654
1    1066490  0.424509
2    1","for product in products:
    df.loc[(df['product'] >= product[0]) & (df['product'] <= product[1]), 'score'] *= 10"
Q684,DS1000-Pandas-19,ds1000,hybrid,"Solve the following data-science coding problem. Return only Python code.

Problem:
I have a dataframe that looks like this:
     product     score
0    1179160  0.424654
1    1066490  0.424509
2    1","Max = df.loc[df['product'].isin(products), 'score'].max()
Min = df.loc[df['product'].isin(products), 'score'].min()
df.l"
Q685,DS1000-Pandas-20,ds1000,hybrid,"Solve the following data-science coding problem. Return only Python code.

Problem:
Given a pandas DataFrame, how does one convert several binary columns (where 1 denotes the value exists, 0 denotes i","df[""category""] = df.idxmax(axis=1)"
Q686,DS1000-Pandas-21,ds1000,hybrid,"Solve the following data-science coding problem. Return only Python code.

Problem:
Given a pandas DataFrame, how does one convert several binary columns (where 0 denotes the value exists, 1 denotes i","df[""category""] = df.idxmin(axis=1)"
Q687,DS1000-Pandas-22,ds1000,hybrid,"Solve the following data-science coding problem. Return only Python code.

Problem:
Given a pandas DataFrame, how does one convert several binary columns (where 1 denotes the value exists, 0 denotes i","categories = []
for i in range(len(df)):
    l = []
    for col in df.columns:
        if df[col].iloc[i] == 1:
        "
Q688,DS1000-Pandas-23,ds1000,hybrid,"Solve the following data-science coding problem. Return only Python code.

Problem:
I have the following DF
        Date
0    2018-01-01
1    2018-02-08
2    2018-02-08
3    2018-02-08
4    2018-02-08","df['Date'] = df['Date'].dt.strftime('%b-%Y')"
Q689,DS1000-Pandas-24,ds1000,hybrid,"Solve the following data-science coding problem. Return only Python code.

Problem:
I have the following DF
        Date
0    2018-01-01
1    2018-02-08
2    2018-02-08
3    2018-02-08
4    2018-02-08","df['Date'] = df['Date'].dt.strftime('%d-%b-%Y')"
Q690,DS1000-Pandas-25,ds1000,hybrid,"Solve the following data-science coding problem. Return only Python code.

Problem:
I have the following DF
	Date
0    2018-01-01
1    2018-02-08
2    2018-02-08
3    2018-02-08
4    2018-02-08

I hav","df = df[df['Date'] >= List[0]]
df = df[df['Date'] <= List[1]]
df['Date'] = df['Date'].dt.strftime('%d-%b-%Y %A')"
Q691,DS1000-Pandas-26,ds1000,hybrid,"Solve the following data-science coding problem. Return only Python code.

Problem:
So I have a dataframe that looks like this:
                         #1                     #2
1980-01-01           ","import numpy as np
df['#1'] = np.roll(df['#1'], shift=1)"
Q692,DS1000-Pandas-27,ds1000,hybrid,"Solve the following data-science coding problem. Return only Python code.

Problem:
So I have a dataframe that looks like this:
                         #1                     #2
1980-01-01           ","import numpy as np
df['#1'] = np.roll(df['#1'], shift=-1)"
Q693,DS1000-Pandas-28,ds1000,hybrid,"Solve the following data-science coding problem. Return only Python code.

Problem:
So I have a dataframe that looks like this:
                         #1                     #2
1980-01-01           ","import numpy as np
df['#1'] = np.roll(df['#1'], shift=1)
df['#2'] = np.roll(df['#2'], shift=-1)"
Q694,DS1000-Pandas-29,ds1000,hybrid,"Solve the following data-science coding problem. Return only Python code.

Problem:
So I have a dataframe that looks like this:
                         #1                     #2
1980-01-01           ","import numpy as np
def g(df):
    sh = 0
    min_R2 = 0
    for i in range(len(df)):
        min_R2 += (df['#1'].iloc[i]"
Q695,DS1000-Pandas-30,ds1000,hybrid,"Solve the following data-science coding problem. Return only Python code.

Problem:
Considering a simple df:
HeaderA | HeaderB | HeaderC 
    476      4365      457


Is there a way to rename all colu","def g(df):
    return df.add_suffix('X')

df = g(df.copy())"
Q696,DS1000-Pandas-31,ds1000,hybrid,"Solve the following data-science coding problem. Return only Python code.

Problem:
Considering a simple df:
HeaderA | HeaderB | HeaderC 
    476      4365      457


Is there a way to rename all colu","def g(df):
    return df.add_prefix('X')

df = g(df.copy())"
Q697,DS1000-Pandas-32,ds1000,hybrid,"Solve the following data-science coding problem. Return only Python code.

Problem:
Considering a simple df:
HeaderA | HeaderB | HeaderC | HeaderX
    476      4365      457        345


Is there a wa","def g(df):
    for col in df.columns:
        if not col.endswith('X'):
            df.rename(columns={col: col+'X'}, in"
Q698,DS1000-Pandas-33,ds1000,hybrid,"Solve the following data-science coding problem. Return only Python code.

Problem:
I have a script that generates a pandas data frame with a varying number of value columns. As an example, this df mi","def g(df):
    return df.groupby('group').agg(lambda x : x.head(1) if x.dtype=='object' else x.mean())

result = g(df.co"
Q699,DS1000-Pandas-34,ds1000,hybrid,"Solve the following data-science coding problem. Return only Python code.

Problem:
I have a script that generates a pandas data frame with a varying number of value columns. As an example, this df mi","def g(df):
    return df.groupby('group').agg(lambda x : x.head(1) if x.dtype=='object' else x.sum())

result = g(df.cop"
Q700,DS1000-Pandas-35,ds1000,hybrid,"Solve the following data-science coding problem. Return only Python code.

Problem:
I have a script that generates a pandas data frame with a varying number of value columns. As an example, this df mi","def g(df):
    return df.groupby('group').agg(lambda x : x.head(1) if x.dtype=='object' else x.mean() if x.name.endswith"
Q701,DS1000-Pandas-36,ds1000,hybrid,"Solve the following data-science coding problem. Return only Python code.

Problem:
I have pandas df with say, 100 rows, 10 columns, (actual data is huge). I also have row_index list which contains, w","def g(df, row_list, column_list):
    return df[column_list].iloc[row_list].mean(axis=0)

result = g(df.copy(),row_list,"
Q702,DS1000-Pandas-37,ds1000,hybrid,"Solve the following data-science coding problem. Return only Python code.

Problem:
I have pandas df with say, 100 rows, 10 columns, (actual data is huge). I also have row_index list which contains, w","def g(df, row_list, column_list):
    return df[column_list].iloc[row_list].sum(axis=0)

result = g(df.copy(), row_list,"
Q703,DS1000-Pandas-38,ds1000,hybrid,"Solve the following data-science coding problem. Return only Python code.

Problem:
I have pandas df with say, 100 rows, 10 columns, (actual data is huge). I also have row_index list which contains, w","def g(df, row_list, column_list):
    result = df[column_list].iloc[row_list].sum(axis=0)
    return result.drop(result."
Q704,DS1000-Pandas-39,ds1000,hybrid,"Solve the following data-science coding problem. Return only Python code.

Problem:
I have a dataframe with numerous columns (≈30) from an external source (csv file) but several of them have no value ","def g(df):
    return df.apply(lambda x: x.value_counts()).T.stack()

result = g(df.copy())"
Q705,DS1000-Pandas-40,ds1000,hybrid,"Solve the following data-science coding problem. Return only Python code.

Problem:
I have a dataframe with numerous columns (≈30) from an external source (csv file) but several of them have no value ","def g(df):
    return df.apply(lambda x: x.value_counts()).T.null

result = g(df.copy())"
Q706,DS1000-Pandas-41,ds1000,hybrid,"Solve the following data-science coding problem. Return only Python code.

Problem:
I have a dataframe with numerous columns (≈30) from an external source (csv file) but several of them have no value ","def g(df):
    s = ''
    for c in df.columns:
        s += ""---- %s ---"" % c
        s += ""\n""
        s += str(df["
Q707,DS1000-Pandas-42,ds1000,hybrid,"Solve the following data-science coding problem. Return only Python code.

Problem:
I am trying to clean up a Excel file for some further research. Problem that I have, I want to merge the first and s","def g(df):
    df.columns = np.concatenate([df.iloc[0, :2], df.columns[2:]])
    df = df.iloc[1:].reset_index(drop=True)"
Q708,DS1000-Pandas-43,ds1000,hybrid,"Solve the following data-science coding problem. Return only Python code.

Problem:
I am trying to clean up a Excel file for some further research. Problem that I have, I want to merge the first and s","def g(df):
    df.columns = np.concatenate([df.columns[0:1], df.iloc[0, 1:2], df.columns[2:]])
    df = df.iloc[1:].rese"
Q709,DS1000-Pandas-44,ds1000,hybrid,"Solve the following data-science coding problem. Return only Python code.

Problem:
I have a DataFrame like :
     0    1    2
0  0.0  1.0  2.0
1  NaN  1.0  2.0
2  NaN  NaN  2.0

What I want to get is","def justify(a, invalid_val=0, axis=1, side='left'):
    if invalid_val is np.nan:
        mask = ~np.isnan(a)
    else:
"
Q710,DS1000-Pandas-45,ds1000,hybrid,"Solve the following data-science coding problem. Return only Python code.

Problem:
I have a DataFrame like :
     0    1    2
0  0.0  1.0  2.0
1  1.0  2.0  NaN
2  2.0  NaN  NaN

What I want to get is","def justify(a, invalid_val=0, axis=1, side='left'):
    if invalid_val is np.nan:
        mask = ~np.isnan(a)
    else:
"
Q711,DS1000-Pandas-46,ds1000,hybrid,"Solve the following data-science coding problem. Return only Python code.

Problem:
I have a DataFrame like :
     0    1    2
0  0.0  1.0  2.0
1  NaN  1.0  2.0
2  NaN  NaN  2.0

What I want to get is","def justify(a, invalid_val=0, axis=1, side='left'):
    if invalid_val is np.nan:
        mask = ~np.isnan(a)
    else:
"
Q712,DS1000-Pandas-47,ds1000,hybrid,"Solve the following data-science coding problem. Return only Python code.

Problem:
I have a pandas dataframe structured like this:
      value
lab        
A        50
B        35
C         8
D       ","def g(df, thresh):
    return (df[lambda x: x['value'] >= thresh] .append(df[lambda x: x['value'] < thresh].sum().rename"
Q713,DS1000-Pandas-48,ds1000,hybrid,"Solve the following data-science coding problem. Return only Python code.

Problem:
I have a pandas dataframe structured like this:
      value
lab        
A        50
B        35
C         8
D       ","def g(df, thresh):
    return (df[lambda x: x['value'] <= thresh]
            .append(df[lambda x: x['value'] > thresh]."
Q714,DS1000-Pandas-49,ds1000,hybrid,"Solve the following data-science coding problem. Return only Python code.

Problem:
I have a pandas dataframe structured like this:
      value
lab        
A        50
B        35
C         8
D       ","def g(df, section_left, section_right):
    return (df[lambda x: x['value'].between(section_left, section_right)]
      "
Q715,DS1000-Pandas-50,ds1000,hybrid,"Solve the following data-science coding problem. Return only Python code.

Problem:
Sample dataframe:
df = pd.DataFrame({""A"": [1, 2, 3], ""B"": [4, 5, 6]})

I'd like to add inverses of each existing","def g(df):
    return df.join(df.apply(lambda x: 1/x).add_prefix('inv_'))

result = g(df.copy())"
Q716,DS1000-Pandas-51,ds1000,hybrid,"Solve the following data-science coding problem. Return only Python code.

Problem:
Sample dataframe:
df = pd.DataFrame({""A"": [1, 2, 3], ""B"": [4, 5, 6]})

I'd like to add exponentials of each exis","import math
def g(df):
    return df.join(df.apply(lambda x: math.e**x).add_prefix('exp_'))

result = g(df.copy())"
Q717,DS1000-Pandas-52,ds1000,hybrid,"Solve the following data-science coding problem. Return only Python code.

Problem:
Sample dataframe:
df = pd.DataFrame({""A"": [1, 2, 3], ""B"": [4, 5, 0]})

I'd like to add inverses of each existing","import math
def g(df):
    return df.join(df.apply(lambda x: 1/x).add_prefix('inv_')).replace(math.inf, 0)

result = g(d"
Q718,DS1000-Pandas-53,ds1000,hybrid,"Solve the following data-science coding problem. Return only Python code.

Problem:
Sample dataframe:
df = pd.DataFrame({""A"": [1, 2, 3], ""B"": [4, 5, 6]})

I'd like to add sigmoids of each existing","import math
def g(df):
    return df.join(df.apply(lambda x: 1/(1+math.e**(-x))).add_prefix('sigmoid_'))

result = g(df."
Q719,DS1000-Pandas-54,ds1000,hybrid,"Solve the following data-science coding problem. Return only Python code.

Problem:
The title might not be intuitive--let me provide an example.  Say I have df, created with:
a = np.array([[ 1. ,  0.9","def g(df):
    return df.mask((df == df.min()).cumsum().astype(bool))[::-1].idxmax()

result = g(df.copy())"
Q720,DS1000-Pandas-55,ds1000,hybrid,"Solve the following data-science coding problem. Return only Python code.

Problem:
The title might not be intuitive--let me provide an example.  Say I have df, created with:
a = np.array([[ 1. ,  0.9","def g(df):
    return df.mask(~(df == df.min()).cumsum().astype(bool)).idxmax()

result = g(df.copy())"
Q721,DS1000-Pandas-56,ds1000,hybrid,"Solve the following data-science coding problem. Return only Python code.

Problem:
I've a data frame that looks like the following


x = pd.DataFrame({'user': ['a','a','b','b'], 'dt': ['2016-01-01','","def g(df):
    df.dt = pd.to_datetime(df.dt)
    return df.set_index(['dt', 'user']).unstack(fill_value=0).asfreq('D', f"
Q722,DS1000-Pandas-57,ds1000,hybrid,"Solve the following data-science coding problem. Return only Python code.

Problem:
I've a data frame that looks like the following


x = pd.DataFrame({'user': ['abc','abc','efg','efg'], 'dt': ['2022-","def g(df):
    return df.set_index(['dt', 'user']).unstack(fill_value=0).asfreq('D', fill_value=0).stack().sort_index(le"
Q723,DS1000-Pandas-58,ds1000,hybrid,"Solve the following data-science coding problem. Return only Python code.

Problem:
I've a data frame that looks like the following


x = pd.DataFrame({'user': ['a','a','b','b'], 'dt': ['2016-01-01','","def g(df):
    df.dt = pd.to_datetime(df.dt)
    return df.set_index(['dt', 'user']).unstack(fill_value=233).asfreq('D',"
Q724,DS1000-Pandas-59,ds1000,hybrid,"Solve the following data-science coding problem. Return only Python code.

Problem:
I've a data frame that looks like the following


x = pd.DataFrame({'user': ['a','a','b','b'], 'dt': ['2016-01-01','","def g(df):
    df.dt = pd.to_datetime(df.dt)
    result = df.set_index(['dt', 'user']).unstack(fill_value=-11414).asfreq"
Q725,DS1000-Pandas-60,ds1000,hybrid,"Solve the following data-science coding problem. Return only Python code.

Problem:
I've a data frame that looks like the following


x = pd.DataFrame({'user': ['a','a','b','b'], 'dt': ['2016-01-01','","def g(df):
    df.dt = pd.to_datetime(df.dt)
    result = df.set_index(['dt', 'user']).unstack(fill_value=-11414).asfreq"
Q726,DS1000-Pandas-61,ds1000,hybrid,"Solve the following data-science coding problem. Return only Python code.

Problem:
I am using Pandas to get a dataframe like this:
    name  a  b   c
0  Aaron  3  5   7
1  Aaron  3  6   9
2  Aaron  3","def g(df):
    F = {}
    cnt = 0
    for i in range(len(df)):
        if df['name'].iloc[i] not in F.keys():
          "
Q727,DS1000-Pandas-62,ds1000,hybrid,"Solve the following data-science coding problem. Return only Python code.

Problem:
I am using Pandas to get a dataframe like this:
    name  a  b   c
0  Aaron  3  5   7
1  Aaron  3  6   9
2  Aaron  3","def g(df):
    F = {}
    cnt = 0
    for i in range(len(df)):
        if df['a'].iloc[i] not in F.keys():
            c"
Q728,DS1000-Pandas-63,ds1000,hybrid,"Solve the following data-science coding problem. Return only Python code.

Problem:
I am using Pandas to get a dataframe like this:
    name  a  b   c
0  Aaron  3  5   7
1  Aaron  3  6   9
2  Aaron  3","F = {}
    cnt = 0
    for i in range(len(df)):
        if df['name'].iloc[i] not in F.keys():
            cnt += 1
    "
Q729,DS1000-Pandas-64,ds1000,hybrid,"Solve the following data-science coding problem. Return only Python code.

Problem:
I am using Pandas to get a dataframe like this:
    name  a  b   c
0  Aaron  3  5   7
1  Aaron  3  6   9
2  Aaron  3","def g(df):
    df['ID'] = df[""name""].map(str) +""-""+ df[""a""].map(str)
    cnt = 0
    F = {}
    for i in range(len"
Q730,DS1000-Pandas-65,ds1000,hybrid,"Solve the following data-science coding problem. Return only Python code.

Problem:
I have a table like this.
user    01/12/15    02/12/15 someBool
u1      100         300      True
u2      200       ","def g(df):
    df = df.set_index(['user','someBool']).stack().reset_index(name='value').rename(columns={'level_2':'date'"
Q731,DS1000-Pandas-66,ds1000,hybrid,"Solve the following data-science coding problem. Return only Python code.

Problem:
I have a table like this.
user    01/12/15    02/12/15 someBool
u1      100         300      True
u2      200       ","def g(df):
    return df.set_index(['user','01/12/15']).stack().reset_index(name='value').rename(columns={'level_2':'oth"
Q732,DS1000-Pandas-67,ds1000,hybrid,"Solve the following data-science coding problem. Return only Python code.

Problem:
I have a table like this.
user    01/12/15    02/12/15 someBool
u1      100         None      True
u2      200      ","def g(df):
    df = df.set_index(['user','someBool']).stack().reset_index(name='value').rename(columns={'level_2':'date'"
Q733,DS1000-Pandas-68,ds1000,hybrid,"Solve the following data-science coding problem. Return only Python code.

Problem:
I'm wondering if there is a simpler, memory efficient way to select a subset of rows and columns from a pandas DataF","def g(df, columns):
    return df.loc[df['c']>0.5,columns]

result = g(df.copy(), columns)"
Q734,DS1000-Pandas-69,ds1000,hybrid,"Solve the following data-science coding problem. Return only Python code.

Problem:
I'm wondering if there is a simpler, memory efficient way to select a subset of rows and columns from a pandas DataF","result = df.loc[df['c']>0.45,columns]"
Q735,DS1000-Pandas-70,ds1000,hybrid,"Solve the following data-science coding problem. Return only Python code.

Problem:
I'm wondering if there is a simpler, memory efficient way to select a subset of rows and columns from a pandas DataF","result = df.loc[df['c']>0.5,columns].to_numpy()

    return result"
Q736,DS1000-Pandas-71,ds1000,hybrid,"Solve the following data-science coding problem. Return only Python code.

Problem:
I'm wondering if there is a simpler, memory efficient way to select a subset of rows and columns from a pandas DataF","ans = df[df.c > 0.5][columns]
    ans['sum'] = ans.sum(axis=1)
    result = ans

    return result"
Q737,DS1000-Pandas-72,ds1000,hybrid,"Solve the following data-science coding problem. Return only Python code.

Problem:
I'm wondering if there is a simpler, memory efficient way to select a subset of rows and columns from a pandas DataF","result = df.loc[df['c']>0.5,columns]

    return result"
Q738,DS1000-Pandas-73,ds1000,hybrid,"Solve the following data-science coding problem. Return only Python code.

Problem:
I have a pandas dataframe that looks like the following:
ID  date       close
1   09/15/07   123.45
2   06/01/08   1","def g(df, X):
    t = df['date']
    df['date'] = pd.to_datetime(df['date'])
    filter_ids = [0]
    last_day = df.loc["
Q739,DS1000-Pandas-74,ds1000,hybrid,"Solve the following data-science coding problem. Return only Python code.

Problem:
I have a pandas dataframe that looks like the following:
ID  date       close
1   09/15/07   123.45
2   06/01/08   1","def g(df, X):
    t = df['date']
    df['date'] = pd.to_datetime(df['date'])
    X *= 7
    filter_ids = [0]
    last_da"
Q740,DS1000-Pandas-75,ds1000,hybrid,"Solve the following data-science coding problem. Return only Python code.

Problem:
I have a pandas dataframe that looks like the following:
ID  date       close
1   09/15/07   123.45
2   06/01/08   1","def g(df, X):
    df['date'] = pd.to_datetime(df['date'])
    X *= 7
    filter_ids = [0]
    last_day = df.loc[0, ""dat"
Q741,DS1000-Pandas-76,ds1000,hybrid,"Solve the following data-science coding problem. Return only Python code.

Problem:
I have a simple dataframe which I would like to bin for every 3 rows.


It looks like this:


    col1
0      2
1   ","def g(df):
    return df.groupby(df.index // 3).mean()

result = g(df.copy())"
Q742,DS1000-Pandas-77,ds1000,hybrid,"Solve the following data-science coding problem. Return only Python code.

Problem:
I have a simple dataframe which I would like to bin for every 3 rows.


It looks like this:


    col1
0      1
1   ","def g(df):
    return df.groupby(df.index // 3).mean()

result = g(df.copy())"
Q743,DS1000-Pandas-78,ds1000,hybrid,"Solve the following data-science coding problem. Return only Python code.

Problem:
I have a simple dataframe which I would like to bin for every 4 rows.


It looks like this:


    col1
0      1
1   ","def g(df):
    return df.groupby(df.index // 4).sum()

result = g(df.copy())"
Q744,DS1000-Pandas-79,ds1000,hybrid,"Solve the following data-science coding problem. Return only Python code.

Problem:
I have a simple dataframe which I would like to bin for every 3 rows from back to front.


It looks like this:


   ","def g(df):
    return df.groupby((df.index+(-df.size % 3)) // 3).mean()

result = g(df.copy())"
Q745,DS1000-Pandas-80,ds1000,hybrid,"Solve the following data-science coding problem. Return only Python code.

Problem:
I have a simple dataframe which I would like to bin for every 3 rows to get sum and 2 rows to get avg.That means for","def g(df):
    l = []
    for i in range(2*(len(df) // 5) + (len(df) % 5) // 3 + 1):
        l.append(0)
    for i in ra"
Q746,DS1000-Pandas-81,ds1000,hybrid,"Solve the following data-science coding problem. Return only Python code.

Problem:
I have a simple dataframe which I would like to bin for every 3 rows to get sum and 2 rows to get avg from end to he","def g(df):
    l = []
    for i in range(2*(len(df) // 5) + (len(df) % 5) // 3 + 1):
        l.append(0)
    for i in re"
Q747,DS1000-Pandas-82,ds1000,hybrid,"Solve the following data-science coding problem. Return only Python code.

Problem:
I have the following dataframe:
index = range(14)
data = [1, 0, 0, 2, 0, 4, 6, 8, 0, 0, 0, 0, 2, 1]
df = pd.DataFram","def g(df):
    df['A'].replace(to_replace=0, method='ffill', inplace=True)
    return df

df = g(df.copy())"
Q748,DS1000-Pandas-83,ds1000,hybrid,"Solve the following data-science coding problem. Return only Python code.

Problem:
I have the following dataframe:
index = range(14)
data = [1, 0, 0, 2, 0, 4, 6, 8, 0, 0, 0, 0, 2, 1]
df = pd.DataFram","def g(df):
    df['A'].replace(to_replace=0, method='bfill', inplace=True)
    return df

df = g(df.copy())"
Q749,DS1000-Pandas-84,ds1000,hybrid,"Solve the following data-science coding problem. Return only Python code.

Problem:
I have the following dataframe:
index = range(14)
data = [1, 0, 0, 2, 0, 4, 6, 8, 0, 0, 0, 0, 2, 1]
df = pd.DataFram","def g(df):
    l = df['A'].replace(to_replace=0, method='ffill')
    r = df['A'].replace(to_replace=0, method='bfill')
 "
Q750,DS1000-Pandas-85,ds1000,hybrid,"Solve the following data-science coding problem. Return only Python code.

Problem:
This is my data frame
index     duration 
1           7 year   
2           2day
3           4 week
4           8 mo","def g(df):
    df[['number','time']] = df.duration.str.extract(r'(\d+)\s*(.*)', expand=True)
    df['time_days'] = df['t"
Q751,DS1000-Pandas-86,ds1000,hybrid,"Solve the following data-science coding problem. Return only Python code.

Problem:
This is my data frame
  duration
1   year 7
2     day2
3   week 4
4  month 8


I need to separate numbers from time ","def g(df):
    df[['time', 'number']] = df.duration.str.extract(r'\s*(.*)(\d+)', expand=True)
    for i in df.index:
   "
Q752,DS1000-Pandas-87,ds1000,hybrid,"Solve the following data-science coding problem. Return only Python code.

Problem:
This is my data frame
index     duration 
1           7 year   
2           2day
3           4 week
4           8 mo","df[['number','time']] = df.duration.str.extract(r'(\d+)\s*(.*)', expand=True)
    df['time_days'] = df['time'].replace(["
Q753,DS1000-Pandas-88,ds1000,hybrid,"Solve the following data-science coding problem. Return only Python code.

Problem:
This is my data frame
  duration
1   year 7
2     day2
3   week 4
4  month 8


I need to separate numbers from time ","def g(df):
    df[['time', 'number']] = df.duration.str.extract(r'\s*(.*)(\d+)', expand=True)
    for i in df.index:
   "
Q754,DS1000-Pandas-89,ds1000,hybrid,"Solve the following data-science coding problem. Return only Python code.

Problem:
I am aware there are many questions on the topic of chained logical operators using np.where.
I have 2 dataframes:
d","def g(df1, df2, columns_check_list):
    mask= (df1[columns_check_list] != df2[columns_check_list]).any(axis=1).values
 "
Q755,DS1000-Pandas-90,ds1000,hybrid,"Solve the following data-science coding problem. Return only Python code.

Problem:
I am aware there are many questions on the topic of chained logical operators using np.where.
I have 2 dataframes:
d","def g(df1, df2, columns_check_list):
    mask= (df1[columns_check_list] == df2[columns_check_list]).any(axis=1).values
 "
Q756,DS1000-Pandas-91,ds1000,hybrid,"Solve the following data-science coding problem. Return only Python code.

Problem:
I have multi-index df as follows


                x  y
id  date            
abc 3/1/1994  100  7
    9/1/1994   90 ","def g(df):
    df.index = df.index.set_levels([df.index.levels[0], pd.to_datetime(df.index.levels[1])])
    return df

d"
Q757,DS1000-Pandas-92,ds1000,hybrid,"Solve the following data-science coding problem. Return only Python code.

Problem:
I have multi-index df as follows


                        fee  credits
name  datetime            
abc 3/1/1994  100","def g(df):
    df.index = df.index.set_levels([df.index.levels[0], pd.to_datetime(df.index.levels[1])])
    return df

d"
Q758,DS1000-Pandas-93,ds1000,hybrid,"Solve the following data-science coding problem. Return only Python code.

Problem:
I have multi-index df as follows


                x  y
id  date            
abc 3/1/1994  100  7
    9/1/1994   90 ","df.index = df.index.set_levels([df.index.levels[0], pd.to_datetime(df.index.levels[1])])
    df['date'] = sorted(df.inde"
Q759,DS1000-Pandas-94,ds1000,hybrid,"Solve the following data-science coding problem. Return only Python code.

Problem:
I have multi-index df as follows


                        x  y
date        id         
3/1/1994 abc   100  7
9/1/19","df.index = df.index.from_tuples([(x[1], pd.to_datetime(x[0])) for x in df.index.values], names = [df.index.names[1], df."
Q760,DS1000-Pandas-95,ds1000,hybrid,"Solve the following data-science coding problem. Return only Python code.

Problem:
I have a data set which is in wide format like this
   Index Country     Variable 2000 2001 2002 2003 2004 2005
   0","def g(df):
    return df.set_index(['Country', 'Variable']).rename_axis(['year'], axis=1).stack().unstack('Variable').re"
Q761,DS1000-Pandas-96,ds1000,hybrid,"Solve the following data-science coding problem. Return only Python code.

Problem:
I have a data set which is in wide format like this
   Index Country     Variable 2000 2001 2002 2003 2004 2005
   0","def g(df):
    cols = list(df)[:2]+list(df)[-1:1:-1]
    df = df.loc[:, cols]
    return df.set_index(['Country', 'Varia"
Q762,DS1000-Pandas-97,ds1000,hybrid,"Solve the following data-science coding problem. Return only Python code.

Problem:
I have a data frame like below 
    A_Name  B_Detail  Value_B  Value_C   Value_D ......
0   AA      X1        1.2   ","def g(df):
    mask = (df.filter(like='Value').abs() < 1).all(axis=1)
    return df[mask]

df = g(df.copy())"
Q763,DS1000-Pandas-98,ds1000,hybrid,"Solve the following data-science coding problem. Return only Python code.

Problem:
I have a data frame like below 
    A_Name  B_Detail  Value_B  Value_C   Value_D ......
0   AA      X1        1.2   ","def g(df):
    mask = (df.filter(like='Value').abs() > 1).any(axis=1)
    return df[mask]

df = g(df.copy())"
Q764,DS1000-Pandas-99,ds1000,hybrid,"Solve the following data-science coding problem. Return only Python code.

Problem:
I have a data frame like below 
    A_Name  B_Detail  Value_B  Value_C   Value_D ......
0   AA      X1        1.2   ","def g(df):
    mask = (df.filter(like='Value').abs() > 1).any(axis=1)
    cols = {}
    for col in list(df.filter(like='"
Q765,DS1000-Pandas-100,ds1000,hybrid,"Solve the following data-science coding problem. Return only Python code.

Problem:
In pandas, how do I replace &AMP; with '&' from all columns where &AMP could be in any position in a string?
For exa","def g(df):
    return df.replace('&AMP;','&', regex=True)

df = g(df.copy())"
Q766,DS1000-Pandas-101,ds1000,hybrid,"Solve the following data-science coding problem. Return only Python code.

Problem:
In pandas, how do I replace &LT; with '<' from all columns where &LT could be in any position in a string?
For examp","def g(df):
    return df.replace('&LT;','<', regex=True)

df = g(df.copy())"
Q767,DS1000-Pandas-102,ds1000,hybrid,"Solve the following data-science coding problem. Return only Python code.

Problem:
In pandas, how do I replace &AMP; with '&' from all columns where &AMP could be in any position in a string?
For exa","result = df.replace('&AMP;','&', regex=True)

    return result"
Q768,DS1000-Pandas-103,ds1000,hybrid,"Solve the following data-science coding problem. Return only Python code.

Problem:
In pandas, how do I replace &AMP;,&LT;,&GT; with '&''<''>' from all columns where &AMP could be in any position in a","def g(df):
    df.replace('&AMP;', '&', regex=True, inplace=True)
    df.replace('&LT;', '<', regex=True, inplace=True)
"
Q769,DS1000-Pandas-104,ds1000,hybrid,"Solve the following data-science coding problem. Return only Python code.

Problem:
In pandas, how do I replace &AMP; with '&' from all columns where &AMP could be in any position in a string?Then ple","def g(df):
    for i in df.index:
        for col in list(df):
            if type(df.loc[i, col]) == str:
             "
Q770,DS1000-Pandas-105,ds1000,hybrid,"Solve the following data-science coding problem. Return only Python code.

Problem:
Let's say I have a pandas DataFrame containing names like so:
name_df = pd.DataFrame({'name':['Jack Fine','Kim Q. Da","def g(df):
    df.loc[df['name'].str.split().str.len() == 2, 'last_name'] = df['name'].str.split().str[-1]
    df.loc[df"
Q771,DS1000-Pandas-106,ds1000,hybrid,"Solve the following data-science coding problem. Return only Python code.

Problem:
Let's say I have a pandas DataFrame containing names like so:
name_df = pd.DataFrame({'name':['Jack Fine','Kim Q. Da","def g(df):
    df.loc[df['name'].str.split().str.len() == 2, '2_name'] = df['name'].str.split().str[-1]
    df.loc[df['n"
Q772,DS1000-Pandas-107,ds1000,hybrid,"Solve the following data-science coding problem. Return only Python code.

Problem:
Let's say I have a pandas DataFrame containing names like so:
name_df = pd.DataFrame({'name':['Jack Fine','Kim Q. Da","def g(df):
    df.loc[df['name'].str.split().str.len() >= 3, 'middle_name'] = df['name'].str.split().str[1:-1]
    for i"
Q773,DS1000-Pandas-108,ds1000,hybrid,"Solve the following data-science coding problem. Return only Python code.

Problem:
Say I have two dataframes:
df1:                          df2:
+-------------------+----+    +-------------------+---","def g(df1, df2):
    return pd.merge_asof(df2, df1, on='Timestamp', direction='forward')

result = g(df1.copy(), df2.cop"
Q774,DS1000-Pandas-109,ds1000,hybrid,"Solve the following data-science coding problem. Return only Python code.

Problem:
Say I have two dataframes:
df1:                          df2:
+-------------------+----+    +-------------------+---","def g(df1, df2):
    return pd.merge_asof(df1, df2, on='Timestamp', direction='forward')

result = g(df1.copy(), df2.cop"
Q775,DS1000-Pandas-110,ds1000,hybrid,"Solve the following data-science coding problem. Return only Python code.

Problem:
I have an example data as:
datetime             col1    col2    col3
2021-04-10 01:00:00    25.    50.     50
2021-0","import numpy as np
def g(df):
    df['state'] = np.where((df['col2'] <= 50) & (df['col3'] <= 50), df['col1'], df[['col1'"
Q776,DS1000-Pandas-111,ds1000,hybrid,"Solve the following data-science coding problem. Return only Python code.

Problem:
I have an example data as:
datetime             col1    col2    col3
2021-04-10 01:00:00    25.    50.     50
2021-0","import numpy as np
def g(df):
    df['state'] = np.where((df['col2'] > 50) & (df['col3'] > 50), df['col1'], df[['col1', "
Q777,DS1000-Pandas-112,ds1000,hybrid,"Solve the following data-science coding problem. Return only Python code.

Problem:
I have a pandas dataframe with a column which could have integers, float, string etc. I would like to iterate over a","def g(df):
    return df.loc[~df['Field1'].astype(str).str.isdigit(), 'Field1'].tolist()

df = g(df.copy())"
Q778,DS1000-Pandas-113,ds1000,hybrid,"Solve the following data-science coding problem. Return only Python code.

Problem:
I have a pandas dataframe with a column which could have integers, float, string etc. I would like to iterate over a","def g(df):
    return df.loc[df['Field1'].astype(str).str.isdigit(), 'Field1'].tolist()

df = g(df.copy())"
Q779,DS1000-Pandas-114,ds1000,hybrid,"Solve the following data-science coding problem. Return only Python code.

Problem:
I have a pandas dataframe with a column which could have integers, float, string etc. I would like to iterate over a","result = df.loc[~df['Field1'].astype(str).str.isdigit(), 'Field1'].tolist()

    return result"
Q780,DS1000-Pandas-115,ds1000,hybrid,"Solve the following data-science coding problem. Return only Python code.

Problem:
I have my data in a pandas DataFrame, and it looks like the following:
cat  val1   val2   val3   val4
A    7      10","def g(df):
    df = df.set_index('cat')
    res = df.div(df.sum(axis=1), axis=0)
    return res.reset_index()

df = g(df"
Q781,DS1000-Pandas-116,ds1000,hybrid,"Solve the following data-science coding problem. Return only Python code.

Problem:
I have my data in a pandas DataFrame, and it looks like the following:
cat  val1   val2   val3   val4
A    7      10","def g(df):
    df = df.set_index('cat')
    res = df.div(df.sum(axis=0), axis=1)
    return res.reset_index()

df = g(df"
Q782,DS1000-Pandas-117,ds1000,hybrid,"Solve the following data-science coding problem. Return only Python code.

Problem:
I am trying to extract rows from a Pandas dataframe using a list of row names, but it can't be done. Here is an exam","def g(df, test):
    return df.loc[test]

result = g(df, test)"
Q783,DS1000-Pandas-118,ds1000,hybrid,"Solve the following data-science coding problem. Return only Python code.

Problem:
I am trying to extract rows from a Pandas dataframe using a list of row names, but it can't be done. Here is an exam","def g(df, test):
    return df.loc[test]

result = g(df, test)"
Q784,DS1000-Pandas-119,ds1000,hybrid,"Solve the following data-science coding problem. Return only Python code.

Problem:
I am trying to delete rows from a Pandas dataframe using a list of row names, but it can't be done. Here is an examp","result = df.drop(test, inplace = False)"
Q785,DS1000-Pandas-120,ds1000,hybrid,"Solve the following data-science coding problem. Return only Python code.

Problem:
I am trying to extract rows from a Pandas dataframe using a list of row names according to the order of the list, bu","result = df.loc[df.index.isin(test)]

    return result"
Q786,DS1000-Pandas-121,ds1000,hybrid,"Solve the following data-science coding problem. Return only Python code.

Problem:
I have a set of objects and their positions over time. I would like to get the distance between each car and their n","import numpy as np
def g(df):
    time = df.time.tolist()
    car = df.car.tolist()
    nearest_neighbour = []
    eucli"
Q787,DS1000-Pandas-122,ds1000,hybrid,"Solve the following data-science coding problem. Return only Python code.

Problem:
I have a set of objects and their positions over time. I would like to get the distance between each car and their f","import numpy as np
def g(df):
    time = df.time.tolist()
    car = df.car.tolist()
    farmost_neighbour = []
    eucli"
Q788,DS1000-Pandas-123,ds1000,hybrid,"Solve the following data-science coding problem. Return only Python code.

Problem:
My sample df has four columns with NaN values. The goal is to concatenate all the rows while excluding the NaN value","import numpy as np
def g(df):
    df[""keywords_all""] = df.apply(lambda x: ','.join(x.dropna()), axis=1)
    return df
"
Q789,DS1000-Pandas-124,ds1000,hybrid,"Solve the following data-science coding problem. Return only Python code.

Problem:
My sample df has four columns with NaN values. The goal is to concatenate all the rows while excluding the NaN value","import numpy as np
def g(df):
    df[""keywords_all""] = df.apply(lambda x: '-'.join(x.dropna()), axis=1)
    return df
"
Q790,DS1000-Pandas-125,ds1000,hybrid,"Solve the following data-science coding problem. Return only Python code.

Problem:
My sample df has four columns with NaN values. The goal is to concatenate all the keywords rows while excluding the ","import numpy as np
def g(df):
    df[""keywords_all""] = df.filter(like='keyword').apply(lambda x: '-'.join(x.dropna()),"
Q791,DS1000-Pandas-126,ds1000,hybrid,"Solve the following data-science coding problem. Return only Python code.

Problem:
My sample df has four columns with NaN values. The goal is to concatenate all the kewwords rows from end to front wh","import numpy as np
def g(df):
    df[""keywords_all""] = df.filter(like='keyword').apply(lambda x: '-'.join(x.dropna()),"
Q792,DS1000-Pandas-127,ds1000,hybrid,"Solve the following data-science coding problem. Return only Python code.

Problem:
I have a pandas Dataframe like below:
UserId    ProductId    Quantity
1         1            6
1         4          ","def g(df):
    l = int(0.2 * len(df))
    dfupdate = df.sample(l, random_state=0)
    dfupdate.Quantity = 0
    df.updat"
Q793,DS1000-Pandas-128,ds1000,hybrid,"Solve the following data-science coding problem. Return only Python code.

Problem:
I have a pandas Dataframe like below:
UserId    ProductId    Quantity
1         1            6
1         4          ","def g(df):
    l = int(0.2 * len(df))
    dfupdate = df.sample(l, random_state=0)
    dfupdate.ProductId = 0
    df.upda"
Q794,DS1000-Pandas-129,ds1000,hybrid,"Solve the following data-science coding problem. Return only Python code.

Problem:
I have a pandas Dataframe like below:
    UserId  ProductId  Quantity
0        1          1         6
1        1    ","def g(df):
    for i in range(len(df)):
        tot = 0
        if i != 0:
            if df.loc[i, 'UserId'] == df.loc["
Q795,DS1000-Pandas-130,ds1000,hybrid,"Solve the following data-science coding problem. Return only Python code.

Problem:
I am trying to find duplicates rows in a pandas dataframe.
df=pd.DataFrame(data=[[1,2],[3,4],[1,2],[1,4],[1,2]],colu","def g(df):
    df['index_original'] = df.groupby(['col1', 'col2']).col1.transform('idxmin')
    return df[df.duplicated("
Q796,DS1000-Pandas-131,ds1000,hybrid,"Solve the following data-science coding problem. Return only Python code.

Problem:
I am trying to find duplicates rows in a pandas dataframe.
df=pd.DataFrame(data=[[1,2],[3,4],[1,2],[1,4],[1,2]],colu","def g(df):
    df['index_original'] = df.groupby(['col1', 'col2']).col1.transform('idxmax')
    for i in range(len(df)):"
Q797,DS1000-Pandas-132,ds1000,hybrid,"Solve the following data-science coding problem. Return only Python code.

Problem:
I am trying to find duplicates rows in a pandas dataframe.
df=pd.DataFrame(data=[[1,2],[3,4],[1,2],[1,4],[1,2]],colu","df['index_original'] = df.groupby(['col1', 'col2']).col1.transform('idxmin')
    result = df[df.duplicated(subset=['col1"
Q798,DS1000-Pandas-133,ds1000,hybrid,"Solve the following data-science coding problem. Return only Python code.

Problem:
I am trying to find col duplicates rows in a pandas dataframe.
df=pd.DataFrame(data=[[1,1,2,5],[1,3,4,1],[4,1,2,5],[","def g(df):
    cols = list(df.filter(like='col'))
    df['index_original'] = df.groupby(cols)[cols[0]].transform('idxmin"
Q799,DS1000-Pandas-134,ds1000,hybrid,"Solve the following data-science coding problem. Return only Python code.

Problem:
I am trying to find duplicates col rows in a pandas dataframe.
df=pd.DataFrame(data=[[1,1,2,5],[1,3,4,1],[4,1,2,5],[","def g(df):
    cols = list(df.filter(like='col'))
    df['index_original'] = df.groupby(cols)[cols[0]].transform('idxmax"
Q800,DS1000-Pandas-135,ds1000,hybrid,"Solve the following data-science coding problem. Return only Python code.

Problem:
How do I find all rows in a pandas DataFrame which have the max value for count column, after grouping by ['Sp','Mt'","def g(df):
    return df[df.groupby(['Sp', 'Mt'])['count'].transform(max) == df['count']]

result = g(df.copy())"
Q801,DS1000-Pandas-136,ds1000,hybrid,"Solve the following data-science coding problem. Return only Python code.

Problem:
How do I find all rows in a pandas DataFrame which have the max value for count column, after grouping by ['Sp','Mt'","def g(df):
    return df[df.groupby(['Sp', 'Mt'])['count'].transform(max) == df['count']]

result = g(df.copy())"
Q802,DS1000-Pandas-137,ds1000,hybrid,"Solve the following data-science coding problem. Return only Python code.

Problem:
How do I find all rows in a pandas DataFrame which have the min value for count column, after grouping by ['Sp','Mt'","def g(df):
    return df[df.groupby(['Sp', 'Mt'])['count'].transform(min) == df['count']]

result = g(df.copy())"
Q803,DS1000-Pandas-138,ds1000,hybrid,"Solve the following data-science coding problem. Return only Python code.

Problem:
How do I find all rows in a pandas DataFrame which have the max value for count column, after grouping by ['Sp','Val","def g(df):
    return df[df.groupby(['Sp', 'Value'])['count'].transform(max) == df['count']]

result = g(df.copy())"
Q804,DS1000-Pandas-139,ds1000,hybrid,"Solve the following data-science coding problem. Return only Python code.

Problem:
I am performing a query on a DataFrame:
Index Category
1     Foo
2     Bar
3     Cho
4     Foo


I would like to ret","def g(df, filter_list):
    return df.query(""Category == @filter_list"")

result = g(df.copy(), filter_list)"
Q805,DS1000-Pandas-140,ds1000,hybrid,"Solve the following data-science coding problem. Return only Python code.

Problem:
I am performing a query on a DataFrame:
Index Category
1     Foo
2     Bar
3     Cho
4     Foo


I would like to ret","def g(df, filter_list):
    return df.query(""Category != @filter_list"")

result = g(df.copy(), filter_list)"
Q806,DS1000-Pandas-141,ds1000,hybrid,"Solve the following data-science coding problem. Return only Python code.

Problem:
I have a Pandas DataFrame that looks something like:
df = pd.DataFrame({'col1': {0: 'a', 1: 'b', 2: 'c'},
          ","def g(df):
    return pd.melt(df)

result = g(df.copy())"
Q807,DS1000-Pandas-142,ds1000,hybrid,"Solve the following data-science coding problem. Return only Python code.

Problem:
I have a Pandas DataFrame that looks something like:
df = pd.DataFrame({'col1': {0: 'a', 1: 'b', 2: 'c'},
          ","def g(df):
    result = pd.melt(df, value_vars=df.columns.tolist())
    cols = result.columns[:-1]
    for idx in result"
Q808,DS1000-Pandas-143,ds1000,hybrid,"Solve the following data-science coding problem. Return only Python code.

Problem:
I have

df = pd.DataFrame.from_dict({'id': ['A', 'B', 'A', 'C', 'D', 'B', 'C'], 'val': [1,2,-3,1,5,6,-2], 'stuff':['","def g(df):
    df['cumsum'] = df.groupby('id')['val'].transform(pd.Series.cumsum)
    return df

df = g(df.copy())"
Q809,DS1000-Pandas-144,ds1000,hybrid,"Solve the following data-science coding problem. Return only Python code.

Problem:
I have a dataframe containing 2 columns: id and val. I want to get a running sum of val for each id:

For example:
d","def g(df):
    df['cumsum'] = df.groupby('id')['val'].transform(pd.Series.cumsum)
    return df

df = g(df.copy())"
Q810,DS1000-Pandas-145,ds1000,hybrid,"Solve the following data-science coding problem. Return only Python code.

Problem:
I have

df = pd.DataFrame.from_dict({'id': ['A', 'B', 'A', 'B'], 'val': [1,2,-3,6], 'stuff':['12','23232','13','3236","def g(df):
    df['cumsum'] = df.groupby('id')['val'].transform(pd.Series.cumsum)
    return df

df = g(df.copy())"
Q811,DS1000-Pandas-146,ds1000,hybrid,"Solve the following data-science coding problem. Return only Python code.

Problem:
I have

df = pd.DataFrame.from_dict({'id': ['A', 'B', 'A', 'C', 'D', 'B', 'C'], 'val': [1,2,-3,1,5,6,-2], 'stuff':['","def g(df):
    df['cummax'] = df.groupby('id')['val'].transform(pd.Series.cummax)
    return df

df = g(df.copy())"
Q812,DS1000-Pandas-147,ds1000,hybrid,"Solve the following data-science coding problem. Return only Python code.

Problem:
I have

df = pd.DataFrame.from_dict({'id': ['A', 'B', 'A', 'C', 'D', 'B', 'C'], 'val': [1,2,-3,1,5,6,-2], 'stuff':['","def g(df):
    df['cumsum'] = df.groupby('id')['val'].transform(pd.Series.cumsum)
    df['cumsum'] = df['cumsum'].where("
Q813,DS1000-Pandas-148,ds1000,hybrid,"Solve the following data-science coding problem. Return only Python code.

Problem:
Example
import pandas as pd
import numpy as np
d = {'l':  ['left', 'right', 'left', 'right', 'left', 'right'],
     ","def g(df):
    return df.groupby('l')['v'].apply(pd.Series.sum,skipna=False)

result = g(df.copy())"
Q814,DS1000-Pandas-149,ds1000,hybrid,"Solve the following data-science coding problem. Return only Python code.

Problem:
Example
import pandas as pd
import numpy as np
d = {'l':  ['left', 'right', 'left', 'right', 'left', 'right'],
     ","def g(df):
    return df.groupby('r')['v'].apply(pd.Series.sum,skipna=False)

result = g(df.copy())"
Q815,DS1000-Pandas-150,ds1000,hybrid,"Solve the following data-science coding problem. Return only Python code.

Problem:
Example
import pandas as pd
import numpy as np
d = {'l':  ['left', 'right', 'left', 'right', 'left', 'right'],
     ","def g(df):
    return df.groupby('l')['v'].apply(pd.Series.sum,skipna=False).reset_index()

result = g(df.copy())"
Q816,DS1000-Pandas-151,ds1000,hybrid,"Solve the following data-science coding problem. Return only Python code.

Problem:
Let's say I have 5 columns.
pd.DataFrame({
'Column1': [1, 2, 3, 4, 5, 6, 7, 8, 9],
'Column2': [4, 3, 6, 8, 3, 4, 1, ","def get_relation(df, col1, col2):
    first_max = df[[col1, col2]].groupby(col1).count().max()[0]
    second_max = df[[c"
Q817,DS1000-Pandas-152,ds1000,hybrid,"Solve the following data-science coding problem. Return only Python code.

Problem:
Let's say I have 5 columns.
pd.DataFrame({
'Column1': [1, 2, 3, 4, 5, 6, 7, 8, 9],
'Column2': [4, 3, 6, 8, 3, 4, 1, ","def get_relation(df, col1, col2):
    first_max = df[[col1, col2]].groupby(col1).count().max()[0]
    second_max = df[[c"
Q818,DS1000-Pandas-153,ds1000,hybrid,"Solve the following data-science coding problem. Return only Python code.

Problem:
Let's say I have 5 columns.
pd.DataFrame({
'Column1': [1, 2, 3, 4, 5, 6, 7, 8, 9],
'Column2': [4, 3, 6, 8, 3, 4, 1, ","def get_relation(df, col1, col2):
    first_max = df[[col1, col2]].groupby(col1).count().max()[0]
    second_max = df[[c"
Q819,DS1000-Pandas-154,ds1000,hybrid,"Solve the following data-science coding problem. Return only Python code.

Problem:
Let's say I have 5 columns.
pd.DataFrame({
'Column1': [1, 2, 3, 4, 5, 6, 7, 8, 9],
'Column2': [4, 3, 6, 8, 3, 4, 1, ","def get_relation(df, col1, col2):
    first_max = df[[col1, col2]].groupby(col1).count().max()[0]
    second_max = df[[c"
Q820,DS1000-Pandas-155,ds1000,hybrid,"Solve the following data-science coding problem. Return only Python code.

Problem:
I have many duplicate records - some of them have a bank account. I want to keep the records with a bank account. 
B","def g(df):
    uniq_indx = (df.sort_values(by=""bank"", na_position='last').dropna(subset=['firstname', 'lastname', 'ema"
Q821,DS1000-Pandas-156,ds1000,hybrid,"Solve the following data-science coding problem. Return only Python code.

Problem:
I've read several posts about how to convert Pandas columns to float using pd.to_numeric as well as applymap(locale.","def g(s):
    return pd.to_numeric(s.str.replace(',',''), errors='coerce')

result = g(s.copy())"
Q822,DS1000-Pandas-157,ds1000,hybrid,"Solve the following data-science coding problem. Return only Python code.

Problem:
   Survived  SibSp  Parch
0         0      1      0
1         1      1      0
2         1      0      0
3         1 ","import numpy as np
def g(df):
    family = np.where((df['SibSp'] + df['Parch']) >= 1 , 'Has Family', 'No Family')
    re"
Q823,DS1000-Pandas-158,ds1000,hybrid,"Solve the following data-science coding problem. Return only Python code.

Problem:
   Survived  SibSp  Parch
0         0      1      0
1         1      1      0
2         1      0      0
3         1 ","import numpy as np
def g(df):
    family = np.where((df['Survived'] + df['Parch']) >= 1 , 'Has Family', 'No Family')
   "
Q824,DS1000-Pandas-159,ds1000,hybrid,"Solve the following data-science coding problem. Return only Python code.

Problem:
   Survived  SibSp  Parch
0         0      1      0
1         1      1      0
2         1      0      0
3         1 ","def g(df):
    family = []
    for i in range(len(df)):
        if df.loc[i, 'SibSp'] == 0 and df.loc[i, 'Parch'] == 0:
"
Q825,DS1000-Pandas-160,ds1000,hybrid,"Solve the following data-science coding problem. Return only Python code.

Problem:
How do I apply sort to a pandas groupby operation? The command below returns an error saying that 'bool' object is n","def g(df):
    return df.groupby('cokey').apply(pd.DataFrame.sort_values, 'A')

result = g(df.copy())"
Q826,DS1000-Pandas-161,ds1000,hybrid,"Solve the following data-science coding problem. Return only Python code.

Problem:
How do I apply sort to a pandas groupby operation? The command below returns an error saying that 'bool' object is n","def g(df):
    return df.groupby('cokey').apply(pd.DataFrame.sort_values, 'A', ascending=False)

result = g(df.copy())"
Q827,DS1000-Pandas-162,ds1000,hybrid,"Solve the following data-science coding problem. Return only Python code.

Problem:
I get how to use pd.MultiIndex.from_tuples() in order to change something like
       Value
(A,a)  1
(B,a)  2
(B,b) ","def g(df):
    df.columns = pd.MultiIndex.from_tuples(df.columns, names=['Caps','Lower'])
    return df

df = g(df.copy("
Q828,DS1000-Pandas-163,ds1000,hybrid,"Solve the following data-science coding problem. Return only Python code.

Problem:
I get how to use pd.MultiIndex.from_tuples() in order to change something like
       Value
(A,a)  1
(B,a)  2
(B,b) ","def g(df):
    df.columns = pd.MultiIndex.from_tuples(df.columns, names=['Caps','Middle','Lower'])
    return df

df = g"
Q829,DS1000-Pandas-164,ds1000,hybrid,"Solve the following data-science coding problem. Return only Python code.

Problem:
I get how to use pd.MultiIndex.from_tuples() in order to change something like
       Value
(A,a)  1
(B,a)  2
(B,b) ","def g(df):
    df=df[sorted(df.columns.to_list())]
    df.columns = pd.MultiIndex.from_tuples(df.columns, names=['Caps',"
Q830,DS1000-Pandas-165,ds1000,hybrid,"Solve the following data-science coding problem. Return only Python code.

Problem:
I am struggling with the basic task of constructing a DataFrame of counts by value from a tuple produced by np.uniqu","def g(someTuple):
    return pd.DataFrame(np.column_stack(someTuple),columns=['birdType','birdCount'])

result = g(someT"
Q831,DS1000-Pandas-166,ds1000,hybrid,"Solve the following data-science coding problem. Return only Python code.

Problem:
Having a pandas data frame as follow:
   a   b
0  1  12
1  1  13
2  1  23
3  2  22
4  2  23
5  2  24
6  3  30
7  3  ","import numpy as np
def g(df):
    return df.groupby(""a"")[""b""].agg([np.mean, np.std])

result = g(df.copy())"
Q832,DS1000-Pandas-167,ds1000,hybrid,"Solve the following data-science coding problem. Return only Python code.

Problem:
Having a pandas data frame as follow:
    a  b
0  12  1
1  13  1
2  23  1
3  22  2
4  23  2
5  24  2
6  30  3
7  35 ","import numpy as np
def g(df):
    return df.groupby(""b"")[""a""].agg([np.mean, np.std])

result = g(df.copy())"
Q833,DS1000-Pandas-168,ds1000,hybrid,"Solve the following data-science coding problem. Return only Python code.

Problem:
Having a pandas data frame as follow:
   a   b
0  1  12
1  1  13
2  1  23
3  2  22
4  2  23
5  2  24
6  3  30
7  3  ","import numpy as np
def g(df):
    softmax = []
    min_max = []
    for i in range(len(df)):
        Min = np.inf
      "
Q834,DS1000-Pandas-169,ds1000,hybrid,"Solve the following data-science coding problem. Return only Python code.

Problem:
I have a dataFrame with rows and columns that sum to 0.


    A   B   C    D
0   1   1   0    1
1   0   0   0    0 
","def g(df):
    return df.loc[(df.sum(axis=1) != 0), (df.sum(axis=0) != 0)]

result = g(df.copy())"
Q835,DS1000-Pandas-170,ds1000,hybrid,"Solve the following data-science coding problem. Return only Python code.

Problem:
I have a dataFrame with rows and columns that sum to 0.


    A   B   C    D
0  -1  -1   0    2
1   0   0   0    0 
","def g(df):
    return df.loc[(df.sum(axis=1) != 0), (df.sum(axis=0) != 0)]

result = g(df.copy())"
Q836,DS1000-Pandas-171,ds1000,hybrid,"Solve the following data-science coding problem. Return only Python code.

Problem:
I have a dataFrame with rows and columns that max value is 2.
   A  B  C  D
0  1  2  0  1
1  0  0  0  0
2  1  0  0  ","def g(df):
    return df.loc[(df.max(axis=1) != 2), (df.max(axis=0) != 2)]

result = g(df.copy())"
Q837,DS1000-Pandas-172,ds1000,hybrid,"Solve the following data-science coding problem. Return only Python code.

Problem:
I have a dataFrame with rows and columns that max value is 2.
   A  B  C  D
0  1  2  0  1
1  0  0  0  0
2  1  0  0  ","def g(df):
    rows = df.max(axis=1) == 2
    cols = df.max(axis=0) == 2
    df.loc[rows] = 0
    df.loc[:,cols] = 0
   "
Q838,DS1000-Pandas-173,ds1000,hybrid,"Solve the following data-science coding problem. Return only Python code.

Problem:
I have a Series that looks like:
146tf150p    1.000000
havent       1.000000
home         1.000000
okie         1.00","import numpy as np
def g(s):
    return s.iloc[np.lexsort([s.index, s.values])]

result = g(s.copy())"
Q839,DS1000-Pandas-174,ds1000,hybrid,"Solve the following data-science coding problem. Return only Python code.

Problem:
I have a Series that looks like:
146tf150p    1.000000
havent       1.000000
home         1.000000
okie         1.00","import numpy as np
def g(s):
    result = s.iloc[np.lexsort([s.index, s.values])].reset_index(drop=False)
    result.col"
Q840,DS1000-Pandas-175,ds1000,hybrid,"Solve the following data-science coding problem. Return only Python code.

Problem:
I have this Pandas dataframe (df):
     A    B
0    1    green
1    2    red
2    s    blue
3    3    yellow
4    b ","def g(df):
    return df[pd.to_numeric(df.A, errors='coerce').notnull()]

result = g(df.copy())"
Q841,DS1000-Pandas-176,ds1000,hybrid,"Solve the following data-science coding problem. Return only Python code.

Problem:
I have this Pandas dataframe (df):
     A    B
0    1    green
1    2    red
2    s    blue
3    3    yellow
4    b ","def g(df):
    result = []
    for i in range(len(df)):
        if type(df.loc[i, 'A']) == str:
            result.appen"
Q842,DS1000-Pandas-177,ds1000,hybrid,"Solve the following data-science coding problem. Return only Python code.

Problem:
How do I find all rows in a pandas DataFrame which have the max value for count column, after grouping by ['Sp','Mt'","def g(df):
    return df[df.groupby(['Sp', 'Mt'])['count'].transform(max) == df['count']]

result = g(df.copy())"
Q843,DS1000-Pandas-178,ds1000,hybrid,"Solve the following data-science coding problem. Return only Python code.

Problem:
How do I find all rows in a pandas DataFrame which have the max value for count column, after grouping by ['Sp','Mt'","def g(df):
    return df[df.groupby(['Sp', 'Mt'])['count'].transform(max) == df['count']]

result = g(df.copy())"
Q844,DS1000-Pandas-179,ds1000,hybrid,"Solve the following data-science coding problem. Return only Python code.

Problem:
How do I find all rows in a pandas DataFrame which have the min value for count column, after grouping by ['Sp','Mt'","def g(df):
    return df[df.groupby(['Sp', 'Mt'])['count'].transform(min) == df['count']]

result = g(df.copy())"
Q845,DS1000-Pandas-180,ds1000,hybrid,"Solve the following data-science coding problem. Return only Python code.

Problem:
How do I find all rows in a pandas DataFrame which have the max value for count column, after grouping by ['Sp','Val","def g(df):
    return df[df.groupby(['Sp', 'Value'])['count'].transform(max) == df['count']]

result = g(df.copy())"
Q846,DS1000-Pandas-181,ds1000,hybrid,"Solve the following data-science coding problem. Return only Python code.

Problem:
I'm looking to map the value in a dict to one column in a DataFrame where the key in the dict is equal to a second c","import numpy as np
def g(dict, df):
    df[""Date""] = df[""Member""].apply(lambda x: dict.get(x)).fillna(np.NAN)
    re"
Q847,DS1000-Pandas-182,ds1000,hybrid,"Solve the following data-science coding problem. Return only Python code.

Problem:
I'm looking to map the value in a dict to one column in a DataFrame where the key in the dict is equal to a second c","def g(dict, df):
    df[""Date""] = df[""Member""].apply(lambda x: dict.get(x)).fillna(np.NAN)
    for i in range(len(df"
Q848,DS1000-Pandas-183,ds1000,hybrid,"Solve the following data-science coding problem. Return only Python code.

Problem:
I'm looking to map the value in a dict to one column in a DataFrame where the key in the dict is equal to a second c","df[""Date""] = df[""Member""].apply(lambda x: dict.get(x)).fillna(np.NAN)
    result = df

    return result"
Q849,DS1000-Pandas-184,ds1000,hybrid,"Solve the following data-science coding problem. Return only Python code.

Problem:
I'm looking to map the value in a dict to one column in a DataFrame where the key in the dict is equal to a second c","def g(dict, df):
    df[""Date""] = df[""Member""].apply(lambda x: dict.get(x)).fillna(np.NAN)
    for i in range(len(df"
Q850,DS1000-Pandas-185,ds1000,hybrid,"Solve the following data-science coding problem. Return only Python code.

Problem:
I am trying to groupby counts of dates per month and year in a specific output. I can do it per day but can't get th","def g(df):
    df['Date'] = pd.to_datetime(df['Date'], format='%d/%m/%y')
    y = df['Date'].dt.year
    m = df['Date']."
Q851,DS1000-Pandas-186,ds1000,hybrid,"Solve the following data-science coding problem. Return only Python code.

Problem:
I am trying to groupby counts of dates per month and year in a specific output. I can do it per day but can't get th","def g(df):
    df['Date'] = pd.to_datetime(df['Date'], format='%d/%m/%y')
    y = df['Date'].dt.year
    m = df['Date']."
Q852,DS1000-Pandas-187,ds1000,hybrid,"Solve the following data-science coding problem. Return only Python code.

Problem:
I am trying to groupby counts of dates per month and year in a specific output. I can do it per day but can't get th","def g(df):
    df['Date'] = pd.to_datetime(df['Date'], format='%d/%m/%y')
    y = df['Date'].dt.year
    m = df['Date']."
Q853,DS1000-Pandas-188,ds1000,hybrid,"Solve the following data-science coding problem. Return only Python code.

Problem:
I have a dataframe, e.g:
Date             B           C   
20.07.2018      10           8
20.07.2018       1        ","def g(df):
    df1 = df.groupby('Date').agg(lambda x: x.eq(0).sum())
    df2 = df.groupby('Date').agg(lambda x: x.ne(0)."
Q854,DS1000-Pandas-189,ds1000,hybrid,"Solve the following data-science coding problem. Return only Python code.

Problem:
I have a dataframe, e.g:
Date             B           C   
20.07.2018      10           8
20.07.2018       1        ","def g(df):
    df1 = df.groupby('Date').agg(lambda x: (x%2==0).sum())
    df2 = df.groupby('Date').agg(lambda x: (x%2==1"
Q855,DS1000-Pandas-190,ds1000,hybrid,"Solve the following data-science coding problem. Return only Python code.

Problem:
Was trying to generate a pivot table with multiple ""values"" columns. I know I can use aggfunc to aggregate values ","def g(df):
    return pd.pivot_table(df, values=['D','E'], index=['B'], aggfunc={'D':np.sum, 'E':np.mean})

result = g(d"
Q856,DS1000-Pandas-191,ds1000,hybrid,"Solve the following data-science coding problem. Return only Python code.

Problem:
I have a dataframe:


df = pd.DataFrame({
'A' : ['one', 'one', 'two', 'three'] * 6,
'B' : ['A', 'B', 'C'] * 8,
'C' :","def g(df):
    return pd.pivot_table(df, values=['D','E'], index=['B'], aggfunc={'D':np.sum, 'E':np.mean})

result = g(d"
Q857,DS1000-Pandas-192,ds1000,hybrid,"Solve the following data-science coding problem. Return only Python code.

Problem:
Was trying to generate a pivot table with multiple ""values"" columns. I know I can use aggfunc to aggregate values ","def g(df):
    return pd.pivot_table(df, values=['D','E'], index=['B'], aggfunc={'D':np.sum, 'E':np.mean})

result = g(d"
Q858,DS1000-Pandas-193,ds1000,hybrid,"Solve the following data-science coding problem. Return only Python code.

Problem:
Was trying to generate a pivot table with multiple ""values"" columns. I know I can use aggfunc to aggregate values ","def g(df):
    return pd.pivot_table(df, values=['D','E'], index=['B'], aggfunc={'D':np.max, 'E':np.min})

result = g(df"
Q859,DS1000-Pandas-194,ds1000,hybrid,"Solve the following data-science coding problem. Return only Python code.

Problem:
What is an efficient way of splitting a column into multiple rows using dask dataframe? For example, let's say I hav","def g(df):
    return df.drop('var2', axis=1).join(df.var2.str.split(',', expand=True).stack().
                        "
Q860,DS1000-Pandas-195,ds1000,hybrid,"Solve the following data-science coding problem. Return only Python code.

Problem:
What is an efficient way of splitting a column into multiple rows using dask dataframe? For example, let's say I hav","def g(df):
    return df.join(pd.DataFrame(df.var2.str.split(',', expand=True).stack().reset_index(level=1, drop=True),c"
Q861,DS1000-Pandas-196,ds1000,hybrid,"Solve the following data-science coding problem. Return only Python code.

Problem:
What is an efficient way of splitting a column into multiple rows using dask dataframe? For example, let's say I hav","def g(df):
    return df.join(pd.DataFrame(df.var2.str.split('-', expand=True).stack().reset_index(level=1, drop=True),c"
Q862,DS1000-Pandas-197,ds1000,hybrid,"Solve the following data-science coding problem. Return only Python code.

Problem:
I am trying to get count of special chars in column using Pandas.
But not getting desired output.
My .txt file is:
s","import numpy as np
def g(df):
    df[""new""] = df.apply(lambda p: sum( not q.isalpha() for q in p[""str""] ), axis=1)
 "
Q863,DS1000-Pandas-198,ds1000,hybrid,"Solve the following data-science coding problem. Return only Python code.

Problem:
I am trying to get count of letter chars in column using Pandas.
But not getting desired output.
My .txt file is:
st","def g(df):
    df[""new""] = df.apply(lambda p: sum(q.isalpha() for q in p[""str""] ), axis=1)
    return df

df = g(df."
Q864,DS1000-Pandas-199,ds1000,hybrid,"Solve the following data-science coding problem. Return only Python code.

Problem:
I have a data frame with one (string) column and I'd like to split it into two (string) columns, with one column hea","def g(df):
    return pd.DataFrame(df.row.str.split(' ', 1).tolist(), columns=['fips', 'row'])

df = g(df.copy())"
Q865,DS1000-Pandas-200,ds1000,hybrid,"Solve the following data-science coding problem. Return only Python code.

Problem:
I have a data frame with one (string) column and I'd like to split it into two (string) columns, with one column hea","def g(df):
    return pd.DataFrame(df.row.str.split(' ',1).tolist(), columns = ['fips','row'])

df = g(df.copy())"
Q866,DS1000-Pandas-201,ds1000,hybrid,"Solve the following data-science coding problem. Return only Python code.

Problem:
I have a data frame with one (string) column and I'd like to split it into three(string) columns, with one column he","def g(df):
    return pd.DataFrame(df.row.str.split(' ', 2).tolist(), columns=['fips','medi','row'])

df = g(df.copy())"
Q867,DS1000-Pandas-202,ds1000,hybrid,"Solve the following data-science coding problem. Return only Python code.

Problem:
I have a Dataframe as below.
Name  2001 2002 2003 2004 2005 2006  
Name1  2    5     0    0    4    6  
Name2  1    ","def g(df):
    cols = list(df)[1:]
    for idx in df.index:
        s = 0
        cnt = 0
        for col in cols:
     "
Q868,DS1000-Pandas-203,ds1000,hybrid,"Solve the following data-science coding problem. Return only Python code.

Problem:
I have a Dataframe as below.
Name  2001 2002 2003 2004 2005 2006  
Name1  2    5     0    0    4    6  
Name2  1    ","def g(df):
    cols = list(df)[1:]
    cols = cols[::-1]
    for idx in df.index:
        s = 0
        cnt = 0
        "
Q869,DS1000-Pandas-204,ds1000,hybrid,"Solve the following data-science coding problem. Return only Python code.

Problem:
I have a Dataframe as below.
Name  2001 2002 2003 2004 2005 2006  
Name1  2    5     0    0    4    6  
Name2  1    ","cols = list(df)[1:]
    for idx in df.index:
        s = 0
        cnt = 0
        for col in cols:
            if df.lo"
Q870,DS1000-Pandas-205,ds1000,hybrid,"Solve the following data-science coding problem. Return only Python code.

Problem:
I have a Dataframe as below.
Name  2001 2002 2003 2004 2005 2006  
Name1  2    5     0    0    4    6  
Name2  1    ","def g(df):
    cols = list(df)[1:]
    cols = cols[::-1]
    for idx in df.index:
        s = 0
        cnt = 0
        "
Q871,DS1000-Pandas-206,ds1000,hybrid,"Solve the following data-science coding problem. Return only Python code.

Problem:
Hi I've read a lot of question here on stackoverflow about this problem, but I have a little different task. 
I have","def g(df):
    df['label'] = df.Close.diff().fillna(1).gt(0).astype(int)
    return df

df = g(df.copy())"
Q872,DS1000-Pandas-207,ds1000,hybrid,"Solve the following data-science coding problem. Return only Python code.

Problem:
Hi I've read a lot of question here on stackoverflow about this problem, but I have a little different task. 
I have","def g(df):
    label = [1,]
    for i in range(1, len(df)):
        if df.loc[i, 'Close'] > df.loc[i-1, 'Close']:
      "
Q873,DS1000-Pandas-208,ds1000,hybrid,"Solve the following data-science coding problem. Return only Python code.

Problem:
Hi I've read a lot of question here on stackoverflow about this problem, but I have a little different task. 
I have","def g(df):
    label = []
    for i in range(len(df)-1):
        if df.loc[i, 'Close'] > df.loc[i+1, 'Close']:
         "
Q874,DS1000-Pandas-209,ds1000,hybrid,"Solve the following data-science coding problem. Return only Python code.

Problem:
I have the following datatype:
id=[""Train A"",""Train A"",""Train A"",""Train B"",""Train B"",""Train B""]
arrival_","import numpy as np
def g(df):
    df['arrival_time'] = pd.to_datetime(df['arrival_time'].replace('0', np.nan))
    df['d"
Q875,DS1000-Pandas-210,ds1000,hybrid,"Solve the following data-science coding problem. Return only Python code.

Problem:
I have the following datatype:
id=[""Train A"",""Train A"",""Train A"",""Train B"",""Train B"",""Train B""]
arrival_","import numpy as np
def g(df):
    df['arrival_time'] = pd.to_datetime(df['arrival_time'].replace('0', np.nan))
    df['d"
Q876,DS1000-Pandas-211,ds1000,hybrid,"Solve the following data-science coding problem. Return only Python code.

Problem:
I have the following datatype:
id=[""Train A"",""Train A"",""Train A"",""Train B"",""Train B"",""Train B""]
arrival_","import numpy as np
def g(df):
    df['arrival_time'] = pd.to_datetime(df['arrival_time'].replace('0', np.nan))
    df['d"
Q877,DS1000-Pandas-212,ds1000,hybrid,"Solve the following data-science coding problem. Return only Python code.

Problem:
I have the following dataframe:
  key1  key2
0    a   one
1    a   two
2    b   one
3    b   two
4    a   one
5    c","def g(df):
    return df.groupby('key1')['key2'].apply(lambda x: (x=='one').sum()).reset_index(name='count')

result = g"
Q878,DS1000-Pandas-213,ds1000,hybrid,"Solve the following data-science coding problem. Return only Python code.

Problem:
I have the following dataframe:
  key1  key2
0    a   one
1    a   two
2    b   one
3    b   two
4    a   one
5    c","def g(df):
    return df.groupby('key1')['key2'].apply(lambda x: (x=='two').sum()).reset_index(name='count')

result = g"
Q879,DS1000-Pandas-214,ds1000,hybrid,"Solve the following data-science coding problem. Return only Python code.

Problem:
I have the following dataframe:
  key1  key2
0    a   one
1    a   two
2    b   gee
3    b   two
4    a   three
5   ","def g(df):
    return df.groupby('key1')['key2'].apply(lambda x: x.str.endswith('e').sum()).reset_index(name='count')

r"
Q880,DS1000-Pandas-215,ds1000,hybrid,"Solve the following data-science coding problem. Return only Python code.

Problem:
How do I get the min and max Dates from a dataframe's major axis?
           value
Date                             ","def g(df):
    return df.index.max(), df.index.min()

max_result,min_result = g(df.copy())"
Q881,DS1000-Pandas-216,ds1000,hybrid,"Solve the following data-science coding problem. Return only Python code.

Problem:
How do I get the mode and mediean Dates from a dataframe's major axis?
                value
2014-03-13  10000.000
2","def g(df):
    Date = list(df.index)
    Date = sorted(Date)
    half = len(list(Date)) // 2
    return max(Date, key=la"
Q882,DS1000-Pandas-217,ds1000,hybrid,"Solve the following data-science coding problem. Return only Python code.

Problem:
I am trying to modify a DataFrame df to only contain rows for which the values in the column closing_price are betwe","def g(df):
    return df.query('99 <= closing_price <= 101')

result = g(df.copy())"
Q883,DS1000-Pandas-218,ds1000,hybrid,"Solve the following data-science coding problem. Return only Python code.

Problem:
I am trying to modify a DataFrame df to only contain rows for which the values in the column closing_price are not b","def g(df):
    return df.query('closing_price < 99 or closing_price > 101')

result = g(df.copy())"
Q884,DS1000-Pandas-219,ds1000,hybrid,"Solve the following data-science coding problem. Return only Python code.

Problem:
I'm using groupby on a pandas dataframe to drop all rows that don't have the minimum of a specific column. Something","def g(df):
    return df.loc[df.groupby(""item"")[""diff""].idxmin()]

result = g(df.copy())"
Q885,DS1000-Pandas-220,ds1000,hybrid,"Solve the following data-science coding problem. Return only Python code.

Problem:
I have the following kind of strings in my column seen below. I would like to parse out everything after the last _ ","def g(df):
    df['SOURCE_NAME'] = df['SOURCE_NAME'].str.rsplit('_', 1).str.get(0)
    return df

df = g(df.copy())"
Q886,DS1000-Pandas-221,ds1000,hybrid,"Solve the following data-science coding problem. Return only Python code.

Problem:
I have the following kind of strings in my column seen below. I would like to parse out everything before the last _","def g(df):
    df['SOURCE_NAME'] = df['SOURCE_NAME'].str.rsplit('_', 1).str.get(-1)
    return df

df = g(df.copy())"
Q887,DS1000-Pandas-222,ds1000,hybrid,"Solve the following data-science coding problem. Return only Python code.

Problem:
I have the following kind of strings in my column seen below. I would like to parse out everything after the last _ ","df['SOURCE_NAME'] = df['SOURCE_NAME'].str.rsplit('_', 1).str.get(0)
    result = df

    return result"
Q888,DS1000-Pandas-223,ds1000,hybrid,"Solve the following data-science coding problem. Return only Python code.

Problem:
I have a column ( lets call it Column X) containing around 16000 NaN values. The column has two possible values, 1 o","def g(df):
    idx = df['Column_x'].index[df['Column_x'].isnull()]
    total_nan_len = len(idx)
    first_nan = total_na"
Q889,DS1000-Pandas-224,ds1000,hybrid,"Solve the following data-science coding problem. Return only Python code.

Problem:
I have a column ( lets call it Column X) containing around 16000 NaN values. The column has two possible values, 1 o","def g(df):
    idx = df['Column_x'].index[df['Column_x'].isnull()]
    total_nan_len = len(idx)
    first_nan = (total_n"
Q890,DS1000-Pandas-225,ds1000,hybrid,"Solve the following data-science coding problem. Return only Python code.

Problem:
I have a column ( lets call it Column X) containing around 16000 NaN values. The column has two possible values, 1 o","def g(df):
    total_len = len(df)
    zero_len = (df['Column_x'] == 0).sum()
    idx = df['Column_x'].index[df['Column_"
Q891,DS1000-Pandas-226,ds1000,hybrid,"Solve the following data-science coding problem. Return only Python code.

Problem:
i need to create a dataframe containing tuples from a series of dataframes arrays. What I need is the following:
I h","def g(a,b):
    return pd.DataFrame(np.rec.fromarrays((a.values, b.values)).tolist(),columns=a.columns,index=a.index)

r"
Q892,DS1000-Pandas-227,ds1000,hybrid,"Solve the following data-science coding problem. Return only Python code.

Problem:
i need to create a dataframe containing tuples from a series of dataframes arrays. What I need is the following:
I h","def g(a,b,c):
    return pd.DataFrame(np.rec.fromarrays((a.values, b.values, c.values)).tolist(),columns=a.columns,index"
Q893,DS1000-Pandas-228,ds1000,hybrid,"Solve the following data-science coding problem. Return only Python code.

Problem:
i need to create a dataframe containing tuples from a series of dataframes arrays. What I need is the following:
I h","def g(a,b):
    if len(a) < len(b):
        a = a.append(pd.DataFrame(np.array([[np.nan, np.nan]*(len(b)-len(a))]), colu"
Q894,DS1000-Pandas-229,ds1000,hybrid,"Solve the following data-science coding problem. Return only Python code.

Problem:
I have a DataFrame that looks like this:


+----------+---------+-------+
| username | post_id | views |
+----------","def g(df, bins):
    groups = df.groupby(['username', pd.cut(df.views, bins)])
    return groups.size().unstack()

resul"
Q895,DS1000-Pandas-230,ds1000,hybrid,"Solve the following data-science coding problem. Return only Python code.

Problem:
I have a DataFrame and I would like to transform it to count views that belong to certain bins.


example:


+------","def g(df, bins):
    groups = df.groupby(['username', pd.cut(df.views, bins)])
    return groups.size().unstack()

resul"
Q896,DS1000-Pandas-231,ds1000,hybrid,"Solve the following data-science coding problem. Return only Python code.

Problem:
I have a DataFrame that looks like this:


+----------+---------+-------+
| username | post_id | views |
+----------","def g(df, bins):
    groups = df.groupby(['username', pd.cut(df.views, bins)])
    return groups.size().unstack()

resul"
Q897,DS1000-Pandas-232,ds1000,hybrid,"Solve the following data-science coding problem. Return only Python code.

Problem:
I have the following dataframe:
  text
1 ""abc"" 
2 ""def"" 
3 ""ghi""
4 ""jkl"" 


How can I merge these rows into ","def g(df):
    return pd.DataFrame({'text': [', '.join(df['text'].str.strip('""').tolist())]})

result = g(df.copy())"
Q898,DS1000-Pandas-233,ds1000,hybrid,"Solve the following data-science coding problem. Return only Python code.

Problem:
I have the following dataframe:
  text
1 ""abc"" 
2 ""def"" 
3 ""ghi""
4 ""jkl"" 


How can I merge these rows into ","def g(df):
    return pd.DataFrame({'text': ['-'.join(df['text'].str.strip('""').tolist())]})

result = g(df.copy())"
Q899,DS1000-Pandas-234,ds1000,hybrid,"Solve the following data-science coding problem. Return only Python code.

Problem:
I have the following dataframe:
  text
1 ""abc"" 
2 ""def"" 
3 ""ghi""
4 ""jkl"" 


How can I merge these rows into ","def g(df):
    return pd.DataFrame({'text': [', '.join(df['text'].str.strip('""').tolist()[::-1])]})

result = g(df.copy"
Q900,DS1000-Pandas-235,ds1000,hybrid,"Solve the following data-science coding problem. Return only Python code.

Problem:
I have the following dataframe:
  text
1 ""abc"" 
2 ""def"" 
3 ""ghi""
4 ""jkl"" 


How can I merge these rows into ","def g(df):
    return pd.Series(', '.join(df['text'].to_list()), name='text')

result = g(df.copy())"
Q901,DS1000-Pandas-236,ds1000,hybrid,"Solve the following data-science coding problem. Return only Python code.

Problem:
I have the following dataframe:
  text
1 ""abc"" 
2 ""def"" 
3 ""ghi""
4 ""jkl"" 


How can I merge these rows into ","def g(df):
    return pd.Series('-'.join(df['text'].to_list()[::-1]), name='text')

result = g(df.copy())"
Q902,DS1000-Pandas-237,ds1000,hybrid,"Solve the following data-science coding problem. Return only Python code.

Problem:
I have dfs as follows:
df1:
   id city district      date  value
0   1   bj       ft  2019/1/1      1
1   2   bj    ","def g(df1, df2):
    return pd.concat([df1,df2.merge(df1[['id','city','district']], how='left', on='id')],sort=False).re"
Q903,DS1000-Pandas-238,ds1000,hybrid,"Solve the following data-science coding problem. Return only Python code.

Problem:
I have dfs as follows:
df1:
   id city district      date  value
0   1   bj       ft  2019/1/1      1
1   2   bj    ","def g(df1, df2):
    df = pd.concat([df1,df2.merge(df1[['id','city','district']], how='left', on='id')],sort=False).rese"
Q904,DS1000-Pandas-239,ds1000,hybrid,"Solve the following data-science coding problem. Return only Python code.

Problem:
I have dfs as follows:
df1:
   id city district      date  value
0   1   bj       ft  2019/1/1      1
1   2   bj    ","def g(df1, df2):
    df = pd.concat([df1,df2.merge(df1[['id','city','district']], how='left', on='id')],sort=False).rese"
Q905,DS1000-Pandas-240,ds1000,hybrid,"Solve the following data-science coding problem. Return only Python code.

Problem:
I have two DataFrames C and D as follows:
C
    A  B
0  AB  1
1  CD  2
2  EF  3
D
    A  B
1  CD  4
2  GH  5


I hav","def g(C, D):
    return pd.concat([C,D]).drop_duplicates('A', keep='last').sort_values(by=['A']).reset_index(drop=True)
"
Q906,DS1000-Pandas-241,ds1000,hybrid,"Solve the following data-science coding problem. Return only Python code.

Problem:
I have two DataFrames C and D as follows:
C
    A  B
0  AB  1
1  CD  2
2  EF  3
D
    A  B
1  CD  4
2  GH  5


I hav","def g(C, D):
    return pd.concat([C,D]).drop_duplicates('A', keep='first').sort_values(by=['A']).reset_index(drop=True)"
Q907,DS1000-Pandas-242,ds1000,hybrid,"Solve the following data-science coding problem. Return only Python code.

Problem:
I have two DataFrames C and D as follows:
C
    A  B
0  AB  1
1  CD  2
2  EF  3
D
    A  B
1  CD  4
2  GH  5


I hav","def g(C, D):
    df = pd.concat([C,D]).drop_duplicates('A', keep='last').sort_values(by=['A']).reset_index(drop=True)
  "
Q908,DS1000-Pandas-243,ds1000,hybrid,"Solve the following data-science coding problem. Return only Python code.

Problem:
I would like to aggregate user transactions into lists in pandas. I can't figure out how to make a list comprised of","def g(df):
    return df.groupby('user')[['time', 'amount']].apply(lambda x: x.values.tolist())

result = g(df.copy())"
Q909,DS1000-Pandas-244,ds1000,hybrid,"Solve the following data-science coding problem. Return only Python code.

Problem:
I would like to aggregate user transactions into lists in pandas. I can't figure out how to make a list comprised of","def g(df):
    return df.groupby('user')[['time', 'amount']].apply(lambda x: x.values.tolist()).to_frame(name='amount-ti"
Q910,DS1000-Pandas-245,ds1000,hybrid,"Solve the following data-science coding problem. Return only Python code.

Problem:
I would like to aggregate user transactions into lists in pandas. I can't figure out how to make a list comprised of","def g(df):
    return df.groupby('user')[['time', 'amount']].apply(lambda x: x.values.tolist()[::-1]).to_frame(name='amo"
Q911,DS1000-Pandas-246,ds1000,hybrid,"Solve the following data-science coding problem. Return only Python code.

Problem:


I have a pandas series which values are numpy array. For simplicity, say




    series = pd.Series([np.array([1,2","def g(s):
    return pd.DataFrame.from_records(s.values,index=s.index)

df = g(series.copy())"
Q912,DS1000-Pandas-247,ds1000,hybrid,"Solve the following data-science coding problem. Return only Python code.

Problem:


I have a pandas series which values are numpy array. For simplicity, say




    series = pd.Series([np.array([1,2","def g(s):
    return pd.DataFrame.from_records(s.values,index=s.index).reset_index().rename(columns={'index': 'name'})

"
Q913,DS1000-Pandas-248,ds1000,hybrid,"Solve the following data-science coding problem. Return only Python code.

Problem:
I have a dataframe with column names, and I want to find the one that contains a certain string, but does not exactl","def g(df, s):
    spike_cols = [col for col in df.columns if s in col and col != s]
    return spike_cols

result = g(df"
Q914,DS1000-Pandas-249,ds1000,hybrid,"Solve the following data-science coding problem. Return only Python code.

Problem:
I have a dataframe with column names, and I want to find the one that contains a certain string, but does not exactl","def g(df, s):
    spike_cols = [col for col in df.columns if s in col and col != s]
    return df[spike_cols]

result = "
Q915,DS1000-Pandas-250,ds1000,hybrid,"Solve the following data-science coding problem. Return only Python code.

Problem:
I have a dataframe with column names, and I want to find the one that contains a certain string, but does not exactl","def g(df, s):
    spike_cols = [s for col in df.columns if s in col and s != col]
    for i in range(len(spike_cols)):
 "
Q916,DS1000-Pandas-251,ds1000,hybrid,"Solve the following data-science coding problem. Return only Python code.

Problem:
I have a Pandas dataframe that looks like the below:


                   codes
1                  [71020]
2        ","def g(df):
    return df.codes.apply(pd.Series).add_prefix('code_')

result = g(df.copy())"
Q917,DS1000-Pandas-252,ds1000,hybrid,"Solve the following data-science coding problem. Return only Python code.

Problem:
I have a Pandas dataframe that looks like the below:


                   codes
1                  [71020]
2        ","def g(df):
    df = df.codes.apply(pd.Series)
    cols = list(df)
    for i in range(len(cols)):
        cols[i]+=1
    "
Q918,DS1000-Pandas-253,ds1000,hybrid,"Solve the following data-science coding problem. Return only Python code.

Problem:
I have a Pandas dataframe that looks like the below:


                   codes
1                  [71020]
2        ","def g(df):
    for i in df.index:
        df.loc[i, 'codes'] = sorted(df.loc[i, 'codes'])
    df = df.codes.apply(pd.Ser"
Q919,DS1000-Pandas-254,ds1000,hybrid,"Solve the following data-science coding problem. Return only Python code.

Problem:
I have a dataframe with one of its column having a list at each index. I want to concatenate these lists into one li","def g(df):
    return df.col1.sum()

result = g(df.copy())"
Q920,DS1000-Pandas-255,ds1000,hybrid,"Solve the following data-science coding problem. Return only Python code.

Problem:
I have a dataframe with one of its column having a list at each index. I want to reversed each list and concatenate ","def g(df):
    for i in df.index:
        df.loc[i, 'col1'] = df.loc[i, 'col1'][::-1]
    L = df.col1.sum()
    L = map("
Q921,DS1000-Pandas-256,ds1000,hybrid,"Solve the following data-science coding problem. Return only Python code.

Problem:
I have a dataframe with one of its column having a list at each index. I want to concatenate these lists into one st","def g(df):
    L = df.col1.sum()
    L = map(lambda x:str(x), L)
    return ','.join(L)

result = g(df.copy())"
Q922,DS1000-Pandas-257,ds1000,hybrid,"Solve the following data-science coding problem. Return only Python code.

Problem:
I'm having a time series in form of a DataFrame that I can groupby to a series 
pan.groupby(pan.Time).mean()


which","def g(df):
    df.set_index('Time', inplace=True)
    df_group = df.groupby(pd.Grouper(level='Time', freq='2T'))['Value'"
Q923,DS1000-Pandas-258,ds1000,hybrid,"Solve the following data-science coding problem. Return only Python code.

Problem:
I'm having a time series in form of a DataFrame that I can groupby to a series 
pan.groupby(pan.Time).mean()


which","def g(df):
    df.set_index('Time', inplace=True)
    df_group = df.groupby(pd.Grouper(level='Time', freq='3T'))['Value'"
Q924,DS1000-Pandas-259,ds1000,hybrid,"Solve the following data-science coding problem. Return only Python code.

Problem:
i got an issue over ranking of date times. Lets say i have following table.
ID    TIME
01    2018-07-11 11:12:20
01 ","def g(df):
    df['TIME'] = pd.to_datetime(df['TIME'])
    df['RANK'] = df.groupby('ID')['TIME'].rank(ascending=True)
  "
Q925,DS1000-Pandas-260,ds1000,hybrid,"Solve the following data-science coding problem. Return only Python code.

Problem:
i got an issue over ranking of date times. Lets say i have following table.
ID    TIME
01    2018-07-11 11:12:20
01 ","def g(df):
    df['TIME'] = pd.to_datetime(df['TIME'])
    df['RANK'] = df.groupby('ID')['TIME'].rank(ascending=False)
 "
Q926,DS1000-Pandas-261,ds1000,hybrid,"Solve the following data-science coding problem. Return only Python code.

Problem:
i got an issue over ranking of date times. Lets say i have following table.
ID    TIME
01    2018-07-11 11:12:20
01 ","def g(df):
    df['TIME'] = pd.to_datetime(df['TIME'])
    df['TIME'] = df['TIME'].dt.strftime('%d-%b-%Y %a %T')
    df["
Q927,DS1000-Pandas-262,ds1000,hybrid,"Solve the following data-science coding problem. Return only Python code.

Problem:
There are many questions here with similar titles, but I couldn't find one that's addressing this issue.


I have da","def g(df, filt):
    return df[filt[df.index.get_level_values('a')].values]

result = g(df.copy(), filt.copy())"
Q928,DS1000-Pandas-263,ds1000,hybrid,"Solve the following data-science coding problem. Return only Python code.

Problem:
There are many questions here with similar titles, but I couldn't find one that's addressing this issue.


I have da","def g(df, filt):
    df = df[filt[df.index.get_level_values('a')].values]
    return df[filt[df.index.get_level_values('"
Q929,DS1000-Pandas-264,ds1000,hybrid,"Solve the following data-science coding problem. Return only Python code.

Problem:
While nan == nan is always False, in many cases people want to treat them as equal, and this is enshrined in pandas.","def g(df):
    return df.columns[df.iloc[0,:].fillna('Nan') != df.iloc[8,:].fillna('Nan')]

result = g(df.copy())"
Q930,DS1000-Pandas-265,ds1000,hybrid,"Solve the following data-science coding problem. Return only Python code.

Problem:
While nan == nan is always False, in many cases people want to treat them as equal, and this is enshrined in pandas.","def g(df):
    return df.columns[df.iloc[0,:].fillna('Nan') == df.iloc[8,:].fillna('Nan')]

result = g(df.copy())"
Q931,DS1000-Pandas-266,ds1000,hybrid,"Solve the following data-science coding problem. Return only Python code.

Problem:
While nan == nan is always False, in many cases people want to treat them as equal, and this is enshrined in pandas.","def g(df):
    return (df.columns[df.iloc[0,:].fillna('Nan') != df.iloc[8,:].fillna('Nan')]).values.tolist()

result = g"
Q932,DS1000-Pandas-267,ds1000,hybrid,"Solve the following data-science coding problem. Return only Python code.

Problem:
While nan == nan is always False, in many cases people want to treat them as equal, and this is enshrined in pandas.","def g(df):
    cols = (df.columns[df.iloc[0,:].fillna('Nan') != df.iloc[8,:].fillna('Nan')]).values
    result = []
    "
Q933,DS1000-Pandas-268,ds1000,hybrid,"Solve the following data-science coding problem. Return only Python code.

Problem:
Im attempting to convert a dataframe into a series using code which, simplified, looks like this:


dates = ['2016-1","def g(df):
    return pd.Series(df['Value'].values, index=df['Date'])

ts = g(df.copy())"
Q934,DS1000-Pandas-269,ds1000,hybrid,"Solve the following data-science coding problem. Return only Python code.

Problem:
I've seen similar questions but mine is more direct and abstract.

I have a dataframe with ""n"" rows, being ""n"" a","def g(df):
    df.index += 1
    df_out = df.stack()
    df.index -= 1
    df_out.index = df_out.index.map('{0[1]}_{0[0]"
Q935,DS1000-Pandas-270,ds1000,hybrid,"Solve the following data-science coding problem. Return only Python code.

Problem:
I've seen similar questions but mine is more direct and abstract.

I have a dataframe with ""n"" rows, being ""n"" a","def g(df):
    df_out = df.stack()
    df_out.index = df_out.index.map('{0[1]}_{0[0]}'.format)
    return df_out.to_fram"
Q936,DS1000-Pandas-271,ds1000,hybrid,"Solve the following data-science coding problem. Return only Python code.

Problem:
pandas version: 1.2
I have a dataframe that columns as 'float64' with null values represented as pd.NAN. Is there wa","def g(df):
    df['dogs'] = df['dogs'].apply(lambda x: round(x,2) if str(x) != '<NA>' else x)
    return df

df = g(df.c"
Q937,DS1000-Pandas-272,ds1000,hybrid,"Solve the following data-science coding problem. Return only Python code.

Problem:
pandas version: 1.2
I have a dataframe that columns as 'float64' with null values represented as pd.NAN. Is there wa","def g(df):
    for i in df.index:
        if str(df.loc[i, 'dogs']) != '<NA>' and str(df.loc[i, 'cats']) != '<NA>':
    "
Q938,DS1000-Pandas-273,ds1000,hybrid,"Solve the following data-science coding problem. Return only Python code.

Problem:
I do know some posts are quite similar to my question but none of them succeded in giving me the correct answer. I w","def g(df, list_of_my_columns):
    df['Sum'] = df[list_of_my_columns].sum(axis=1)
    return df

df = g(df.copy(),list_o"
Q939,DS1000-Pandas-274,ds1000,hybrid,"Solve the following data-science coding problem. Return only Python code.

Problem:
I do know some posts are quite similar to my question but none of them succeded in giving me the correct answer. I w","def g(df, list_of_my_columns):
    df['Avg'] = df[list_of_my_columns].mean(axis=1)
    return df

df = g(df.copy(),list_"
Q940,DS1000-Pandas-275,ds1000,hybrid,"Solve the following data-science coding problem. Return only Python code.

Problem:
I do know some posts are quite similar to my question but none of them succeded in giving me the correct answer. I w","def g(df, list_of_my_columns):
    df['Avg'] = df[list_of_my_columns].mean(axis=1)
    df['Min'] = df[list_of_my_columns"
Q941,DS1000-Pandas-276,ds1000,hybrid,"Solve the following data-science coding problem. Return only Python code.

Problem:
I have a MultiIndexed pandas DataFrame that needs sorting by one of the indexers. Here is a snippet of the data:
gen","def g(df):
    return df.sort_index(level='time')

result = g(df.copy())"
Q942,DS1000-Pandas-277,ds1000,hybrid,"Solve the following data-science coding problem. Return only Python code.

Problem:
I have a MultiIndexed pandas DataFrame that needs sorting by one of the indexers. Here is a snippet of the data:
gen","def g(df):
    return df.sort_values('VIM')

result = g(df.copy())"
Q943,DS1000-Pandas-278,ds1000,hybrid,"Solve the following data-science coding problem. Return only Python code.

Problem:
I have a date column with data from 1 year in a pandas dataframe with a 1 minute granularity:
sp.head()
    Open    ","def g(df):
    to_delete = ['2020-02-17', '2020-02-18']
    return df[~(df.index.strftime('%Y-%m-%d').isin(to_delete))]
"
Q944,DS1000-Pandas-279,ds1000,hybrid,"Solve the following data-science coding problem. Return only Python code.

Problem:
I have a date column with data from 1 year in a pandas dataframe with a 1 minute granularity:
sp.head()
    Open    ","def g(df):
    to_delete = ['2020-02-17', '2020-02-18']
    df = df[~(df.index.strftime('%Y-%m-%d').isin(to_delete))]
  "
Q945,DS1000-Pandas-280,ds1000,hybrid,"Solve the following data-science coding problem. Return only Python code.

Problem:
I have a square correlation matrix in pandas, and am trying to divine the most efficient way to return all values wh","def g(corr):
    corr_triu = corr.where(~np.tril(np.ones(corr.shape)).astype(bool))
    corr_triu = corr_triu.stack()
  "
Q946,DS1000-Pandas-281,ds1000,hybrid,"Solve the following data-science coding problem. Return only Python code.

Problem:
I have a square correlation matrix in pandas, and am trying to divine the most efficient way to return all values wh","def g(corr):
    corr_triu = corr.where(~np.tril(np.ones(corr.shape)).astype(bool))
    corr_triu = corr_triu.stack()
  "
Q947,DS1000-Pandas-282,ds1000,hybrid,"Solve the following data-science coding problem. Return only Python code.

Problem:
I need to rename only the last column in my dataframe, the issue is there are many columns with the same name (there","def g(df):
    return df.set_axis([*df.columns[:-1], 'Test'], axis=1, inplace=False)

result = g(df.copy())"
Q948,DS1000-Pandas-283,ds1000,hybrid,"Solve the following data-science coding problem. Return only Python code.

Problem:
I need to rename only the first column in my dataframe, the issue is there are many columns with the same name (ther","def g(df):
    return df.set_axis(['Test', *df.columns[1:]], axis=1, inplace=False)

result = g(df.copy())"
Q949,DS1000-Pandas-284,ds1000,hybrid,"Solve the following data-science coding problem. Return only Python code.

Problem:
I have a dataset with binary values. I want to find out frequent value in each row. This dataset have couple of mill","def g(df):
    df['frequent'] = df.mode(axis=1)
    for i in df.index:
        df.loc[i, 'freq_count'] = (df.iloc[i]==df"
Q950,DS1000-Pandas-285,ds1000,hybrid,"Solve the following data-science coding problem. Return only Python code.

Problem:
I have a dataset with integer values. I want to find out frequent value in each row. This dataset have couple of mil","def g(df):
    df['frequent'] = df.mode(axis=1)
    for i in df.index:
        df.loc[i, 'freq_count'] = (df.iloc[i]==df"
Q951,DS1000-Pandas-286,ds1000,hybrid,"Solve the following data-science coding problem. Return only Python code.

Problem:
I have a dataset with integer values. I want to find out frequent value in each row. If there's multiple frequent va","def g(df):
    cols = list(df)
    Mode = df.mode(axis=1)
    df['frequent'] = df['bit1'].astype(object)
    for i in df"
Q952,DS1000-Pandas-287,ds1000,hybrid,"Solve the following data-science coding problem. Return only Python code.

Problem:
Hy there.


I have a pandas DataFrame (df) like this:


     foo  id1  bar  id2
0    8.0   1  NULL   1
1    5.0   1 ","def g(df):
    df['bar'] = pd.to_numeric(df['bar'], errors='coerce')
    res = df.groupby([""id1"", ""id2""])[[""foo"", "
Q953,DS1000-Pandas-288,ds1000,hybrid,"Solve the following data-science coding problem. Return only Python code.

Problem:
Hy there.


I have a pandas DataFrame (df) like this:


     foo  id1  bar  id2
0    8.0   1  NULL   1
1    5.0   1 ","def g(df):
    df['bar'] = df['bar'].replace(""NULL"", 0)
    res = df.groupby([""id1"", ""id2""])[[""foo"", ""bar""]].m"
Q954,DS1000-Pandas-289,ds1000,hybrid,"Solve the following data-science coding problem. Return only Python code.

Problem:
Context
I'm trying to merge two big CSV files together.
Problem
Let's say I've one Pandas DataFrame like the followi","def g(df_a, df_b):
    return df_a[['EntityNum', 'foo']].merge(df_b[['EntityNum', 'a_col']], on='EntityNum', how='left')"
Q955,DS1000-Pandas-290,ds1000,hybrid,"Solve the following data-science coding problem. Return only Python code.

Problem:
Context
I'm trying to merge two big CSV files together.
Problem
Let's say I've one Pandas DataFrame like the followi","def g(df_a, df_b):
    return df_a[['EntityNum', 'foo']].merge(df_b[['EntityNum', 'b_col']], on='EntityNum', how='left')"
Q956,DS1000-Numpy-291,ds1000,hybrid,"Solve the following data-science coding problem. Return only Python code.

Problem:
How do I get the dimensions of an array? For instance, this is (2, 2):
a = np.array([[1,2],[3,4]])

A:
<code>
import","result = a.shape"
Q957,DS1000-Numpy-292,ds1000,hybrid,"Solve the following data-science coding problem. Return only Python code.

Problem:
I want to figure out how to remove nan values from my array. 
For example, My array looks something like this:
x = [","x = x[~np.isnan(x)]"
Q958,DS1000-Numpy-293,ds1000,hybrid,"Solve the following data-science coding problem. Return only Python code.

Problem:
I want to figure out how to replace nan values from my array with np.inf. 
For example, My array looks something lik","x[np.isnan(x)] = np.inf"
Q959,DS1000-Numpy-294,ds1000,hybrid,"Solve the following data-science coding problem. Return only Python code.

Problem:
I want to figure out how to remove nan values from my array. 
For example, My array looks something like this:
x = [","result = [x[i, row] for i, row in enumerate(~np.isnan(x))]"
Q960,DS1000-Numpy-295,ds1000,hybrid,"Solve the following data-science coding problem. Return only Python code.

Problem:
Let's say I have a 1d numpy positive integer array like this:
a = array([1,0,3])
I would like to encode this as a 2D","b = np.zeros((a.size, a.max()+1))
b[np.arange(a.size), a]=1"
Q961,DS1000-Numpy-296,ds1000,hybrid,"Solve the following data-science coding problem. Return only Python code.

Problem:
Let's say I have a 1d numpy positive integer array like this
a = array([1,2,3])
I would like to encode this as a 2D ","b = np.zeros((a.size, a.max()+1))
b[np.arange(a.size), a]=1"
Q962,DS1000-Numpy-297,ds1000,hybrid,"Solve the following data-science coding problem. Return only Python code.

Problem:
Let's say I have a 1d numpy integer array like this
a = array([-1,0,3])
I would like to encode this as a 2D one-hot ","temp = a - a.min()
b = np.zeros((a.size, temp.max()+1))
b[np.arange(a.size), temp]=1"
Q963,DS1000-Numpy-298,ds1000,hybrid,"Solve the following data-science coding problem. Return only Python code.

Problem:
Let's say I have a 1d numpy array like this
a = np.array([1.5,-0.4,1.3])
I would like to encode this as a 2D one-hot","vals, idx = np.unique(a, return_inverse=True)
b = np.zeros((a.size, vals.size))
b[np.arange(a.size), idx] = 1"
Q964,DS1000-Numpy-299,ds1000,hybrid,"Solve the following data-science coding problem. Return only Python code.

Problem:
Let's say I have a 2d numpy integer array like this
a = array([[1,0,3], [2,4,1]])
I would like to encode this as a 2","temp = (a - a.min()).ravel()
b = np.zeros((a.size, temp.max()+1))
b[np.arange(a.size), temp]=1"
Q965,DS1000-Numpy-300,ds1000,hybrid,"Solve the following data-science coding problem. Return only Python code.

Problem:
Is there a convenient way to calculate percentiles for a sequence or single-dimensional numpy array?
I am looking fo","result = np.percentile(a, p)"
Q966,DS1000-Numpy-301,ds1000,hybrid,"Solve the following data-science coding problem. Return only Python code.

Problem:
I want to convert a 1-dimensional array into a 2-dimensional array by specifying the number of columns in the 2D arr","B = np.reshape(A, (-1, ncol))"
Q967,DS1000-Numpy-302,ds1000,hybrid,"Solve the following data-science coding problem. Return only Python code.

Problem:
I want to convert a 1-dimensional array into a 2-dimensional array by specifying the number of rows in the 2D array.","B = np.reshape(A, (nrow, -1))"
Q968,DS1000-Numpy-303,ds1000,hybrid,"Solve the following data-science coding problem. Return only Python code.

Problem:
I want to convert a 1-dimensional array into a 2-dimensional array by specifying the number of columns in the 2D arr","col = ( A.shape[0] // ncol) * ncol
B = A[:col]
B= np.reshape(B, (-1, ncol))"
Q969,DS1000-Numpy-304,ds1000,hybrid,"Solve the following data-science coding problem. Return only Python code.

Problem:
I want to reverse & convert a 1-dimensional array into a 2-dimensional array by specifying the number of columns in ","col = ( A.shape[0] // ncol) * ncol
B = A[len(A)-col:][::-1]
B = np.reshape(B, (-1, ncol))"
Q970,DS1000-Numpy-305,ds1000,hybrid,"Solve the following data-science coding problem. Return only Python code.

Origin
Problem:
Following-up from this question years ago, is there a canonical ""shift"" function in numpy? I don't see anyt","def solution(xs, n):
    e = np.empty_like(xs)
    if n >= 0:
        e[:n] = np.nan
        e[n:] = xs[:-n]
    else:
 "
Q971,DS1000-Numpy-306,ds1000,hybrid,"Solve the following data-science coding problem. Return only Python code.

Problem:
Following-up from this question years ago, is there a canonical ""shift"" function in numpy? Ideally it can be appli","def solution(xs, n):
    e = np.empty_like(xs)
    if n >= 0:
        e[:,:n] = np.nan
        e[:,n:] = xs[:,:-n]
    e"
Q972,DS1000-Numpy-307,ds1000,hybrid,"Solve the following data-science coding problem. Return only Python code.

Problem:
Following-up from this question years ago, is there a ""shift"" function in numpy? Ideally it can be applied to 2-di","def solution(xs, shift):
    e = np.empty_like(xs)
    for i, n in enumerate(shift):
        if n >= 0:
            e[i,"
Q973,DS1000-Numpy-308,ds1000,hybrid,"Solve the following data-science coding problem. Return only Python code.

Problem:
I am waiting for another developer to finish a piece of code that will return an np array of shape (100,2000) with v","np.random.seed(0)
r_old = np.random.randint(3, size=(100, 2000)) - 1
np.random.seed(0)
r_new = np.random.randint(3, size"
Q974,DS1000-Numpy-309,ds1000,hybrid,"Solve the following data-science coding problem. Return only Python code.

Problem:
How can I get get the position (indices) of the largest value in a multi-dimensional NumPy array `a`?
Note that I wa","result = a.argmax()"
Q975,DS1000-Numpy-310,ds1000,hybrid,"Solve the following data-science coding problem. Return only Python code.

Problem:
How can I get get the position (indices) of the smallest value in a multi-dimensional NumPy array `a`?
Note that I w","result = a.argmin()"
Q976,DS1000-Numpy-311,ds1000,hybrid,"Solve the following data-science coding problem. Return only Python code.

Problem:
How can I get get the indices of the largest value in a multi-dimensional NumPy array `a`?
Note that I want to get t","result = np.unravel_index(a.argmax(), a.shape, order = 'F')"
Q977,DS1000-Numpy-312,ds1000,hybrid,"Solve the following data-science coding problem. Return only Python code.

Problem:
How can I get get the indices of the largest value in a multi-dimensional NumPy array `a`?
Note that I want to get t","result = np.unravel_index(a.argmax(), a.shape)"
Q978,DS1000-Numpy-313,ds1000,hybrid,"Solve the following data-science coding problem. Return only Python code.

Problem:
How can I get get the position (indices) of the largest value in a multi-dimensional NumPy array `a`?
Note that I wa","result = a.argmax()

    return result"
Q979,DS1000-Numpy-314,ds1000,hybrid,"Solve the following data-science coding problem. Return only Python code.

Problem:
How can I get get the position (indices) of the second largest value in a multi-dimensional NumPy array `a`?
All ele","idx = np.unravel_index(a.argmax(), a.shape)
a[idx] = a.min()
result = np.unravel_index(a.argmax(), a.shape)"
Q980,DS1000-Numpy-315,ds1000,hybrid,"Solve the following data-science coding problem. Return only Python code.

Problem:
I would like to delete selected columns in a numpy.array . This is what I do:
n [397]: a = array([[ NaN,   2.,   3.,","z = np.any(np.isnan(a), axis = 0)
a = a[:, ~z]"
Q981,DS1000-Numpy-316,ds1000,hybrid,"Solve the following data-science coding problem. Return only Python code.

Problem:
I would like to delete selected rows in a numpy.array . 
n [397]: a = array([[ NaN,   2.,   3., NaN],
   .....:     ","z = np.any(np.isnan(a), axis = 1)
a = a[~z, :]"
Q982,DS1000-Numpy-317,ds1000,hybrid,"Solve the following data-science coding problem. Return only Python code.

Problem:
I have a 2D list something like
a = [[1, 2, 3], [4, 5, 6], [7, 8, 9]] 
and I want to convert it to a 2d numpy array.","result = np.array(a)"
Q983,DS1000-Numpy-318,ds1000,hybrid,"Solve the following data-science coding problem. Return only Python code.

Problem:
Is there a way to change the order of the columns in a numpy 2D array to a new and arbitrary order? For example, I h","c = np.empty_like(permutation)
c[permutation] = np.arange(len(permutation))
a = a[:, c]"
Q984,DS1000-Numpy-319,ds1000,hybrid,"Solve the following data-science coding problem. Return only Python code.

Problem:
Is there a way to change the order of the matrices in a numpy 3D array to a new and arbitrary order? For example, I ","c = np.empty_like(permutation)
c[permutation] = np.arange(len(permutation))
result = a[c, :, :]"
Q985,DS1000-Numpy-320,ds1000,hybrid,"Solve the following data-science coding problem. Return only Python code.

Problem:
How can I know the (row, column) index of the minimum of a numpy array/matrix?
For example, if A = array([[1, 2], [3","result = np.unravel_index(a.argmin(), a.shape)"
Q986,DS1000-Numpy-321,ds1000,hybrid,"Solve the following data-science coding problem. Return only Python code.

Problem:
How can I know the (row, column) index of the maximum of a numpy array/matrix?
For example, if A = array([[1, 2], [3","result = np.unravel_index(a.argmax(), a.shape)"
Q987,DS1000-Numpy-322,ds1000,hybrid,"Solve the following data-science coding problem. Return only Python code.

Problem:
How can I know the (row, column) index of the minimum(might not be single) of a numpy array/matrix?
For example, if ","result = np.argwhere(a == np.min(a))"
Q988,DS1000-Numpy-323,ds1000,hybrid,"Solve the following data-science coding problem. Return only Python code.

Problem:
I'm working on a problem that has to do with calculating angles of refraction and what not. However, it seems that I","result = np.sin(np.deg2rad(degree))"
Q989,DS1000-Numpy-324,ds1000,hybrid,"Solve the following data-science coding problem. Return only Python code.

Problem:
I'm working on a problem that has to do with calculating angles of refraction and what not. However, it seems that I","result = np.cos(np.deg2rad(degree))"
Q990,DS1000-Numpy-325,ds1000,hybrid,"Solve the following data-science coding problem. Return only Python code.

Problem:
Here is an interesting problem: whether a number is degree or radian depends on values of np.sin(). For instance, if","deg = np.sin(np.deg2rad(number))
rad = np.sin(number)
result = int(rad > deg)"
Q991,DS1000-Numpy-326,ds1000,hybrid,"Solve the following data-science coding problem. Return only Python code.

Problem:
I'm working on a problem that has to do with calculating angles of refraction and what not.
What my trouble is, give","result = np.degrees(np.arcsin(value))"
Q992,DS1000-Numpy-327,ds1000,hybrid,"Solve the following data-science coding problem. Return only Python code.

Problem:
What's the more pythonic way to pad an array with zeros at the end?
def pad(A, length):
    ...
A = np.array([1,2,3,","result = np.pad(A, (0, length-A.shape[0]), 'constant')"
Q993,DS1000-Numpy-328,ds1000,hybrid,"Solve the following data-science coding problem. Return only Python code.

Problem:
What's the more pythonic way to pad an array with zeros at the end?
def pad(A, length):
    ...
A = np.array([1,2,3,","if length > A.shape[0]:
    result = np.pad(A, (0, length-A.shape[0]), 'constant')
else:
    result = A.copy()
    resul"
Q994,DS1000-Numpy-329,ds1000,hybrid,"Solve the following data-science coding problem. Return only Python code.

Problem:
I need to square a 2D numpy array (elementwise) and I have tried the following code:
import numpy as np
a = np.arang","a = a ** power"
Q995,DS1000-Numpy-330,ds1000,hybrid,"Solve the following data-science coding problem. Return only Python code.

Problem:
I need to square a 2D numpy array (elementwise) and I have tried the following code:
import numpy as np
a = np.arang","result = a ** power

    return result"
Q996,DS1000-Numpy-331,ds1000,hybrid,"Solve the following data-science coding problem. Return only Python code.

Problem:
Does Python have a function to reduce fractions?
For example, when I calculate 98/42 I want to get 7/3, not 2.333333","gcd = np.gcd(numerator, denominator)
result = (numerator//gcd, denominator//gcd)"
Q997,DS1000-Numpy-332,ds1000,hybrid,"Solve the following data-science coding problem. Return only Python code.

Problem:
Does Python have a function to reduce fractions?
For example, when I calculate 98/42 I want to get 7/3, not 2.333333","gcd = np.gcd(numerator, denominator)
    result = (numerator//gcd, denominator//gcd)

    return result"
Q998,DS1000-Numpy-333,ds1000,hybrid,"Solve the following data-science coding problem. Return only Python code.

Problem:
Does Python have a function to reduce fractions?
For example, when I calculate 98/42 I want to get 7/3, not 2.333333","if denominator == 0:
    result = (np.nan, np.nan)
else:
    gcd = np.gcd(numerator, denominator)
    result = (numerato"
Q999,DS1000-Numpy-334,ds1000,hybrid,"Solve the following data-science coding problem. Return only Python code.

Problem:
I'd like to calculate element-wise average of numpy ndarrays. For example
In [56]: a = np.array([10, 20, 30])
In [57","result = np.mean([a, b, c], axis=0)"
Q1000,DS1000-Numpy-335,ds1000,hybrid,"Solve the following data-science coding problem. Return only Python code.

Problem:
I'd like to calculate element-wise maximum of numpy ndarrays. For example
In [56]: a = np.array([10, 20, 30])
In [57","result = np.max([a, b, c], axis=0)"
Q1001,DS1000-Numpy-336,ds1000,hybrid,"Solve the following data-science coding problem. Return only Python code.

Problem:
So in numpy arrays there is the built in function for getting the diagonal indices, but I can't seem to figure out h","result = np.diag(np.fliplr(a))"
Q1002,DS1000-Numpy-337,ds1000,hybrid,"Solve the following data-science coding problem. Return only Python code.

Problem:
So in numpy arrays there is the built in function for getting the diagonal indices, but I can't seem to figure out h","result = np.diag(np.fliplr(a))"
Q1003,DS1000-Numpy-338,ds1000,hybrid,"Solve the following data-science coding problem. Return only Python code.

Problem:
So in numpy arrays there is the built in function for getting the diagonal indices, but I can't seem to figure out h","result = np.vstack((np.diag(a), np.diag(np.fliplr(a))))"
Q1004,DS1000-Numpy-339,ds1000,hybrid,"Solve the following data-science coding problem. Return only Python code.

Problem:
So in numpy arrays there is the built in function for getting the diagonal indices, but I can't seem to figure out h","dim = min(a.shape)
b = a[:dim,:dim]
result = np.vstack((np.diag(b), np.diag(np.fliplr(b))))"
Q1005,DS1000-Numpy-340,ds1000,hybrid,"Solve the following data-science coding problem. Return only Python code.

Problem:
I have created a multidimensional array in Python like this:
self.cells = np.empty((r,c),dtype=np.object)
Now I want","result = []
for value in X.flat:
    result.append(value)"
Q1006,DS1000-Numpy-341,ds1000,hybrid,"Solve the following data-science coding problem. Return only Python code.

Problem:
I have created a multidimensional array in Python like this:
self.cells = np.empty((r,c),dtype=np.object)
Now I want","result = []
for value in X.flat:
    result.append(value)"
Q1007,DS1000-Numpy-342,ds1000,hybrid,"Solve the following data-science coding problem. Return only Python code.

Problem:
I have created a multidimensional array in Python like this:
self.cells = np.empty((r,c),dtype=np.object)
Now I want","result = []
    for value in X.flat:
        result.append(value)
    

    return result"
Q1008,DS1000-Numpy-343,ds1000,hybrid,"Solve the following data-science coding problem. Return only Python code.

Problem:
I have created a multidimensional array in Python like this:
self.cells = np.empty((r,c),dtype=np.object)
Now I want","result = []
for value in X.T.flat:
    result.append(value)"
Q1009,DS1000-Numpy-344,ds1000,hybrid,"Solve the following data-science coding problem. Return only Python code.

Problem:
Example Input:
mystr = ""100110""
Desired output numpy array(of integers):
result == np.array([1, 0, 0, 1, 1, 0])
I ","result = np.array(list(mystr), dtype = int)"
Q1010,DS1000-Numpy-345,ds1000,hybrid,"Solve the following data-science coding problem. Return only Python code.

Problem:
I need to do some analysis on a large dataset from a hydrolgeology field work. I am using NumPy. I want to know how ","a[:, col-1] *= multiply_number
result = np.cumsum(a[:, col-1])"
Q1011,DS1000-Numpy-346,ds1000,hybrid,"Solve the following data-science coding problem. Return only Python code.

Problem:
I need to do some analysis on a large dataset from a hydrolgeology field work. I am using NumPy. I want to know how ","a[row-1, :] *= multiply_number
result = np.cumsum(a[row-1, :])"
Q1012,DS1000-Numpy-347,ds1000,hybrid,"Solve the following data-science coding problem. Return only Python code.

Problem:
I need to do some analysis on a large dataset from a hydrolgeology field work. I am using NumPy. I want to know how ","a[row-1, :] /= divide_number
result = np.multiply.reduce(a[row-1, :])"
Q1013,DS1000-Numpy-348,ds1000,hybrid,"Solve the following data-science coding problem. Return only Python code.

Problem:
How to get one maximal set of linearly independent vectors of a given matrix `a`?
For example, [[0 1 0 0], [0 0 1 0]","def LI_vecs(M):
    dim = M.shape[0]
    LI=[M[0]]
    for i in range(dim):
        tmp=[]
        for r in LI:
        "
Q1014,DS1000-Numpy-349,ds1000,hybrid,"Solve the following data-science coding problem. Return only Python code.

Problem:
How do i get the length of the row in a 2D array?
example, i have a nD array called a. when i print a.shape, it retu","result = a.shape[1]"
Q1015,DS1000-Numpy-350,ds1000,hybrid,"Solve the following data-science coding problem. Return only Python code.

Problem:
I have data of sample 1 and sample 2 (`a` and `b`) – size is different for sample 1 and sample 2. I want to do a wei","_, p_value = scipy.stats.ttest_ind(a, b,  equal_var = False)"
Q1016,DS1000-Numpy-351,ds1000,hybrid,"Solve the following data-science coding problem. Return only Python code.

Problem:
I have data of sample 1 and sample 2 (`a` and `b`) – size is different for sample 1 and sample 2. I want to do a wei","_, p_value = scipy.stats.ttest_ind(a, b,  equal_var = False, nan_policy = 'omit')"
Q1017,DS1000-Numpy-352,ds1000,hybrid,"Solve the following data-science coding problem. Return only Python code.

Problem:
I have only the summary statistics of sample 1 and sample 2, namely mean, variance, nobs(number of observations). I ","_, p_value = scipy.stats.ttest_ind_from_stats(amean, np.sqrt(avar), anobs, bmean, np.sqrt(bvar), bnobs, equal_var=False)"
Q1018,DS1000-Numpy-353,ds1000,hybrid,"Solve the following data-science coding problem. Return only Python code.

Problem:
Say I have these 2D arrays A and B.
How can I remove elements from A that are in B. (Complement in set theory: A-B)
","dims = np.maximum(B.max(0),A.max(0))+1
output = A[~np.in1d(np.ravel_multi_index(A.T,dims),np.ravel_multi_index(B.T,dims)"
Q1019,DS1000-Numpy-354,ds1000,hybrid,"Solve the following data-science coding problem. Return only Python code.

Problem:
Say I have these 2D arrays A and B.
How can I get elements from A that are not in B, and those from B that are not i","dims = np.maximum(B.max(0),A.max(0))+1
result = A[~np.in1d(np.ravel_multi_index(A.T,dims),np.ravel_multi_index(B.T,dims)"
Q1020,DS1000-Numpy-355,ds1000,hybrid,"Solve the following data-science coding problem. Return only Python code.

Problem:
Similar to this answer, I have a pair of 3D numpy arrays, a and b, and I want to sort the entries of b by the values","sort_indices = np.argsort(a, axis=0)
static_indices = np.indices(a.shape)
c = b[sort_indices, static_indices[1], static_"
Q1021,DS1000-Numpy-356,ds1000,hybrid,"Solve the following data-science coding problem. Return only Python code.

Problem:
Similar to this answer, I have a pair of 3D numpy arrays, a and b, and I want to sort the entries of b by the values","sort_indices = np.argsort(a, axis=0)
static_indices = np.indices(a.shape)
c = b[sort_indices, static_indices[1], static_"
Q1022,DS1000-Numpy-357,ds1000,hybrid,"Solve the following data-science coding problem. Return only Python code.

Problem:
Similar to this answer, I have a pair of 3D numpy arrays, a and b, and I want to sort the entries of b by the values","sort_indices = np.argsort(a, axis=0)[::-1, :, :]
static_indices = np.indices(a.shape)
c = b[sort_indices, static_indices"
Q1023,DS1000-Numpy-358,ds1000,hybrid,"Solve the following data-science coding problem. Return only Python code.

Problem:
Similar to this answer, I have a pair of 3D numpy arrays, a and b, and I want to sort the matrices of b by the value","index = np.argsort(a.sum(axis = (1, 2)))
result = b[index, :, :]"
Q1024,DS1000-Numpy-359,ds1000,hybrid,"Solve the following data-science coding problem. Return only Python code.

Problem:

>>> arr = np.array([[1,2,3,4], [5,6,7,8], [9,10,11,12]])
>>> arr
array([[ 1,  2,  3,  4],
       [ 5,  6,  7,  8],
","a = np.delete(a, 2, axis = 1)"
Q1025,DS1000-Numpy-360,ds1000,hybrid,"Solve the following data-science coding problem. Return only Python code.

Problem:

>>> arr = np.array([[1,2,3,4], [5,6,7,8], [9,10,11,12]])
>>> arr
array([[ 1,  2,  3,  4],
       [ 5,  6,  7,  8],
","a = np.delete(a, 2, axis = 0)"
Q1026,DS1000-Numpy-361,ds1000,hybrid,"Solve the following data-science coding problem. Return only Python code.

Problem:

>>> arr = np.array([[1,2,3,4], [5,6,7,8], [9,10,11,12]])
>>> arr
array([[ 1,  2,  3,  4],
       [ 5,  6,  7,  8],
","temp = np.array([0, 2])
a = np.delete(a, temp, axis = 1)"
Q1027,DS1000-Numpy-362,ds1000,hybrid,"Solve the following data-science coding problem. Return only Python code.

Problem:

>>> arr = np.array([[1,2,3,4], [5,6,7,8], [9,10,11,12]])
>>> del_col = [1, 2, 4, 5]
>>> arr
array([[ 1,  2,  3,  4]","mask = (del_col <= a.shape[1])
del_col = del_col[mask] - 1
result = np.delete(a, del_col, axis=1)"
Q1028,DS1000-Numpy-363,ds1000,hybrid,"Solve the following data-science coding problem. Return only Python code.

Problem:
Lists have a very simple method to insert elements:
a = [1,2,3,4]
a.insert(2,66)
print a
[1, 2, 66, 3, 4]
For a nump","a = np.insert(a, pos, element)"
Q1029,DS1000-Numpy-364,ds1000,hybrid,"Solve the following data-science coding problem. Return only Python code.

Problem:
Lists have a very simple method to insert elements:
a = [1,2,3,4]
a.insert(2,66)
print a
[1, 2, 66, 3, 4]
However, I","a = np.insert(a, pos, element, axis = 0)"
Q1030,DS1000-Numpy-365,ds1000,hybrid,"Solve the following data-science coding problem. Return only Python code.

Problem:
Lists have a very simple method to insert elements:
a = [1,2,3,4]
a.insert(2,66)
print a
[1, 2, 66, 3, 4]
For a nump","a = np.insert(a, pos, element)
    

    return a"
Q1031,DS1000-Numpy-366,ds1000,hybrid,"Solve the following data-science coding problem. Return only Python code.

Problem:
Lists have a very simple method to insert elements:
a = [1,2,3,4]
a.insert(2,66)
print a
[1, 2, 66, 3, 4]
However, I","pos = np.array(pos) - np.arange(len(element))
a = np.insert(a, pos, element, axis=0)"
Q1032,DS1000-Numpy-367,ds1000,hybrid,"Solve the following data-science coding problem. Return only Python code.

Problem:
I have a numpy array of different numpy arrays and I want to make a deep copy of the arrays. I found out the followi","import copy
result = copy.deepcopy(array_of_arrays)"
Q1033,DS1000-Numpy-368,ds1000,hybrid,"Solve the following data-science coding problem. Return only Python code.

Problem:
In numpy, is there a nice idiomatic way of testing if all rows are equal in a 2d array?
I can do something like
np.a","result = np.isclose(a, a[0], atol=0).all()"
Q1034,DS1000-Numpy-369,ds1000,hybrid,"Solve the following data-science coding problem. Return only Python code.

Problem:
In numpy, is there a nice idiomatic way of testing if all columns are equal in a 2d array?
I can do something like
n","result =np.isclose(a, a[:, 0].reshape(-1, 1), atol=0).all()"
Q1035,DS1000-Numpy-370,ds1000,hybrid,"Solve the following data-science coding problem. Return only Python code.

Problem:
In numpy, is there a nice idiomatic way of testing if all rows are equal in a 2d array?
I can do something like
np.a","result = np.isclose(a, a[0], atol=0).all()

    return result"
Q1036,DS1000-Numpy-371,ds1000,hybrid,"Solve the following data-science coding problem. Return only Python code.

Problem:
SciPy has three methods for doing 1D integrals over samples (trapz, simps, and romb) and one way to do a 2D integral","from scipy.integrate import simpson
z = np.cos(x[:,None])**4 + np.sin(y)**2
result = simpson(simpson(z, y), x)"
Q1037,DS1000-Numpy-372,ds1000,hybrid,"Solve the following data-science coding problem. Return only Python code.

Problem:
SciPy has three methods for doing 1D integrals over samples (trapz, simps, and romb) and one way to do a 2D integral","from scipy.integrate import simpson
    z = np.cos(x[:,None])**4 + np.sin(y)**2
    result = simpson(simpson(z, y), x)
 "
Q1038,DS1000-Numpy-373,ds1000,hybrid,"Solve the following data-science coding problem. Return only Python code.

Problem:
What is the equivalent of R's ecdf(x)(x) function in Python, in either numpy or scipy? Is ecdf(x)(x) basically the s","def ecdf_result(x):
    xs = np.sort(x)
    ys = np.arange(1, len(xs)+1)/float(len(xs))
    return ys
result = ecdf_resu"
Q1039,DS1000-Numpy-374,ds1000,hybrid,"Solve the following data-science coding problem. Return only Python code.

Problem:
What is the equivalent of R's ecdf(x)(x) function in Python, in either numpy or scipy? Is ecdf(x)(x) basically the s","def ecdf_result(x):
    xs = np.sort(x)
    ys = np.arange(1, len(xs)+1)/float(len(xs))
    return xs, ys
resultx, resul"
Q1040,DS1000-Numpy-375,ds1000,hybrid,"Solve the following data-science coding problem. Return only Python code.

Problem:
What is the equivalent of R's ecdf(x)(x) function in Python, in either numpy or scipy? Is ecdf(x)(x) basically the s","def ecdf_result(x):
    xs = np.sort(x)
    ys = np.arange(1, len(xs)+1)/float(len(xs))
    return xs, ys
resultx, resul"
Q1041,DS1000-Numpy-376,ds1000,hybrid,"Solve the following data-science coding problem. Return only Python code.

Problem:
I want to generate a random array of size N which only contains 0 and 1, I want my array to have some ratio between ","nums = np.ones(size)
nums[:int(size*(1-one_ratio))] = 0
np.random.shuffle(nums)"
Q1042,DS1000-Numpy-377,ds1000,hybrid,"Solve the following data-science coding problem. Return only Python code.

Problem:
How do I convert a torch tensor to numpy?
A:
<code>
import torch
import numpy as np
a = torch.ones(5)
</code>
a_np =","a_np = a.numpy()"
Q1043,DS1000-Numpy-378,ds1000,hybrid,"Solve the following data-science coding problem. Return only Python code.

Problem:
How do I convert a numpy array to pytorch tensor?
A:
<code>
import torch
import numpy as np
a = np.ones(5)
</code>
a","a_pt = torch.Tensor(a)"
Q1044,DS1000-Numpy-379,ds1000,hybrid,"Solve the following data-science coding problem. Return only Python code.

Problem:
How do I convert a tensorflow tensor to numpy?
A:
<code>
import tensorflow as tf
import numpy as np
a = tf.ones([2,3","a_np = a.numpy()"
Q1045,DS1000-Numpy-380,ds1000,hybrid,"Solve the following data-science coding problem. Return only Python code.

Problem:
How do I convert a numpy array to tensorflow tensor?
A:
<code>
import tensorflow as tf
import numpy as np
a = np.one","a_tf = tf.convert_to_tensor(a)"
Q1046,DS1000-Numpy-381,ds1000,hybrid,"Solve the following data-science coding problem. Return only Python code.

Problem:
I'm sorry in advance if this is a duplicated question, I looked for this information but still couldn't find it.
Is ","result = np.argsort(a)[::-1][:len(a)]"
Q1047,DS1000-Numpy-382,ds1000,hybrid,"Solve the following data-science coding problem. Return only Python code.

Problem:
I'm sorry in advance if this is a duplicated question, I looked for this information but still couldn't find it.
Is ","result = np.argsort(a)"
Q1048,DS1000-Numpy-383,ds1000,hybrid,"Solve the following data-science coding problem. Return only Python code.

Problem:
I'm sorry in advance if this is a duplicated question, I looked for this information but still couldn't find it.
Is ","result = np.argsort(a)[::-1][:N]"
Q1049,DS1000-Numpy-384,ds1000,hybrid,"Solve the following data-science coding problem. Return only Python code.

Problem:

I want to raise a 2-dimensional numpy array, let's call it A, to the power of some number n, but I have thus far fa","result = np.linalg.matrix_power(A, n)"
Q1050,DS1000-Numpy-385,ds1000,hybrid,"Solve the following data-science coding problem. Return only Python code.

Problem:
I have a 2-d numpy array as follows:
a = np.array([[1,5,9,13],
              [2,6,10,14],
              [3,7,11,15],","result = a.reshape(a.shape[0]//2, 2, a.shape[1]//2, 2).swapaxes(1, 2).transpose(1, 0, 2, 3).reshape(-1, 2, 2)"
Q1051,DS1000-Numpy-386,ds1000,hybrid,"Solve the following data-science coding problem. Return only Python code.

Problem:
I have a 2-d numpy array as follows:
a = np.array([[1,5,9,13],
              [2,6,10,14],
              [3,7,11,15],","result = np.lib.stride_tricks.sliding_window_view(a, window_shape=(2,2)).reshape(-1, 2, 2)"
Q1052,DS1000-Numpy-387,ds1000,hybrid,"Solve the following data-science coding problem. Return only Python code.

Problem:
I have a 2-d numpy array as follows:
a = np.array([[1,5,9,13],
              [2,6,10,14],
              [3,7,11,15],","result = a.reshape(a.shape[0]//2, 2, a.shape[1]//2, 2).swapaxes(1, 2).reshape(-1, 2, 2)"
Q1053,DS1000-Numpy-388,ds1000,hybrid,"Solve the following data-science coding problem. Return only Python code.

Problem:
I have a 2-d numpy array as follows:
a = np.array([[1,5,9,13,17],
              [2,6,10,14,18],
              [3,7,1","x = a[:a.shape[0] // patch_size * patch_size, :a.shape[1] // patch_size * patch_size]
result = x.reshape(x.shape[0]//pat"
Q1054,DS1000-Numpy-389,ds1000,hybrid,"Solve the following data-science coding problem. Return only Python code.

Problem:
I'm looking for a generic method to from the original big array from small arrays:
array([[[ 0,  1,  2],
        [ 6","n, nrows, ncols = a.shape
result = a.reshape(h//nrows, -1, nrows, ncols).swapaxes(1,2).reshape(h, w)"
Q1055,DS1000-Numpy-390,ds1000,hybrid,"Solve the following data-science coding problem. Return only Python code.

Problem:
I have a 2-d numpy array as follows:
a = np.array([[1,5,9,13,17],
              [2,6,10,14,18],
              [3,7,1","x = a[:a.shape[0] // patch_size * patch_size, :a.shape[1] // patch_size * patch_size]
result = x.reshape(x.shape[0]//pat"
Q1056,DS1000-Numpy-391,ds1000,hybrid,"Solve the following data-science coding problem. Return only Python code.

Problem:
I have an array :
a = np.array([[ 0,  1,  2,  3, 5, 6, 7, 8],
              [ 4,  5,  6,  7, 5, 3, 2, 5],
          ","result = a[:, low:high]"
Q1057,DS1000-Numpy-392,ds1000,hybrid,"Solve the following data-science coding problem. Return only Python code.

Problem:
I have an array :
a = np.array([[ 0,  1,  2,  3, 5, 6, 7, 8],
              [ 4,  5,  6,  7, 5, 3, 2, 5],
          ","result = a[low:high, :]"
Q1058,DS1000-Numpy-393,ds1000,hybrid,"Solve the following data-science coding problem. Return only Python code.

Problem:
I have an array :
a = np.array([[ 0,  1,  2,  3, 5, 6, 7, 8],
              [ 4,  5,  6,  7, 5, 3, 2, 5],
          ","high = min(high, a.shape[1])
result = a[:, low:high]"
Q1059,DS1000-Numpy-394,ds1000,hybrid,"Solve the following data-science coding problem. Return only Python code.

Problem:
How can I read a Numpy array from a string? Take a string like:
""[[ 0.5544  0.4456], [ 0.8811  0.1189]]""
and conve","a = np.array(np.matrix(string.replace(',', ';')))"
Q1060,DS1000-Numpy-395,ds1000,hybrid,"Solve the following data-science coding problem. Return only Python code.

Problem:
I could not find a built-in function in Python to generate a log uniform distribution given a min and max value (the","import scipy.stats
result = scipy.stats.loguniform.rvs(a = min, b = max, size = n)"
Q1061,DS1000-Numpy-396,ds1000,hybrid,"Solve the following data-science coding problem. Return only Python code.

Problem:
I could not find a built-in function in Python to generate a log uniform distribution given a min and max value (the","import scipy.stats
result = scipy.stats.loguniform.rvs(a = np.exp(min), b = np.exp(max), size = n)"
Q1062,DS1000-Numpy-397,ds1000,hybrid,"Solve the following data-science coding problem. Return only Python code.

Problem:
I could not find a built-in function in Python to generate a log uniform distribution given a min and max value (the","import scipy.stats
    result = scipy.stats.loguniform.rvs(a = min, b = max, size = n)
    

    return result"
Q1063,DS1000-Numpy-398,ds1000,hybrid,"Solve the following data-science coding problem. Return only Python code.

Problem:
I have a time-series A holding several values. I need to obtain a series B that is defined algebraically as follows:","B = np.empty(len(A))
for k in range(0, len(B)):
    if k == 0:
        B[k] = a*A[k]
    else:
        B[k] = a*A[k] + b"
Q1064,DS1000-Numpy-399,ds1000,hybrid,"Solve the following data-science coding problem. Return only Python code.

Problem:
I have a time-series A holding several values. I need to obtain a series B that is defined algebraically as follows:","B = np.empty(len(A))
for k in range(0, len(B)):
    if k == 0:
        B[k] = a*A[k]
    elif k == 1:
        B[k] = a*A"
Q1065,DS1000-Numpy-400,ds1000,hybrid,"Solve the following data-science coding problem. Return only Python code.

Problem:

I am trying to convert a MATLAB code in Python. I don't know how to initialize an empty matrix in Python.
MATLAB Co","result = np.array([])"
Q1066,DS1000-Numpy-401,ds1000,hybrid,"Solve the following data-science coding problem. Return only Python code.

Problem:
I am trying to convert a MATLAB code in Python. I don't know how to initialize an empty matrix in Python.
MATLAB Cod","result = np.array([[], [], []])"
Q1067,DS1000-Numpy-402,ds1000,hybrid,"Solve the following data-science coding problem. Return only Python code.

Problem:
Matlab offers the function sub2ind which ""returns the linear index equivalents to the row and column subscripts ...","result = np.ravel_multi_index(index, dims=dims, order='F')"
Q1068,DS1000-Numpy-403,ds1000,hybrid,"Solve the following data-science coding problem. Return only Python code.

Problem:
Matlab offers the function sub2ind which ""returns the linear index equivalents to the row and column subscripts ...","result = np.ravel_multi_index(index, dims=dims, order='C')"
Q1069,DS1000-Numpy-404,ds1000,hybrid,"Solve the following data-science coding problem. Return only Python code.

Problem:
I want to create a pandas dataframe with default values of zero, but first column of integers and the other of float","dtype = [('a','int32'), ('b','float32'), ('c','float32')]
values = np.zeros(2, dtype=dtype)
df = pd.DataFrame(values, in"
Q1070,DS1000-Numpy-405,ds1000,hybrid,"Solve the following data-science coding problem. Return only Python code.

Problem:
I'm looking for a fast solution to MATLAB's accumarray in numpy. The accumarray accumulates the elements of an array","result = np.bincount(accmap, weights = a)"
Q1071,DS1000-Numpy-406,ds1000,hybrid,"Solve the following data-science coding problem. Return only Python code.

Problem:
I'm looking for a fast solution to compute maximum of the elements of an array which belong to the same index. An ex","uni = np.unique(index)
result = np.zeros(np.amax(index)+1)
for i in uni:
    result[i] = np.max(a[index==i])"
Q1072,DS1000-Numpy-407,ds1000,hybrid,"Solve the following data-science coding problem. Return only Python code.

Problem:
I'm looking for a fast solution to MATLAB's accumarray in numpy. The accumarray accumulates the elements of an array","add = np.max(accmap)
mask = accmap < 0
accmap[mask] += add+1
result = np.bincount(accmap, weights = a)"
Q1073,DS1000-Numpy-408,ds1000,hybrid,"Solve the following data-science coding problem. Return only Python code.

Problem:
I'm looking for a fast solution to compute minimum of the elements of an array which belong to the same index. 
Note","add = np.max(index)
mask =index < 0
index[mask] += add+1
uni = np.unique(index)
result = np.zeros(np.amax(index)+1)
for "
Q1074,DS1000-Numpy-409,ds1000,hybrid,"Solve the following data-science coding problem. Return only Python code.

Problem:
I have two input arrays x and y of the same shape. I need to run each of their elements with matching indices throug","x_new = np.array(x)
y_new = np.array(y)
z = x_new + y_new"
Q1075,DS1000-Numpy-410,ds1000,hybrid,"Solve the following data-science coding problem. Return only Python code.

Problem:
I need to do random choices with a given probability for selecting sample tuples from a list.
EDIT: The probabiliy f","np.random.seed(42)
temp = np.array(lista_elegir)
result = temp[np.random.choice(len(lista_elegir),samples,p=probabilit)]"
Q1076,DS1000-Numpy-411,ds1000,hybrid,"Solve the following data-science coding problem. Return only Python code.

Problem:
In numpy, is there a way to zero pad entries if I'm slicing past the end of the array, such that I get something tha","def fill_crop(img, pos, crop):
    img_shape, pos, crop_shape = np.array(img.shape), np.array(pos), np.array(crop.shape)"
Q1077,DS1000-Numpy-412,ds1000,hybrid,"Solve the following data-science coding problem. Return only Python code.

Problem:
What is the most efficient way to remove negative elements in an array? I have tried numpy.delete and Remove all spe","result = x[x >=0]"
Q1078,DS1000-Numpy-413,ds1000,hybrid,"Solve the following data-science coding problem. Return only Python code.

Problem:
What is the most efficient way to remove real numbers in a complex array? I have tried numpy.delete and Remove all s","result = x[x.imag !=0]"
Q1079,DS1000-Numpy-414,ds1000,hybrid,"Solve the following data-science coding problem. Return only Python code.

Problem:
I have a numpy array which contains time series data. I want to bin that array into equal partitions of a given leng","bin_data_mean = data[:(data.size // bin_size) * bin_size].reshape(-1, bin_size).mean(axis=1)"
Q1080,DS1000-Numpy-415,ds1000,hybrid,"Solve the following data-science coding problem. Return only Python code.

Problem:
I have a numpy array which contains time series data. I want to bin that array into equal partitions of a given leng","bin_data_max = data[:(data.size // bin_size) * bin_size].reshape(-1, bin_size).max(axis=1)"
Q1081,DS1000-Numpy-416,ds1000,hybrid,"Solve the following data-science coding problem. Return only Python code.

Problem:
I have a 2-dimensional numpy array which contains time series data. I want to bin that array into equal partitions o","bin_data_mean = data[:,:(data.shape[1] // bin_size) * bin_size].reshape(data.shape[0], -1, bin_size).mean(axis=-1)"
Q1082,DS1000-Numpy-417,ds1000,hybrid,"Solve the following data-science coding problem. Return only Python code.

Problem:
I have a numpy array which contains time series data. I want to bin that array into equal partitions of a given leng","new_data = data[::-1]
bin_data_mean = new_data[:(data.size // bin_size) * bin_size].reshape(-1, bin_size).mean(axis=1)"
Q1083,DS1000-Numpy-418,ds1000,hybrid,"Solve the following data-science coding problem. Return only Python code.

Problem:
I have a 2-dimensional numpy array which contains time series data. I want to bin that array into equal partitions o","new_data = data[:, ::-1]
bin_data_mean = new_data[:,:(data.shape[1] // bin_size) * bin_size].reshape(data.shape[0], -1, "
Q1084,DS1000-Numpy-419,ds1000,hybrid,"Solve the following data-science coding problem. Return only Python code.

Problem:
I have a 2-dimensional numpy array which contains time series data. I want to bin that array into equal partitions o","new_data = data[:, ::-1]
bin_data_mean = new_data[:,:(data.shape[1] // bin_size) * bin_size].reshape(data.shape[0], -1, "
Q1085,DS1000-Numpy-420,ds1000,hybrid,"Solve the following data-science coding problem. Return only Python code.

Problem:
The clamp function is clamp(x, min, max) = min if x < min, max if x > max, else x
I need a function that behaves lik","def smoothclamp(x):
    return np.where(x < x_min, x_min, np.where(x > x_max, x_max, 3*x**2 - 2*x**3))"
Q1086,DS1000-Numpy-421,ds1000,hybrid,"Solve the following data-science coding problem. Return only Python code.

Problem:
The clamp function is clamp(x, min, max) = min if x < min, max if x > max, else x
I need a function that behaves lik","from scipy.special import comb

def smoothclamp(x, x_min=0, x_max=1, N=1):
    if x < x_min:
        return x_min
    if"
Q1087,DS1000-Numpy-422,ds1000,hybrid,"Solve the following data-science coding problem. Return only Python code.

Problem:
Is it possible to perform circular cross-/auto-correlation on 1D arrays with a numpy/scipy/matplotlib function? I ha","result = np.correlate(a, np.hstack((b[1:], b)), mode='valid')"
Q1088,DS1000-Numpy-423,ds1000,hybrid,"Solve the following data-science coding problem. Return only Python code.

Problem:
Suppose I have a MultiIndex DataFrame:
                                c       o       l       u
major       timesta","result = df.values.reshape(15, 5, 4).transpose(2, 0, 1)"
Q1089,DS1000-Numpy-424,ds1000,hybrid,"Solve the following data-science coding problem. Return only Python code.

Problem:
Suppose I have a MultiIndex DataFrame:
                                c       o       l       u
major       timesta","result = df.values.reshape(15, 5, 4).transpose(0, 2, 1)"
Q1090,DS1000-Numpy-425,ds1000,hybrid,"Solve the following data-science coding problem. Return only Python code.

Problem:
I have integers in the range 0..2**m - 1 and I would like to convert them to binary numpy arrays of length m. For ex","result = (((a[:,None] & (1 << np.arange(m))[::-1])) > 0).astype(int)"
Q1091,DS1000-Numpy-426,ds1000,hybrid,"Solve the following data-science coding problem. Return only Python code.

Problem:
I have integers and I would like to convert them to binary numpy arrays of length m. For example, say m = 4. Now 15 ","result = (((a[:,None] & (1 << np.arange(m))[::-1])) > 0).astype(int)"
Q1092,DS1000-Numpy-427,ds1000,hybrid,"Solve the following data-science coding problem. Return only Python code.

Problem:
I have integers in the range 0..2**m - 1 and I would like to convert them to binary numpy arrays of length m. For ex","res = np.array([0])
for i in a:
    res = res ^ i
result = (((res[:,None] & (1 << np.arange(m))[::-1])) > 0).astype(int)"
Q1093,DS1000-Numpy-428,ds1000,hybrid,"Solve the following data-science coding problem. Return only Python code.

Problem:
Say, I have an array:
import numpy as np
a = np.array([0, 1, 2, 5, 6, 7, 8, 8, 8, 10, 29, 32, 45])
How can I calcula","result = (a.mean()-3*a.std(), a.mean()+3*a.std())"
Q1094,DS1000-Numpy-429,ds1000,hybrid,"Solve the following data-science coding problem. Return only Python code.

Problem:
Say, I have an array:
import numpy as np
a = np.array([0, 1, 2, 5, 6, 7, 8, 8, 8, 10, 29, 32, 45])
How can I calcula","result = (a.mean()-2*a.std(), a.mean()+2*a.std())"
Q1095,DS1000-Numpy-430,ds1000,hybrid,"Solve the following data-science coding problem. Return only Python code.

Problem:
Say, I have an array:
import numpy as np
a = np.array([0, 1, 2, 5, 6, 7, 8, 8, 8, 10, 29, 32, 45])
How can I calcula","result = (a.mean()-3*a.std(), a.mean()+3*a.std())

    return result"
Q1096,DS1000-Numpy-431,ds1000,hybrid,"Solve the following data-science coding problem. Return only Python code.

Problem:
Say, I have an array:
import numpy as np
a = np.array([0, 1, 2, 5, 6, 7, 8, 8, 8, 10, 29, 32, 45])
How can I calcula","interval = (a.mean()-2*a.std(), a.mean()+2*a.std())
result = ~np.logical_and(a>interval[0], a<interval[1])"
Q1097,DS1000-Numpy-432,ds1000,hybrid,"Solve the following data-science coding problem. Return only Python code.

Problem:
I try to retrieve percentiles from an array with NoData values. In my case the Nodata values are represented by -3.4","mdata = np.ma.masked_where(DataArray < 0, DataArray)
mdata = np.ma.filled(mdata, np.nan)
prob = np.nanpercentile(mdata, "
Q1098,DS1000-Numpy-433,ds1000,hybrid,"Solve the following data-science coding problem. Return only Python code.

Problem:
I have a 2D array `a` to represent a many-many mapping :
0   3   1   3
3   0   0   0
1   0   0   0
3   0   0   0
Wha","a[zero_rows, :] = 0
a[:, zero_cols] = 0"
Q1099,DS1000-Numpy-434,ds1000,hybrid,"Solve the following data-science coding problem. Return only Python code.

Problem:
I have a 2D array `a` to represent a many-many mapping :
0   3   1   3
3   0   0   0
1   0   0   0
3   0   0   0
Wha","a[zero_rows, :] = 0
a[:, zero_cols] = 0"
Q1100,DS1000-Numpy-435,ds1000,hybrid,"Solve the following data-science coding problem. Return only Python code.

Problem:
I have a 2D array `a` to represent a many-many mapping :
0   3   1   3
3   0   0   0
1   0   0   0
3   0   0   0
Wha","a[1, :] = 0
a[:, 0] = 0"
Q1101,DS1000-Numpy-436,ds1000,hybrid,"Solve the following data-science coding problem. Return only Python code.

Problem:
Input example:
I have a numpy array, e.g.
a=np.array([[0,1], [2, 1], [4, 8]])
Desired output:
I would like to produc","mask = (a.max(axis=1,keepdims=1) == a)"
Q1102,DS1000-Numpy-437,ds1000,hybrid,"Solve the following data-science coding problem. Return only Python code.

Problem:
Input example:
I have a numpy array, e.g.
a=np.array([[0,1], [2, 1], [4, 8]])
Desired output:
I would like to produc","mask = (a.min(axis=1,keepdims=1) == a)"
Q1103,DS1000-Numpy-438,ds1000,hybrid,"Solve the following data-science coding problem. Return only Python code.

Problem:
I'm trying to calculate the Pearson correlation coefficient of two variables. These variables are to determine if th","result = np.corrcoef(post, distance)[0][1]"
Q1104,DS1000-Numpy-439,ds1000,hybrid,"Solve the following data-science coding problem. Return only Python code.

Problem:
Let X be a M x N matrix. Denote xi the i-th column of X. I want to create a 3 dimensional N x M x M array consisting","result = X.T[:, :, None] * X.T[:, None]"
Q1105,DS1000-Numpy-440,ds1000,hybrid,"Solve the following data-science coding problem. Return only Python code.

Problem:
Let X be a M x N matrix, with all elements being positive. Denote xi the i-th column of X. Someone has created a 3 d","X = np.zeros([Y.shape[1], Y.shape[0]])
for i, mat in enumerate(Y):
    diag = np.sqrt(np.diag(mat))
    X[:, i] += diag"
Q1106,DS1000-Numpy-441,ds1000,hybrid,"Solve the following data-science coding problem. Return only Python code.

Problem:
I just want to check if a numpy array contains a single number quickly similar to contains for a list. Is there a co","is_contained = number in a"
Q1107,DS1000-Numpy-442,ds1000,hybrid,"Solve the following data-science coding problem. Return only Python code.

Problem:
I have two arrays A (len of 3.8million) and B (len of 20k). For the minimal example, lets take this case:
A = np.arr","C = A[~np.in1d(A,B)]"
Q1108,DS1000-Numpy-443,ds1000,hybrid,"Solve the following data-science coding problem. Return only Python code.

Problem:
I have two arrays A (len of 3.8million) and B (len of 20k). For the minimal example, lets take this case:
A = np.arr","C = A[np.in1d(A,B)]"
Q1109,DS1000-Numpy-444,ds1000,hybrid,"Solve the following data-science coding problem. Return only Python code.

Problem:
I have two arrays A (len of 3.8million) and B (len of 3). For the minimal example, lets take this case:
A = np.array","C = A[np.logical_and(A > B[0], A < B[1]) | np.logical_and(A > B[1], A < B[2])]"
Q1110,DS1000-Numpy-445,ds1000,hybrid,"Solve the following data-science coding problem. Return only Python code.

Problem:
What I am trying to achieve is a 'highest to lowest' ranking of a list of values, basically the reverse of rankdata
","result = len(a) - rankdata(a).astype(int)"
Q1111,DS1000-Numpy-446,ds1000,hybrid,"Solve the following data-science coding problem. Return only Python code.

Problem:
What I am trying to achieve is a 'highest to lowest' ranking of a list of values, basically the reverse of rankdata.","result = len(a) - rankdata(a, method = 'ordinal').astype(int)"
Q1112,DS1000-Numpy-447,ds1000,hybrid,"Solve the following data-science coding problem. Return only Python code.

Problem:
What I am trying to achieve is a 'highest to lowest' ranking of a list of values, basically the reverse of rankdata
","result = len(a) - rankdata(a).astype(int)

    return result"
Q1113,DS1000-Numpy-448,ds1000,hybrid,"Solve the following data-science coding problem. Return only Python code.

Problem:
I have two 2D numpy arrays like this, representing the x/y distances between three points. I need the x/y distances ","dists = np.vstack(([x_dists.T], [y_dists.T])).T"
Q1114,DS1000-Numpy-449,ds1000,hybrid,"Solve the following data-science coding problem. Return only Python code.

Problem:
I have two 2D numpy arrays like this, representing the x/y distances between three points. I need the x/y distances ","dists = np.vstack(([x_dists.T], [y_dists.T])).T"
Q1115,DS1000-Numpy-450,ds1000,hybrid,"Solve the following data-science coding problem. Return only Python code.

Problem:
Say I have a 3 dimensional numpy array:
np.random.seed(1145)
A = np.random.random((5,5,5))
and I have two lists of i","result = a[:, np.array(second).reshape(-1,1), third]"
Q1116,DS1000-Numpy-451,ds1000,hybrid,"Solve the following data-science coding problem. Return only Python code.

Problem:
I want to make an 4 dimensional array of zeros in python. I know how to do this for a square array but I want the li","arr = np.zeros((20,10,10,2))"
Q1117,DS1000-Numpy-452,ds1000,hybrid,"Solve the following data-science coding problem. Return only Python code.

Problem:
Given a 2-dimensional array in python, I would like to normalize each row with L1 Norm.
I have started this code:
fr","l1 = np.abs(X).sum(axis = 1)
result = X / l1.reshape(-1, 1)"
Q1118,DS1000-Numpy-453,ds1000,hybrid,"Solve the following data-science coding problem. Return only Python code.

Problem:
Given a 2-dimensional array in python, I would like to normalize each row with L2 Norm.
I have started this code:
fr","l2 = np.sqrt((X*X).sum(axis=-1))
result = X / l2.reshape(-1, 1)"
Q1119,DS1000-Numpy-454,ds1000,hybrid,"Solve the following data-science coding problem. Return only Python code.

Problem:
Given a 2-dimensional array in python, I would like to normalize each row with L∞ Norm.
I have started this code:
fr","linf = np.abs(X).max(axis = 1)
result = X / linf.reshape(-1, 1)"
Q1120,DS1000-Numpy-455,ds1000,hybrid,"Solve the following data-science coding problem. Return only Python code.

Problem:
I would like to find matching strings in a path and use np.select to create a new column with labels dependant on th","conds = df.a.str.contains(target, na=False)
result = np.select([conds], choices, default = np.nan)"
Q1121,DS1000-Numpy-456,ds1000,hybrid,"Solve the following data-science coding problem. Return only Python code.

Problem:
I am new to Python and I need to implement a clustering algorithm. For that, I will need to calculate distances betw","result = np.linalg.norm(a - a[:, None], axis = -1)"
Q1122,DS1000-Numpy-457,ds1000,hybrid,"Solve the following data-science coding problem. Return only Python code.

Problem:
I am new to Python and I need to implement a clustering algorithm. For that, I will need to calculate distances betw","result = np.linalg.norm(a - a[:, None], axis = -1)"
Q1123,DS1000-Numpy-458,ds1000,hybrid,"Solve the following data-science coding problem. Return only Python code.

Problem:
I am new to Python and I need to implement a clustering algorithm. For that, I will need to calculate distances betw","result = np.triu(np.linalg.norm(a - a[:, None], axis = -1))"
Q1124,DS1000-Numpy-459,ds1000,hybrid,"Solve the following data-science coding problem. Return only Python code.

Problem:
I want to be able to calculate the mean of A:
 import numpy as np
 A = ['33.33', '33.33', '33.33', '33.37']
 NA = np","AVG = np.mean(NA.astype(float), axis = 0)"
Q1125,DS1000-Numpy-460,ds1000,hybrid,"Solve the following data-science coding problem. Return only Python code.

Problem:
I want to be able to calculate the mean of A:
 import numpy as np
 A = ['inf', '33.33', '33.33', '33.37']
 NA = np.a","AVG = np.mean(NA.astype(float), axis = 0)"
Q1126,DS1000-Numpy-461,ds1000,hybrid,"Solve the following data-science coding problem. Return only Python code.

Problem:
I want to be able to calculate the mean of A:
 import numpy as np
 A = ['np.inf', '33.33', '33.33', '33.37']
 NA = n","for i in range(len(NA)):
    NA[i] = NA[i].replace('np.', '')
AVG = np.mean(NA.astype(float), axis = 0)"
Q1127,DS1000-Numpy-462,ds1000,hybrid,"Solve the following data-science coding problem. Return only Python code.

Problem:

Given a numpy array, I wish to remove the adjacent (before removing) duplicate non-zero value and all the zero valu","selection = np.ones(len(a), dtype = bool)
selection[1:] = a[1:] != a[:-1]
selection &= a != 0
result = a[selection]"
Q1128,DS1000-Numpy-463,ds1000,hybrid,"Solve the following data-science coding problem. Return only Python code.

Problem:

Given a numpy array, I wish to remove the adjacent (before removing) duplicate non-zero value and all the zero valu","selection = np.ones((len(a), 1), dtype = bool)
selection[1:] = a[1:] != a[:-1]
selection &= a != 0
result = a[selection]"
Q1129,DS1000-Numpy-464,ds1000,hybrid,"Solve the following data-science coding problem. Return only Python code.

Problem:
Say that you have 3 numpy arrays: lat, lon, val:
import numpy as np
lat=np.array([[10, 20, 30],
              [20, 1","df = pd.DataFrame({'lat': lat.ravel(), 'lon': lon.ravel(), 'val': val.ravel()})"
Q1130,DS1000-Numpy-465,ds1000,hybrid,"Solve the following data-science coding problem. Return only Python code.

Problem:
Say that you have 3 numpy arrays: lat, lon, val:
import numpy as np
lat=np.array([[10, 20, 30],
              [20, 1","df = pd.DataFrame({'lat': lat.ravel(), 'lon': lon.ravel(), 'val': val.ravel()})

    return df"
Q1131,DS1000-Numpy-466,ds1000,hybrid,"Solve the following data-science coding problem. Return only Python code.

Problem:
Say that you have 3 numpy arrays: lat, lon, val:
import numpy as np
lat=np.array([[10, 20, 30],
              [20, 1","df = pd.DataFrame({'lat': lat.ravel(), 'lon': lon.ravel(), 'val': val.ravel()})
df['maximum'] = df.max(axis=1)"
Q1132,DS1000-Numpy-467,ds1000,hybrid,"Solve the following data-science coding problem. Return only Python code.

Problem:
I realize my question is fairly similar to Vectorized moving window on 2D array in numpy , but the answers there don","def window(arr, shape=(3, 3)):
    ans = []
    # Find row and column window sizes
    r_win = np.floor(shape[0] / 2).as"
Q1133,DS1000-Numpy-468,ds1000,hybrid,"Solve the following data-science coding problem. Return only Python code.

Problem:
I realize my question is fairly similar to Vectorized moving window on 2D array in numpy , but the answers there don","def window(arr, shape=(3, 3)):
    ans = []
    # Find row and column window sizes
    r_win = np.floor(shape[0] / 2).as"
Q1134,DS1000-Numpy-469,ds1000,hybrid,"Solve the following data-science coding problem. Return only Python code.

Problem:
numpy seems to not be a good friend of complex infinities
How do I compute mean of an array of complex numbers?
Whil","n = len(a)
s = np.sum(a)
result = np.real(s) / n + 1j * np.imag(s) / n"
Q1135,DS1000-Numpy-470,ds1000,hybrid,"Solve the following data-science coding problem. Return only Python code.

Problem:
numpy seems to not be a good friend of complex infinities
How do I compute mean of an array of complex numbers?
Whil","n = len(a)
    s = np.sum(a)
    result = np.real(s) / n + 1j * np.imag(s) / n

    return result"
Q1136,DS1000-Numpy-471,ds1000,hybrid,"Solve the following data-science coding problem. Return only Python code.

Problem:
For example, if I have a 2D array X, I can do slicing X[:,-1:]; if I have a 3D array Y, then I can do similar slicin","result = Z[..., -1:]"
Q1137,DS1000-Numpy-472,ds1000,hybrid,"Solve the following data-science coding problem. Return only Python code.

Problem:
For example, if I have a 2D array X, I can do slicing X[-1:, :]; if I have a 3D array Y, then I can do similar slici","result = a[-1:,...]"
Q1138,DS1000-Numpy-473,ds1000,hybrid,"Solve the following data-science coding problem. Return only Python code.

Problem:
When testing if a numpy array c is member of a list of numpy arrays CNTS:
import numpy as np
c = np.array([[[ 75, 76","result = any(np.array_equal(c, x) for x in CNTS)"
Q1139,DS1000-Numpy-474,ds1000,hybrid,"Solve the following data-science coding problem. Return only Python code.

Problem:
When testing if a numpy array c is member of a list of numpy arrays CNTS:
import numpy as np
c = np.array([[[ NaN, 7","temp_c = c.copy()
temp_c[np.isnan(temp_c)] = 0
result = False
for arr in CNTS:
    temp = arr.copy()
    temp[np.isnan(t"
Q1140,DS1000-Numpy-475,ds1000,hybrid,"Solve the following data-science coding problem. Return only Python code.

Problem:
I have an array, something like:
a = np.arange(0,4,1).reshape(2,2)
> [[0 1
    2 3]]
I want to both upsample this ar","x = np.arange(4)
y = np.arange(4)
f = intp.interp2d(x, y, a)
result = f(x_new, y_new)"
Q1141,DS1000-Numpy-476,ds1000,hybrid,"Solve the following data-science coding problem. Return only Python code.

Problem:
Given the following dataframe, how do I generate a conditional cumulative sum column.
import pandas as pd
import num","df = pd.DataFrame(data)
df[name] = df.groupby('D').cumsum()"
Q1142,DS1000-Numpy-477,ds1000,hybrid,"Solve the following data-science coding problem. Return only Python code.

Problem:
I am using Python with numpy to do linear algebra.
I performed numpy SVD on a matrix `a` to get the matrices U,i, an","i = np.diag(i)"
Q1143,DS1000-Numpy-478,ds1000,hybrid,"Solve the following data-science coding problem. Return only Python code.

Problem:
What is the quickest way to convert the non-diagonal elements of a square symmetrical numpy ndarray to 0? I don't wa","result = np.einsum('ii->i', a)
save = result.copy()
a[...] = 0
result[...] = save"
Q1144,DS1000-Numpy-479,ds1000,hybrid,"Solve the following data-science coding problem. Return only Python code.

Problem:
Is there any way to create an array of equally spaced date-time objects, given the start/stop epochs and the desired","result = pd.DatetimeIndex(np.linspace(pd.Timestamp(start).value, pd.Timestamp(end).value, num = n, dtype=np.int64))"
Q1145,DS1000-Numpy-480,ds1000,hybrid,"Solve the following data-science coding problem. Return only Python code.

Problem:
I have two numpy arrays x and y
Suppose x = [0, 1, 1, 1, 3, 4, 5, 5, 5] and y = [0, 2, 3, 4, 2, 1, 3, 4, 5]
The leng","result = ((x == a) & (y == b)).argmax()
if x[result] != a or y[result] != b:
    result = -1"
Q1146,DS1000-Numpy-481,ds1000,hybrid,"Solve the following data-science coding problem. Return only Python code.

Problem:
I have two numpy arrays x and y
Suppose x = [0, 1, 1, 1, 3, 1, 5, 5, 5] and y = [0, 2, 3, 4, 2, 4, 3, 4, 5]
The leng","idx_list = ((x == a) & (y == b))
result = idx_list.nonzero()[0]"
Q1147,DS1000-Numpy-482,ds1000,hybrid,"Solve the following data-science coding problem. Return only Python code.

Problem:
Suppose I have a hypotetical function I'd like to approximate:
def f(x):
    return a * x ** 2 + b * x + c
Where a, ","result = np.polyfit(x, y, 2)"
Q1148,DS1000-Numpy-483,ds1000,hybrid,"Solve the following data-science coding problem. Return only Python code.

Problem:
Suppose I have a hypotetical function I'd like to approximate:
def f(x):
    return a+ b * x + c * x ** 2 + …
Where ","result = np.polyfit(x, y, degree)"
Q1149,DS1000-Numpy-484,ds1000,hybrid,"Solve the following data-science coding problem. Return only Python code.

Problem:
I want to use the pandas apply() instead of iterating through each row of a dataframe, which from my knowledge is th","df = pd.DataFrame(df.values - a[:, None], df.index, df.columns)"
Q1150,DS1000-Numpy-485,ds1000,hybrid,"Solve the following data-science coding problem. Return only Python code.

Problem:
I'm trying the following:
Given a matrix A (x, y ,3) and another matrix B (3, 3), I would like to return a (x, y, 3)","result = np.tensordot(A,B,axes=((2),(0)))"
Q1151,DS1000-Numpy-486,ds1000,hybrid,"Solve the following data-science coding problem. Return only Python code.

Problem:

Right now, I have my data in a 2D numpy array `a`. If I was to use MinMaxScaler fit_transform on the array, it will","scaler = MinMaxScaler()
a_one_column = a.reshape(-1, 1)
result_one_column = scaler.fit_transform(a_one_column)
result = "
Q1152,DS1000-Numpy-487,ds1000,hybrid,"Solve the following data-science coding problem. Return only Python code.

Problem:
I have a numpy array and I want to rescale values along each row to values between 0 and 1 using the following proce","from sklearn.preprocessing import minmax_scale
result = minmax_scale(arr.T).T"
Q1153,DS1000-Numpy-488,ds1000,hybrid,"Solve the following data-science coding problem. Return only Python code.

Problem:

Right now, I have my data in a 3D numpy array. If I was to use MinMaxScaler fit_transform on each matrix of the arr","scaler = MinMaxScaler()
result = np.zeros_like(a)
for i, arr in enumerate(a):
    a_one_column = arr.reshape(-1, 1)
    "
Q1154,DS1000-Numpy-489,ds1000,hybrid,"Solve the following data-science coding problem. Return only Python code.

Problem:
I have a two dimensional numpy array. I am starting to learn about Boolean indexing which is way cool. Using for-loo","result = arr.copy()
arr[np.where(result < -10)] = 0
arr[np.where(result >= 15)] = 30
arr[np.logical_and(result >= -10, r"
Q1155,DS1000-Numpy-490,ds1000,hybrid,"Solve the following data-science coding problem. Return only Python code.

Problem:
I have a two dimensional numpy array. I am starting to learn about Boolean indexing which is way cool. Using for-loo","for a, t1, t2 in zip(arr, n1, n2):
    temp = a.copy()
    a[np.where(temp < t1)] = 0
    a[np.where(temp >= t2)] = 30
 "
Q1156,DS1000-Numpy-491,ds1000,hybrid,"Solve the following data-science coding problem. Return only Python code.

Problem:
I have an array of random floats and I need to compare it to another one that has the same values in a different ord","result = (~np.isclose(s1,s2)).sum()"
Q1157,DS1000-Numpy-492,ds1000,hybrid,"Solve the following data-science coding problem. Return only Python code.

Problem:
I have an array of random floats and I need to compare it to another one that has the same values in a different ord","result = (~np.isclose(s1,s2, equal_nan=True)).sum()"
Q1158,DS1000-Numpy-493,ds1000,hybrid,"Solve the following data-science coding problem. Return only Python code.

Problem:
I have a list of numpy arrays, and want to check if all the arrays are equal. What is the quickest way of doing this","def all_equal(iterator):
    try:
        iterator = iter(iterator)
        first = next(iterator)
        return all(np"
Q1159,DS1000-Numpy-494,ds1000,hybrid,"Solve the following data-science coding problem. Return only Python code.

Problem:
I have a list of numpy arrays, and want to check if all the arrays have NaN. What is the quickest way of doing this?","result = True
for arr in a:
    if any(np.isnan(arr)) == False:
        result = False
        break"
Q1160,DS1000-Numpy-495,ds1000,hybrid,"Solve the following data-science coding problem. Return only Python code.

Problem:
I have a file with arrays or different shapes. I want to zeropad all the array to match the largest shape. The large","result = np.pad(a, ((0, shape[0]-a.shape[0]), (0, shape[1]-a.shape[1])), 'constant')"
Q1161,DS1000-Numpy-496,ds1000,hybrid,"Solve the following data-science coding problem. Return only Python code.

Problem:
I have a file with arrays or different shapes. I want to zeropad all the array to match the largest shape. The large","result = np.pad(a, ((0, shape[0]-a.shape[0]), (0, shape[1]-a.shape[1])), 'constant')"
Q1162,DS1000-Numpy-497,ds1000,hybrid,"Solve the following data-science coding problem. Return only Python code.

Problem:
I have a file with arrays or different shapes. I want to zeropad all the array to match the largest shape. The large","result = np.pad(a, ((0, shape[0]-a.shape[0]), (0, shape[1]-a.shape[1])), 'constant', constant_values=element)"
Q1163,DS1000-Numpy-498,ds1000,hybrid,"Solve the following data-science coding problem. Return only Python code.

Problem:
I have a file with arrays or different shapes. I want to zeropad all the array to match the largest shape. The large","result = np.pad(arr, ((0, shape[0]-arr.shape[0]), (0, shape[1]-arr.shape[1])), 'constant')

    return result"
Q1164,DS1000-Numpy-499,ds1000,hybrid,"Solve the following data-science coding problem. Return only Python code.

Problem:
I have a file with arrays or different shapes. I want to zeropad all the array to match the largest shape. The large","def to_shape(a, shape):
    y_, x_ = shape
    y, x = a.shape
    y_pad = (y_-y)
    x_pad = (x_-x)
    return np.pad(a,"
Q1165,DS1000-Numpy-500,ds1000,hybrid,"Solve the following data-science coding problem. Return only Python code.

Problem:
In order to get a numpy array from a list I make the following:
Suppose n = 12
np.array([i for i in range(0, n)])
An","a = a.reshape(-1, 3)"
Q1166,DS1000-Numpy-501,ds1000,hybrid,"Solve the following data-science coding problem. Return only Python code.

Problem:
I have two arrays:
•	a: a 3-dimensional source array (N x M x 2)
•	b: a 2-dimensional index array (N x M) containing","result = np.take_along_axis(a, b[..., np.newaxis], axis=-1)[..., 0]"
Q1167,DS1000-Numpy-502,ds1000,hybrid,"Solve the following data-science coding problem. Return only Python code.

Problem:
I have two arrays:
•	a: a 3-dimensional source array (N x M x 2)
•	b: a 2-dimensional index array (N x M) containing","result = np.take_along_axis(a, b[..., np.newaxis], axis=-1)[..., 0]"
Q1168,DS1000-Numpy-503,ds1000,hybrid,"Solve the following data-science coding problem. Return only Python code.

Problem:
I have two arrays:
•	a: a 3-dimensional source array (N x M x T)
•	b: a 2-dimensional index array (N x M) containing","result = np.take_along_axis(a, b[..., np.newaxis], axis=-1)[..., 0]"
Q1169,DS1000-Numpy-504,ds1000,hybrid,"Solve the following data-science coding problem. Return only Python code.

Problem:
I have two arrays:
•	a: a 3-dimensional source array (N x M x T)
•	b: a 2-dimensional index array (N x M) containing","arr = np.take_along_axis(a, b[..., np.newaxis], axis=-1)[..., 0]
result = np.sum(arr)"
Q1170,DS1000-Numpy-505,ds1000,hybrid,"Solve the following data-science coding problem. Return only Python code.

Problem:
I have two arrays:
•	a: a 3-dimensional source array (N x M x T)
•	b: a 2-dimensional index array (N x M) containing","arr = np.take_along_axis(a, b[..., np.newaxis], axis=-1)[..., 0]
result = np.sum(a) - np.sum(arr)"
Q1171,DS1000-Numpy-506,ds1000,hybrid,"Solve the following data-science coding problem. Return only Python code.

Problem:
I have the following text output, my goal is to only select values of column b when the values in column a are great","result = np.where((df.a<= 4)&(df.a>1), df.b,np.nan)"
Q1172,DS1000-Numpy-507,ds1000,hybrid,"Solve the following data-science coding problem. Return only Python code.

Problem:
I want to process a gray image in the form of np.array. 
*EDIT: chose a slightly more complex example to clarify
Sup","mask = im == 0
rows = np.flatnonzero((~mask).sum(axis=1))
cols = np.flatnonzero((~mask).sum(axis=0))
if rows.shape[0] =="
Q1173,DS1000-Numpy-508,ds1000,hybrid,"Solve the following data-science coding problem. Return only Python code.

Problem: 
Here is a rather difficult problem.
I am dealing with arrays created via numpy.array(), and I need to draw points o","B = np.argwhere(A)
(ystart, xstart), (ystop, xstop) = B.min(0), B.max(0) + 1
result = A[ystart:ystop, xstart:xstop]"
Q1174,DS1000-Numpy-509,ds1000,hybrid,"Solve the following data-science coding problem. Return only Python code.

Problem:
I want to process a gray image in the form of np.array. 
*EDIT: chose a slightly more complex example to clarify
im ","mask = im == 0
rows = np.flatnonzero((mask).sum(axis=1))
cols = np.flatnonzero((mask).sum(axis=0))

if rows.shape[0] == "
Q1175,DS1000-Numpy-510,ds1000,hybrid,"Solve the following data-science coding problem. Return only Python code.

Problem:
I want to process a gray image in the form of np.array. 
*EDIT: chose a slightly more complex example to clarify
Sup","mask = im == 0
rows = np.flatnonzero((~mask).sum(axis=1))
cols = np.flatnonzero((~mask).sum(axis=0))
if rows.shape[0] =="
Q1176,DS1000-Matplotlib-511,ds1000,hybrid,"Solve the following data-science coding problem. Return only Python code.

import numpy as np
import pandas as pd
import matplotlib.pyplot as plt
import seaborn as sns

x = 10 * np.random.randn(10)
y ","plt.plot(x, y, label=""x-y"")
plt.legend()"
Q1177,DS1000-Matplotlib-512,ds1000,hybrid,"Solve the following data-science coding problem. Return only Python code.

import numpy as np
import pandas as pd
import matplotlib.pyplot as plt
import seaborn as sns

x = np.random.rand(10)
y = np.r","plt.minorticks_on()
ax = plt.gca()
ax.tick_params(axis=""x"", which=""minor"", bottom=False)"
Q1178,DS1000-Matplotlib-513,ds1000,hybrid,"Solve the following data-science coding problem. Return only Python code.

import numpy as np
import pandas as pd
import matplotlib.pyplot as plt
import seaborn as sns

x = np.random.rand(10)
y = np.r","plt.minorticks_on()"
Q1179,DS1000-Matplotlib-514,ds1000,hybrid,"Solve the following data-science coding problem. Return only Python code.

import numpy as np
import pandas as pd
import matplotlib.pyplot as plt
import seaborn as sns

x = np.random.rand(10)
y = np.r","plt.minorticks_on()
ax = plt.gca()
ax.tick_params(axis=""y"", which=""minor"", tick1On=False)"
Q1180,DS1000-Matplotlib-515,ds1000,hybrid,"Solve the following data-science coding problem. Return only Python code.

import numpy as np
import pandas as pd
import matplotlib.pyplot as plt
import seaborn as sns

x = np.arange(10)

# draw a lin","from matplotlib import lines

styles = lines.lineStyles.keys()
nstyles = len(styles)
for i, sty in enumerate(styles):
  "
Q1181,DS1000-Matplotlib-516,ds1000,hybrid,"Solve the following data-science coding problem. Return only Python code.

import numpy as np
import pandas as pd
import matplotlib.pyplot as plt
import seaborn as sns

x = np.arange(10)

# draw a lin","from matplotlib import lines

styles = lines.lineMarkers
nstyles = len(styles)
for i, sty in enumerate(styles):
    y = "
Q1182,DS1000-Matplotlib-517,ds1000,hybrid,"Solve the following data-science coding problem. Return only Python code.

import numpy as np
import pandas as pd
import matplotlib.pyplot as plt
import seaborn as sns

x = np.arange(10)
y = np.random","plt.plot(x, y, marker=""d"")"
Q1183,DS1000-Matplotlib-518,ds1000,hybrid,"Solve the following data-science coding problem. Return only Python code.

import numpy as np
import pandas as pd
import matplotlib.pyplot as plt
import seaborn as sns

x = np.arange(10)
y = np.random","plt.plot(x, y, marker=""D"")"
Q1184,DS1000-Matplotlib-519,ds1000,hybrid,"Solve the following data-science coding problem. Return only Python code.

import numpy as np
import pandas as pd
import matplotlib.pyplot as plt
import seaborn as sns

sns.set_style(""whitegrid"")
ti","plt.ylim(0, 40)"
Q1185,DS1000-Matplotlib-520,ds1000,hybrid,"Solve the following data-science coding problem. Return only Python code.

import numpy as np
import pandas as pd
import matplotlib.pyplot as plt
import seaborn as sns

x = 10 * np.random.randn(10)

p","plt.axvspan(2, 4, color=""red"", alpha=1)"
Q1186,DS1000-Matplotlib-521,ds1000,hybrid,"Solve the following data-science coding problem. Return only Python code.

import numpy as np
import pandas as pd
import matplotlib.pyplot as plt
import seaborn as sns

# draw a full line from (0,0) t","p1 = (0, 0)
p2 = (1, 2)
plt.axline(p1, p2)"
Q1187,DS1000-Matplotlib-522,ds1000,hybrid,"Solve the following data-science coding problem. Return only Python code.

import numpy as np
import pandas as pd
import matplotlib.pyplot as plt
import seaborn as sns

# draw a line segment from (0,0","p1 = (0, 0)
p2 = (1, 2)
plt.plot((p1[0], p2[0]), (p1[1], p2[1]))"
Q1188,DS1000-Matplotlib-523,ds1000,hybrid,"Solve the following data-science coding problem. Return only Python code.

import numpy
import pandas
import matplotlib.pyplot as plt
import seaborn

seaborn.set(style=""ticks"")

numpy.random.seed(0)","seaborn.relplot(
    data=df, x=""Weight (kg)"", y=""Height (cm)"", hue=""Gender"", hue_order=_genders
)"
Q1189,DS1000-Matplotlib-524,ds1000,hybrid,"Solve the following data-science coding problem. Return only Python code.

import numpy as np
import pandas as pd
import matplotlib.pyplot as plt
import seaborn as sns

x = np.arange(10)
y = 2 * np.ra","sns.lineplot(x=x, y=y)"
Q1190,DS1000-Matplotlib-525,ds1000,hybrid,"Solve the following data-science coding problem. Return only Python code.

import numpy as np
import pandas as pd
import seaborn as sns
import matplotlib.pyplot as plt

x = np.arange(10)
y = np.sin(x)","df = pd.DataFrame({""x"": x, ""y"": y})
sns.lineplot(x=""x"", y=""y"", data=df)"
Q1191,DS1000-Matplotlib-526,ds1000,hybrid,"Solve the following data-science coding problem. Return only Python code.

import numpy as np
import pandas as pd
import matplotlib.pyplot as plt

x = np.random.randn(10)
y = np.random.randn(10)

# in","plt.plot(x, y, ""+"", mew=7, ms=20)"
Q1192,DS1000-Matplotlib-527,ds1000,hybrid,"Solve the following data-science coding problem. Return only Python code.

import numpy as np
import pandas as pd
import matplotlib.pyplot as plt
import seaborn as sns

x = np.linspace(0, 2 * np.pi, 1","plt.rcParams[""legend.fontsize""] = 20
plt.legend(title=""xxx"")"
Q1193,DS1000-Matplotlib-528,ds1000,hybrid,"Solve the following data-science coding problem. Return only Python code.

import numpy as np
import pandas as pd
import matplotlib.pyplot as plt
import seaborn as sns

x = np.linspace(0, 2 * np.pi, 1","# plt.figure()
plt.plot(x, y, label=""sin"")
ax = plt.gca()
ax.legend(title=""xyz"", title_fontsize=20)"
Q1194,DS1000-Matplotlib-529,ds1000,hybrid,"Solve the following data-science coding problem. Return only Python code.

import numpy as np
import pandas as pd
import matplotlib.pyplot as plt
import seaborn as sns

x = np.random.randn(10)
y = np.","l.set_markerfacecolor((1, 1, 0, 0.2))"
Q1195,DS1000-Matplotlib-530,ds1000,hybrid,"Solve the following data-science coding problem. Return only Python code.

import numpy as np
import pandas as pd
import matplotlib.pyplot as plt
import seaborn as sns

x = np.random.randn(10)
y = np.","l.set_markeredgecolor((0, 0, 0, 1))"
Q1196,DS1000-Matplotlib-531,ds1000,hybrid,"Solve the following data-science coding problem. Return only Python code.

import numpy as np
import pandas as pd
import matplotlib.pyplot as plt
import seaborn as sns

x = np.random.randn(10)
y = np.","l.set_markeredgecolor((1, 0, 0, 1))
l.set_color((1, 0, 0, 1))"
Q1197,DS1000-Matplotlib-532,ds1000,hybrid,"Solve the following data-science coding problem. Return only Python code.

import numpy as np
import pandas as pd
import matplotlib.pyplot as plt
import seaborn as sns

x = np.linspace(0, 2 * np.pi, 1","plt.xticks(rotation=45)"
Q1198,DS1000-Matplotlib-533,ds1000,hybrid,"Solve the following data-science coding problem. Return only Python code.

import numpy as np
import pandas as pd
import matplotlib.pyplot as plt
import seaborn as sns

x = np.linspace(0, 2 * np.pi, 1","plt.xticks(rotation=-45)"
Q1199,DS1000-Matplotlib-534,ds1000,hybrid,"Solve the following data-science coding problem. Return only Python code.

import numpy as np
import pandas as pd
import matplotlib.pyplot as plt
import seaborn as sns

x = np.linspace(0, 2 * np.pi, 1","minx = x.min()
maxx = x.max()
plt.xticks(np.arange(minx, maxx, step=2))"
Q1200,DS1000-Matplotlib-535,ds1000,hybrid,"Solve the following data-science coding problem. Return only Python code.

import numpy as np
import pandas as pd
import matplotlib.pyplot as plt
import seaborn as sns

x = np.random.randn(10)
y = np.","plt.legend()"
Q1201,DS1000-Matplotlib-536,ds1000,hybrid,"Solve the following data-science coding problem. Return only Python code.

import numpy as np
import matplotlib.pyplot as plt


H = np.random.randn(10, 10)

# color plot of the 2d array H
# SOLUTION S","plt.imshow(H, interpolation=""none"")"
Q1202,DS1000-Matplotlib-537,ds1000,hybrid,"Solve the following data-science coding problem. Return only Python code.

import numpy as np
import matplotlib.pyplot as plt

H = np.random.randn(10, 10)

# show the 2d array H in black and white
# S","plt.imshow(H, cmap=""gray"")"
Q1203,DS1000-Matplotlib-538,ds1000,hybrid,"Solve the following data-science coding problem. Return only Python code.

import numpy as np
import pandas as pd
import matplotlib.pyplot as plt
import seaborn as sns

x = np.linspace(0, 2 * np.pi, 1","plt.plot(x, y)
ax = plt.gca()
label = ax.set_xlabel(""X"", fontsize=9)
ax.xaxis.set_label_coords(1, 0)"
Q1204,DS1000-Matplotlib-539,ds1000,hybrid,"Solve the following data-science coding problem. Return only Python code.

import numpy as np
import pandas as pd
import matplotlib.pyplot as plt
import seaborn as sns

df = sns.load_dataset(""planets","ax = plt.gca()
ax.set_xticklabels(ax.get_xticklabels(), rotation=90)"
Q1205,DS1000-Matplotlib-540,ds1000,hybrid,"Solve the following data-science coding problem. Return only Python code.

import numpy as np
import pandas as pd
import matplotlib.pyplot as plt

y = 2 * np.random.rand(10)
x = np.arange(10)
plt.plot","# set title
# plt.title(myTitle, loc='center', wrap=True)
from textwrap import wrap

ax = plt.gca()
ax.set_title(""\n""."
Q1206,DS1000-Matplotlib-541,ds1000,hybrid,"Solve the following data-science coding problem. Return only Python code.

import numpy as np
import pandas as pd
import matplotlib.pyplot as plt

y = 2 * np.random.rand(10)
x = np.arange(10)

# make ","ax = plt.gca()
ax.invert_yaxis()"
Q1207,DS1000-Matplotlib-542,ds1000,hybrid,"Solve the following data-science coding problem. Return only Python code.

import numpy as np
import pandas as pd
import matplotlib.pyplot as plt
import seaborn as sns

x = np.random.randn(10)
y = x
p","ax = plt.gca()
ax.set_xticks([0, 1.5])"
Q1208,DS1000-Matplotlib-543,ds1000,hybrid,"Solve the following data-science coding problem. Return only Python code.

import numpy as np
import pandas as pd
import matplotlib.pyplot as plt
import seaborn as sns

x = np.random.randn(10)
y = x
p","ax = plt.gca()
ax.set_yticks([-1, 1])"
Q1209,DS1000-Matplotlib-544,ds1000,hybrid,"Solve the following data-science coding problem. Return only Python code.

import numpy as np
import pandas as pd
import matplotlib.pyplot as plt
import seaborn as sns

import numpy as np
import matpl","plt.plot(x, zorder=10)
plt.plot(y, zorder=5)
plt.plot(z, zorder=1)"
Q1210,DS1000-Matplotlib-545,ds1000,hybrid,"Solve the following data-science coding problem. Return only Python code.

import numpy as np
import pandas as pd
import matplotlib.pyplot as plt

x = np.random.randn(10)
y = np.random.randn(10)

# in","plt.scatter(x, y, c=""blue"", edgecolors=""black"")"
Q1211,DS1000-Matplotlib-546,ds1000,hybrid,"Solve the following data-science coding problem. Return only Python code.

import numpy as np
import pandas as pd
import matplotlib.pyplot as plt

y = 2 * np.random.rand(10)
x = np.arange(10)

# make ","plt.bar(x, y)
plt.yticks(np.arange(0, np.max(y), step=1))"
Q1212,DS1000-Matplotlib-547,ds1000,hybrid,"Solve the following data-science coding problem. Return only Python code.

import numpy as np
import pandas as pd
import matplotlib.pyplot as plt
import seaborn as sns

data = {
    ""reports"": [4, 2","plt.ticklabel_format(style=""plain"", axis=""y"")"
Q1213,DS1000-Matplotlib-548,ds1000,hybrid,"Solve the following data-science coding problem. Return only Python code.

import numpy as np
import pandas as pd
import matplotlib.pyplot as plt
import seaborn as sns

y = 2 * np.random.rand(10)
x = ","ax.lines[0].set_linestyle(""dashed"")"
Q1214,DS1000-Matplotlib-549,ds1000,hybrid,"Solve the following data-science coding problem. Return only Python code.

import numpy as np
import pandas as pd
import matplotlib.pyplot as plt
import seaborn as sns

x = np.linspace(0, 2 * np.pi, 4","fig, (ax1, ax2) = plt.subplots(nrows=2, sharex=True)

plt.subplots_adjust(hspace=0.0)
ax1.grid()
ax2.grid()

ax1.plot(x,"
Q1215,DS1000-Matplotlib-550,ds1000,hybrid,"Solve the following data-science coding problem. Return only Python code.

import numpy as np
import pandas as pd
import matplotlib.pyplot as plt
import seaborn as sns

x = np.linspace(0, 2 * np.pi, 4","fig, (ax1, ax2) = plt.subplots(nrows=2, subplot_kw=dict(frameon=False))

plt.subplots_adjust(hspace=0.0)
ax1.grid()
ax2."
Q1216,DS1000-Matplotlib-551,ds1000,hybrid,"Solve the following data-science coding problem. Return only Python code.

import numpy as np
import pandas as pd
import matplotlib.pyplot as plt
import seaborn as sns

x = np.arange(10)
y = np.sin(x)","ax = plt.gca()
ax.set(xlabel=None)"
Q1217,DS1000-Matplotlib-552,ds1000,hybrid,"Solve the following data-science coding problem. Return only Python code.

import numpy as np
import pandas as pd
import matplotlib.pyplot as plt
import seaborn as sns

x = np.arange(10)
y = np.sin(x)","ax = plt.gca()
ax.set(xticklabels=[])"
Q1218,DS1000-Matplotlib-553,ds1000,hybrid,"Solve the following data-science coding problem. Return only Python code.

import numpy as np
import pandas as pd
import matplotlib.pyplot as plt
import seaborn as sns

x = np.arange(10)
y = np.random","ax = plt.gca()
# ax.set_yticks([-1, 1])
ax.xaxis.set_ticks([3, 4])
ax.xaxis.grid(True)"
Q1219,DS1000-Matplotlib-554,ds1000,hybrid,"Solve the following data-science coding problem. Return only Python code.

import numpy as np
import pandas as pd
import matplotlib.pyplot as plt
import seaborn as sns

x = np.arange(10)
y = np.random","ax = plt.gca()
ax.yaxis.set_ticks([3, 4])
ax.yaxis.grid(True)"
Q1220,DS1000-Matplotlib-555,ds1000,hybrid,"Solve the following data-science coding problem. Return only Python code.

import numpy as np
import pandas as pd
import matplotlib.pyplot as plt
import seaborn as sns

x = np.arange(10)
y = np.random","ax = plt.gca()
ax.yaxis.set_ticks([3, 4])
ax.yaxis.grid(True)
ax.xaxis.set_ticks([1, 2])
ax.xaxis.grid(True)"
Q1221,DS1000-Matplotlib-556,ds1000,hybrid,"Solve the following data-science coding problem. Return only Python code.

import numpy as np
import pandas as pd
import matplotlib.pyplot as plt
import seaborn as sns

x = np.arange(10)
y = np.random","ax = plt.gca()
ax.grid(True)"
Q1222,DS1000-Matplotlib-557,ds1000,hybrid,"Solve the following data-science coding problem. Return only Python code.

import numpy as np
import pandas as pd
import matplotlib.pyplot as plt
import seaborn as sns

x = 10 * np.random.randn(10)
y ","plt.legend(loc=""lower right"")"
Q1223,DS1000-Matplotlib-558,ds1000,hybrid,"Solve the following data-science coding problem. Return only Python code.

import matplotlib.pyplot as plt

fig, axes = plt.subplots(ncols=2, nrows=2, figsize=(8, 6))
axes = axes.flatten()

for ax in ","fig, axes = plt.subplots(ncols=2, nrows=2, figsize=(8, 6))
axes = axes.flatten()

for ax in axes:
    ax.set_ylabel(r""$"
Q1224,DS1000-Matplotlib-559,ds1000,hybrid,"Solve the following data-science coding problem. Return only Python code.

import numpy as np
import pandas as pd
import matplotlib.pyplot as plt

x = np.arange(10)
y = np.arange(10, 20)
z = np.arange","plt.plot(x, y, label=""Y"")
plt.plot(x, z, label=""Z"")
plt.legend()"
Q1225,DS1000-Matplotlib-560,ds1000,hybrid,"Solve the following data-science coding problem. Return only Python code.

import matplotlib.pyplot as plt
import numpy as np

column_labels = list(""ABCD"")
row_labels = list(""WXYZ"")
data = np.rand","ax.xaxis.tick_top()"
Q1226,DS1000-Matplotlib-561,ds1000,hybrid,"Solve the following data-science coding problem. Return only Python code.

import numpy as np
import pandas as pd
import matplotlib.pyplot as plt

x = np.arange(10)
y = np.arange(10)

# Plot y over x
","plt.plot(x, y)
plt.xlabel(""X"", labelpad=20)
plt.tight_layout()"
Q1227,DS1000-Matplotlib-562,ds1000,hybrid,"Solve the following data-science coding problem. Return only Python code.

import numpy as np
import pandas as pd
import matplotlib.pyplot as plt

x = np.arange(10)
y = np.arange(10)

# plot y over x
","plt.plot(y, x)
plt.tick_params(
    axis=""x"",  # changes apply to the x-axis
    which=""both"",  # both major and min"
Q1228,DS1000-Matplotlib-563,ds1000,hybrid,"Solve the following data-science coding problem. Return only Python code.

import numpy as np
import pandas as pd
import matplotlib.pyplot as plt

x = np.arange(10)
y = np.arange(10)

# Plot y over x
","f = plt.figure()
ax = f.add_subplot(111)
ax.plot(x, y)
ax.yaxis.tick_right()"
Q1229,DS1000-Matplotlib-564,ds1000,hybrid,"Solve the following data-science coding problem. Return only Python code.

import numpy as np
import pandas as pd
import matplotlib.pyplot as plt

x = np.arange(10)
y = np.arange(10)

# Plot y over x ","plt.plot(x, y)
plt.ylabel(""y"")
ax = plt.gca()
ax.yaxis.set_label_position(""right"")"
Q1230,DS1000-Matplotlib-565,ds1000,hybrid,"Solve the following data-science coding problem. Return only Python code.

import matplotlib.pyplot as plt
import numpy as np, pandas as pd
import seaborn as sns

tips = sns.load_dataset(""tips"")

# ","sns.jointplot(
    x=""total_bill"", y=""tip"", data=tips, kind=""reg"", joint_kws={""color"": ""green""}
)"
Q1231,DS1000-Matplotlib-566,ds1000,hybrid,"Solve the following data-science coding problem. Return only Python code.

import matplotlib.pyplot as plt
import numpy as np, pandas as pd
import seaborn as sns

tips = sns.load_dataset(""tips"")

# ","sns.jointplot(
    x=""total_bill"", y=""tip"", data=tips, kind=""reg"", line_kws={""color"": ""green""}
)"
Q1232,DS1000-Matplotlib-567,ds1000,hybrid,"Solve the following data-science coding problem. Return only Python code.

import matplotlib.pyplot as plt
import numpy as np, pandas as pd
import seaborn as sns

tips = sns.load_dataset(""tips"")

# ","sns.jointplot(
    x=""total_bill"", y=""tip"", data=tips, kind=""reg"", joint_kws={""scatter"": False}
)"
Q1233,DS1000-Matplotlib-568,ds1000,hybrid,"Solve the following data-science coding problem. Return only Python code.

import matplotlib
import matplotlib.pyplot as plt
import pandas as pd

df = pd.DataFrame(
    {
        ""celltype"": [""foo"","df = df[[""celltype"", ""s1"", ""s2""]]
df.set_index([""celltype""], inplace=True)
df.plot(kind=""bar"", alpha=0.75, rot"
Q1234,DS1000-Matplotlib-569,ds1000,hybrid,"Solve the following data-science coding problem. Return only Python code.

import matplotlib
import matplotlib.pyplot as plt
import pandas as pd

df = pd.DataFrame(
    {
        ""celltype"": [""foo"","df = df[[""celltype"", ""s1"", ""s2""]]
df.set_index([""celltype""], inplace=True)
df.plot(kind=""bar"", alpha=0.75, rot"
Q1235,DS1000-Matplotlib-570,ds1000,hybrid,"Solve the following data-science coding problem. Return only Python code.

import numpy as np
import pandas as pd
import matplotlib.pyplot as plt

x = np.arange(10)
y = np.arange(10)

# Plot y over x ","fig = plt.figure()
ax = fig.add_subplot(111)
ax.plot(x, y)
ax.set_xlabel(""X"", c=""red"")
ax.xaxis.label.set_color(""re"
Q1236,DS1000-Matplotlib-571,ds1000,hybrid,"Solve the following data-science coding problem. Return only Python code.

import numpy as np
import pandas as pd
import matplotlib.pyplot as plt

x = np.arange(10)
y = np.arange(10)

# Plot y over x ","fig = plt.figure()
ax = fig.add_subplot(111)
ax.plot(x, y)
ax.set_xlabel(""X"")
ax.spines[""bottom""].set_color(""red"")"
Q1237,DS1000-Matplotlib-572,ds1000,hybrid,"Solve the following data-science coding problem. Return only Python code.

import numpy as np
import pandas as pd
import matplotlib.pyplot as plt

x = np.arange(10)
y = np.arange(10)

# plot y over x ","plt.plot(y, x)
plt.xticks(fontsize=10, rotation=90)"
Q1238,DS1000-Matplotlib-573,ds1000,hybrid,"Solve the following data-science coding problem. Return only Python code.

import matplotlib.pyplot as plt

# draw vertical lines at [0.22058956, 0.33088437, 2.20589566]
# SOLUTION START
","plt.axvline(x=0.22058956)
plt.axvline(x=0.33088437)
plt.axvline(x=2.20589566)"
Q1239,DS1000-Matplotlib-574,ds1000,hybrid,"Solve the following data-science coding problem. Return only Python code.

import matplotlib.pyplot as plt
import numpy

xlabels = list(""ABCD"")
ylabels = list(""CDEF"")
rand_mat = numpy.random.rand(","plt.pcolor(rand_mat)
plt.xticks(numpy.arange(0.5, len(xlabels)), xlabels)
plt.yticks(numpy.arange(0.5, len(ylabels)), yl"
Q1240,DS1000-Matplotlib-575,ds1000,hybrid,"Solve the following data-science coding problem. Return only Python code.

import numpy as np
import matplotlib.pyplot as plt
from matplotlib import rc

rc(""mathtext"", default=""regular"")

time = n","fig = plt.figure()
ax = fig.add_subplot(111)
ax.plot(time, Swdown, ""-"", label=""Swdown"")
ax.plot(time, Rn, ""-"", lab"
Q1241,DS1000-Matplotlib-576,ds1000,hybrid,"Solve the following data-science coding problem. Return only Python code.

import numpy as np
import pandas as pd
import matplotlib.pyplot as plt

x = np.arange(10)
y = np.arange(10)

# make two side-","fig, axs = plt.subplots(1, 2)
for ax in axs:
    ax.plot(x, y)
    ax.set_title(""Y"")"
Q1242,DS1000-Matplotlib-577,ds1000,hybrid,"Solve the following data-science coding problem. Return only Python code.

import numpy as np
import pandas as pd
import matplotlib.pyplot as plt
import seaborn as sns

df = sns.load_dataset(""penguin","sns.scatterplot(x=""bill_length_mm"", y=""bill_depth_mm"", data=df, s=30)"
Q1243,DS1000-Matplotlib-578,ds1000,hybrid,"Solve the following data-science coding problem. Return only Python code.

import numpy as np
import pandas as pd
import matplotlib.pyplot as plt

a = [2.56422, 3.77284, 3.52623]
b = [0.15, 0.3, 0.45]","fig, ax = plt.subplots()
plt.scatter(a, b)

for i, txt in enumerate(c):
    ax.annotate(txt, (a[i], b[i]))"
Q1244,DS1000-Matplotlib-579,ds1000,hybrid,"Solve the following data-science coding problem. Return only Python code.

import numpy as np
import pandas as pd
import matplotlib.pyplot as plt

x = np.arange(10)
y = np.arange(10)

# Plot y over x ","plt.plot(x, y, label=""y over x"")
plt.legend(title=""legend"")"
Q1245,DS1000-Matplotlib-580,ds1000,hybrid,"Solve the following data-science coding problem. Return only Python code.

import numpy as np
import pandas as pd
import matplotlib.pyplot as plt

x = np.arange(10)
y = np.arange(10)

# Plot y over x ","plt.plot(x, y, label=""y over x"")
plt.legend(title=""legend"", title_fontproperties={""weight"": ""bold""})"
Q1246,DS1000-Matplotlib-581,ds1000,hybrid,"Solve the following data-science coding problem. Return only Python code.

import numpy as np
import pandas as pd
import matplotlib.pyplot as plt

x = np.random.rand(10)
y = np.random.rand(10)

# Make","plt.hist(x, edgecolor=""black"", linewidth=1.2)"
Q1247,DS1000-Matplotlib-582,ds1000,hybrid,"Solve the following data-science coding problem. Return only Python code.

import numpy as np
import pandas as pd
import matplotlib.pyplot as plt

x = np.arange(10)
y = np.arange(10)

# Make two subpl","f, (a0, a1) = plt.subplots(1, 2, gridspec_kw={""width_ratios"": [3, 1]})
a0.plot(x, y)
a1.plot(y, x)"
Q1248,DS1000-Matplotlib-583,ds1000,hybrid,"Solve the following data-science coding problem. Return only Python code.

import numpy as np
import pandas as pd
import matplotlib.pyplot as plt

x = np.random.rand(10)
y = np.random.rand(10)
bins = ","plt.hist(x, bins, alpha=0.5, label=""x"")
plt.hist(y, bins, alpha=0.5, label=""y"")"
Q1249,DS1000-Matplotlib-584,ds1000,hybrid,"Solve the following data-science coding problem. Return only Python code.

import numpy as np
import pandas as pd
import matplotlib.pyplot as plt

x = np.random.rand(10)
y = np.random.rand(10)

# Plot","bins = np.linspace(-1, 1, 100)
plt.hist([x, y])"
Q1250,DS1000-Matplotlib-585,ds1000,hybrid,"Solve the following data-science coding problem. Return only Python code.

import matplotlib.pyplot as plt

a, b = 1, 1
c, d = 3, 4

# draw a line that pass through (a, b) and (c, d)
# do not just dra","plt.axline((a, b), (c, d))
plt.xlim(0, 5)
plt.ylim(0, 5)"
Q1251,DS1000-Matplotlib-586,ds1000,hybrid,"Solve the following data-science coding problem. Return only Python code.

import matplotlib.pyplot as plt
import numpy as np

x = np.random.random((10, 10))
y = np.random.random((10, 10))

# make two","fig, axes = plt.subplots(nrows=1, ncols=2)
axes[0].imshow(x, vmin=0, vmax=1)
im = axes[1].imshow(x, vmin=0, vmax=1)
fig."
Q1252,DS1000-Matplotlib-587,ds1000,hybrid,"Solve the following data-science coding problem. Return only Python code.

import numpy as np
import pandas as pd
import matplotlib.pyplot as plt

x = np.random.random((10, 2))

# Plot each column in ","[a, b] = plt.plot(x)
plt.legend([a, b], [""a"", ""b""])"
Q1253,DS1000-Matplotlib-588,ds1000,hybrid,"Solve the following data-science coding problem. Return only Python code.

import numpy as np
import pandas as pd
import matplotlib.pyplot as plt

x = np.arange(10)
y = np.arange(10)
z = np.arange(10)","fig, axes = plt.subplots(nrows=1, ncols=2)
axes[0].plot(x, y)
axes[1].plot(a, z)
plt.suptitle(""Y and Z"")"
Q1254,DS1000-Matplotlib-589,ds1000,hybrid,"Solve the following data-science coding problem. Return only Python code.

import numpy as np
import pandas as pd
import matplotlib.pyplot as plt

points = [(3, 5), (5, 10), (10, 150)]

# plot a line ","plt.plot(*zip(*points))
plt.yscale(""log"")"
Q1255,DS1000-Matplotlib-590,ds1000,hybrid,"Solve the following data-science coding problem. Return only Python code.

import numpy as np
import pandas as pd
import matplotlib.pyplot as plt

x = np.arange(10)
y = np.arange(10)

# plot y over x
","plt.plot(x, y, label=""1"")
plt.title(""test title"", fontsize=20)
plt.xlabel(""xlabel"", fontsize=18)
plt.ylabel(""ylab"
Q1256,DS1000-Matplotlib-591,ds1000,hybrid,"Solve the following data-science coding problem. Return only Python code.

import matplotlib.pyplot as plt
import numpy as np

x = np.arange(10)
y = np.arange(10)

f = plt.figure()
ax = f.add_subplot(","plt.plot(x, y)
ax.set_xticks(np.arange(1, 11))"
Q1257,DS1000-Matplotlib-592,ds1000,hybrid,"Solve the following data-science coding problem. Return only Python code.

import numpy as np
import matplotlib.pyplot as plt

lines = [[(0, 1), (1, 1)], [(2, 3), (3, 3)], [(1, 2), (1, 3)]]
c = np.arr","for i in range(len(lines)):
    plt.plot([lines[i][0][0], lines[i][1][0]], [lines[i][0][1], lines[i][1][1]], c=c[i])"
Q1258,DS1000-Matplotlib-593,ds1000,hybrid,"Solve the following data-science coding problem. Return only Python code.

import numpy as np
import pandas as pd
import matplotlib.pyplot as plt

x = np.arange(0, 1000, 50)
y = np.arange(0, 1000, 50)","fig, ax = plt.subplots()
ax.plot(x, y)
ax.axis([1, 1000, 1, 1000])
ax.loglog()

from matplotlib.ticker import ScalarForm"
Q1259,DS1000-Matplotlib-594,ds1000,hybrid,"Solve the following data-science coding problem. Return only Python code.

import matplotlib.pyplot as plt
import pandas as pd
import numpy as np

df = pd.DataFrame(
    np.random.randn(50, 4),
    in","df.plot(style="".-"")"
Q1260,DS1000-Matplotlib-595,ds1000,hybrid,"Solve the following data-science coding problem. Return only Python code.

import numpy as np
import matplotlib.pyplot as plt

data = [1000, 1000, 5000, 3000, 4000, 16000, 2000]

# Make a histogram of","plt.hist(data, weights=np.ones(len(data)) / len(data))
from matplotlib.ticker import PercentFormatter

ax = plt.gca()
ax"
Q1261,DS1000-Matplotlib-596,ds1000,hybrid,"Solve the following data-science coding problem. Return only Python code.

import numpy as np
import pandas as pd
import matplotlib.pyplot as plt

x = np.arange(10)
y = np.arange(10)

# Plot y over x ","(l,) = plt.plot(x, y, ""o-"", lw=10, markersize=30)
l.set_markerfacecolor((1, 1, 0, 0.5))
l.set_color(""blue"")"
Q1262,DS1000-Matplotlib-597,ds1000,hybrid,"Solve the following data-science coding problem. Return only Python code.

import numpy as np
import pandas as pd
import matplotlib.pyplot as plt

x = np.arange(10)
y = np.arange(10)
a = np.arange(10)","fig, axs = plt.subplots(1, 2)
axs[0].plot(x, y, label=""y"")
axs[1].plot(z, a, label=""a"")
plt.figlegend([""y"", ""a""]"
Q1263,DS1000-Matplotlib-598,ds1000,hybrid,"Solve the following data-science coding problem. Return only Python code.

import numpy as np
import pandas as pd
import matplotlib.pyplot as plt
import seaborn as sns

df = sns.load_dataset(""penguin","f, ax = plt.subplots(1, 2, figsize=(12, 6))
sns.regplot(x=""bill_length_mm"", y=""bill_depth_mm"", data=df, ax=ax[0])
sn"
Q1264,DS1000-Matplotlib-599,ds1000,hybrid,"Solve the following data-science coding problem. Return only Python code.

import numpy as np
import pandas as pd
import matplotlib.pyplot as plt

x = np.arange(10)
y = np.arange(10)
fig, ax = plt.sub","a = ax.get_xticks().tolist()
a[1] = ""second""
ax.set_xticklabels(a)"
Q1265,DS1000-Matplotlib-600,ds1000,hybrid,"Solve the following data-science coding problem. Return only Python code.

import numpy as np
import pandas as pd
import matplotlib.pyplot as plt

x = np.arange(10)
y = np.arange(10)

# Plot y over x
","plt.plot(y, x, label=r""$\lambda$"")
plt.legend()"
Q1266,DS1000-Matplotlib-601,ds1000,hybrid,"Solve the following data-science coding problem. Return only Python code.

import numpy as np
import pandas as pd
import matplotlib.pyplot as plt

x = np.arange(10)
y = np.arange(10)
plt.plot(y, x)
pl","plt.xticks(list(plt.xticks()[0]) + [2.1, 3, 7.6])"
Q1267,DS1000-Matplotlib-602,ds1000,hybrid,"Solve the following data-science coding problem. Return only Python code.

import numpy as np
import pandas as pd
import matplotlib.pyplot as plt

x = np.arange(2010, 2020)
y = np.arange(10)
plt.plot(","plt.xticks(rotation=-60)
plt.xticks(ha=""left"")"
Q1268,DS1000-Matplotlib-603,ds1000,hybrid,"Solve the following data-science coding problem. Return only Python code.

import numpy as np
import pandas as pd
import matplotlib.pyplot as plt

x = np.arange(2010, 2020)
y = np.arange(10)
plt.plot(","plt.yticks(rotation=-60)
plt.yticks(va=""top"")"
Q1269,DS1000-Matplotlib-604,ds1000,hybrid,"Solve the following data-science coding problem. Return only Python code.

import numpy as np
import pandas as pd
import matplotlib.pyplot as plt

x = np.arange(2010, 2020)
y = np.arange(10)
plt.plot(","plt.yticks(alpha=0.5)"
Q1270,DS1000-Matplotlib-605,ds1000,hybrid,"Solve the following data-science coding problem. Return only Python code.

import numpy as np
import pandas as pd
import matplotlib.pyplot as plt

x = np.arange(10)
y = np.arange(10)
plt.plot(x, y)

#","plt.margins(x=0)"
Q1271,DS1000-Matplotlib-606,ds1000,hybrid,"Solve the following data-science coding problem. Return only Python code.

import numpy as np
import pandas as pd
import matplotlib.pyplot as plt

x = np.arange(10)
y = np.arange(10)
plt.plot(x, y)

#","plt.margins(y=0)"
Q1272,DS1000-Matplotlib-607,ds1000,hybrid,"Solve the following data-science coding problem. Return only Python code.

import numpy as np
import pandas as pd
import matplotlib.pyplot as plt

x = np.arange(10)
y = np.arange(10)

# make a two col","fig = plt.figure(constrained_layout=True)
axs = fig.subplots(1, 2)
for ax in axs.flat:
    ax.plot(x, y)
fig.suptitle("""
Q1273,DS1000-Matplotlib-608,ds1000,hybrid,"Solve the following data-science coding problem. Return only Python code.

import pandas as pd
import matplotlib.pyplot as plt

values = [[1, 2], [3, 4]]
df = pd.DataFrame(values, columns=[""Type A"",","df.plot()
plt.xlabel(""X"")
plt.ylabel(""Y"")"
Q1274,DS1000-Matplotlib-609,ds1000,hybrid,"Solve the following data-science coding problem. Return only Python code.

import numpy as np
import pandas as pd
import matplotlib.pyplot as plt

x = np.arange(10)
y = np.arange(10)

# Make a scatter","plt.scatter(x, y, hatch=""||||"")"
Q1275,DS1000-Matplotlib-610,ds1000,hybrid,"Solve the following data-science coding problem. Return only Python code.

import numpy as np
import pandas as pd
import matplotlib.pyplot as plt

x = np.arange(10)
y = np.arange(10)

# Make a scatter","plt.scatter(x, y, linewidth=0, hatch=""|"")"
Q1276,DS1000-Matplotlib-611,ds1000,hybrid,"Solve the following data-science coding problem. Return only Python code.

import numpy as np
import pandas as pd
import matplotlib.pyplot as plt

x = np.arange(10)
y = np.arange(10)

# Make a scatter","plt.scatter(x, y, hatch=""*"")"
Q1277,DS1000-Matplotlib-612,ds1000,hybrid,"Solve the following data-science coding problem. Return only Python code.

import numpy as np
import pandas as pd
import matplotlib.pyplot as plt

x = np.arange(10)
y = np.arange(10)

# Make a scatter","plt.scatter(x, y, hatch=""*|"", s=500)"
Q1278,DS1000-Matplotlib-613,ds1000,hybrid,"Solve the following data-science coding problem. Return only Python code.

import matplotlib.pyplot as plt
import numpy as np

data = np.random.random((10, 10))

# Set xlim and ylim to be between 0 an","plt.xlim(0, 10)
plt.ylim(0, 10)
plt.imshow(data, extent=[1, 5, 1, 4])"
Q1279,DS1000-Matplotlib-614,ds1000,hybrid,"Solve the following data-science coding problem. Return only Python code.

import matplotlib.pyplot as plt
import numpy as np

x = np.linspace(0.1, 2 * np.pi, 41)
y = np.exp(np.sin(x))

# make a stem ","plt.stem(x, y, orientation=""horizontal"")"
Q1280,DS1000-Matplotlib-615,ds1000,hybrid,"Solve the following data-science coding problem. Return only Python code.

import matplotlib.pyplot as plt

d = {""a"": 4, ""b"": 5, ""c"": 7}
c = {""a"": ""red"", ""c"": ""green"", ""b"": ""blue""}

","colors = []
for k in d:
    colors.append(c[k])
plt.bar(range(len(d)), d.values(), color=colors)
plt.xticks(range(len(d)"
Q1281,DS1000-Matplotlib-616,ds1000,hybrid,"Solve the following data-science coding problem. Return only Python code.

import matplotlib.pyplot as plt

# Make a solid vertical line at x=3 and label it ""cutoff"". Show legend of this plot.
# SOL","plt.axvline(x=3, label=""cutoff"")
plt.legend()"
Q1282,DS1000-Matplotlib-617,ds1000,hybrid,"Solve the following data-science coding problem. Return only Python code.

import matplotlib.pyplot as plt

labels = [""a"", ""b""]
height = [3, 4]

# Use polar projection for the figure and make a ba","fig, ax = plt.subplots(subplot_kw={""projection"": ""polar""})
plt.bar(labels, height)"
Q1283,DS1000-Matplotlib-618,ds1000,hybrid,"Solve the following data-science coding problem. Return only Python code.

import matplotlib.pyplot as plt

l = [""a"", ""b"", ""c""]
data = [225, 90, 50]

# Make a donut plot of using `data` and use ","plt.pie(data, labels=l, wedgeprops=dict(width=0.4))"
Q1284,DS1000-Matplotlib-619,ds1000,hybrid,"Solve the following data-science coding problem. Return only Python code.

import numpy as np
import pandas as pd
import matplotlib.pyplot as plt

x = np.arange(10)
y = np.arange(10)

# Plot y over x ","plt.plot(y, x)
plt.grid(color=""blue"", linestyle=""dashed"")"
Q1285,DS1000-Matplotlib-620,ds1000,hybrid,"Solve the following data-science coding problem. Return only Python code.

import numpy as np
import pandas as pd
import matplotlib.pyplot as plt

x = np.arange(10)
y = np.arange(10)

# Plot y over x
","plt.plot(y, x)
plt.minorticks_on()
plt.grid(color=""gray"", linestyle=""dashed"", which=""minor"")"
Q1286,DS1000-Matplotlib-621,ds1000,hybrid,"Solve the following data-science coding problem. Return only Python code.

import matplotlib.pyplot as plt

labels = [""Walking"", ""Talking"", ""Sleeping"", ""Working""]
sizes = [23, 45, 12, 20]
colo","plt.pie(sizes, colors=colors, labels=labels, textprops={""weight"": ""bold""})"
Q1287,DS1000-Matplotlib-622,ds1000,hybrid,"Solve the following data-science coding problem. Return only Python code.

import matplotlib.pyplot as plt

labels = [""Walking"", ""Talking"", ""Sleeping"", ""Working""]
sizes = [23, 45, 12, 20]
colo","plt.pie(sizes, colors=colors, labels=labels, textprops={""weight"": ""bold""})"
Q1288,DS1000-Matplotlib-623,ds1000,hybrid,"Solve the following data-science coding problem. Return only Python code.

import numpy as np
import pandas as pd
import matplotlib.pyplot as plt

x = np.arange(10)
y = np.arange(10)

# Plot y over x ","plt.plot(
    x, y, ""-o"", ms=14, markerfacecolor=""None"", markeredgecolor=""red"", markeredgewidth=5
)"
Q1289,DS1000-Matplotlib-624,ds1000,hybrid,"Solve the following data-science coding problem. Return only Python code.

import numpy as np
import pandas as pd
import matplotlib.pyplot as plt
import seaborn as sns

df = sns.load_dataset(""penguin","plt.axvline(55, color=""green"")"
Q1290,DS1000-Matplotlib-625,ds1000,hybrid,"Solve the following data-science coding problem. Return only Python code.

import matplotlib.pyplot as plt
import numpy as np

# Specify the values of blue bars (height)
blue_bar = (23, 25, 17)
# Spec","# Position of bars on x-axis
ind = np.arange(len(blue_bar))

# Figure size
plt.figure(figsize=(10, 5))

# Width of a bar"
Q1291,DS1000-Matplotlib-626,ds1000,hybrid,"Solve the following data-science coding problem. Return only Python code.

import numpy as np
import pandas as pd
import matplotlib.pyplot as plt

x = np.arange(10)
y = np.random.rand(10)
z = np.rando","fig, ax = plt.subplots(2, 1)
(l1,) = ax[0].plot(x, y, color=""red"", label=""y"")
(l2,) = ax[1].plot(a, z, color=""blue""
Q1292,DS1000-Matplotlib-627,ds1000,hybrid,"Solve the following data-science coding problem. Return only Python code.

import numpy as np
import pandas as pd
import matplotlib.pyplot as plt
import matplotlib

x = np.arange(10)
y = np.linspace(0","plt.scatter(x, y, c=y, cmap=""Spectral"")"
Q1293,DS1000-Matplotlib-628,ds1000,hybrid,"Solve the following data-science coding problem. Return only Python code.

import numpy as np
import pandas as pd
import matplotlib.pyplot as plt

x = np.arange(10)
y = np.arange(10)

# plot y over x
","plt.plot(x, y)
plt.xticks(np.arange(min(x), max(x) + 1, 1.0))"
Q1294,DS1000-Matplotlib-629,ds1000,hybrid,"Solve the following data-science coding problem. Return only Python code.

import numpy as np
import pandas as pd
import matplotlib.pyplot as plt
import seaborn as sns

df = sns.load_dataset(""penguin","sns.catplot(
    x=""sex"", col=""species"", y=""bill_length_mm"", data=df, kind=""bar"", sharey=False
)"
Q1295,DS1000-Matplotlib-630,ds1000,hybrid,"Solve the following data-science coding problem. Return only Python code.

import matplotlib.pyplot as plt

# draw a circle centered at (0.5, 0.5) with radius 0.2
# SOLUTION START
","import matplotlib.pyplot as plt

circle1 = plt.Circle((0.5, 0.5), 0.2)
plt.gca().add_patch(circle1)"
Q1296,DS1000-Matplotlib-631,ds1000,hybrid,"Solve the following data-science coding problem. Return only Python code.

import numpy as np
import pandas as pd
import matplotlib.pyplot as plt

x = np.arange(10)
y = np.arange(10)

# Plot y over x ","plt.plot(y, x)
plt.title(r""$\mathbf{\phi}$"")"
Q1297,DS1000-Matplotlib-632,ds1000,hybrid,"Solve the following data-science coding problem. Return only Python code.

import numpy as np
import pandas as pd
import matplotlib.pyplot as plt

x = np.arange(10)
y = np.arange(10)

# Plot y over x ","plt.plot(x, y, label=""Line"")
plt.legend(handletextpad=0.1)"
Q1298,DS1000-Matplotlib-633,ds1000,hybrid,"Solve the following data-science coding problem. Return only Python code.

import numpy as np
import pandas as pd
import matplotlib.pyplot as plt

x = np.arange(10)
y = np.arange(10)

# Plot y over x ","plt.plot(x, y, label=""Line"")
plt.legend(handlelength=0.3)"
Q1299,DS1000-Matplotlib-634,ds1000,hybrid,"Solve the following data-science coding problem. Return only Python code.

import numpy as np
import pandas as pd
import matplotlib.pyplot as plt

x = np.arange(10)
y = np.arange(10)
plt.plot(x, y, la","plt.legend(ncol=2)"
Q1300,DS1000-Matplotlib-635,ds1000,hybrid,"Solve the following data-science coding problem. Return only Python code.

import numpy as np
import pandas as pd
import matplotlib.pyplot as plt

x = np.arange(10)
y = np.arange(10)
plt.plot(x, y, ma","plt.legend(numpoints=2)"
Q1301,DS1000-Matplotlib-636,ds1000,hybrid,"Solve the following data-science coding problem. Return only Python code.

import matplotlib.pyplot as plt
import numpy as np

data = np.random.random((10, 10))

# plot the 2d matrix data with a color","plt.imshow(data)
plt.colorbar()"
Q1302,DS1000-Matplotlib-637,ds1000,hybrid,"Solve the following data-science coding problem. Return only Python code.

import numpy as np
import pandas as pd
import matplotlib.pyplot as plt

x = np.arange(10)
y = np.arange(10)

# Plot y over x.","plt.plot(x, y)
plt.title(r""$\bf{Figure}$ 1"")"
Q1303,DS1000-Matplotlib-638,ds1000,hybrid,"Solve the following data-science coding problem. Return only Python code.

import matplotlib.pyplot as plt
import seaborn as sns
import pandas as pd

df = pd.DataFrame(
    {
        ""id"": [""1"", "","g = sns.pairplot(df, x_vars=[""x""], y_vars=[""y""], hue=""id"")
g._legend.remove()"
Q1304,DS1000-Matplotlib-639,ds1000,hybrid,"Solve the following data-science coding problem. Return only Python code.

import numpy as np
import pandas as pd
import matplotlib.pyplot as plt

x = np.arange(10)
y = np.arange(10)

# Plot y over x ","plt.plot(x, y)
plt.gca().invert_xaxis()"
Q1305,DS1000-Matplotlib-640,ds1000,hybrid,"Solve the following data-science coding problem. Return only Python code.

import numpy as np
import pandas as pd
import matplotlib.pyplot as plt

x = np.arange(11)
y = np.arange(11)
plt.xlim(0, 10)
p","plt.scatter(x, y, clip_on=False)"
Q1306,DS1000-Matplotlib-641,ds1000,hybrid,"Solve the following data-science coding problem. Return only Python code.

import numpy as np
import pandas as pd
import matplotlib.pyplot as plt

x = np.arange(10)
y = np.arange(10)

# Plot a scatter","plt.scatter(x, y, c=""red"", edgecolors=""black"")"
Q1307,DS1000-Matplotlib-642,ds1000,hybrid,"Solve the following data-science coding problem. Return only Python code.

import numpy as np
import pandas as pd
import matplotlib.pyplot as plt

x = np.arange(10)
y = np.arange(10)

# plot y over x ","f, axs = plt.subplots(2, 2, figsize=(15, 15))
for ax in f.axes:
    ax.plot(x, y)"
Q1308,DS1000-Matplotlib-643,ds1000,hybrid,"Solve the following data-science coding problem. Return only Python code.

import numpy as np
import pandas as pd
import matplotlib.pyplot as plt

x = np.random.rand(100) * 10

# Make a histogram of x","plt.hist(x, bins=np.arange(0, 11, 2))"
Q1309,DS1000-Matplotlib-644,ds1000,hybrid,"Solve the following data-science coding problem. Return only Python code.

from matplotlib import pyplot as plt
import numpy as np

x = np.arange(10)
y = np.arange(1, 11)
error = np.random.random(y.sh","plt.plot(x, y, ""k-"")
plt.fill_between(x, y - error, y + error)"
Q1310,DS1000-Matplotlib-645,ds1000,hybrid,"Solve the following data-science coding problem. Return only Python code.

import matplotlib.pyplot as plt
import numpy as np

xvec = np.linspace(-5.0, 5.0, 100)
x, y = np.meshgrid(xvec, xvec)
z = -np","plt.axhline(0, color=""white"")
plt.axvline(0, color=""white"")"
Q1311,DS1000-Matplotlib-646,ds1000,hybrid,"Solve the following data-science coding problem. Return only Python code.

import matplotlib.pyplot as plt
import numpy as np

box_position, box_height, box_errors = np.arange(4), np.ones(4), np.arang","for pos, y, err, color in zip(box_position, box_height, box_errors, c):
    ax.errorbar(pos, y, err, color=color)"
Q1312,DS1000-Matplotlib-647,ds1000,hybrid,"Solve the following data-science coding problem. Return only Python code.

import numpy as np
import pandas as pd
import matplotlib.pyplot as plt

x = np.arange(10)
y = np.arange(10)
z = np.arange(10)","fig, (ax1, ax2) = plt.subplots(1, 2, sharey=True)
ax1.plot(x, y)
ax1.set_title(""Y"")
ax2.plot(a, z)
ax2.set_title(""Z"""
Q1313,DS1000-Matplotlib-648,ds1000,hybrid,"Solve the following data-science coding problem. Return only Python code.

import numpy as np
import pandas as pd
import matplotlib.pyplot as plt

x = np.arange(10)
y = np.arange(10)

# make 4 by 4 su","fig, axes = plt.subplots(nrows=4, ncols=4, figsize=(5, 5))
for ax in axes.flatten():
    ax.plot(x, y)
fig.tight_layout("
Q1314,DS1000-Matplotlib-649,ds1000,hybrid,"Solve the following data-science coding problem. Return only Python code.

import matplotlib.pyplot as plt
import numpy as np

d = np.random.random((10, 10))

# Use matshow to plot d and make the figu","matfig = plt.figure(figsize=(8, 8))
plt.matshow(d, fignum=matfig.number)"
Q1315,DS1000-Matplotlib-650,ds1000,hybrid,"Solve the following data-science coding problem. Return only Python code.

import numpy as np
import pandas as pd
import matplotlib.pyplot as plt
import seaborn as sns

df = sns.load_dataset(""penguin","bbox = [0, 0, 1, 1]
plt.table(cellText=df.values, rowLabels=df.index, bbox=bbox, colLabels=df.columns)"
Q1316,DS1000-Matplotlib-651,ds1000,hybrid,"Solve the following data-science coding problem. Return only Python code.

import numpy as np
import pandas as pd
import matplotlib.pyplot as plt

x = np.arange(10)
y = np.arange(10)

# Plot y over x ","plt.plot(x, y)
plt.tick_params(labeltop=True)"
Q1317,DS1000-Matplotlib-652,ds1000,hybrid,"Solve the following data-science coding problem. Return only Python code.

import numpy as np
import pandas as pd
import matplotlib.pyplot as plt

x = np.arange(10)
y = np.arange(10)

# Plot y over x ","plt.plot(x, y)
plt.tick_params(top=True)"
Q1318,DS1000-Matplotlib-653,ds1000,hybrid,"Solve the following data-science coding problem. Return only Python code.

import numpy as np
import pandas as pd
import matplotlib.pyplot as plt

x = np.arange(10)
y = np.arange(10)

# Plot y over x ","plt.plot(x, y)
plt.tick_params(bottom=False, labelbottom=True)"
Q1319,DS1000-Matplotlib-654,ds1000,hybrid,"Solve the following data-science coding problem. Return only Python code.

import numpy as np
import pandas as pd
import matplotlib.pyplot as plt
import seaborn as sns

df = sns.load_dataset(""exercis","g = sns.catplot(x=""time"", y=""pulse"", hue=""kind"", col=""diet"", data=df)
axs = g.axes.flatten()
axs[0].set_title("""
Q1320,DS1000-Matplotlib-655,ds1000,hybrid,"Solve the following data-science coding problem. Return only Python code.

import numpy as np
import pandas as pd
import matplotlib.pyplot as plt
import seaborn as sns

df = sns.load_dataset(""exercis","g = sns.catplot(x=""time"", y=""pulse"", hue=""kind"", col=""diet"", data=df)
axs = g.axes.flatten()
axs[0].set_xlabel(""
Q1321,DS1000-Matplotlib-656,ds1000,hybrid,"Solve the following data-science coding problem. Return only Python code.

import numpy as np
import pandas as pd
import matplotlib.pyplot as plt
import seaborn as sns

df = sns.load_dataset(""exercis","g = sns.catplot(x=""time"", y=""pulse"", hue=""kind"", col=""diet"", data=df)
axs = g.axes.flatten()
axs[0].set_ylabel(""
Q1322,DS1000-Matplotlib-657,ds1000,hybrid,"Solve the following data-science coding problem. Return only Python code.

import numpy as np
import pandas as pd
import matplotlib.pyplot as plt

x = np.arange(10)
y = np.arange(10)

# plot y over x ","plt.plot(y, x, label=""y"")
plt.legend(fontsize=8)"
Q1323,DS1000-Matplotlib-658,ds1000,hybrid,"Solve the following data-science coding problem. Return only Python code.

import numpy as np
import pandas as pd
import matplotlib.pyplot as plt

x = np.arange(10)
y = np.arange(10)

# Plot y over x ","plt.figure(figsize=(5, 5), dpi=300)
plt.plot(y, x)"
Q1324,DS1000-Matplotlib-659,ds1000,hybrid,"Solve the following data-science coding problem. Return only Python code.

import numpy as np
import pandas as pd
import matplotlib.pyplot as plt

x = np.arange(10)
y = np.arange(10)

# Plot y over x ","plt.plot(y, x, label=""y"")
plt.legend(frameon=False)"
Q1325,DS1000-Matplotlib-660,ds1000,hybrid,"Solve the following data-science coding problem. Return only Python code.

import numpy as np
import math
import matplotlib
import matplotlib.pyplot as plt

t = np.linspace(0, 2 * math.pi, 400)
a = np","plt.plot(t, a, t, b, t, c)"
Q1326,DS1000-Matplotlib-661,ds1000,hybrid,"Solve the following data-science coding problem. Return only Python code.

import numpy as np
import pandas as pd
import matplotlib.pyplot as plt
import seaborn as sns

df = sns.load_dataset(""penguin","ax = sns.stripplot(x=""sex"", y=""bill_length_mm"", hue=""species"", data=df)
ax.legend_.remove()"
Q1327,DS1000-Matplotlib-662,ds1000,hybrid,"Solve the following data-science coding problem. Return only Python code.

import seaborn as sns
import matplotlib.pylab as plt
import pandas
import numpy as np

df = pandas.DataFrame(
    {
        "","g = sns.FacetGrid(df, row=""b"")
g.map(sns.pointplot, ""a"", ""c"")

for ax in g.axes.flat:
    labels = ax.get_xticklab"
Q1328,DS1000-Matplotlib-663,ds1000,hybrid,"Solve the following data-science coding problem. Return only Python code.

import matplotlib.pyplot as plt
from mpl_toolkits.mplot3d import Axes3D
import numpy as np

x = np.random.random(10)
y = np.r","fig = plt.figure()
ax = fig.add_subplot(111, projection=""3d"")
ax.scatter(x, y, z)
ax.azim = 100
ax.elev = 50"
Q1329,DS1000-Matplotlib-664,ds1000,hybrid,"Solve the following data-science coding problem. Return only Python code.

import numpy as np
import pandas as pd
import matplotlib.pyplot as plt

x = np.arange(10)
y = np.arange(10)

# Plot y over x ","fig, ax = plt.subplots()
ax.plot(x, y)
ax.set_xticklabels([])
ax.set_yticklabels([])
ax.set_xlabel(""x"")
ax.set_ylabel("
Q1330,DS1000-Matplotlib-665,ds1000,hybrid,"Solve the following data-science coding problem. Return only Python code.

import numpy as np
import pandas as pd
import matplotlib.pyplot as plt

x = np.random.random((10, 10))
from matplotlib import","gs = gridspec.GridSpec(
    nrow,
    ncol,
    wspace=0.0,
    hspace=0.0,
    top=1.0 - 0.5 / (nrow + 1),
    bottom=0"
Q1331,DS1000-Tensorflow-666,ds1000,hybrid,"Solve the following data-science coding problem. Return only Python code.

Problem:
I'm using tensorflow 2.10.0.
I am trying to change a tensorflow variable to another value and get it as an integer i","x.assign(1)"
Q1332,DS1000-Tensorflow-667,ds1000,hybrid,"Solve the following data-science coding problem. Return only Python code.

Problem:
I'm using tensorflow 2.10.0.
I am trying to change a tensorflow variable to another value and get it as an integer i","x.assign(114514)"
Q1333,DS1000-Tensorflow-668,ds1000,hybrid,"Solve the following data-science coding problem. Return only Python code.

Problem:
I'm using tensorflow 2.10.0.
I am building a custom metric to measure the accuracy of one class in my multi-class da","def g(labels):
    return tf.one_hot(indices=labels, depth=10, on_value=1, off_value=0, axis=-1)

result = g(labels.copy"
Q1334,DS1000-Tensorflow-669,ds1000,hybrid,"Solve the following data-science coding problem. Return only Python code.

Problem:
I'm using tensorflow 2.10.0.
I am building a custom metric to measure the accuracy of one class in my multi-class da","def g(labels):
    return tf.one_hot(indices=labels, depth=10, on_value=0, off_value=1, axis=-1)

result = g(labels.copy"
Q1335,DS1000-Tensorflow-670,ds1000,hybrid,"Solve the following data-science coding problem. Return only Python code.

Problem:
I'm using tensorflow 2.10.0.
I am building a custom metric to measure the accuracy of one class in my multi-class da","def g(labels):
    t = tf.one_hot(indices=labels, depth=10, on_value=1, off_value=0, axis=-1)
    n = t.numpy()
    for "
Q1336,DS1000-Tensorflow-671,ds1000,hybrid,"Solve the following data-science coding problem. Return only Python code.

Problem:
I'm using tensorflow 2.10.0.
I am building a custom metric to measure the accuracy of one class in my multi-class da","result =  tf.one_hot(indices=labels, depth=10, on_value=1, off_value=0, axis=-1)

    return result"
Q1337,DS1000-Tensorflow-672,ds1000,hybrid,"Solve the following data-science coding problem. Return only Python code.

Problem:
I'm using tensorflow 2.10.0.
I am building a custom metric to measure the accuracy of one class in my multi-class da","def g(labels):
    t = tf.one_hot(indices=labels, depth=10, on_value=0, off_value=1, axis=-1)
    n = t.numpy()
    for "
Q1338,DS1000-Tensorflow-673,ds1000,hybrid,"Solve the following data-science coding problem. Return only Python code.

Problem:
I'm using tensorflow 2.10.0.
In the tensorflow Dataset pipeline I'd like to define a custom map function which takes","def g(input):
    ds = tf.data.Dataset.from_tensor_slices(input)
    ds = ds.flat_map(lambda x: tf.data.Dataset.from_ten"
Q1339,DS1000-Tensorflow-674,ds1000,hybrid,"Solve the following data-science coding problem. Return only Python code.

Problem:
I'm using tensorflow 2.10.0.
In the tensorflow Dataset pipeline I'd like to define a custom map function which takes","ds = tf.data.Dataset.from_tensor_slices(input)
    ds = ds.flat_map(lambda x: tf.data.Dataset.from_tensor_slices([x, x +"
Q1340,DS1000-Tensorflow-675,ds1000,hybrid,"Solve the following data-science coding problem. Return only Python code.

Problem:
I'm using tensorflow 2.10.0.
I have a tensor of lengths in tensorflow, let's say it looks like this:
[4, 3, 5, 2]

I","def g(lengths):
    lengths_transposed = tf.expand_dims(lengths, 1)
    range = tf.range(0, 8, 1)
    range_row = tf.exp"
Q1341,DS1000-Tensorflow-676,ds1000,hybrid,"Solve the following data-science coding problem. Return only Python code.

Problem:
I'm using tensorflow 2.10.0.
I have a tensor of lengths in tensorflow, let's say it looks like this:
[4, 3, 5, 2]


","def g(lengths):
    lengths_transposed = tf.expand_dims(lengths, 1)
    range = tf.range(0, 8, 1)
    range_row = tf.exp"
Q1342,DS1000-Tensorflow-677,ds1000,hybrid,"Solve the following data-science coding problem. Return only Python code.

Problem:
I'm using tensorflow 2.10.0.
I have a tensor of lengths in tensorflow, let's say it looks like this:
[4, 3, 5, 2]


","def g(lengths):
    lengths = [8-x for x in lengths]
    lengths_transposed = tf.expand_dims(lengths, 1)
    range = tf."
Q1343,DS1000-Tensorflow-678,ds1000,hybrid,"Solve the following data-science coding problem. Return only Python code.

Problem:
I'm using tensorflow 2.10.0.
I have a tensor of lengths in tensorflow, let's say it looks like this:
[4, 3, 5, 2]


","lengths_transposed = tf.expand_dims(lengths, 1)
    range = tf.range(0, 8, 1)
    range_row = tf.expand_dims(range, 0)
 "
Q1344,DS1000-Tensorflow-679,ds1000,hybrid,"Solve the following data-science coding problem. Return only Python code.

Problem:
I'm using tensorflow 2.10.0.
I have a tensor of lengths in tensorflow, let's say it looks like this:
[4, 3, 5, 2]

I","def g(lengths):
    lengths = [8-x for x in lengths]
    lengths_transposed = tf.expand_dims(lengths, 1)
    range = tf."
Q1345,DS1000-Tensorflow-680,ds1000,hybrid,"Solve the following data-science coding problem. Return only Python code.

Problem:
I'm using tensorflow 2.10.0.
Is there any easy way to do cartesian product in Tensorflow like itertools.product? I w","def g(a,b):
    tile_a = tf.tile(tf.expand_dims(a, 1), [1, tf.shape(b)[0]])
    tile_a = tf.expand_dims(tile_a, 2)
    t"
Q1346,DS1000-Tensorflow-681,ds1000,hybrid,"Solve the following data-science coding problem. Return only Python code.

Problem:
I'm using tensorflow 2.10.0.
Is there any easy way to do cartesian product in Tensorflow like itertools.product? I w","tile_a = tf.tile(tf.expand_dims(a, 1), [1, tf.shape(b)[0]])
    tile_a = tf.expand_dims(tile_a, 2)
    tile_b = tf.tile("
Q1347,DS1000-Tensorflow-682,ds1000,hybrid,"Solve the following data-science coding problem. Return only Python code.

Problem:
I'm using tensorflow 2.10.0.
I have a tensor that have shape (50, 100, 1, 512) and i want to reshape it or drop the ","def g(a):
    return tf.squeeze(a)

result = g(a.__copy__())"
Q1348,DS1000-Tensorflow-683,ds1000,hybrid,"Solve the following data-science coding problem. Return only Python code.

Problem:
I'm using tensorflow 2.10.0.
I have a tensor that have shape (50, 100, 512) and i want to reshape it or add a new di","def g(a):
    return tf.expand_dims(a, 2)

result = g(a.__copy__())"
Q1349,DS1000-Tensorflow-684,ds1000,hybrid,"Solve the following data-science coding problem. Return only Python code.

Problem:
I'm using tensorflow 2.10.0.
I have a tensor that have shape (50, 100, 512) and i want to reshape it or add two new ","def g(a):
    return tf.expand_dims(tf.expand_dims(a, 2), 0)

result = g(a.__copy__())"
Q1350,DS1000-Tensorflow-685,ds1000,hybrid,"Solve the following data-science coding problem. Return only Python code.

Problem:
I'm using tensorflow 2.10.0.
What is the equivalent of the following in Tensorflow?
np.sum(A, axis=1)
I want to get ","def g(A):
    return tf.reduce_sum(A, 1)

result = g(A.__copy__())"
Q1351,DS1000-Tensorflow-686,ds1000,hybrid,"Solve the following data-science coding problem. Return only Python code.

Problem:
I'm using tensorflow 2.10.0.
What is the equivalent of the following in Tensorflow?
np.prod(A, axis=1)
I want to get","def g(A):
    return tf.reduce_prod(A, 1)

result = g(A.__copy__())"
Q1352,DS1000-Tensorflow-687,ds1000,hybrid,"Solve the following data-science coding problem. Return only Python code.

Problem:
I'm using tensorflow 2.10.0.
What is the equivalent of the following in Tensorflow?
np.reciprocal(A)
I want to get a","def g(A):
    return tf.math.reciprocal(A)

result = g(A.__copy__())"
Q1353,DS1000-Tensorflow-688,ds1000,hybrid,"Solve the following data-science coding problem. Return only Python code.

Problem:
I'm using tensorflow 2.10.0.
I have two embeddings tensor A and B, which looks like
[
  [1,1,1],
  [1,1,1]
]


and 
","def g(a,b):
    return tf.reduce_sum(tf.square( tf.subtract( a, b)), 1)

result = g(a.__copy__(),b.__copy__())"
Q1354,DS1000-Tensorflow-689,ds1000,hybrid,"Solve the following data-science coding problem. Return only Python code.

Problem:
I'm using tensorflow 2.10.0.
I have two embeddings tensor A and B, which looks like
[
  [1,1,1],
  [1,1,1]
]


and 
","def g(a,b):
    return tf.reduce_sum(tf.square( tf.subtract( a, b)), 0)

result = g(a.__copy__(),b.__copy__())"
Q1355,DS1000-Tensorflow-690,ds1000,hybrid,"Solve the following data-science coding problem. Return only Python code.

Problem:
I'm using tensorflow 2.10.0.
I have two embeddings tensor A and B, which looks like
[
  [1,1,1],
  [1,1,1]
]


and 
","result = tf.reduce_sum(tf.square( tf.subtract( A, B)), 1)

    return result"
Q1356,DS1000-Tensorflow-691,ds1000,hybrid,"Solve the following data-science coding problem. Return only Python code.

Problem:
I'm using tensorflow 2.10.0.

import tensorflow as tf
x = [[1,2,3],[4,5,6]]
y = [0,1]
z = [1,2]
x = tf.constant(x)
y","def g(x,y,z):
    return tf.gather_nd(x, [y, z])

result = g(x.__copy__(),y.__copy__(),z.__copy__())"
Q1357,DS1000-Tensorflow-692,ds1000,hybrid,"Solve the following data-science coding problem. Return only Python code.

Problem:
I'm using tensorflow 2.10.0.

import tensorflow as tf
x = [[1,2,3],[4,5,6]]
row = [0,1]
col = [0,2]
x = tf.constant(","def g(x,row,col):
    index = [[row[i],col[i]] for i in range(len(row))]
    return tf.gather_nd(x, index)

result = g(x"
Q1358,DS1000-Tensorflow-693,ds1000,hybrid,"Solve the following data-science coding problem. Return only Python code.

Problem:
I'm using tensorflow 2.10.0.

import tensorflow as tf
x = [[1,2,3],[4,5,6]]
y = [0,1]
z = [1,2]
x = tf.constant(x)
y","result = tf.gather_nd(x, [y, z])

    return result"
Q1359,DS1000-Tensorflow-694,ds1000,hybrid,"Solve the following data-science coding problem. Return only Python code.

Problem:
I'm using tensorflow 2.10.0.
I have two 3D tensors, tensor A which has shape [B,N,S] and tensor B which also has sha","import numpy as np
def g(A,B):
    return tf.constant(np.einsum( 'ikm, jkm-> ijk', A, B))

result = g(A.__copy__(),B.__c"
Q1360,DS1000-Tensorflow-695,ds1000,hybrid,"Solve the following data-science coding problem. Return only Python code.

Problem:
I'm using tensorflow 2.10.0.
I have two 3D tensors, tensor A which has shape [B,N,S] and tensor B which also has sha","import numpy as np
def g(A,B):
    return tf.constant(np.einsum('ijm, ikm-> ijk', A, B))

result = g(A.__copy__(),B.__co"
Q1361,DS1000-Tensorflow-696,ds1000,hybrid,"Solve the following data-science coding problem. Return only Python code.

Problem:
I'm using tensorflow 2.10.0.
I have a list of bytes and I want to convert it to a list of strings, in python I use t","def g(x):
    return [tf.compat.as_str_any(a) for a in x]

result = g(x.copy())"
Q1362,DS1000-Tensorflow-697,ds1000,hybrid,"Solve the following data-science coding problem. Return only Python code.

Problem:
I'm using tensorflow 2.10.0.
I have a list of bytes and I want to convert it to a list of strings, in python I use t","result = [tf.compat.as_str_any(a) for a in x]

    return result"
Q1363,DS1000-Tensorflow-698,ds1000,hybrid,"Solve the following data-science coding problem. Return only Python code.

Problem:
I'm using tensorflow 2.10.0.
I've come across a case in which the averaging includes padded values. Given a tensor X","def g(x):
    non_zero = tf.cast(x != 0, tf.float32)
    y = tf.reduce_sum(x, axis=-2) / tf.reduce_sum(non_zero, axis=-2"
Q1364,DS1000-Tensorflow-699,ds1000,hybrid,"Solve the following data-science coding problem. Return only Python code.

Problem:
I'm using tensorflow 2.10.0.
I've come across a case in which the averaging includes padded values. Given a tensor X","def g(x):
    non_zero = tf.cast(x != 0, tf.float32)
    y = tf.reduce_sum(x, axis=-2) / tf.reduce_sum(non_zero, axis=-2"
Q1365,DS1000-Tensorflow-700,ds1000,hybrid,"Solve the following data-science coding problem. Return only Python code.

Problem:
I'm using tensorflow 2.10.0.
I've come across a case in which the averaging includes padded values. Given a tensor X","non_zero = tf.cast(x != 0, tf.float32)
    y = tf.reduce_sum(x, axis=-2) / tf.reduce_sum(non_zero, axis=-2)
    result ="
Q1366,DS1000-Tensorflow-701,ds1000,hybrid,"Solve the following data-science coding problem. Return only Python code.

Problem:
How would you convert this Tensorflow 1.5 code to Tensorflow 2.3.0?
import tensorflow as tf


try:
    Session = tf.","tf.random.set_seed(10)
def get_values():
  A = tf.random.normal([100,100])
  B = tf.random.normal([100,100])
  return A,"
Q1367,DS1000-Tensorflow-702,ds1000,hybrid,"Solve the following data-science coding problem. Return only Python code.

Problem:
I'm using tensorflow 2.10.0.
So I'm creating a tensorflow model and for the forward pass, I'm applying my forward pa","def g(a):
    return tf.argmax(a,axis=1)

result = g(a.__copy__())"
Q1368,DS1000-Tensorflow-703,ds1000,hybrid,"Solve the following data-science coding problem. Return only Python code.

Problem:
I'm using tensorflow 2.10.0.
So I'm creating a tensorflow model and for the forward pass, I'm applying my forward pa","def g(a):
    return tf.argmax(a,axis=0)

result = g(a.__copy__())"
Q1369,DS1000-Tensorflow-704,ds1000,hybrid,"Solve the following data-science coding problem. Return only Python code.

Problem:
I'm using tensorflow 2.10.0.
So I'm creating a tensorflow model and for the forward pass, I'm applying my forward pa","result = tf.argmax(a,axis=1)

    return result"
Q1370,DS1000-Tensorflow-705,ds1000,hybrid,"Solve the following data-science coding problem. Return only Python code.

Problem:
I'm using tensorflow 2.10.0.
The problem is that I need to convert the scores tensor so that each row simply contain","def g(a):
    return tf.argmin(a,axis=0)

result = g(a.__copy__())"
Q1371,DS1000-Tensorflow-706,ds1000,hybrid,"Solve the following data-science coding problem. Return only Python code.

Problem:
I'm using tensorflow 2.10.0.
I am trying to save my ANN model using SavedModel format. The command that I used was:
","tms_model = tf.saved_model.save(model,""export/1"")"
Q1372,DS1000-Tensorflow-707,ds1000,hybrid,"Solve the following data-science coding problem. Return only Python code.

Problem:
I'm using tensorflow 2.10.0.
I would like to generate 10 random integers as a tensor in TensorFlow but I don't which","def g(seed_x):
    tf.random.set_seed(seed_x)
    return tf.random.uniform(shape=(10,), minval=1, maxval=5, dtype=tf.int"
Q1373,DS1000-Tensorflow-708,ds1000,hybrid,"Solve the following data-science coding problem. Return only Python code.

Problem:
I'm using tensorflow 2.10.0.
I would like to generate 114 random integers as a tensor in TensorFlow but I don't whic","def g(seed_x):
    tf.random.set_seed(seed_x)
    return tf.random.uniform(shape=(114,), minval=2, maxval=6, dtype=tf.in"
Q1374,DS1000-Tensorflow-709,ds1000,hybrid,"Solve the following data-science coding problem. Return only Python code.

Problem:
I'm using tensorflow 2.10.0.
I would like to generate 10 random integers as a tensor in TensorFlow but I don't which","tf.random.set_seed(seed_x)
    result = tf.random.uniform(shape=(10,), minval=1, maxval=5, dtype=tf.int32)

    return r"
Q1375,DS1000-Tensorflow-710,ds1000,hybrid,"Solve the following data-science coding problem. Return only Python code.

Problem:
I'm using tensorflow 2.10.0.
I need to find which version of TensorFlow I have installed. I'm using Ubuntu 16.04 Lon","result = tf.version.VERSION"
Q1376,DS1000-Scipy-711,ds1000,hybrid,"Solve the following data-science coding problem. Return only Python code.

Problem:
I have a set of data and I want to compare which line describes it best (polynomials of different orders, exponentia","result = np.polyfit(np.log(x), y, 1)"
Q1377,DS1000-Scipy-712,ds1000,hybrid,"Solve the following data-science coding problem. Return only Python code.

Problem:
I have a set of data and I want to compare which line describes it best (polynomials of different orders, exponentia","result = np.polyfit(np.log(x), y, 1)[::-1]"
Q1378,DS1000-Scipy-713,ds1000,hybrid,"Solve the following data-science coding problem. Return only Python code.

Problem:
I have a set of data and I want to compare which line describes it best (polynomials of different orders, exponentia","result = scipy.optimize.curve_fit(lambda t,a,b, c: a*np.exp(b*t) + c,  x,  y,  p0=p0)[0]"
Q1379,DS1000-Scipy-714,ds1000,hybrid,"Solve the following data-science coding problem. Return only Python code.

Problem:
I can't figure out how to do a Two-sample KS test in Scipy.
After reading the documentation scipy kstest
I can see h","statistic, p_value = stats.ks_2samp(x, y)"
Q1380,DS1000-Scipy-715,ds1000,hybrid,"Solve the following data-science coding problem. Return only Python code.

Problem:
I can't figure out how to do a Two-sample KS test in Scipy.
After reading the documentation scipy kstest
I can see h","s, p = stats.ks_2samp(x, y)
result = (p <= alpha)"
Q1381,DS1000-Scipy-716,ds1000,hybrid,"Solve the following data-science coding problem. Return only Python code.

Problem:
According to the SciPy documentation it is possible to minimize functions with multiple variables, yet it doesn't te","def g(params):
    import numpy as np
    a, b, c = params
    return ((a+b-c)-2)**2 + ((3*a-b-c))**2 + np.sin(b) + np.c"
Q1382,DS1000-Scipy-717,ds1000,hybrid,"Solve the following data-science coding problem. Return only Python code.

Problem:
How does one convert a list of Z-scores from the Z-distribution (standard normal distribution, Gaussian distribution","temp = np.array(z_scores)
p_values = scipy.stats.norm.cdf(temp)"
Q1383,DS1000-Scipy-718,ds1000,hybrid,"Solve the following data-science coding problem. Return only Python code.

Problem:
How does one convert a list of Z-scores from the Z-distribution (standard normal distribution, Gaussian distribution","temp = np.array(z_scores)
p_values = scipy.stats.norm.cdf(temp)"
Q1384,DS1000-Scipy-719,ds1000,hybrid,"Solve the following data-science coding problem. Return only Python code.

Problem:
How does one convert a left-tailed p-value to a z_score from the Z-distribution (standard normal distribution, Gauss","z_scores = scipy.stats.norm.ppf(p_values)"
Q1385,DS1000-Scipy-720,ds1000,hybrid,"Solve the following data-science coding problem. Return only Python code.

Problem:
I have been trying to get the result of a lognormal distribution using Scipy. I already have the Mu and Sigma, so I ","result = stats.lognorm(s=stddev, scale=np.exp(mu)).cdf(x)"
Q1386,DS1000-Scipy-721,ds1000,hybrid,"Solve the following data-science coding problem. Return only Python code.

Problem:
I have been trying to get the arithmetic result of a lognormal distribution using Scipy. I already have the Mu and S","expected_value = np.exp(mu + stddev ** 2 / 2)
median = np.exp(mu)"
Q1387,DS1000-Scipy-722,ds1000,hybrid,"Solve the following data-science coding problem. Return only Python code.

Problem:
I have this example of matrix by matrix multiplication using numpy arrays:
import numpy as np
m = np.array([[1,2,3],","result = sa.multiply(sb)"
Q1388,DS1000-Scipy-723,ds1000,hybrid,"Solve the following data-science coding problem. Return only Python code.

Problem:
I have this example of matrix by matrix multiplication using numpy arrays:
import numpy as np
m = np.array([[1,2,3],","result = sA.multiply(sB)

    return result"
Q1389,DS1000-Scipy-724,ds1000,hybrid,"Solve the following data-science coding problem. Return only Python code.

Problem:
I have some data that comes in the form (x, y, z, V) where x,y,z are distances, and V is the moisture. I read a lot ","result = scipy.interpolate.griddata(points, V, request)"
Q1390,DS1000-Scipy-725,ds1000,hybrid,"Solve the following data-science coding problem. Return only Python code.

Problem:
I have some data that comes in the form (x, y, z, V) where x,y,z are distances, and V is the moisture. I read a lot ","result = scipy.interpolate.griddata(points, V, request).tolist()"
Q1391,DS1000-Scipy-726,ds1000,hybrid,"Solve the following data-science coding problem. Return only Python code.

Problem:
I have a numpy array for an image that I read in from a FITS file. I rotated it by N degrees using scipy.ndimage.int","def rot_ans(image, xy, angle):
    im_rot = rotate(image,angle) 
    org_center = (np.array(image.shape[:2][::-1])-1)/2."
Q1392,DS1000-Scipy-727,ds1000,hybrid,"Solve the following data-science coding problem. Return only Python code.

Problem:
How can I extract the main diagonal(1-d array) of a sparse matrix? The matrix is created in scipy.sparse. I want equ","result = M.A.diagonal(0)"
Q1393,DS1000-Scipy-728,ds1000,hybrid,"Solve the following data-science coding problem. Return only Python code.

Problem:
I simulate times in the range 0 to T according to a Poisson process. The inter-event times are exponential and we kn","result = stats.kstest(times, stats.uniform(loc=0, scale=T).cdf)"
Q1394,DS1000-Scipy-729,ds1000,hybrid,"Solve the following data-science coding problem. Return only Python code.

Problem:
I simulate times in the range 0 to T according to a Poisson process. The inter-event times are exponential and we kn","result = stats.kstest(times, stats.uniform(loc=0, scale=T).cdf)
    

    return result"
Q1395,DS1000-Scipy-730,ds1000,hybrid,"Solve the following data-science coding problem. Return only Python code.

Problem:
I simulate times in the range 0 to T according to a Poisson process. The inter-event times are exponential and we kn","res= stats.kstest(times, stats.uniform(loc=0, scale=T).cdf)

if res[1] < 0.05:
    result = False
else:
    result = Tru"
Q1396,DS1000-Scipy-731,ds1000,hybrid,"Solve the following data-science coding problem. Return only Python code.

Problem:
I have two csr_matrix, c1, c2.

I want a new matrix Feature = [c1, c2]. But if I directly concatenate them horizonta","Feature = sparse.hstack((c1, c2)).tocsr()"
Q1397,DS1000-Scipy-732,ds1000,hybrid,"Solve the following data-science coding problem. Return only Python code.

Problem:
I have two csr_matrix, c1 and c2.

I want a new sparse matrix Feature = [c1, c2], that is, to stack c1 and c2 horizo","Feature = sparse.hstack((c1, c2)).tocsr()"
Q1398,DS1000-Scipy-733,ds1000,hybrid,"Solve the following data-science coding problem. Return only Python code.

Problem:
I have two csr_matrix, c1 and c2.

I want a new matrix 
Feature = [c1
           c2]. 
          
That is, I want to","Feature = sparse.vstack((c1, c2))"
Q1399,DS1000-Scipy-734,ds1000,hybrid,"Solve the following data-science coding problem. Return only Python code.

Problem:
Given two sets of points in n-dimensional space, how can one map points from one set to the other, such that each po","C = scipy.spatial.distance.cdist(points1, points2)
_, result = scipy.optimize.linear_sum_assignment(C)"
Q1400,DS1000-Scipy-735,ds1000,hybrid,"Solve the following data-science coding problem. Return only Python code.

Problem:
Given two sets of points in n-dimensional space, how can one map points from one set to the other, such that each po","C = scipy.spatial.distance.cdist(points1, points2, metric='minkowski', p=1)
_, result = scipy.optimize.linear_sum_assign"
Q1401,DS1000-Scipy-736,ds1000,hybrid,"Solve the following data-science coding problem. Return only Python code.

Problem:
I want to remove diagonal elements from a sparse matrix. Since the matrix is sparse, these elements shouldn't be sto","b = sparse.csr_matrix(a)
b.setdiag(0)
b.eliminate_zeros()"
Q1402,DS1000-Scipy-737,ds1000,hybrid,"Solve the following data-science coding problem. Return only Python code.

Problem:
I am working with a 2D numpy array made of 512x512=262144 values. Such values are of float type and range from 0.0 t","blobs = img > threshold
labels, result = ndimage.label(blobs)"
Q1403,DS1000-Scipy-738,ds1000,hybrid,"Solve the following data-science coding problem. Return only Python code.

Problem:
I am working with a 2D numpy array made of 512x512=262144 values. Such values are of float type and range from 0.0 t","blobs = img < threshold
labels, result = ndimage.label(blobs)"
Q1404,DS1000-Scipy-739,ds1000,hybrid,"Solve the following data-science coding problem. Return only Python code.

Problem:
I am working with a 2D numpy array made of 512x512=262144 values. Such values are of float type and range from 0.0 t","blobs = img > threshold
    labels, result = ndimage.label(blobs)

    return result"
Q1405,DS1000-Scipy-740,ds1000,hybrid,"Solve the following data-science coding problem. Return only Python code.

Problem:
I am working with a 2D numpy array made of 512x512=262144 values. Such values are of float type and range from 0.0 t","blobs = img > threshold
labels, nlabels = ndimage.label(blobs)
r, c = np.vstack(ndimage.center_of_mass(img, labels, np.a"
Q1406,DS1000-Scipy-741,ds1000,hybrid,"Solve the following data-science coding problem. Return only Python code.

Problem:
Is there a simple and efficient way to make a sparse scipy matrix (e.g. lil_matrix, or csr_matrix) symmetric? 
Curre","rows, cols = M.nonzero()
M[cols, rows] = M[rows, cols]"
Q1407,DS1000-Scipy-742,ds1000,hybrid,"Solve the following data-science coding problem. Return only Python code.

Problem:
Is there a simple and efficient way to make a sparse scipy matrix (e.g. lil_matrix, or csr_matrix) symmetric? 
Curre","rows, cols = sA.nonzero()
    sA[cols, rows] = sA[rows, cols]

    return sA"
Q1408,DS1000-Scipy-743,ds1000,hybrid,"Solve the following data-science coding problem. Return only Python code.

Problem:

I'm trying to reduce noise in a binary python array by removing all completely isolated single cells, i.e. setting ","def filter_isolated_cells(array, struct):
    filtered_array = np.copy(array)
    id_regions, num_ids = scipy.ndimage.la"
Q1409,DS1000-Scipy-744,ds1000,hybrid,"Solve the following data-science coding problem. Return only Python code.

Problem:

I'm trying to reduce noise in a python image array by removing all completely isolated single cells, i.e. setting n","def filter_isolated_cells(array, struct):
    filtered_array = np.copy(array)
    id_regions, num_ids = scipy.ndimage.la"
Q1410,DS1000-Scipy-745,ds1000,hybrid,"Solve the following data-science coding problem. Return only Python code.

Problem:
I have a sparse 988x1 vector (stored in col, a column in a csr_matrix) created through scipy.sparse. Is there a way ","mean = col.mean()
N = col.shape[0]
sqr = col.copy()  # take a copy of the col
sqr.data **= 2  # square the data, i.e. ju"
Q1411,DS1000-Scipy-746,ds1000,hybrid,"Solve the following data-science coding problem. Return only Python code.

Problem:
I have a sparse 988x1 vector (stored in col, a column in a csr_matrix) created through scipy.sparse. Is there a way ","Max, Min = col.max(), col.min()"
Q1412,DS1000-Scipy-747,ds1000,hybrid,"Solve the following data-science coding problem. Return only Python code.

Problem:
I have a sparse 988x1 vector (stored in col, a column in a csr_matrix) created through scipy.sparse. Is there a way ","n = col.shape[0]
val = col.data
for i in range(n-len(val)):
    val = np.append(val,0)
Median, Mode = np.median(val), np"
Q1413,DS1000-Scipy-748,ds1000,hybrid,"Solve the following data-science coding problem. Return only Python code.

Problem:
I'd like to achieve a fourier series development for a x-y-dataset using numpy and scipy.
At first I want to fit my ","def fourier(x, *a):
    ret = a[0] * np.cos(np.pi / tau * x)
    for deg in range(1, len(a)):
        ret += a[deg] * np"
Q1414,DS1000-Scipy-749,ds1000,hybrid,"Solve the following data-science coding problem. Return only Python code.

Problem:
I have a raster with a set of unique ID patches/regions which I've converted into a two-dimensional Python numpy arr","import itertools
n = example_array.max()+1
indexes = []
for k in range(1, n):
    tmp = np.nonzero(example_array == k)
 "
Q1415,DS1000-Scipy-750,ds1000,hybrid,"Solve the following data-science coding problem. Return only Python code.

Problem:
I have a raster with a set of unique ID patches/regions which I've converted into a two-dimensional Python numpy arr","import itertools
n = example_array.max()+1
indexes = []
for k in range(1, n):
    tmp = np.nonzero(example_array == k)
 "
Q1416,DS1000-Scipy-751,ds1000,hybrid,"Solve the following data-science coding problem. Return only Python code.

Problem:
I have a raster with a set of unique ID patches/regions which I've converted into a two-dimensional Python numpy arr","import itertools
    n = example_array.max()+1
    indexes = []
    for k in range(1, n):
        tmp = np.nonzero(examp"
Q1417,DS1000-Scipy-752,ds1000,hybrid,"Solve the following data-science coding problem. Return only Python code.

Problem:
I am able to interpolate the data points (dotted lines), and am looking to extrapolate them in both direction.
How c","result = np.zeros((5, 100))
for i in range(5):
    extrapolator = interpolate.UnivariateSpline(x[:, i], y[:, i], k = 2, "
Q1418,DS1000-Scipy-753,ds1000,hybrid,"Solve the following data-science coding problem. Return only Python code.

Problem:
How do we pass four datasets in scipy.stats.anderson_ksamp?

The anderson function asks only for one parameter and t","statistic, critical_values, significance_level = ss.anderson_ksamp([x1,x2,x3,x4])"
Q1419,DS1000-Scipy-754,ds1000,hybrid,"Solve the following data-science coding problem. Return only Python code.

Problem:
How do we pass two datasets in scipy.stats.anderson_ksamp?

The anderson function asks only for one parameter and th","s, c_v, s_l = ss.anderson_ksamp([x1,x2])
result = c_v[2] >= s"
Q1420,DS1000-Scipy-755,ds1000,hybrid,"Solve the following data-science coding problem. Return only Python code.

Problem:
I'm trying to use rollapply with a formula that requires 2 arguments. To my knowledge the only way (unless you creat","import itertools as IT
for col1, col2 in IT.combinations(df.columns, 2):
    def tau(idx):
        B = df[[col1, col2]]."
Q1421,DS1000-Scipy-756,ds1000,hybrid,"Solve the following data-science coding problem. Return only Python code.

Problem:
What is the canonical way to check if a SciPy CSR matrix is empty (i.e. contains only zeroes)?
I use nonzero():
def ","result = (sa.count_nonzero()==0)"
Q1422,DS1000-Scipy-757,ds1000,hybrid,"Solve the following data-science coding problem. Return only Python code.

Problem:
What is the canonical way to check if a SciPy lil matrix is empty (i.e. contains only zeroes)?
I use nonzero():
def ","result = (sa.count_nonzero()==0)"
Q1423,DS1000-Scipy-758,ds1000,hybrid,"Solve the following data-science coding problem. Return only Python code.

Problem:
I am looking for a way to convert a nXaXb numpy array into a block diagonal matrix. I have already came across scipy","result = block_diag(*a)"
Q1424,DS1000-Scipy-759,ds1000,hybrid,"Solve the following data-science coding problem. Return only Python code.

Problem:
I have the following code to run Wilcoxon rank-sum test 
print stats.ranksums(pre_course_scores, during_course_score","p_value = stats.ranksums(pre_course_scores, during_course_scores).pvalue"
Q1425,DS1000-Scipy-760,ds1000,hybrid,"Solve the following data-science coding problem. Return only Python code.

Problem:
I have the following code to run Wilcoxon rank-sum test 
print stats.ranksums(pre_course_scores, during_course_score","p_value = stats.ranksums(pre_course_scores, during_course_scores).pvalue

    return p_value"
Q1426,DS1000-Scipy-761,ds1000,hybrid,"Solve the following data-science coding problem. Return only Python code.

Problem:
How to calculate kurtosis (the fourth standardized moment, according to Pearson’s definition) without bias correctio","kurtosis_result = (sum((a - np.mean(a)) ** 4)/len(a)) / np.std(a)**4"
Q1427,DS1000-Scipy-762,ds1000,hybrid,"Solve the following data-science coding problem. Return only Python code.

Problem:
How to calculate kurtosis (according to Fisher’s definition) without bias correction?
A:
<code>
import numpy as np
i","kurtosis_result = scipy.stats.kurtosis(a)"
Q1428,DS1000-Scipy-763,ds1000,hybrid,"Solve the following data-science coding problem. Return only Python code.

Problem:
I have a table of measured values for a quantity that depends on two parameters. So say I have a function fuelConsum","spl = scipy.interpolate.RectBivariateSpline(x, y, z)
result = spl(s, t, grid=False)"
Q1429,DS1000-Scipy-764,ds1000,hybrid,"Solve the following data-science coding problem. Return only Python code.

Problem:
I have a table of measured values for a quantity that depends on two parameters. So say I have a function fuelConsum","spl = scipy.interpolate.RectBivariateSpline(x, y, z)
    result = spl(s, t, grid=False)
    
    

    return result"
Q1430,DS1000-Scipy-765,ds1000,hybrid,"Solve the following data-science coding problem. Return only Python code.

Problem:
I think my questions has something in common with this question or others, but anyway, mine is not specifically abou","kdtree = scipy.spatial.cKDTree(points)
_, result = kdtree.query(extraPoints)"
Q1431,DS1000-Scipy-766,ds1000,hybrid,"Solve the following data-science coding problem. Return only Python code.

Problem:
I think my questions has something in common with this question or others, but anyway, mine is not specifically abou","kdtree = scipy.spatial.cKDTree(points)
_, index = kdtree.query(extraPoints)
result = vor.point_region[index]"
Q1432,DS1000-Scipy-767,ds1000,hybrid,"Solve the following data-science coding problem. Return only Python code.

Problem:
I have a list of numpy vectors of the format:
    [array([[-0.36314615,  0.80562619, -0.82777381, ...,  2.00876354,2","result = sparse.lil_matrix((len(vectors), max_vector_size))
for i, v in enumerate(vectors):
    result[i, :v.size] = v"
Q1433,DS1000-Scipy-768,ds1000,hybrid,"Solve the following data-science coding problem. Return only Python code.

Problem:
I have a binary array, say, a = np.random.binomial(n=1, p=1/2, size=(9, 9)). I perform median filtering on it using ","b = scipy.ndimage.median_filter(a, size=(3, 3), origin=(0, 1))"
Q1434,DS1000-Scipy-769,ds1000,hybrid,"Solve the following data-science coding problem. Return only Python code.

Problem:
I have a sparse matrix in csr format (which makes sense for my purposes, as it has lots of rows but relatively few c","result = M[row,column]"
Q1435,DS1000-Scipy-770,ds1000,hybrid,"Solve the following data-science coding problem. Return only Python code.

Problem:
I have a sparse matrix in csr format (which makes sense for my purposes, as it has lots of rows but relatively few c","result = np.array(M[row,column]).squeeze()"
Q1436,DS1000-Scipy-771,ds1000,hybrid,"Solve the following data-science coding problem. Return only Python code.

Problem:
I have an array which I want to interpolate over the 1st axes. At the moment I am doing it like this example:
import","new_array = scipy.interpolate.interp1d(x, array, axis=0)(x_new)"
Q1437,DS1000-Scipy-772,ds1000,hybrid,"Solve the following data-science coding problem. Return only Python code.

Problem:

I'm trying to integrate X (X ~ N(u, o2)) to calculate the probability up to position `x`.
However I'm running into ","norm = (x-u)/o2
prob = scipy.integrate.quad(NDfx, -np.inf, norm)[0]"
Q1438,DS1000-Scipy-773,ds1000,hybrid,"Solve the following data-science coding problem. Return only Python code.

Problem:

I'm trying to integrate X (X ~ N(u, o2)) to calculate the probability up to position `x`.
However I'm running into ","norm = (x-u)/o2
    prob = scipy.integrate.quad(NDfx, -np.inf, norm)[0]
    return prob"
Q1439,DS1000-Scipy-774,ds1000,hybrid,"Solve the following data-science coding problem. Return only Python code.

Problem:

Using scipy, is there an easy way to emulate the behaviour of MATLAB's dctmtx function which returns a NxN (ortho-m","result = sf.dct(np.eye(N), axis=0, norm= 'ortho')"
Q1440,DS1000-Scipy-775,ds1000,hybrid,"Solve the following data-science coding problem. Return only Python code.

Problem:
Having difficulty generating a tridiagonal matrix from numpy arrays. I managed to replicate the results given here, ","result = sparse.spdiags(matrix, (1, 0, -1), 5, 5).T.A"
Q1441,DS1000-Scipy-776,ds1000,hybrid,"Solve the following data-science coding problem. Return only Python code.

Problem:
Give the N and P, I want to get a 2D binomial distribution probability matrix M,
for i in range(N+1):
   for j in ra","n = np.arange(N + 1, dtype=np.int64)
dist = scipy.stats.binom(p=p, n=n)
result = dist.pmf(k=np.arange(N + 1, dtype=np.in"
Q1442,DS1000-Scipy-777,ds1000,hybrid,"Solve the following data-science coding problem. Return only Python code.

Problem:
I have the following data frame:
import pandas as pd
import io
from scipy import stats
temp=u""""""probegenes,sample","result = pd.DataFrame(data=stats.zscore(df, axis = 1), index=df.index, columns=df.columns)"
Q1443,DS1000-Scipy-778,ds1000,hybrid,"Solve the following data-science coding problem. Return only Python code.

Problem:
I have the following data frame:
import pandas as pd
import io
from scipy import stats
temp=u""""""probegenes,sample","result = pd.DataFrame(data=stats.zscore(df, axis = 0), index=df.index, columns=df.columns)"
Q1444,DS1000-Scipy-779,ds1000,hybrid,"Solve the following data-science coding problem. Return only Python code.

Problem:
I have the following data frame:
import pandas as pd
import io
from scipy import stats
temp=u""""""probegenes,sample","indices = [('1415777_at Pnliprp1', 'data'), ('1415777_at Pnliprp1', 'zscore'), ('1415805_at Clps', 'data'), ('1415805_at"
Q1445,DS1000-Scipy-780,ds1000,hybrid,"Solve the following data-science coding problem. Return only Python code.

Problem:
I have the following data frame:
import pandas as pd
import io
from scipy import stats
temp=u""""""probegenes,sample","indices = [('1415777_at Pnliprp1', 'data'), ('1415777_at Pnliprp1', 'zscore'), ('1415805_at Clps', 'data'), ('1415805_at"
Q1446,DS1000-Scipy-781,ds1000,hybrid,"Solve the following data-science coding problem. Return only Python code.

Problem:
I'm searching for examples of using scipy.optimize.line_search. I do not really understand how this function works w","result = scipy.optimize.line_search(test_func, test_grad, np.array(starting_point), np.array(direction))[0]"
Q1447,DS1000-Scipy-782,ds1000,hybrid,"Solve the following data-science coding problem. Return only Python code.

Problem:
I'm trying to create a 2-dimensional array in Scipy/Numpy where each value represents the euclidean distance from th","xs, ys = np.indices(shape)
xs = xs.reshape(shape[0] * shape[1], 1)
ys = ys.reshape(shape[0] * shape[1], 1)
X = np.hstack"
Q1448,DS1000-Scipy-783,ds1000,hybrid,"Solve the following data-science coding problem. Return only Python code.

Problem:
I'm trying to create a 2-dimensional array in Scipy/Numpy where each value represents the Manhattan distance from th","xs, ys = np.indices(shape)
xs = xs.reshape(shape[0] * shape[1], 1)
ys = ys.reshape(shape[0] * shape[1], 1)
X = np.hstack"
Q1449,DS1000-Scipy-784,ds1000,hybrid,"Solve the following data-science coding problem. Return only Python code.

Problem:
I'm trying to create a 2-dimensional array in Scipy/Numpy where each value represents the euclidean distance from th","xs, ys = np.indices(shape)
    xs = xs.reshape(shape[0] * shape[1], 1)
    ys = ys.reshape(shape[0] * shape[1], 1)
    X"
Q1450,DS1000-Scipy-785,ds1000,hybrid,"Solve the following data-science coding problem. Return only Python code.

Problem:
I would like to resample a numpy array as suggested here Resampling a numpy array representing an image however this","result = scipy.ndimage.zoom(x, zoom=(shape[0]/x.shape[0], shape[1]/x.shape[1]), order=1)"
Q1451,DS1000-Scipy-786,ds1000,hybrid,"Solve the following data-science coding problem. Return only Python code.

Problem:
I am having a problem with minimization procedure. Actually, I could not create a correct objective function for my ","def residual_ans(x, a, y):
    s = ((y - a.dot(x**2))**2).sum()
    return s
out = scipy.optimize.minimize(residual_ans,"
Q1452,DS1000-Scipy-787,ds1000,hybrid,"Solve the following data-science coding problem. Return only Python code.

Problem:


I am having a problem with minimization procedure. Actually, I could not create a correct objective function for m","def residual_ans(x, a, y):
    s = ((y - a.dot(x**2))**2).sum()
    return s
bounds = [[x, None] for x in x_lower_bounds"
Q1453,DS1000-Scipy-788,ds1000,hybrid,"Solve the following data-science coding problem. Return only Python code.

Problem:
I'm trying to solve a simple ODE to visualise the temporal response, which works well for constant input conditions ","def dN1_dt (t, N1):
    return -100 * N1 + np.sin(t)
sol = scipy.integrate.solve_ivp(fun=dN1_dt, t_span=time_span, y0=[N"
Q1454,DS1000-Scipy-789,ds1000,hybrid,"Solve the following data-science coding problem. Return only Python code.

Problem:
I’m trying to solve a simple ODE to visualise the temporal response, which works well for constant input conditions ","def dN1_dt(t, N1):
    input = 1-np.cos(t) if 0<t<2*np.pi else 0
    return -100*N1 + input
sol = scipy.integrate.solve_"
Q1455,DS1000-Scipy-790,ds1000,hybrid,"Solve the following data-science coding problem. Return only Python code.

Problem:
I’m trying to solve a simple ODE to visualise the temporal response, which works well for constant input conditions ","def dN1_dt (t, N1):
    return -100 * N1 + np.sin(t)
sol = scipy.integrate.solve_ivp(fun=dN1_dt, t_span=time_span, y0=[N"
Q1456,DS1000-Scipy-791,ds1000,hybrid,"Solve the following data-science coding problem. Return only Python code.

Problem:
I'm using scipy.optimize.minimize to solve a complex reservoir optimization model (SQSLP and COBYLA as the problem i","def f(a):
    def g(x):
        return x[a]
    return g
for t in range (4):
    cons.append({'type':'ineq', 'fun': f(t)"
Q1457,DS1000-Scipy-792,ds1000,hybrid,"Solve the following data-science coding problem. Return only Python code.

Problem:
I have problems using scipy.sparse.csr_matrix:
for instance:
a = csr_matrix([[1,2,3],[4,5,6]])
b = csr_matrix([[7,8,","result = sparse.vstack((sa, sb)).tocsr()"
Q1458,DS1000-Scipy-793,ds1000,hybrid,"Solve the following data-science coding problem. Return only Python code.

Problem:
I have problems using scipy.sparse.csr_matrix:
for instance:
a = csr_matrix([[1,2,3],[4,5,6]])
b = csr_matrix([[7,8,","result = sparse.hstack((sa, sb)).tocsr()"
Q1459,DS1000-Scipy-794,ds1000,hybrid,"Solve the following data-science coding problem. Return only Python code.

Problem:
I would like to write a program that solves the definite integral below in a loop which considers a different value ","result = scipy.integrate.quadrature(lambda x: 2*c*x, low, high)[0]"
Q1460,DS1000-Scipy-795,ds1000,hybrid,"Solve the following data-science coding problem. Return only Python code.

Problem:
I would like to write a program that solves the definite integral below in a loop which considers a different value ","result = scipy.integrate.quadrature(lambda x: 2*c*x, low, high)[0]

    return result"
Q1461,DS1000-Scipy-796,ds1000,hybrid,"Solve the following data-science coding problem. Return only Python code.

Problem:
First off, I'm no mathmatician. I admit that. Yet I still need to understand how ScyPy's sparse matrices work arithm","V._update(zip(V.keys(), np.array(list(V.values())) + x))"
Q1462,DS1000-Scipy-797,ds1000,hybrid,"Solve the following data-science coding problem. Return only Python code.

Problem:
First off, I'm no mathmatician. I admit that. Yet I still need to understand how ScyPy's sparse matrices work arithm","V.data += x"
Q1463,DS1000-Scipy-798,ds1000,hybrid,"Solve the following data-science coding problem. Return only Python code.

Problem:
First off, I'm no mathmatician. I admit that. Yet I still need to understand how ScyPy's sparse matrices work arithm","V = V.copy()
V.data += x
V.eliminate_zeros()
V.data += y
V.eliminate_zeros()"
Q1464,DS1000-Scipy-799,ds1000,hybrid,"Solve the following data-science coding problem. Return only Python code.

Problem:
Basically, I am just trying to do a simple matrix multiplication, specifically, extract each column of it and normal","sa = sparse.csc_matrix(sa.toarray() / np.sqrt(np.sum(sa.toarray()**2, axis=0)))"
Q1465,DS1000-Scipy-800,ds1000,hybrid,"Solve the following data-science coding problem. Return only Python code.

Problem:
Basically, I am just trying to do a simple matrix multiplication, specifically, extract each column of it and normal","sa = sparse.csr_matrix(sa.toarray() / np.sqrt(np.sum(sa.toarray()**2, axis=0)))"
Q1466,DS1000-Scipy-801,ds1000,hybrid,"Solve the following data-science coding problem. Return only Python code.

Problem:


Suppose I have a integer matrix which represents who has emailed whom and how many times. For social network analy","a = np.sign(a)"
Q1467,DS1000-Scipy-802,ds1000,hybrid,"Solve the following data-science coding problem. Return only Python code.

Problem:


Suppose I have a integer matrix which represents who has emailed whom and how many times. I want to find people th","a = 1-np.sign(a)"
Q1468,DS1000-Scipy-803,ds1000,hybrid,"Solve the following data-science coding problem. Return only Python code.

Problem:
After clustering a distance matrix with scipy.cluster.hierarchy.linkage, and assigning each sample to a cluster usin","def find_k_closest(centroids, data, k=1, distance_norm=2):
    kdtree = scipy.spatial.cKDTree(data)
    distances, indic"
Q1469,DS1000-Scipy-804,ds1000,hybrid,"Solve the following data-science coding problem. Return only Python code.

Problem:
After clustering a distance matrix with scipy.cluster.hierarchy.linkage, and assigning each sample to a cluster usin","def find_k_closest(centroids, data, k=1, distance_norm=2):
    kdtree = scipy.spatial.cKDTree(data)
    distances, indic"
Q1470,DS1000-Scipy-805,ds1000,hybrid,"Solve the following data-science coding problem. Return only Python code.

Problem:
After clustering a distance matrix with scipy.cluster.hierarchy.linkage, and assigning each sample to a cluster usin","def find_k_closest(centroids, data, k=1, distance_norm=2):
    kdtree = scipy.spatial.cKDTree(data)
    distances, indic"
Q1471,DS1000-Scipy-806,ds1000,hybrid,"Solve the following data-science coding problem. Return only Python code.

Problem:
Scipy offers many useful tools for root finding, notably fsolve. Typically a program has the following form:
def eqn","result = np.array([fsolve(lambda a,x,b: eqn(x, a, b), x0=0.5, args=(x,b))[0] for x, b in zip(xdata, bdata)])"
Q1472,DS1000-Scipy-807,ds1000,hybrid,"Solve the following data-science coding problem. Return only Python code.

Problem:
Scipy offers many useful tools for root finding, notably fsolve. Typically a program has the following form:
def eqn","A = np.array([fsolve(lambda b,x,a: eqn(x, a, b), x0=0, args=(x,a))[0] for x, a in zip(xdata, adata)])
temp = -A
result ="
Q1473,DS1000-Scipy-808,ds1000,hybrid,"Solve the following data-science coding problem. Return only Python code.

Problem:
I have an array of experimental values and a probability density function that supposedly describes their distributi","def bekkers_cdf(x,a,m,d,range_start,range_end):
    values = []
    for value in x:
        integral = integrate.quad(la"
Q1474,DS1000-Scipy-809,ds1000,hybrid,"Solve the following data-science coding problem. Return only Python code.

Problem:
I have an array of experimental values and a probability density function that supposedly describes their distributi","def bekkers_cdf(x,a,m,d,range_start,range_end):
    values = []
    for value in x:
        integral = integrate.quad(la"
Q1475,DS1000-Scipy-810,ds1000,hybrid,"Solve the following data-science coding problem. Return only Python code.

Problem:
I want to capture an integral of a column of my dataframe with a time index. This works fine for a grouping that hap","df.Time = pd.to_datetime(df.Time, format='%Y-%m-%d-%H:%M:%S')
df = df.set_index('Time')
integral_df = df.rolling('25S')."
Q1476,DS1000-Scipy-811,ds1000,hybrid,"Solve the following data-science coding problem. Return only Python code.

Problem:
I have two data points on a 2-D image grid and the value of some quantity of interest at these two points is known.
","result = scipy.interpolate.griddata(x, y, eval)"
Q1477,DS1000-Scipy-812,ds1000,hybrid,"Solve the following data-science coding problem. Return only Python code.

Problem:
I just start learning Python. Here is a data frame:
a=pd.DataFrame({'A1':[0,1,2,3,2,1,6,0,1,1,7,10]})
Now I think th","weights = (a.values / a.values.sum()).squeeze()"
Q1478,DS1000-Scipy-813,ds1000,hybrid,"Solve the following data-science coding problem. Return only Python code.

Problem:
I am trying to optimise a function using the fminbound function of the scipy.optimize module. I want to set paramete","p_guess = (pmin + pmax)/2
bounds = np.c_[pmin, pmax]
fp   = lambda p, x: p[0]*x[0]+p[1]*x[1]
e    = lambda p, x, y: ((fp"
Q1479,DS1000-Scipy-814,ds1000,hybrid,"Solve the following data-science coding problem. Return only Python code.

Problem:
How to find relative extrema of a given array? An element is a relative extrema if it is less or equal to the neighb","result = signal.argrelextrema(arr, np.less_equal, order=n)[0]"
Q1480,DS1000-Scipy-815,ds1000,hybrid,"Solve the following data-science coding problem. Return only Python code.

Problem:
How to find relative extrema of a 2D array? An element is a relative extrema if it is less or equal to the neighbour","res = signal.argrelextrema(arr, np.less_equal, order=n, axis = 1)
result = np.zeros((res[0].shape[0], 2)).astype(int)
re"
Q1481,DS1000-Scipy-816,ds1000,hybrid,"Solve the following data-science coding problem. Return only Python code.

Problem:
I have a data-set which contains many numerical and categorical values, and I want to only test for outlying values ","df = df[(np.abs(stats.zscore(df.select_dtypes(exclude='object'))) < 3).all(axis=1)]"
Q1482,DS1000-Sklearn-817,ds1000,hybrid,"Solve the following data-science coding problem. Return only Python code.

Problem:

How do I convert data from a Scikit-learn Bunch object (from sklearn.datasets) to a Pandas DataFrame?

from sklearn","data1 = pd.DataFrame(data=np.c_[data['data'], data['target']], columns=data['feature_names'] + ['target'])"
Q1483,DS1000-Sklearn-818,ds1000,hybrid,"Solve the following data-science coding problem. Return only Python code.

Problem:

Can you give me any suggestion that transforms a sklearn Bunch object (from sklearn.datasets) to a dataframe? I'd l","data1 = pd.DataFrame(data=np.c_[data['data'], data['target']], columns=data['feature_names'] + ['target'])"
Q1484,DS1000-Sklearn-819,ds1000,hybrid,"Solve the following data-science coding problem. Return only Python code.

Problem:

How do I convert data from a Scikit-learn Bunch object (from sklearn.datasets) to a Pandas DataFrame?

from sklearn","data1 = pd.DataFrame(data.data, columns=data.feature_names)
data1['target'] = pd.Series(data.target)"
Q1485,DS1000-Sklearn-820,ds1000,hybrid,"Solve the following data-science coding problem. Return only Python code.

Problem:

How do I convert data from a Scikit-learn Bunch object (from sklearn.datasets) to a Pandas DataFrame?

from sklearn","# def solve(data):
    ### BEGIN SOLUTION
    result = pd.DataFrame(data=np.c_[data['data'], data['target']], columns=da"
Q1486,DS1000-Sklearn-821,ds1000,hybrid,"Solve the following data-science coding problem. Return only Python code.

Problem:

I would like to break down a pandas column consisting of a list of elements into as many columns as there are uniqu","from sklearn.preprocessing import MultiLabelBinarizer

mlb = MultiLabelBinarizer()

df_out = df.join(
    pd.DataFrame(
"
Q1487,DS1000-Sklearn-822,ds1000,hybrid,"Solve the following data-science coding problem. Return only Python code.

Problem:

I'd like to do some operations to my df. And there is an example below.
df

Col1   Col2         Col3
 C      33    ","from sklearn.preprocessing import MultiLabelBinarizer

mlb = MultiLabelBinarizer()

df_out = df.join(
    pd.DataFrame(
"
Q1488,DS1000-Sklearn-823,ds1000,hybrid,"Solve the following data-science coding problem. Return only Python code.

Problem:

I would like to break down a pandas column, which is the last column, consisting of a list of elements into as many","from sklearn.preprocessing import MultiLabelBinarizer

mlb = MultiLabelBinarizer()

df_out = df.join(
    pd.DataFrame(
"
Q1489,DS1000-Sklearn-824,ds1000,hybrid,"Solve the following data-science coding problem. Return only Python code.

Problem:

I would like to break down a pandas column, which is the last column, consisting of a list of elements into as many","from sklearn.preprocessing import MultiLabelBinarizer

mlb = MultiLabelBinarizer()

df_out = df.join(
    pd.DataFrame(
"
Q1490,DS1000-Sklearn-825,ds1000,hybrid,"Solve the following data-science coding problem. Return only Python code.

Problem:

I would like to break down a pandas column, which is the last column, consisting of a list of elements into as many","from sklearn.preprocessing import MultiLabelBinarizer

mlb = MultiLabelBinarizer()

df_out = df.join(
    pd.DataFrame(
"
Q1491,DS1000-Sklearn-826,ds1000,hybrid,"Solve the following data-science coding problem. Return only Python code.

Problem:

I use linear SVM from scikit learn (LinearSVC) for binary classification problem. I understand that LinearSVC can g","from sklearn.calibration import CalibratedClassifierCV

calibrated_svc = CalibratedClassifierCV(svmmodel, cv=5, method='"
Q1492,DS1000-Sklearn-827,ds1000,hybrid,"Solve the following data-science coding problem. Return only Python code.

Problem:

I'm trying to solve some two classes classification problem. And I just use the LinearSVC from sklearn library.
I k","from sklearn.calibration import CalibratedClassifierCV

calibrated_svc = CalibratedClassifierCV(model, cv=5, method='sig"
Q1493,DS1000-Sklearn-828,ds1000,hybrid,"Solve the following data-science coding problem. Return only Python code.

Problem:

I have used the

sklearn.preprocessing.OneHotEncoder
to transform some data the output is scipy.sparse.csr.csr_matr","df = pd.concat([df_origin, pd.DataFrame(transform_output.toarray())], axis=1)"
Q1494,DS1000-Sklearn-829,ds1000,hybrid,"Solve the following data-science coding problem. Return only Python code.

Problem:

I used a sklearn function to transform some data to scipy.sparse.csr.csr_matrix.
But now I want to get a pandas Dat","df = pd.concat([df_origin, pd.DataFrame(transform_output.toarray())], axis=1)"
Q1495,DS1000-Sklearn-830,ds1000,hybrid,"Solve the following data-science coding problem. Return only Python code.

Problem:

I have used the

sklearn.preprocessing.OneHotEncoder
to transform some data the output is scipy.sparse.csr.csr_matr","# def solve(df, transform_output):
    ### BEGIN SOLUTION
    result = pd.concat([df, pd.DataFrame(transform_output.toar"
Q1496,DS1000-Sklearn-831,ds1000,hybrid,"Solve the following data-science coding problem. Return only Python code.

Problem:

Is it possible to delete or insert a step in a sklearn.pipeline.Pipeline object?

I am trying to do a grid search w","clf.steps.pop(-1)"
Q1497,DS1000-Sklearn-832,ds1000,hybrid,"Solve the following data-science coding problem. Return only Python code.

Problem:

Is it possible to delete or insert a step in a sklearn.pipeline.Pipeline object?

I am trying to do a grid search w","clf.steps.pop(-1)"
Q1498,DS1000-Sklearn-833,ds1000,hybrid,"Solve the following data-science coding problem. Return only Python code.

Problem:

Is it possible to delete or insert a certain step in a sklearn.pipeline.Pipeline object?

I am trying to do a grid ","clf.steps.pop(1)"
Q1499,DS1000-Sklearn-834,ds1000,hybrid,"Solve the following data-science coding problem. Return only Python code.

Problem:

Is it possible to delete or insert a step in a sklearn.pipeline.Pipeline object?

I am trying to do a grid search w","clf.steps.insert(0, ('reduce_dim', PCA()))"
Q1500,DS1000-Sklearn-835,ds1000,hybrid,"Solve the following data-science coding problem. Return only Python code.

Problem:

Is it possible to delete or insert a step in a sklearn.pipeline.Pipeline object?

I am trying to do a grid search w","clf.steps.insert(0, ('reduce_dim', PCA()))"
Q1501,DS1000-Sklearn-836,ds1000,hybrid,"Solve the following data-science coding problem. Return only Python code.

Problem:

Is it possible to delete or insert a certain step in a sklearn.pipeline.Pipeline object?

I am trying to do a grid ","clf.steps.insert(2, ('t1919810', PCA()))"
Q1502,DS1000-Sklearn-837,ds1000,hybrid,"Solve the following data-science coding problem. Return only Python code.

Problem:

i am trying to do hyperparemeter search with using scikit-learn's GridSearchCV on XGBoost. During gridsearch i'd li","fit_params = {""early_stopping_rounds"": 42,
              ""eval_metric"": ""mae"",
              ""eval_set"": [[testX"
Q1503,DS1000-Sklearn-838,ds1000,hybrid,"Solve the following data-science coding problem. Return only Python code.

Problem:

I'm trying to find the best hyper-parameters using sklearn function GridSearchCV on XGBoost.
However, I'd like it t","fit_params = {""early_stopping_rounds"": 42,
              ""eval_metric"": ""mae"",
              ""eval_set"": [[testX"
Q1504,DS1000-Sklearn-839,ds1000,hybrid,"Solve the following data-science coding problem. Return only Python code.

Problem:

I would like to predict the probability from Logistic Regression model with cross-validation. I know you can get th","from sklearn.model_selection import cross_val_predict

proba = cross_val_predict(logreg, X, y, cv=cv, method='predict_pr"
Q1505,DS1000-Sklearn-840,ds1000,hybrid,"Solve the following data-science coding problem. Return only Python code.

Problem:

I want to get the probability of the Logistic Regression model, while use cross-validation.
But now I'm only able t","from sklearn.model_selection import cross_val_predict

proba = cross_val_predict(logreg, X, y, cv=cv, method='predict_pr"
Q1506,DS1000-Sklearn-841,ds1000,hybrid,"Solve the following data-science coding problem. Return only Python code.

Problem:

I have some data structured as below, trying to predict t from the features.

train_df

t: time to predict
f1: feat","inversed = scaler.inverse_transform(scaled)"
Q1507,DS1000-Sklearn-842,ds1000,hybrid,"Solve the following data-science coding problem. Return only Python code.

Problem:

I have some data structured as below, trying to predict t from the features.

train_df

t: time to predict
f1: feat","# def solve(data, scaler, scaled):
    ### BEGIN SOLUTION
    inversed = scaler.inverse_transform(scaled)
    ### END SO"
Q1508,DS1000-Sklearn-843,ds1000,hybrid,"Solve the following data-science coding problem. Return only Python code.

Problem:

I have a silly question.

I have done Cross-validation in scikit learn and would like to make a more visual informa","model_name = type(model).__name__"
Q1509,DS1000-Sklearn-844,ds1000,hybrid,"Solve the following data-science coding problem. Return only Python code.

Problem:

I have used sklearn for Cross-validation and want to do a more visual information with the values of each model.

T","model_name = type(model).__name__"
Q1510,DS1000-Sklearn-845,ds1000,hybrid,"Solve the following data-science coding problem. Return only Python code.

Problem:

I have a silly question.

I have done Cross-validation in scikit learn and would like to make a more visual informa","model_name = type(model).__name__"
Q1511,DS1000-Sklearn-846,ds1000,hybrid,"Solve the following data-science coding problem. Return only Python code.

Problem:

Given the following example:

from sklearn.feature_extraction.text import TfidfVectorizer
from sklearn.decompositio","pipe.fit_transform(data.test)
tf_idf_out = pipe.named_steps['tf_idf'].transform(data.test)"
Q1512,DS1000-Sklearn-847,ds1000,hybrid,"Solve the following data-science coding problem. Return only Python code.

Problem:

I have encountered a problem that, I want to get the intermediate result of a Pipeline instance in sklearn.
However","pipe.fit_transform(data.test)
tf_idf_out = pipe.named_steps['tf_idf'].transform(data.test)"
Q1513,DS1000-Sklearn-848,ds1000,hybrid,"Solve the following data-science coding problem. Return only Python code.

Problem:

Given the following example:

from sklearn.feature_selection import SelectKBest
from sklearn.linear_model import Lo","select_out = pipe.named_steps['select'].fit_transform(data, target)"
Q1514,DS1000-Sklearn-849,ds1000,hybrid,"Solve the following data-science coding problem. Return only Python code.

Problem:

Say that I want to train BaggingClassifier that uses DecisionTreeClassifier:

dt = DecisionTreeClassifier(max_depth","clf = GridSearchCV(bc, param_grid)
clf.fit(X_train, y_train)"
Q1515,DS1000-Sklearn-850,ds1000,hybrid,"Solve the following data-science coding problem. Return only Python code.

Problem:

When trying to fit a Random Forest Regressor model with y data that looks like this:

[  0.00000000e+00   1.3609427","regressor = RandomForestRegressor(n_estimators=150, min_samples_split=1.0, random_state=42)
regressor.fit(X.reshape(-1, "
Q1516,DS1000-Sklearn-851,ds1000,hybrid,"Solve the following data-science coding problem. Return only Python code.

Problem:

When trying to fit a Random Forest Regressor model with y data that looks like this:
[   0.00   1.36   4.46   8.72
","regressor = RandomForestRegressor(n_estimators=150, min_samples_split=1.0, random_state=42)
regressor.fit(X.reshape(-1, "
Q1517,DS1000-Sklearn-852,ds1000,hybrid,"Solve the following data-science coding problem. Return only Python code.

Problem:

How can I pass a preprocessor to TfidfVectorizer? I made a function ""preprocess"" that takes a string and returns ","def preprocess(s):
    return s.upper()


tfidf = TfidfVectorizer(preprocessor=preprocess)"
Q1518,DS1000-Sklearn-853,ds1000,hybrid,"Solve the following data-science coding problem. Return only Python code.

Problem:

Is it possible to pass a custom function as a preprocessor to TfidfVectorizer?
I want to write a function ""prePro"","def prePro(s):
    return s.lower()


tfidf = TfidfVectorizer(preprocessor=prePro)"
Q1519,DS1000-Sklearn-854,ds1000,hybrid,"Solve the following data-science coding problem. Return only Python code.

Problem:

I'm using the excellent read_csv()function from pandas, which gives:

In [31]: data = pandas.read_csv(""lala.csv"",","df_out = pd.DataFrame(preprocessing.scale(data), index=data.index, columns=data.columns)"
Q1520,DS1000-Sklearn-855,ds1000,hybrid,"Solve the following data-science coding problem. Return only Python code.

Problem:

I have a pandas DataFrame data
it has about 12k rows and more than 500 columns, each column has its unique name
How","df_out = pd.DataFrame(preprocessing.scale(data), index=data.index, columns=data.columns)"
Q1521,DS1000-Sklearn-856,ds1000,hybrid,"Solve the following data-science coding problem. Return only Python code.

Problem:

I am new to scikit-learn, but it did what I was hoping for. Now, maddeningly, the only remaining issue is that I do","grid.fit(X, y)
coef = grid.best_estimator_.named_steps['model'].coef_"
Q1522,DS1000-Sklearn-857,ds1000,hybrid,"Solve the following data-science coding problem. Return only Python code.

Problem:

I am new to scikit-learn, but it did what I was hoping for. Now, maddeningly, the only remaining issue is that I do","grid.fit(X, y)
coef = grid.best_estimator_.named_steps['model'].coef_"
Q1523,DS1000-Sklearn-858,ds1000,hybrid,"Solve the following data-science coding problem. Return only Python code.

Problem:

I performed feature selection using ExtraTreesClassifier and SelectFromModel in data set that loaded as DataFrame, ","model = SelectFromModel(clf, prefit=True)
column_names = X.columns[model.get_support()]"
Q1524,DS1000-Sklearn-859,ds1000,hybrid,"Solve the following data-science coding problem. Return only Python code.

Problem:

look at my code below:

import pandas as pd
from sklearn.ensemble import ExtraTreesClassifier
from sklearn.feature_","model = SelectFromModel(clf, prefit=True)
column_names = X.columns[model.get_support()]"
Q1525,DS1000-Sklearn-860,ds1000,hybrid,"Solve the following data-science coding problem. Return only Python code.

Problem:

I performed feature selection using ExtraTreesClassifier and SelectFromModel in data set that loaded as DataFrame, ","model = SelectFromModel(clf, prefit=True)
column_names = X.columns[model.get_support()]"
Q1526,DS1000-Sklearn-861,ds1000,hybrid,"Solve the following data-science coding problem. Return only Python code.

Problem:

I performed feature selection using ExtraTreesClassifier and SelectFromModel in data set that loaded as DataFrame, ","model = SelectFromModel(clf, prefit=True)
column_names = list(X.columns[model.get_support()])"
Q1527,DS1000-Sklearn-862,ds1000,hybrid,"Solve the following data-science coding problem. Return only Python code.

Problem:

I have fitted a k-means algorithm on 5000+ samples using the python scikit-learn library. I want to have the 50 sam","km.fit(X)
d = km.transform(X)[:, p]
indexes = np.argsort(d)[::][:50]
closest_50_samples = X[indexes]"
Q1528,DS1000-Sklearn-863,ds1000,hybrid,"Solve the following data-science coding problem. Return only Python code.

Problem:

I am using KMeans in sklearn on a data set which have more than 5000 samples. And I want to get the 50 samples(not ","km.fit(X)
d = km.transform(X)[:, p]
indexes = np.argsort(d)[::][:50]
closest_50_samples = X[indexes]"
Q1529,DS1000-Sklearn-864,ds1000,hybrid,"Solve the following data-science coding problem. Return only Python code.

Problem:

I have fitted a k-means algorithm on more than 400 samples using the python scikit-learn library. I want to have th","km.fit(X)
d = km.transform(X)[:, p]
indexes = np.argsort(d)[::][:100]
closest_100_samples = X[indexes]"
Q1530,DS1000-Sklearn-865,ds1000,hybrid,"Solve the following data-science coding problem. Return only Python code.

Problem:

I have fitted a k-means algorithm on 5000+ samples using the python scikit-learn library. I want to have the 50 sam","# def get_samples(p, X, km):
    # calculate the closest 50 samples
    ### BEGIN SOLUTION
    km.fit(X)
    d = km.tran"
Q1531,DS1000-Sklearn-866,ds1000,hybrid,"Solve the following data-science coding problem. Return only Python code.

Problem:

I am attempting to train models with GradientBoostingClassifier using categorical variables.

The following is a pr","catVar = pd.get_dummies(X_train[0]).to_numpy()
X_train = np.concatenate((X_train.iloc[:, 1:], catVar), axis=1)"
Q1532,DS1000-Sklearn-867,ds1000,hybrid,"Solve the following data-science coding problem. Return only Python code.

Problem:

Here is some code example. To better understand it, I'm trying to train models with GradientBoostingClassifier with","catVar = pd.get_dummies(X_train[0]).to_numpy()
X_train = np.concatenate((X_train.iloc[:, 1:], catVar), axis=1)"
Q1533,DS1000-Sklearn-868,ds1000,hybrid,"Solve the following data-science coding problem. Return only Python code.

Problem:

Does scikit-learn provide facility to use SVM for regression, using a gaussian kernel? I looked at the APIs and I d","from sklearn.svm import SVR

svr_rbf = SVR(kernel='rbf')
svr_rbf.fit(X, y)
predict = svr_rbf.predict(X)"
Q1534,DS1000-Sklearn-869,ds1000,hybrid,"Solve the following data-science coding problem. Return only Python code.

Problem:

How can I perform regression in sklearn, using SVM and a gaussian kernel?
Note to use default arguments. Thanks.

A","from sklearn.svm import SVR

svr_rbf = SVR(kernel='rbf')
svr_rbf.fit(X, y)
predict = svr_rbf.predict(X)"
Q1535,DS1000-Sklearn-870,ds1000,hybrid,"Solve the following data-science coding problem. Return only Python code.

Problem:

Does scikit-learn provide facility to use SVM for regression, using a polynomial kernel (degree=2)? I looked at the","from sklearn.svm import SVR

svr_poly = SVR(kernel='poly', degree=2)
svr_poly.fit(X, y)
predict = svr_poly.predict(X)"
Q1536,DS1000-Sklearn-871,ds1000,hybrid,"Solve the following data-science coding problem. Return only Python code.

Problem:

How can I perform regression in sklearn, using SVM and a polynomial kernel (degree=2)?
Note to use default argument","from sklearn.svm import SVR

svr_poly = SVR(kernel='poly', degree=2)
svr_poly.fit(X, y)
predict = svr_poly.predict(X)"
Q1537,DS1000-Sklearn-872,ds1000,hybrid,"Solve the following data-science coding problem. Return only Python code.

Problem:

My goal is to input 3 queries and find out which query is most similar to a set of 5 documents.

So far I have calc","from sklearn.metrics.pairwise import cosine_similarity

cosine_similarities_of_queries = []
for query in queries:
    qu"
Q1538,DS1000-Sklearn-873,ds1000,hybrid,"Solve the following data-science coding problem. Return only Python code.

Problem:

My goal is to input some queries and find out which query is most similar to a set of documents.

So far I have cal","from sklearn.metrics.pairwise import cosine_similarity

cosine_similarities_of_queries = []
for query in queries:
    qu"
Q1539,DS1000-Sklearn-874,ds1000,hybrid,"Solve the following data-science coding problem. Return only Python code.

Problem:

My goal is to input 3 queries and find out which query is most similar to a set of 5 documents.

So far I have calc","# def solve(queries, documents):
    ### BEGIN SOLUTION
    from sklearn.metrics.pairwise import cosine_similarity

    "
Q1540,DS1000-Sklearn-875,ds1000,hybrid,"Solve the following data-science coding problem. Return only Python code.

Problem:

Given a list of variant length features:

features = [
    ['f1', 'f2', 'f3'],
    ['f2', 'f4', 'f5', 'f6'],
    ['","from sklearn.preprocessing import MultiLabelBinarizer

new_features = MultiLabelBinarizer().fit_transform(features)"
Q1541,DS1000-Sklearn-876,ds1000,hybrid,"Solve the following data-science coding problem. Return only Python code.

Problem:

Given a list of variant length features, for example:

f = [
    ['t1'],
    ['t2', 't5', 't7'],
    ['t1', 't2', '","from sklearn.preprocessing import MultiLabelBinarizer

new_f = MultiLabelBinarizer().fit_transform(f)"
Q1542,DS1000-Sklearn-877,ds1000,hybrid,"Solve the following data-science coding problem. Return only Python code.

Problem:

Given a list of variant length features:

features = [
    ['f1', 'f2', 'f3'],
    ['f2', 'f4', 'f5', 'f6'],
    ['","from sklearn.preprocessing import MultiLabelBinarizer

new_features = MultiLabelBinarizer().fit_transform(features)
rows"
Q1543,DS1000-Sklearn-878,ds1000,hybrid,"Solve the following data-science coding problem. Return only Python code.

Problem:

Given a list of variant length features:

features = [
    ['f1', 'f2', 'f3'],
    ['f2', 'f4', 'f5', 'f6'],
    ['","# def solve(features):
    ### BEGIN SOLUTION
    from sklearn.preprocessing import MultiLabelBinarizer

    new_feature"
Q1544,DS1000-Sklearn-879,ds1000,hybrid,"Solve the following data-science coding problem. Return only Python code.

Problem:

Given a list of variant length features, for example:

f = [
    ['t1'],
    ['t2', 't5', 't7'],
    ['t1', 't2', '","from sklearn.preprocessing import MultiLabelBinarizer

new_features = MultiLabelBinarizer().fit_transform(features)
rows"
Q1545,DS1000-Sklearn-880,ds1000,hybrid,"Solve the following data-science coding problem. Return only Python code.

Problem:

Given a distance matrix, with similarity between various professors :

              prof1     prof2     prof3
    ","model = sklearn.cluster.AgglomerativeClustering(metric='precomputed', n_clusters=2, linkage='complete').fit(data_matrix)"
Q1546,DS1000-Sklearn-881,ds1000,hybrid,"Solve the following data-science coding problem. Return only Python code.

Problem:

I need to perform hierarchical clustering by a distance matrix describing their similarities, which is between diff","model = sklearn.cluster.AgglomerativeClustering(metric='precomputed', n_clusters=2, linkage='complete').fit(data_matrix)"
Q1547,DS1000-Sklearn-882,ds1000,hybrid,"Solve the following data-science coding problem. Return only Python code.

Problem:

Given a distance matrix, with similarity between various fruits :

              fruit1     fruit2     fruit3
     ","model = sklearn.cluster.AgglomerativeClustering(metric='precomputed', n_clusters=2, linkage='complete').fit(simM)
cluste"
Q1548,DS1000-Sklearn-883,ds1000,hybrid,"Solve the following data-science coding problem. Return only Python code.

Problem:

Given a distance matrix, with similarity between various professors :

              prof1     prof2     prof3
    ","Z = scipy.cluster.hierarchy.linkage(np.array(data_matrix), 'ward')
cluster_labels = scipy.cluster.hierarchy.cut_tree(Z, "
Q1549,DS1000-Sklearn-884,ds1000,hybrid,"Solve the following data-science coding problem. Return only Python code.

Problem:

I need to perform hierarchical clustering(into 2 clusters) by a distance matrix describing their similarities, whic","Z = scipy.cluster.hierarchy.linkage(np.array(data_matrix), 'ward')
cluster_labels = scipy.cluster.hierarchy.cut_tree(Z, "
Q1550,DS1000-Sklearn-885,ds1000,hybrid,"Solve the following data-science coding problem. Return only Python code.

Problem:

Given a distance matrix, with similarity between various fruits :

              fruit1     fruit2     fruit3
     ","Z = scipy.cluster.hierarchy.linkage(np.array(simM), 'ward')
cluster_labels = scipy.cluster.hierarchy.cut_tree(Z, n_clust"
Q1551,DS1000-Sklearn-886,ds1000,hybrid,"Solve the following data-science coding problem. Return only Python code.

Problem:

Is there any package in Python that does data transformation like scaling and centering to eliminate skewness of da","from sklearn import preprocessing

centered_scaled_data = preprocessing.scale(data)"
Q1552,DS1000-Sklearn-887,ds1000,hybrid,"Solve the following data-science coding problem. Return only Python code.

Problem:

Is there any package in Python that does data transformation like scaling and centering to eliminate skewness of da","from sklearn import preprocessing

centered_scaled_data = preprocessing.scale(data)"
Q1553,DS1000-Sklearn-888,ds1000,hybrid,"Solve the following data-science coding problem. Return only Python code.

Problem:

Is there any package in Python that does data transformation like Box-Cox transformation to eliminate skewness of d","from sklearn import preprocessing

pt = preprocessing.PowerTransformer(method=""box-cox"")
box_cox_data = pt.fit_transfo"
Q1554,DS1000-Sklearn-889,ds1000,hybrid,"Solve the following data-science coding problem. Return only Python code.

Problem:

Is there any package in Python that does data transformation like Box-Cox transformation to eliminate skewness of d","from sklearn import preprocessing

pt = preprocessing.PowerTransformer(method=""box-cox"")
box_cox_data = pt.fit_transfo"
Q1555,DS1000-Sklearn-890,ds1000,hybrid,"Solve the following data-science coding problem. Return only Python code.

Problem:

Is there any package in Python that does data transformation like Yeo-Johnson transformation to eliminate skewness ","from sklearn import preprocessing

pt = preprocessing.PowerTransformer(method=""yeo-johnson"")
yeo_johnson_data = pt.fit"
Q1556,DS1000-Sklearn-891,ds1000,hybrid,"Solve the following data-science coding problem. Return only Python code.

Problem:

Is there any package in Python that does data transformation like Yeo-Johnson transformation to eliminate skewness ","from sklearn import preprocessing

pt = preprocessing.PowerTransformer(method=""yeo-johnson"")
yeo_johnson_data = pt.fit"
Q1557,DS1000-Sklearn-892,ds1000,hybrid,"Solve the following data-science coding problem. Return only Python code.

Problem:

Is there any way for me to preserve punctuation marks of !, ?, "" and ' from my text documents using text CountVect","vent = CountVectorizer(token_pattern=r""(?u)\b\w\w+\b|!|\?|\""|\'"")
transformed_text = vent.fit_transform([text])"
Q1558,DS1000-Sklearn-893,ds1000,hybrid,"Solve the following data-science coding problem. Return only Python code.

Problem:

I have a csv file without headers which I'm importing into python using pandas. The last column is the target class","from sklearn.model_selection import train_test_split

x_train, x_test, y_train, y_test = train_test_split(dataset.iloc[:"
Q1559,DS1000-Sklearn-894,ds1000,hybrid,"Solve the following data-science coding problem. Return only Python code.

Problem:

I have a dataframe whose last column is the target and the rest of the columns are the features.
Now, how can I spl","from sklearn.model_selection import train_test_split

x_train, x_test, y_train, y_test = train_test_split(data.iloc[:, :"
Q1560,DS1000-Sklearn-895,ds1000,hybrid,"Solve the following data-science coding problem. Return only Python code.

Problem:

I have a csv file without headers which I'm importing into python using pandas. The last column is the target class","from sklearn.model_selection import train_test_split

x_train, x_test, y_train, y_test = train_test_split(dataset.iloc[:"
Q1561,DS1000-Sklearn-896,ds1000,hybrid,"Solve the following data-science coding problem. Return only Python code.

Problem:

I have a csv file without headers which I'm importing into python using pandas. The last column is the target class","# def solve(data):
    ### BEGIN SOLUTION
    from sklearn.model_selection import train_test_split

    x_train, x_test,"
Q1562,DS1000-Sklearn-897,ds1000,hybrid,"Solve the following data-science coding problem. Return only Python code.

Problem:

I have a csv file which looks like below

date                       mse
2018-02-11                 14.34
2018-02-1","kmeans = KMeans(n_clusters=2, n_init=10)
labels = kmeans.fit_predict(df[['mse']])"
Q1563,DS1000-Sklearn-898,ds1000,hybrid,"Solve the following data-science coding problem. Return only Python code.

Problem:

I have a csv file which looks like

date                       mse
2009-06-04                 3.11
2009-06-08      ","kmeans = KMeans(n_clusters=2, n_init=10)
labels = kmeans.fit_predict(df[['mse']])"
Q1564,DS1000-Sklearn-899,ds1000,hybrid,"Solve the following data-science coding problem. Return only Python code.

Problem:

This question and answer demonstrate that when feature selection is performed using one of scikit-learn's dedicated","svc = LinearSVC(penalty='l1', dual=False)
svc.fit(X, y)
selected_feature_names = np.asarray(vectorizer.get_feature_names"
Q1565,DS1000-Sklearn-900,ds1000,hybrid,"Solve the following data-science coding problem. Return only Python code.

Problem:

When using SelectKBest or SelectPercentile in sklearn.feature_selection, it's known that we can use following code ","svc = LinearSVC(penalty='l1', dual=False)
svc.fit(X, y)
selected_feature_names = np.asarray(vectorizer.get_feature_names"
Q1566,DS1000-Sklearn-901,ds1000,hybrid,"Solve the following data-science coding problem. Return only Python code.

Problem:

This question and answer demonstrate that when feature selection is performed using one of scikit-learn's dedicated","# def solve(corpus, y, vectorizer, X):
    ### BEGIN SOLUTION
    svc = LinearSVC(penalty='l1', dual=False)
    svc.fit("
Q1567,DS1000-Sklearn-902,ds1000,hybrid,"Solve the following data-science coding problem. Return only Python code.

Problem:

I am trying to vectorize some data using

sklearn.feature_extraction.text.CountVectorizer.
This is the data that I ","vectorizer = CountVectorizer(stop_words=""english"", binary=True, lowercase=False,
                             vocabula"
Q1568,DS1000-Sklearn-903,ds1000,hybrid,"Solve the following data-science coding problem. Return only Python code.

Problem:

I am trying to vectorize some data using

sklearn.feature_extraction.text.CountVectorizer.
This is the data that I ","vectorizer = CountVectorizer(stop_words=""english"", binary=True, lowercase=False,
                             vocabula"
Q1569,DS1000-Sklearn-904,ds1000,hybrid,"Solve the following data-science coding problem. Return only Python code.

Problem:

I am trying to vectorize some data using

sklearn.feature_extraction.text.CountVectorizer.
This is the data that I ","vectorizer = CountVectorizer(stop_words=""english"", binary=True, lowercase=False,
                             vocabula"
Q1570,DS1000-Sklearn-905,ds1000,hybrid,"Solve the following data-science coding problem. Return only Python code.

Problem:

I am trying to vectorize some data using

sklearn.feature_extraction.text.CountVectorizer.
This is the data that I ","vectorizer = CountVectorizer(stop_words=""english"", binary=True, lowercase=False,
                             vocabula"
Q1571,DS1000-Sklearn-906,ds1000,hybrid,"Solve the following data-science coding problem. Return only Python code.

Problem:

I'm trying to find a way to iterate code for a linear regression over many many columns, upwards of Z3. Here is a s","slopes = []
for col in df1.columns:
    if col == ""Time"":
        continue
    mask = ~np.isnan(df1[col])
    x = np.a"
Q1572,DS1000-Sklearn-907,ds1000,hybrid,"Solve the following data-science coding problem. Return only Python code.

Problem:

I'm trying to iterate code for a linear regression over all columns, upwards of Z3. Here is a snippet of the datafr","slopes = []
for col in df1.columns:
    if col == ""Time"":
        continue
    mask = ~np.isnan(df1[col])
    x = np.a"
Q1573,DS1000-Sklearn-908,ds1000,hybrid,"Solve the following data-science coding problem. Return only Python code.

Problem:

I was playing with the Titanic dataset on Kaggle (https://www.kaggle.com/c/titanic/data), and I want to use LabelEn","le = LabelEncoder()
transformed_df = df.copy()
transformed_df['Sex'] = le.fit_transform(df['Sex'])"
Q1574,DS1000-Sklearn-909,ds1000,hybrid,"Solve the following data-science coding problem. Return only Python code.

Problem:

I'd like to use LabelEncoder to transform a dataframe column 'Sex', originally labeled as 'male' into '1' and 'fema","le = LabelEncoder()
transformed_df = df.copy()
transformed_df['Sex'] = le.fit_transform(df['Sex'])"
Q1575,DS1000-Sklearn-910,ds1000,hybrid,"Solve the following data-science coding problem. Return only Python code.

Problem:

I was playing with the Titanic dataset on Kaggle (https://www.kaggle.com/c/titanic/data), and I want to use LabelEn","# def Transform(df):
    ### BEGIN SOLUTION
    le = LabelEncoder()
    transformed_df = df.copy()
    transformed_df['S"
Q1576,DS1000-Sklearn-911,ds1000,hybrid,"Solve the following data-science coding problem. Return only Python code.

Problem:

I am trying to run an Elastic Net regression but get the following error: NameError: name 'sklearn' is not defined.","ElasticNet = linear_model.ElasticNet()
ElasticNet.fit(X_train, y_train)
training_set_score = ElasticNet.score(X_train, y"
Q1577,DS1000-Sklearn-912,ds1000,hybrid,"Solve the following data-science coding problem. Return only Python code.

Problem:

Right now, I have my data in a 2 by 2 numpy array. If I was to use MinMaxScaler fit_transform on the array, it will","scaler = MinMaxScaler()
X_one_column = np_array.reshape([-1, 1])
result_one_column = scaler.fit_transform(X_one_column)
"
Q1578,DS1000-Sklearn-913,ds1000,hybrid,"Solve the following data-science coding problem. Return only Python code.

Problem:

Right now, I have my data in a 3 by 3 numpy array. If I was to use MinMaxScaler fit_transform on the array, it will","scaler = MinMaxScaler()
X_one_column = np_array.reshape([-1, 1])
result_one_column = scaler.fit_transform(X_one_column)
"
Q1579,DS1000-Sklearn-914,ds1000,hybrid,"Solve the following data-science coding problem. Return only Python code.

Problem:

Right now, I have my data in a 2 by 2 numpy array. If I was to use MinMaxScaler fit_transform on the array, it will","# def Transform(a):
    ### BEGIN SOLUTION
    scaler = MinMaxScaler()
    a_one_column = a.reshape([-1, 1])
    result_"
Q1580,DS1000-Sklearn-915,ds1000,hybrid,"Solve the following data-science coding problem. Return only Python code.

Problem:

So I fed the testing data, but when I try to test it with clf.predict() it just gives me an error. So I want it to ","close_buy1 = close[:-1]
m5 = ma_50[:-1]
m10 = ma_100[:-1]
ma20 = ma_200[:-1]
# b = np.concatenate([close_buy1, m5, m10, "
Q1581,DS1000-Sklearn-916,ds1000,hybrid,"Solve the following data-science coding problem. Return only Python code.

Problem:

Are you able to train a DecisionTreeClassifier with string data?

When I try to use String data I get a ValueError:","from sklearn.feature_extraction import DictVectorizer

X = [dict(enumerate(x)) for x in X]
vect = DictVectorizer(sparse="
Q1582,DS1000-Sklearn-917,ds1000,hybrid,"Solve the following data-science coding problem. Return only Python code.

Problem:

Can I use string as input for a DecisionTreeClassifier?
I get a ValueError when I ran this piece of code below: cou","from sklearn.feature_extraction import DictVectorizer

X = [dict(enumerate(x)) for x in X]
vect = DictVectorizer(sparse="
Q1583,DS1000-Sklearn-918,ds1000,hybrid,"Solve the following data-science coding problem. Return only Python code.

Problem:

Are you able to train a DecisionTreeClassifier with string data?

When I try to use String data I get a ValueError:","from sklearn.feature_extraction import DictVectorizer

X = [dict(enumerate(x)) for x in X]
vect = DictVectorizer(sparse="
Q1584,DS1000-Sklearn-919,ds1000,hybrid,"Solve the following data-science coding problem. Return only Python code.

Problem:

I have been trying this for the last few days and not luck. What I want to do is do a simple Linear regression fit ","# Seperating the data into dependent and independent variables
X = dataframe.iloc[:, 0:-1].astype(float)
y = dataframe.i"
Q1585,DS1000-Sklearn-920,ds1000,hybrid,"Solve the following data-science coding problem. Return only Python code.

Problem:

I want to perform a Linear regression fit and prediction, but it doesn't work.
I guess my data shape is not proper,","# Seperating the data into dependent and independent variables
X = dataframe.iloc[:, 0:-1].astype(float)
y = dataframe.i"
Q1586,DS1000-Sklearn-921,ds1000,hybrid,"Solve the following data-science coding problem. Return only Python code.

Problem:

I have a data which include dates in sorted order.

I would like to split the given data to train and test set. How","n = features_dataframe.shape[0]
train_size = 0.2
train_dataframe = features_dataframe.iloc[:int(n * train_size)]
test_da"
Q1587,DS1000-Sklearn-922,ds1000,hybrid,"Solve the following data-science coding problem. Return only Python code.

Problem:

I have a data which include dates in sorted order.

I would like to split the given data to train and test set. How","n = features_dataframe.shape[0]
train_size = 0.8
test_size = 1 - train_size + 0.005
train_dataframe = features_dataframe"
Q1588,DS1000-Sklearn-923,ds1000,hybrid,"Solve the following data-science coding problem. Return only Python code.

Problem:

I have a data which include dates in sorted order.

I would like to split the given data to train and test set. How","# def solve(features_dataframe):
    ### BEGIN SOLUTION
    n = features_dataframe.shape[0]
    train_size = 0.2
    tra"
Q1589,DS1000-Sklearn-924,ds1000,hybrid,"Solve the following data-science coding problem. Return only Python code.

Problem:

I would like to apply minmax scaler to column X2 and X3 in dataframe df and add columns X2_scale and X3_scale for e","cols = df.columns[2:4]


def scale(X):
    X_ = np.atleast_2d(X)
    return pd.DataFrame(scaler.fit_transform(X_), X.ind"
Q1590,DS1000-Sklearn-925,ds1000,hybrid,"Solve the following data-science coding problem. Return only Python code.

Problem:

I would like to apply minmax scaler to column A2 and A3 in dataframe myData and add columns new_A2 and new_A3 for e","cols = myData.columns[2:4]


def scale(X):
    X_ = np.atleast_2d(X)
    return pd.DataFrame(scaler.fit_transform(X_), X"
Q1591,DS1000-Sklearn-926,ds1000,hybrid,"Solve the following data-science coding problem. Return only Python code.

Problem:

Here is my code:

count = CountVectorizer(lowercase = False)

vocabulary = count.fit_transform([words])
print(count","count = CountVectorizer(lowercase=False, token_pattern='[a-zA-Z0-9$&+:;=@#|<>^*()%-]+')
vocabulary = count.fit_transform"
Q1592,DS1000-Sklearn-927,ds1000,hybrid,"Solve the following data-science coding problem. Return only Python code.

Problem:

Here is my code:

count = CountVectorizer(lowercase = False)

vocabulary = count.fit_transform([words])
print(count","count = CountVectorizer(lowercase=False, token_pattern='[a-zA-Z0-9$&+:;=@#|<>^*()%-]+')
vocabulary = count.fit_transform"
Q1593,DS1000-Sklearn-928,ds1000,hybrid,"Solve the following data-science coding problem. Return only Python code.

Problem:

I have set up a GridSearchCV and have a set of parameters, with I will find the best combination of parameters. My ","full_results = pd.DataFrame(GridSearch_fitted.cv_results_)"
Q1594,DS1000-Sklearn-929,ds1000,hybrid,"Solve the following data-science coding problem. Return only Python code.

Problem:

I have set up a GridSearchCV and have a set of parameters, with I will find the best combination of parameters. My ","full_results = pd.DataFrame(GridSearch_fitted.cv_results_).sort_values(by=""mean_fit_time"")"
Q1595,DS1000-Sklearn-930,ds1000,hybrid,"Solve the following data-science coding problem. Return only Python code.

Problem:

Hey all I am using sklearn.ensemble.IsolationForest, to predict outliers to my data.

Is it possible to train (fit)","import pickle

with open('sklearn_model', 'wb') as f:
    pickle.dump(fitted_model, f)"
Q1596,DS1000-Sklearn-931,ds1000,hybrid,"Solve the following data-science coding problem. Return only Python code.

Problem:

I am using python and scikit-learn to find cosine similarity between item descriptions.

A have a df, for example:
","from sklearn.metrics.pairwise import cosine_similarity

response = tfidf.fit_transform(df['description']).toarray()
tf_i"
Q1597,DS1000-Pytorch-932,ds1000,hybrid,"Solve the following data-science coding problem. Return only Python code.

Problem:

Is it possible in PyTorch to change the learning rate of the optimizer in the middle of training dynamically (I don","for param_group in optim.param_groups:
    param_group['lr'] = 0.001"
Q1598,DS1000-Pytorch-933,ds1000,hybrid,"Solve the following data-science coding problem. Return only Python code.

Problem:

I have written a custom model where I have defined a custom optimizer. I would like to update the learning rate of ","for param_group in optim.param_groups:
    param_group['lr'] = 0.001"
Q1599,DS1000-Pytorch-934,ds1000,hybrid,"Solve the following data-science coding problem. Return only Python code.

Problem:

Is it possible in PyTorch to change the learning rate of the optimizer in the middle of training dynamically (I don","for param_group in optim.param_groups:
    param_group['lr'] = 0.0005"
Q1600,DS1000-Pytorch-935,ds1000,hybrid,"Solve the following data-science coding problem. Return only Python code.

Problem:

I have written a custom model where I have defined a custom optimizer. I would like to update the learning rate of ","for param_group in optim.param_groups:
    param_group['lr'] = 0.0005"
Q1601,DS1000-Pytorch-936,ds1000,hybrid,"Solve the following data-science coding problem. Return only Python code.

Problem:

I want to load a pre-trained word2vec embedding with gensim into a PyTorch embedding layer.
How do I get the embedd","weights = torch.FloatTensor(word2vec.wv.vectors)
embedding = torch.nn.Embedding.from_pretrained(weights)
embedded_input "
Q1602,DS1000-Pytorch-937,ds1000,hybrid,"Solve the following data-science coding problem. Return only Python code.

Problem:

I want to load a pre-trained word2vec embedding with gensim into a PyTorch embedding layer.
How do I get the embedd","# def get_embedded_input(input_Tensor):
    weights = torch.FloatTensor(word2vec.wv.vectors)
    embedding = torch.nn.Em"
Q1603,DS1000-Pytorch-938,ds1000,hybrid,"Solve the following data-science coding problem. Return only Python code.

Problem:

I'd like to convert a torch tensor to pandas dataframe but by using pd.DataFrame I'm getting a dataframe filled wit","px = pd.DataFrame(x.numpy())"
Q1604,DS1000-Pytorch-939,ds1000,hybrid,"Solve the following data-science coding problem. Return only Python code.

Problem:

I'm trying to convert a torch tensor to pandas DataFrame.
However, the numbers in the data is still tensors, what I","px = pd.DataFrame(x.numpy())"
Q1605,DS1000-Pytorch-940,ds1000,hybrid,"Solve the following data-science coding problem. Return only Python code.

Problem:

I'd like to convert a torch tensor to pandas dataframe but by using pd.DataFrame I'm getting a dataframe filled wit","px = pd.DataFrame(x.numpy())"
Q1606,DS1000-Pytorch-941,ds1000,hybrid,"Solve the following data-science coding problem. Return only Python code.

Problem:

I'm trying to slice a PyTorch tensor using a logical index on the columns. I want the columns that correspond to a ","C = B[:, A_log.bool()]"
Q1607,DS1000-Pytorch-942,ds1000,hybrid,"Solve the following data-science coding problem. Return only Python code.

Problem:

I want to use a logical index to slice a torch tensor. Which means, I want to select the columns that get a '1' in ","C = B[:, A_logical.bool()]"
Q1608,DS1000-Pytorch-943,ds1000,hybrid,"Solve the following data-science coding problem. Return only Python code.

Problem:

I'm trying to slice a PyTorch tensor using a logical index on the columns. I want the columns that correspond to a ","C = B[:, A_log.bool()]"
Q1609,DS1000-Pytorch-944,ds1000,hybrid,"Solve the following data-science coding problem. Return only Python code.

Problem:

I'm trying to slice a PyTorch tensor using a logical index on the columns. I want the columns that correspond to a ","for i in range(len(A_log)):
    if A_log[i] == 1:
        A_log[i] = 0
    else:
        A_log[i] = 1
C = B[:, A_log.boo"
Q1610,DS1000-Pytorch-945,ds1000,hybrid,"Solve the following data-science coding problem. Return only Python code.

Problem:

I'm trying to slice a PyTorch tensor using a logical index on the columns. I want the columns that correspond to a ","# def solve(A_log, B):
    ### BEGIN SOLUTION
    C = B[:, A_log.bool()]
    ### END SOLUTION
    # return C
    return "
Q1611,DS1000-Pytorch-946,ds1000,hybrid,"Solve the following data-science coding problem. Return only Python code.

Problem:

I want to use a logical index to slice a torch tensor. Which means, I want to select the columns that get a '0' in ","for i in range(len(A_log)):
    if A_log[i] == 1:
        A_log[i] = 0
    else:
        A_log[i] = 1
C = B[:, A_log.boo"
Q1612,DS1000-Pytorch-947,ds1000,hybrid,"Solve the following data-science coding problem. Return only Python code.

Problem:

I'm trying to slice a PyTorch tensor using an index on the columns. The index, contains a list of columns that I wa","C = B.index_select(1, idx)"
Q1613,DS1000-Pytorch-948,ds1000,hybrid,"Solve the following data-science coding problem. Return only Python code.

Problem:

How to convert a numpy array of dtype=object to torch Tensor?

array([
   array([0.5, 1.0, 2.0], dtype=float16),
  ","x_tensor = torch.from_numpy(x_array.astype(float))"
Q1614,DS1000-Pytorch-949,ds1000,hybrid,"Solve the following data-science coding problem. Return only Python code.

Problem:

How to convert a numpy array of dtype=object to torch Tensor?

x = np.array([
    np.array([1.23, 4.56, 9.78, 1.23,","x_tensor = torch.from_numpy(x_array.astype(float))"
Q1615,DS1000-Pytorch-950,ds1000,hybrid,"Solve the following data-science coding problem. Return only Python code.

Problem:

How to convert a numpy array of dtype=object to torch Tensor?

array([
   array([0.5, 1.0, 2.0], dtype=float16),
  ","# def Convert(a):
    ### BEGIN SOLUTION
    t = torch.from_numpy(a.astype(float))
    ### END SOLUTION
    # return t
#"
Q1616,DS1000-Pytorch-951,ds1000,hybrid,"Solve the following data-science coding problem. Return only Python code.

Problem:

How to batch convert sentence lengths to masks in PyTorch?
For example, from

lens = [3, 5, 4]
we want to get

mask","max_len = max(lens)
mask = torch.arange(max_len).expand(len(lens), max_len) < lens.unsqueeze(1)
mask = mask.type(torch.L"
Q1617,DS1000-Pytorch-952,ds1000,hybrid,"Solve the following data-science coding problem. Return only Python code.

Problem:

How to batch convert sentence lengths to masks in PyTorch?
For example, from

lens = [1, 9, 3, 5]
we want to get

m","max_len = max(lens)
mask = torch.arange(max_len).expand(len(lens), max_len) < lens.unsqueeze(1)
mask = mask.type(torch.L"
Q1618,DS1000-Pytorch-953,ds1000,hybrid,"Solve the following data-science coding problem. Return only Python code.

Problem:

How to batch convert sentence lengths to masks in PyTorch?
For example, from

lens = [3, 5, 4]
we want to get

mask","max_len = max(lens)
mask = torch.arange(max_len).expand(len(lens), max_len) > (max_len - lens.unsqueeze(1) - 1)
mask = m"
Q1619,DS1000-Pytorch-954,ds1000,hybrid,"Solve the following data-science coding problem. Return only Python code.

Problem:

How to batch convert sentence lengths to masks in PyTorch?
For example, from

lens = [3, 5, 4]
we want to get

mask","# def get_mask(lens):
    ### BEGIN SOLUTION
    max_len = max(lens)
    mask = torch.arange(max_len).expand(len(lens), "
Q1620,DS1000-Pytorch-955,ds1000,hybrid,"Solve the following data-science coding problem. Return only Python code.

Problem:

Consider I have 2D Tensor, index_in_batch * diag_ele. How can I get a 3D Tensor index_in_batch * Matrix (who is a d","Tensor_3D = torch.diag_embed(Tensor_2D)"
Q1621,DS1000-Pytorch-956,ds1000,hybrid,"Solve the following data-science coding problem. Return only Python code.

Problem:

Consider I have 2D Tensor, index_in_batch * diag_ele. How can I get a 3D Tensor index_in_batch * Matrix (who is a d","# def Convert(t):
    ### BEGIN SOLUTION
    result = torch.diag_embed(t)
    ### END SOLUTION
    # return result
# Ten"
Q1622,DS1000-Pytorch-957,ds1000,hybrid,"Solve the following data-science coding problem. Return only Python code.

Problem:

In pytorch, given the tensors a of shape (1X11) and b of shape (1X11), torch.stack((a,b),0) would give me a tensor ","ab = torch.cat((a, b), 0)"
Q1623,DS1000-Pytorch-958,ds1000,hybrid,"Solve the following data-science coding problem. Return only Python code.

Problem:

In pytorch, given the tensors a of shape (114X514) and b of shape (114X514), torch.stack((a,b),0) would give me a t","ab = torch.cat((a, b), 0)"
Q1624,DS1000-Pytorch-959,ds1000,hybrid,"Solve the following data-science coding problem. Return only Python code.

Problem:

In pytorch, given the tensors a of shape (1X11) and b of shape (1X11), torch.stack((a,b),0) would give me a tensor ","# def solve(a, b):
    ### BEGIN SOLUTION
    ab = torch.cat((a, b), 0)
    ### END SOLUTION
    # return ab
# ab = solv"
Q1625,DS1000-Pytorch-960,ds1000,hybrid,"Solve the following data-science coding problem. Return only Python code.

Problem:

Given a 3d tenzor, say: batch x sentence length x embedding dim

a = torch.rand((10, 1000, 96))
and an array(or ten","for i_batch in range(10):
    a[i_batch, lengths[i_batch]:, :] = 0"
Q1626,DS1000-Pytorch-961,ds1000,hybrid,"Solve the following data-science coding problem. Return only Python code.

Problem:

Given a 3d tenzor, say: batch x sentence length x embedding dim

a = torch.rand((10, 1000, 96))
and an array(or ten","for i_batch in range(10):
    a[i_batch, lengths[i_batch]:, :] = 2333"
Q1627,DS1000-Pytorch-962,ds1000,hybrid,"Solve the following data-science coding problem. Return only Python code.

Problem:

Given a 3d tenzor, say: batch x sentence length x embedding dim

a = torch.rand((10, 1000, 23))
and an array(or ten","for i_batch in range(10):
    a[i_batch, :lengths[i_batch], :] = 0"
Q1628,DS1000-Pytorch-963,ds1000,hybrid,"Solve the following data-science coding problem. Return only Python code.

Problem:

Given a 3d tenzor, say: batch x sentence length x embedding dim

a = torch.rand((10, 1000, 23))
and an array(or ten","for i_batch in range(10):
    a[i_batch, :lengths[i_batch], :] = 2333"
Q1629,DS1000-Pytorch-964,ds1000,hybrid,"Solve the following data-science coding problem. Return only Python code.

Problem:

I have this code:

import torch

list_of_tensors = [ torch.randn(3), torch.randn(3), torch.randn(3)]
tensor_of_tens","tensor_of_tensors = torch.stack((list_of_tensors))"
Q1630,DS1000-Pytorch-965,ds1000,hybrid,"Solve the following data-science coding problem. Return only Python code.

Problem:

How to convert a list of tensors to a tensor of tensors?
I have tried torch.tensor() but it gave me this error mess","new_tensors = torch.stack((list))"
Q1631,DS1000-Pytorch-966,ds1000,hybrid,"Solve the following data-science coding problem. Return only Python code.

Problem:

I have this code:

import torch

list_of_tensors = [ torch.randn(3), torch.randn(3), torch.randn(3)]
tensor_of_tens","# def Convert(lt):
    ### BEGIN SOLUTION
    tt = torch.stack((lt))
    ### END SOLUTION
    # return tt
# tensor_of_te"
Q1632,DS1000-Pytorch-967,ds1000,hybrid,"Solve the following data-science coding problem. Return only Python code.

Problem:

I have this code:

import torch

list_of_tensors = [ torch.randn(3), torch.randn(3), torch.randn(3)]
tensor_of_tens","tensor_of_tensors = torch.stack((list_of_tensors))"
Q1633,DS1000-Pytorch-968,ds1000,hybrid,"Solve the following data-science coding problem. Return only Python code.

Problem:

I have the following torch tensor:

tensor([[-0.2,  0.3],
    [-0.5,  0.1],
    [-0.4,  0.2]])
and the following nu","idxs = torch.from_numpy(idx).long().unsqueeze(1)
# or   torch.from_numpy(idxs).long().view(-1,1)
result = t.gather(1, id"
Q1634,DS1000-Pytorch-969,ds1000,hybrid,"Solve the following data-science coding problem. Return only Python code.

Problem:

I have the following torch tensor:

tensor([[-22.2,  33.3],
    [-55.5,  11.1],
    [-44.4,  22.2]])
and the follow","idxs = torch.from_numpy(idx).long().unsqueeze(1)
# or   torch.from_numpy(idxs).long().view(-1,1)
result = t.gather(1, id"
Q1635,DS1000-Pytorch-970,ds1000,hybrid,"Solve the following data-science coding problem. Return only Python code.

Problem:

I have the following torch tensor:

tensor([[-0.2,  0.3],
    [-0.5,  0.1],
    [-0.4,  0.2]])
and the following nu","idx = 1 - idx
idxs = torch.from_numpy(idx).long().unsqueeze(1)
# or   torch.from_numpy(idxs).long().view(-1,1)
result = "
Q1636,DS1000-Pytorch-971,ds1000,hybrid,"Solve the following data-science coding problem. Return only Python code.

Problem:

I have the tensors:

ids: shape (70,1) containing indices like [[1],[0],[2],...]

x: shape(70,3,2)

ids tensor enco","idx = ids.repeat(1, 2).view(70, 1, 2)
result = torch.gather(x, 1, idx)
result = result.squeeze(1)"
Q1637,DS1000-Pytorch-972,ds1000,hybrid,"Solve the following data-science coding problem. Return only Python code.

Problem:

I have the tensors:

ids: shape (30,1) containing indices like [[2],[1],[0],...]

x: shape(30,3,114)

ids tensor en","idx = ids.repeat(1, 114).view(30, 1, 114)
result = torch.gather(x, 1, idx)
result = result.squeeze(1)"
Q1638,DS1000-Pytorch-973,ds1000,hybrid,"Solve the following data-science coding problem. Return only Python code.

Problem:

I have the tensors:

ids: shape (70,3) containing indices like [[0,1,0],[1,0,0],[0,0,1],...]

x: shape(70,3,2)

ids","ids = torch.argmax(ids, 1, True)
idx = ids.repeat(1, 2).view(70, 1, 2)
result = torch.gather(x, 1, idx)
result = result."
Q1639,DS1000-Pytorch-974,ds1000,hybrid,"Solve the following data-science coding problem. Return only Python code.

Problem:

I have a logistic regression model using Pytorch, where my input is high-dimensional and my output must be a scalar","y = torch.argmax(softmax_output, dim=1).view(-1, 1)"
Q1640,DS1000-Pytorch-975,ds1000,hybrid,"Solve the following data-science coding problem. Return only Python code.

Problem:

I have a logistic regression model using Pytorch, where my input is high-dimensional and my output must be a scalar","y = torch.argmax(softmax_output, dim=1).view(-1, 1)"
Q1641,DS1000-Pytorch-976,ds1000,hybrid,"Solve the following data-science coding problem. Return only Python code.

Problem:

I have a logistic regression model using Pytorch, where my input is high-dimensional and my output must be a scalar","y = torch.argmin(softmax_output, dim=1).view(-1, 1)"
Q1642,DS1000-Pytorch-977,ds1000,hybrid,"Solve the following data-science coding problem. Return only Python code.

Problem:

I have a logistic regression model using Pytorch, where my input is high-dimensional and my output must be a scalar","# def solve(softmax_output):
    y = torch.argmax(softmax_output, dim=1).view(-1, 1)
    # return y
# y = solve(softmax_"
Q1643,DS1000-Pytorch-978,ds1000,hybrid,"Solve the following data-science coding problem. Return only Python code.

Problem:

I have a logistic regression model using Pytorch, where my input is high-dimensional and my output must be a scalar","# def solve(softmax_output):
    ### BEGIN SOLUTION
    y = torch.argmin(softmax_output, dim=1).detach()
    ### END SOL"
Q1644,DS1000-Pytorch-979,ds1000,hybrid,"Solve the following data-science coding problem. Return only Python code.

Problem:

I am doing an image segmentation task. There are 7 classes in total so the final outout is a tensor like [batch, 7,","loss_func = torch.nn.CrossEntropyLoss()
loss = loss_func(images, labels)"
Q1645,DS1000-Pytorch-980,ds1000,hybrid,"Solve the following data-science coding problem. Return only Python code.

Problem:

I have two tensors of dimension 1000 * 1. I want to check how many of the 1000 elements are equal in the two tensor","cnt_equal = int((A == B).sum())"
Q1646,DS1000-Pytorch-981,ds1000,hybrid,"Solve the following data-science coding problem. Return only Python code.

Problem:

I have two tensors of dimension 11 * 1. I want to check how many of the 11 elements are equal in the two tensors. I","cnt_equal = int((A == B).sum())"
Q1647,DS1000-Pytorch-982,ds1000,hybrid,"Solve the following data-science coding problem. Return only Python code.

Problem:

I have two tensors of dimension like 1000 * 1. I want to check how many of the elements are not equal in the two te","cnt_not_equal = int(len(A)) - int((A == B).sum())"
Q1648,DS1000-Pytorch-983,ds1000,hybrid,"Solve the following data-science coding problem. Return only Python code.

Problem:

I have two tensors of dimension 1000 * 1. I want to check how many of the 1000 elements are equal in the two tensor","# def Count(A, B):
    ### BEGIN SOLUTION
    cnt_equal = int((A == B).sum())
    ### END SOLUTION
    # return cnt_equa"
Q1649,DS1000-Pytorch-984,ds1000,hybrid,"Solve the following data-science coding problem. Return only Python code.

Problem:

I have two tensors of dimension (2*x, 1). I want to check how many of the last x elements are equal in the two tens","cnt_equal = int((A[int(len(A) / 2):] == B[int(len(A) / 2):]).sum())"
Q1650,DS1000-Pytorch-985,ds1000,hybrid,"Solve the following data-science coding problem. Return only Python code.

Problem:

I have two tensors of dimension (2*x, 1). I want to check how many of the last x elements are not equal in the two ","cnt_not_equal = int((A[int(len(A) / 2):] != B[int(len(A) / 2):]).sum())"
Q1651,DS1000-Pytorch-986,ds1000,hybrid,"Solve the following data-science coding problem. Return only Python code.

Problem:

Let's say I have a 5D tensor which has this shape for example : (1, 3, 10, 40, 1). I want to split it into smaller ","Temp = a.unfold(3, chunk_dim, 1)
tensors_31 = []
for i in range(Temp.shape[3]):
    tensors_31.append(Temp[:, :, :, i, :"
Q1652,DS1000-Pytorch-987,ds1000,hybrid,"Solve the following data-science coding problem. Return only Python code.

Problem:

Let's say I have a 5D tensor which has this shape for example : (1, 3, 40, 10, 1). I want to split it into smaller ","Temp = a.unfold(2, chunk_dim, 1)
tensors_31 = []
for i in range(Temp.shape[2]):
    tensors_31.append(Temp[:, :, i, :, :"
Q1653,DS1000-Pytorch-988,ds1000,hybrid,"Solve the following data-science coding problem. Return only Python code.

Problem:

This question may not be clear, so please ask for clarification in the comments and I will expand.

I have the foll","output[:, mask[0].to(torch.bool), :] = clean_input_spectrogram[:, mask[0].to(torch.bool), :]"
Q1654,DS1000-Pytorch-989,ds1000,hybrid,"Solve the following data-science coding problem. Return only Python code.

Problem:

This question may not be clear, so please ask for clarification in the comments and I will expand.

I have the foll","for i in range(len(mask[0])):
    if mask[0][i] == 1:
        mask[0][i] = 0
    else:
        mask[0][i] = 1
output[:, "
Q1655,DS1000-Pytorch-990,ds1000,hybrid,"Solve the following data-science coding problem. Return only Python code.

Problem:

I may be missing something obvious, but I can't find a way to compute this.

Given two tensors, I want to keep elem","mins = torch.min(torch.abs(x), torch.abs(y))

xSigns = (mins == torch.abs(x)) * torch.sign(x)
ySigns = (mins == torch.ab"
Q1656,DS1000-Pytorch-991,ds1000,hybrid,"Solve the following data-science coding problem. Return only Python code.

Problem:

I may be missing something obvious, but I can't find a way to compute this.

Given two tensors, I want to keep elem","maxs = torch.max(torch.abs(x), torch.abs(y))

xSigns = (maxs == torch.abs(x)) * torch.sign(x)
ySigns = (maxs == torch.ab"
Q1657,DS1000-Pytorch-992,ds1000,hybrid,"Solve the following data-science coding problem. Return only Python code.

Problem:

I may be missing something obvious, but I can't find a way to compute this.

Given two tensors, I want to keep elem","# def solve(x, y):
    ### BEGIN SOLUTION
    mins = torch.min(torch.abs(x), torch.abs(y))

    xSigns = (mins == torch."
Q1658,DS1000-Pytorch-993,ds1000,hybrid,"Solve the following data-science coding problem. Return only Python code.

Problem:

I have a trained PyTorch model and I want to get the confidence score of predictions in range (0-1). The code below","'''
training part
'''
# X, Y = load_iris(return_X_y=True)
# lossFunc = torch.nn.CrossEntropyLoss()
# opt = torch.optim.A"
Q1659,DS1000-Pytorch-994,ds1000,hybrid,"Solve the following data-science coding problem. Return only Python code.

Problem:

I have two tensors that should together overlap each other to form a larger tensor. To illustrate:

a = torch.Tenso","c = (a[:, -1:] + b[:, :1]) / 2
result = torch.cat((a[:, :-1], c, b[:, 1:]), dim=1)"
Q1660,DS1000-Pytorch-995,ds1000,hybrid,"Solve the following data-science coding problem. Return only Python code.

Problem:

I have two tensors that should together overlap each other to form a larger tensor. To illustrate:

a = torch.Tenso","# def solve(a, b):
    ### BEGIN SOLUTION
    c = (a[:, -1:] + b[:, :1]) / 2
    result = torch.cat((a[:, :-1], c, b[:, "
Q1661,DS1000-Pytorch-996,ds1000,hybrid,"Solve the following data-science coding problem. Return only Python code.

Problem:

I have a tensor t, for example

1 2
3 4
5 6
7 8
And I would like to make it

0 0 0 0
0 1 2 0
0 3 4 0
0 5 6 0
0 7 8 ","result = torch.nn.functional.pad(t, (1, 1, 1, 1))"
Q1662,DS1000-Pytorch-997,ds1000,hybrid,"Solve the following data-science coding problem. Return only Python code.

Problem:

I have a tensor t, for example

1 2
3 4
And I would like to make it

0 0 0 0
0 1 2 0
0 3 4 0
0 0 0 0
I tried stacki","result = torch.nn.functional.pad(t, (1, 1, 1, 1))"
Q1663,DS1000-Pytorch-998,ds1000,hybrid,"Solve the following data-science coding problem. Return only Python code.

Problem:

I have a tensor t, for example

1 2
3 4
5 6
7 8
And I would like to make it

-1 -1 -1 -1
-1 1 2 -1
-1 3 4 -1
-1 5 6","result = torch.ones((t.shape[0] + 2, t.shape[1] + 2)) * -1
result[1:-1, 1:-1] = t"
Q1664,DS1000-Pytorch-999,ds1000,hybrid,"Solve the following data-science coding problem. Return only Python code.

Problem:

I have batch data and want to dot() to the data. W is trainable parameters. How to dot between batch data and weigh","W = W.unsqueeze(0).unsqueeze(0).expand(*data.size())
result = torch.sum(data * W, 2)
result = result.view(10, 2, 3)"
Q1665,ODEX-3283984,odex,hybrid,"Implement the following open-domain Python intent. Return only code.

Intent: decode a hex string '4a4b4c' to UTF-8.

Stub:
def f_3283984():
	return ","bytes.fromhex('4a4b4c').decode('utf-8')"
Q1666,ODEX-3844801,odex,hybrid,"Implement the following open-domain Python intent. Return only code.

Intent: check if all elements in list `myList` are identical

Stub:
def f_3844801(myList):
	return ","all(x == myList[0] for x in myList)"
Q1667,ODEX-4302166,odex,hybrid,"Implement the following open-domain Python intent. Return only code.

Intent: format number of spaces between strings `Python`, `:` and `Very Good` to be `20`

Stub:
def f_4302166():
	return ","'%*s : %*s' % (20, 'Python', 20, 'Very Good')"
Q1668,ODEX-7555335,odex,hybrid,"Implement the following open-domain Python intent. Return only code.

Intent: convert a string `d` from CP-1251 to UTF-8

Stub:
def f_7555335(d):
	return ","d.decode('cp1251').encode('utf8')"
Q1669,ODEX-2544710,odex,hybrid,"Implement the following open-domain Python intent. Return only code.

Intent: get rid of None values in dictionary `kwargs`

Stub:
def f_2544710(kwargs):
	return ","{k: v for k, v in list(kwargs.items()) if v is not None}"
Q1670,ODEX-2544710,odex,hybrid,"Implement the following open-domain Python intent. Return only code.

Intent: get rid of None values in dictionary `kwargs`

Stub:
def f_2544710(kwargs):
	return ","dict((k, v) for k, v in kwargs.items() if v is not None)"
Q1671,ODEX-14971373,odex,hybrid,"Implement the following open-domain Python intent. Return only code.

Intent: capture final output of a chain of system commands `ps -ef | grep something | wc -l`

Stub:
def f_14971373():
	return ","subprocess.check_output('ps -ef | grep something | wc -l', shell=True)"
Q1672,ODEX-6726636,odex,hybrid,"Implement the following open-domain Python intent. Return only code.

Intent: concatenate a list of strings `['a', 'b', 'c']`

Stub:
def f_6726636():
	return ",""""""""""""".join(['a', 'b', 'c'])"
Q1673,ODEX-18079563,odex,hybrid,"Implement the following open-domain Python intent. Return only code.

Intent: find intersection data between series `s1` and series `s2`

Stub:
def f_18079563(s1, s2):
	return ","pd.Series(list(set(s1).intersection(set(s2))))"
Q1674,ODEX-8315209,odex,hybrid,"Implement the following open-domain Python intent. Return only code.

Intent: sending http headers to `client`

Stub:
def f_8315209(client):
	","client.send('HTTP/1.0 200 OK\r\n')"
Q1675,ODEX-26153795,odex,hybrid,"Implement the following open-domain Python intent. Return only code.

Intent: Format a datetime string `when` to extract date only

Stub:
def f_26153795(when):
	return ","datetime.datetime.strptime(when, '%Y-%m-%d').date()"
Q1676,ODEX-172439,odex,hybrid,"Implement the following open-domain Python intent. Return only code.

Intent: split a multi-line string `inputString` into separate strings

Stub:
def f_172439(inputString):
	return ","inputString.split('\n')"
Q1677,ODEX-172439,odex,hybrid,"Implement the following open-domain Python intent. Return only code.

Intent: Split a multi-line string ` a \n b \r\n c ` by new line character `\n`

Stub:
def f_172439():
	return ","' a \n b \r\n c '.split('\n')"
Q1678,ODEX-13954222,odex,hybrid,"Implement the following open-domain Python intent. Return only code.

Intent: concatenate elements of list `b` by a colon "":""

Stub:
def f_13954222(b):
	return ",""""""":"""""".join(str(x) for x in b)"
Q1679,ODEX-13567345,odex,hybrid,"Implement the following open-domain Python intent. Return only code.

Intent: Calculate sum over all rows of 2D numpy array `a`

Stub:
def f_13567345(a):
	return ","a.sum(axis=1)"
Q1680,ODEX-29784889,odex,hybrid,"Implement the following open-domain Python intent. Return only code.

Intent: enable warnings using action 'always'

Stub:
def f_29784889():
	","warnings.simplefilter('always')"
Q1681,ODEX-13550423,odex,hybrid,"Implement the following open-domain Python intent. Return only code.

Intent: concatenate items of list `l` with a space ' '

Stub:
def f_13550423(l):
	return ","' '.join(map(str, l))"
Q1682,ODEX-698223,odex,hybrid,"Implement the following open-domain Python intent. Return only code.

Intent: parse a time string '30/03/09 16:31:32.123' containing milliseconds in it

Stub:
def f_698223():
	return ","time.strptime('30/03/09 16:31:32.123', '%d/%m/%y %H:%M:%S.%f')"
Q1683,ODEX-6633523,odex,hybrid,"Implement the following open-domain Python intent. Return only code.

Intent: convert a string `my_string` with dot and comma into a float number `my_float`

Stub:
def f_6633523(my_string):
	","my_float = float(my_string.replace(',', ''))"
Q1684,ODEX-6633523,odex,hybrid,"Implement the following open-domain Python intent. Return only code.

Intent: convert a string `123,456.908` with dot and comma into a floating number

Stub:
def f_6633523():
	return ","float('123,456.908'.replace(',', ''))"
Q1685,ODEX-3108285,odex,hybrid,"Implement the following open-domain Python intent. Return only code.

Intent: set python path '/path/to/whatever' in python script

Stub:
def f_3108285():
	","sys.path.append('/path/to/whatever')"
Q1686,ODEX-2195340,odex,hybrid,"Implement the following open-domain Python intent. Return only code.

Intent: split string 'Words, words, words.' using a regex '(\\W+)'

Stub:
def f_2195340():
	return ","re.split('(\\W+)', 'Words, words, words.')"
Q1687,ODEX-17977584,odex,hybrid,"Implement the following open-domain Python intent. Return only code.

Intent: open a file `Output.txt` in append mode

Stub:
def f_17977584():
	return ","open('Output.txt', 'a')"
Q1688,ODEX-22676,odex,hybrid,"Implement the following open-domain Python intent. Return only code.

Intent: download a file ""http://www.example.com/songs/mp3.mp3"" over HTTP and save to ""mp3.mp3""

Stub:
def f_22676():
	return ","urllib.request.urlretrieve('https://github.com/zorazrw/multilingual-conala/blob/master/dataset/test/es_test.json', 'mp3."
Q1689,ODEX-22676,odex,hybrid,"Implement the following open-domain Python intent. Return only code.

Intent: download a file 'http://www.example.com/' over HTTP

Stub:
def f_22676(url):
	","html = urllib.request.urlopen(url).read()"
Q1690,ODEX-22676,odex,hybrid,"Implement the following open-domain Python intent. Return only code.

Intent: download a file `url` over HTTP

Stub:
def f_22676(url):
	return ","requests.get(url)"
Q1691,ODEX-22676,odex,hybrid,"Implement the following open-domain Python intent. Return only code.

Intent: download a file `url` over HTTP and save to ""10MB""

Stub:
def f_22676(url):
	","response = requests.get(url, stream=True)
	with open('10MB', 'wb') as handle:
		for data in response.iter_content():
			"
Q1692,ODEX-15405636,odex,hybrid,"Implement the following open-domain Python intent. Return only code.

Intent: argparse add argument with flag '--version' and version action of '%(prog)s 2.0' to parser `parser`

Stub:
def f_15405636(","parser.add_argument('--version', action='version', version='%(prog)s 2.0')"
Q1693,ODEX-17665809,odex,hybrid,"Implement the following open-domain Python intent. Return only code.

Intent: remove key 'c' from dictionary `d`

Stub:
def f_17665809(d):
	return ","{i: d[i] for i in d if i != 'c'}"
Q1694,ODEX-41861705,odex,hybrid,"Implement the following open-domain Python intent. Return only code.

Intent: Create new DataFrame object by merging columns ""key"" of  dataframes `split_df` and `csv_df` and rename the columns from ","pd.merge(split_df, csv_df, on=['key'], suffixes=('_left', '_right'))"
Q1695,ODEX-10697757,odex,hybrid,"Implement the following open-domain Python intent. Return only code.

Intent: Split a string `s` by space with `4` splits

Stub:
def f_10697757(s):
	return ","s.split(' ', 4)"
Q1696,ODEX-16344756,odex,hybrid,"Implement the following open-domain Python intent. Return only code.

Intent: enable debug mode on Flask application `app`

Stub:
def f_16344756(app):
	return ","app.run(debug=True)"
Q1697,ODEX-40133826,odex,hybrid,"Implement the following open-domain Python intent. Return only code.

Intent: python save list `mylist` to file object 'save.txt'

Stub:
def f_40133826(mylist):
	","pickle.dump(mylist, open('save.txt', 'wb'))"
Q1698,ODEX-4490961,odex,hybrid,"Implement the following open-domain Python intent. Return only code.

Intent: Multiply a matrix `P` with a 3d tensor `T` in scipy

Stub:
def f_4490961(P, T):
	return ","scipy.tensordot(P, T, axes=[1, 1]).swapaxes(0, 1)"
Q1699,ODEX-2173087,odex,hybrid,"Implement the following open-domain Python intent. Return only code.

Intent: Create 3d array of zeroes of size `(3,3,3)`

Stub:
def f_2173087():
	return ","numpy.zeros((3, 3, 3))"
Q1700,ODEX-6266727,odex,hybrid,"Implement the following open-domain Python intent. Return only code.

Intent: cut off the last word of a sentence `content`

Stub:
def f_6266727(content):
	return ",""""""" """""".join(content.split(' ')[:-1])"
Q1701,ODEX-30385151,odex,hybrid,"Implement the following open-domain Python intent. Return only code.

Intent: convert scalar `x` to array

Stub:
def f_30385151(x):
	","x = np.asarray(x).reshape(1, -1)[(0), :]"
Q1702,ODEX-15856127,odex,hybrid,"Implement the following open-domain Python intent. Return only code.

Intent: sum all elements of nested list `L`

Stub:
def f_15856127(L):
	return ","sum(sum(i) if isinstance(i, list) else i for i in L)"
Q1703,ODEX-1592158,odex,hybrid,"Implement the following open-domain Python intent. Return only code.

Intent: convert hex string '470FC614' to a float number

Stub:
def f_1592158():
	return ","struct.unpack('!f', bytes.fromhex('470FC614'))[0]"
Q1704,ODEX-5010536,odex,hybrid,"Implement the following open-domain Python intent. Return only code.

Intent: Multiple each value by `2` for all keys in a dictionary `my_dict`

Stub:
def f_5010536(my_dict):
	","my_dict.update((x, y * 2) for x, y in list(my_dict.items()))"
Q1705,ODEX-13745648,odex,hybrid,"Implement the following open-domain Python intent. Return only code.

Intent: running bash script 'sleep.sh'

Stub:
def f_13745648():
	return ","subprocess.call('sleep.sh', shell=True)"
Q1706,ODEX-44778,odex,hybrid,"Implement the following open-domain Python intent. Return only code.

Intent: Join elements of list `l` with a comma `,`

Stub:
def f_44778(l):
	return ",""""""","""""".join(l)"
Q1707,ODEX-44778,odex,hybrid,"Implement the following open-domain Python intent. Return only code.

Intent: make a comma-separated string from a list `myList`

Stub:
def f_44778(myList):
	","myList = ','.join(map(str, myList))"
Q1708,ODEX-7286365,odex,hybrid,"Implement the following open-domain Python intent. Return only code.

Intent: reverse the list that contains 1 to 10

Stub:
def f_7286365():
	return ","list(reversed(list(range(10))))"
Q1709,ODEX-18454570,odex,hybrid,"Implement the following open-domain Python intent. Return only code.

Intent: remove substring 'bag,' from a string 'lamp, bag, mirror'

Stub:
def f_18454570():
	return ","'lamp, bag, mirror'.replace('bag,', '')"
Q1710,ODEX-4357787,odex,hybrid,"Implement the following open-domain Python intent. Return only code.

Intent: Reverse the order of words, delimited by `.`, in string `s`

Stub:
def f_4357787(s):
	return ","""""""."""""".join(s.split('.')[::-1])"
Q1711,ODEX-21787496,odex,hybrid,"Implement the following open-domain Python intent. Return only code.

Intent: convert epoch time represented as milliseconds `s` to string using format '%Y-%m-%d %H:%M:%S.%f'

Stub:
def f_21787496(s):","datetime.datetime.fromtimestamp(s).strftime('%Y-%m-%d %H:%M:%S.%f')"
Q1712,ODEX-21787496,odex,hybrid,"Implement the following open-domain Python intent. Return only code.

Intent: parse milliseconds epoch time '1236472051807' to format '%Y-%m-%d %H:%M:%S'

Stub:
def f_21787496():
	return ","time.strftime('%Y-%m-%d %H:%M:%S', time.gmtime(1236472051807 / 1000.0))"
Q1713,ODEX-20573459,odex,hybrid,"Implement the following open-domain Python intent. Return only code.

Intent: get the date 7 days before the current date

Stub:
def f_20573459():
	return ","(datetime.datetime.now() - datetime.timedelta(days=7)).date()"
Q1714,ODEX-15352457,odex,hybrid,"Implement the following open-domain Python intent. Return only code.

Intent: sum elements at index `column` of each list in list `data`

Stub:
def f_15352457(column, data):
	return ","sum(row[column] for row in data)"
Q1715,ODEX-15352457,odex,hybrid,"Implement the following open-domain Python intent. Return only code.

Intent: sum columns of a list `array`

Stub:
def f_15352457(array):
	return ","[sum(row[i] for row in array) for i in range(len(array[0]))]"
Q1716,ODEX-23164058,odex,hybrid,"Implement the following open-domain Python intent. Return only code.

Intent: encode binary string 'your string' to base64 code

Stub:
def f_23164058():
	return ","base64.b64encode(bytes('your string', 'utf-8'))"
Q1717,ODEX-11533274,odex,hybrid,"Implement the following open-domain Python intent. Return only code.

Intent: combine list of dictionaries `dicts` with the same keys in each list to a single dictionary

Stub:
def f_11533274(dicts):
","dict((k, [d[k] for d in dicts]) for k in dicts[0])"
Q1718,ODEX-11533274,odex,hybrid,"Implement the following open-domain Python intent. Return only code.

Intent: Merge a nested dictionary `dicts` into a flat dictionary by concatenating nested values with the same key `k`

Stub:
def f","{k: [d[k] for d in dicts] for k in dicts[0]}"
Q1719,ODEX-14026704,odex,hybrid,"Implement the following open-domain Python intent. Return only code.

Intent: get the url parameter 'myParam' in a Flask view

Stub:
def f_14026704(request):
	return ","request.args['myParam']"
Q1720,ODEX-11236006,odex,hybrid,"Implement the following open-domain Python intent. Return only code.

Intent: identify duplicate values in list `mylist`

Stub:
def f_11236006(mylist):
	return ","[k for k, v in list(Counter(mylist).items()) if v > 1]"
Q1721,ODEX-20211942,odex,hybrid,"Implement the following open-domain Python intent. Return only code.

Intent: Insert a 'None' value into a SQLite3 table.

Stub:
def f_20211942(db):
	return ","db.execute(""INSERT INTO present VALUES('test2', ?, 10)"", (None,))"
Q1722,ODEX-406121,odex,hybrid,"Implement the following open-domain Python intent. Return only code.

Intent: flatten list `list_of_menuitems`

Stub:
def f_406121(list_of_menuitems):
	return ","[image for menuitem in list_of_menuitems for image in menuitem]"
Q1723,ODEX-4741537,odex,hybrid,"Implement the following open-domain Python intent. Return only code.

Intent: append elements of a set `b` to a list `a`

Stub:
def f_4741537(a, b):
	","a.extend(b)"
Q1724,ODEX-15851568,odex,hybrid,"Implement the following open-domain Python intent. Return only code.

Intent: Split a string `x` by last occurrence of character `-`

Stub:
def f_15851568(x):
	return ","x.rpartition('-')[0]"
Q1725,ODEX-15851568,odex,hybrid,"Implement the following open-domain Python intent. Return only code.

Intent: get the last part of a string before the character '-'

Stub:
def f_15851568(x):
	return ","x.rsplit('-', 1)[0]"
Q1726,ODEX-17438096,odex,hybrid,"Implement the following open-domain Python intent. Return only code.

Intent: upload file using FTP

Stub:
def f_17438096(filename, ftp):
	","ftp.storlines('STOR ' + filename, open(filename, 'r'))"
Q1727,ODEX-28742436,odex,hybrid,"Implement the following open-domain Python intent. Return only code.

Intent: create array containing the maximum value of respective elements of array `[2, 3, 4]` and array `[1, 5, 2]`

Stub:
def f_2","np.maximum([2, 3, 4], [1, 5, 2])"
Q1728,ODEX-34280147,odex,hybrid,"Implement the following open-domain Python intent. Return only code.

Intent: print a list `l` and move first 3 elements to the end of the list

Stub:
def f_34280147(l):
	return ","l[3:] + l[:3]"
Q1729,ODEX-4172131,odex,hybrid,"Implement the following open-domain Python intent. Return only code.

Intent: create a random list of integers

Stub:
def f_4172131():
	return ","[int(1000 * random.random()) for i in range(10000)]"
Q1730,ODEX-6677332,odex,hybrid,"Implement the following open-domain Python intent. Return only code.

Intent: Using %f with strftime() in Python to get microseconds

Stub:
def f_6677332():
	return ","datetime.datetime.now().strftime('%H:%M:%S.%f')"
Q1731,ODEX-15325182,odex,hybrid,"Implement the following open-domain Python intent. Return only code.

Intent: filter rows in pandas starting with alphabet 'f' using regular expression.

Stub:
def f_15325182(df):
	return ","df.b.str.contains('^f')"
Q1732,ODEX-583557,odex,hybrid,"Implement the following open-domain Python intent. Return only code.

Intent: print a 2 dimensional list `tab` as a table with delimiters

Stub:
def f_583557(tab):
	return ","'\n'.join('\t'.join(str(col) for col in row) for row in tab)"
Q1733,ODEX-38535931,odex,hybrid,"Implement the following open-domain Python intent. Return only code.

Intent: pandas: delete rows in dataframe `df` based on multiple columns values

Stub:
def f_38535931(df, tuples):
	return ","df.set_index(list('BC')).drop(tuples, errors='ignore').reset_index()"
Q1734,ODEX-13945749,odex,hybrid,"Implement the following open-domain Python intent. Return only code.

Intent: format the variables `goals` and `penalties` using string formatting

Stub:
def f_13945749(goals, penalties):
	return ","""""""({:d} goals, ${:d})"""""".format(goals, penalties)"
Q1735,ODEX-13945749,odex,hybrid,"Implement the following open-domain Python intent. Return only code.

Intent: format string ""({} goals, ${})"" with variables `goals` and `penalties`

Stub:
def f_13945749(goals, penalties):
	return ","""""""({} goals, ${})"""""".format(goals, penalties)"
Q1736,ODEX-18524642,odex,hybrid,"Implement the following open-domain Python intent. Return only code.

Intent: convert list of lists `L` to list of integers

Stub:
def f_18524642(L):
	return ","[int(''.join(str(d) for d in x)) for x in L]"
Q1737,ODEX-18524642,odex,hybrid,"Implement the following open-domain Python intent. Return only code.

Intent: convert a list of lists `L` to list of integers

Stub:
def f_18524642(L):
	","L = [int(''.join([str(y) for y in x])) for x in L]"
Q1738,ODEX-7138686,odex,hybrid,"Implement the following open-domain Python intent. Return only code.

Intent: write the elements of list `lines` concatenated by special character '\n' to file `myfile`

Stub:
def f_7138686(lines, myf","myfile.write('\n'.join(lines))"
Q1739,ODEX-17238587,odex,hybrid,"Implement the following open-domain Python intent. Return only code.

Intent: Remove duplicate words from a string `text` using regex

Stub:
def f_17238587(text):
	","text = re.sub('\\b(\\w+)( \\1\\b)+', '\\1', text)"
Q1740,ODEX-26053849,odex,hybrid,"Implement the following open-domain Python intent. Return only code.

Intent: count non zero values in each column in pandas data frame `df`

Stub:
def f_26053849(df):
	return ","df.astype(bool).sum(axis=1)"
Q1741,ODEX-15534223,odex,hybrid,"Implement the following open-domain Python intent. Return only code.

Intent: search for string that matches regular expression pattern '(?<!Distillr)\\\\AcroTray\\.exe' in string 'C:\\SomeDir\\AcroTr","re.search('(?<!Distillr)\\\\AcroTray\\.exe', 'C:\\SomeDir\\AcroTray.exe')"
Q1742,ODEX-5453026,odex,hybrid,"Implement the following open-domain Python intent. Return only code.

Intent: split string 'QH QD JC KD JS' into a list on white spaces

Stub:
def f_5453026():
	return ","""""""QH QD JC KD JS"""""".split()"
Q1743,ODEX-18168684,odex,hybrid,"Implement the following open-domain Python intent. Return only code.

Intent: search for occurrences of regex pattern '>.*<' in xml string `line`

Stub:
def f_18168684(line):
	return ","re.search('>.*<', line).group(0)"
Q1744,ODEX-4914277,odex,hybrid,"Implement the following open-domain Python intent. Return only code.

Intent: erase all the contents of a file `filename`

Stub:
def f_4914277(filename):
	return ","open(filename, 'w').close()"
Q1745,ODEX-19068269,odex,hybrid,"Implement the following open-domain Python intent. Return only code.

Intent: convert a string `string_date` into datetime using the format '%Y-%m-%d %H:%M:%S.%f'

Stub:
def f_19068269(string_date):
	","datetime.datetime.strptime(string_date, '%Y-%m-%d %H:%M:%S.%f')"
Q1746,ODEX-20683167,odex,hybrid,"Implement the following open-domain Python intent. Return only code.

Intent: find the index of a list with the first element equal to '332' within the list of lists `thelist`

Stub:
def f_20683167(th","[index for index, item in enumerate(thelist) if item[0] == '332']"
Q1747,ODEX-30693804,odex,hybrid,"Implement the following open-domain Python intent. Return only code.

Intent: lower a string `text` and remove non-alphanumeric characters aside from space

Stub:
def f_30693804(text):
	return ","re.sub('[^\\sa-zA-Z0-9]', '', text).lower().strip()"
Q1748,ODEX-30693804,odex,hybrid,"Implement the following open-domain Python intent. Return only code.

Intent: remove all non-alphanumeric characters except space from a string `text` and lower it

Stub:
def f_30693804(text):
	return","re.sub('(?!\\s)[\\W_]', '', text).lower().strip()"
Q1749,ODEX-17138464,odex,hybrid,"Implement the following open-domain Python intent. Return only code.

Intent: subscript text 'H20' with '2' as subscripted in matplotlib labels for arrays 'x' and 'y'.

Stub:
def f_17138464(x, y):
	re","plt.plot(x, y, label='H\u2082O')"
Q1750,ODEX-17138464,odex,hybrid,"Implement the following open-domain Python intent. Return only code.

Intent: subscript text 'H20' with '2' as subscripted in matplotlib labels for arrays 'x' and 'y'.

Stub:
def f_17138464(x, y):
	re","plt.plot(x, y, label='$H_2O$')"
Q1751,ODEX-9138112,odex,hybrid,"Implement the following open-domain Python intent. Return only code.

Intent: loop over a list `mylist` if sublists length equals 3

Stub:
def f_9138112(mylist):
	return ","[x for x in mylist if len(x) == 3]"
Q1752,ODEX-1807026,odex,hybrid,"Implement the following open-domain Python intent. Return only code.

Intent: initialize a list `lst` of 100 objects Object()

Stub:
def f_1807026():
	","lst = [Object() for _ in range(100)]"
Q1753,ODEX-13793321,odex,hybrid,"Implement the following open-domain Python intent. Return only code.

Intent: joining data from dataframe `df1` with data from dataframe `df2` based on matching values of column 'Date_Time' in both da","df1.merge(df2, on='Date_Time')"
Q1754,ODEX-3367288,odex,hybrid,"Implement the following open-domain Python intent. Return only code.

Intent: use `%s` operator to print variable values `str1` inside a string

Stub:
def f_3367288(str1):
	return ","'first string is: %s, second one is: %s' % (str1, 'geo.tif')"
Q1755,ODEX-3475251,odex,hybrid,"Implement the following open-domain Python intent. Return only code.

Intent: Split a string '2.MATCHES $$TEXT$$ STRING' by a delimiter '$$TEXT$$'

Stub:
def f_3475251():
	return ","[x.strip() for x in '2.MATCHES $$TEXT$$ STRING'.split('$$TEXT$$')]"
Q1756,ODEX-273192,odex,hybrid,"Implement the following open-domain Python intent. Return only code.

Intent: check if directory `directory ` exists and create it if necessary

Stub:
def f_273192(directory):
	","if (not os.path.exists(directory)):
	    os.makedirs(directory)"
Q1757,ODEX-273192,odex,hybrid,"Implement the following open-domain Python intent. Return only code.

Intent: check if a directory `path` exists and create it if necessary

Stub:
def f_273192(path):
	","try:
	    os.makedirs(path)
	except OSError:
	    if (not os.path.isdir(path)):
	        raise"
Q1758,ODEX-273192,odex,hybrid,"Implement the following open-domain Python intent. Return only code.

Intent: check if a directory `path` exists and create it if necessary

Stub:
def f_273192(path):
	","try:
	    os.makedirs(path)
	except OSError as exception:
	    if (exception.errno != errno.EEXIST):
	        raise"
Q1759,ODEX-18785032,odex,hybrid,"Implement the following open-domain Python intent. Return only code.

Intent: Replace a separate word 'H3' by 'H1' in a string 'text'

Stub:
def f_18785032(text):
	return ","re.sub('\\bH3\\b', 'H1', text)"
Q1760,ODEX-1450897,odex,hybrid,"Implement the following open-domain Python intent. Return only code.

Intent: substitute ASCII letters in string 'aas30dsa20' with empty string ''

Stub:
def f_1450897():
	return ","re.sub('\\D', '', 'aas30dsa20')"
Q1761,ODEX-1450897,odex,hybrid,"Implement the following open-domain Python intent. Return only code.

Intent: get digits only from a string `aas30dsa20` using lambda function

Stub:
def f_1450897():
	return ",""""""""""""".join([x for x in 'aas30dsa20' if x.isdigit()])"
Q1762,ODEX-14435268,odex,hybrid,"Implement the following open-domain Python intent. Return only code.

Intent: access a tag called ""name"" in beautifulsoup `soup`

Stub:
def f_14435268(soup):
	return ","soup.find('name').string"
Q1763,ODEX-20180210,odex,hybrid,"Implement the following open-domain Python intent. Return only code.

Intent: Create new matrix object  by concatenating data from matrix A and matrix B

Stub:
def f_20180210(A, B):
	return ","np.concatenate((A, B))"
Q1764,ODEX-20180210,odex,hybrid,"Implement the following open-domain Python intent. Return only code.

Intent: concat two matrices `A` and `B` in numpy

Stub:
def f_20180210(A, B):
	return ","np.vstack((A, B))"
Q1765,ODEX-2011048,odex,hybrid,"Implement the following open-domain Python intent. Return only code.

Intent: Get the characters count in a file `filepath`

Stub:
def f_2011048(filepath):
	return ","os.stat(filepath).st_size"
Q1766,ODEX-2600191,odex,hybrid,"Implement the following open-domain Python intent. Return only code.

Intent: count the occurrences of item ""a"" in list `l`

Stub:
def f_2600191(l):
	return ","l.count('a')"
Q1767,ODEX-2600191,odex,hybrid,"Implement the following open-domain Python intent. Return only code.

Intent: count the occurrences of items in list `l`

Stub:
def f_2600191(l):
	return ","Counter(l)"
Q1768,ODEX-2600191,odex,hybrid,"Implement the following open-domain Python intent. Return only code.

Intent: count the occurrences of items in list `l`

Stub:
def f_2600191(l):
	return ","[[x, l.count(x)] for x in set(l)]"
Q1769,ODEX-2600191,odex,hybrid,"Implement the following open-domain Python intent. Return only code.

Intent: count the occurrences of items in list `l`

Stub:
def f_2600191(l):
	return ","dict(((x, l.count(x)) for x in set(l)))"
Q1770,ODEX-2600191,odex,hybrid,"Implement the following open-domain Python intent. Return only code.

Intent: count the occurrences of item ""b"" in list `l`

Stub:
def f_2600191(l):
	return ","l.count('b')"
Q1771,ODEX-12842997,odex,hybrid,"Implement the following open-domain Python intent. Return only code.

Intent: copy file `srcfile` to directory `dstdir`

Stub:
def f_12842997(srcfile, dstdir):
	","shutil.copy(srcfile, dstdir)"
Q1772,ODEX-1555968,odex,hybrid,"Implement the following open-domain Python intent. Return only code.

Intent: find the key associated with the largest value in dictionary `x` whilst key is non-zero value

Stub:
def f_1555968(x):
	re","max(k for k, v in x.items() if v != 0)"
Q1773,ODEX-17021863,odex,hybrid,"Implement the following open-domain Python intent. Return only code.

Intent: Put the curser at beginning of the file

Stub:
def f_17021863(file):
	","file.seek(0)"
Q1774,ODEX-38152389,odex,hybrid,"Implement the following open-domain Python intent. Return only code.

Intent: combine values from column 'b' and column 'a' of dataframe `df`  into column 'c' of datafram `df`

Stub:
def f_38152389(df","df['c'] = np.where(df['a'].isnull, df['b'], df['a'])"
Q1775,ODEX-4175686,odex,hybrid,"Implement the following open-domain Python intent. Return only code.

Intent: remove key 'ele' from dictionary `d`

Stub:
def f_4175686(d):
	","del d['ele']"
Q1776,ODEX-11574195,odex,hybrid,"Implement the following open-domain Python intent. Return only code.

Intent: merge list `['it']` and list `['was']` and list `['annoying']` into one list

Stub:
def f_11574195():
	return ","['it'] + ['was'] + ['annoying']"
Q1777,ODEX-587647,odex,hybrid,"Implement the following open-domain Python intent. Return only code.

Intent: increment a value with leading zeroes in a number `x`

Stub:
def f_587647(x):
	return ","str(int(x) + 1).zfill(len(x))"
Q1778,ODEX-17315881,odex,hybrid,"Implement the following open-domain Python intent. Return only code.

Intent: check if a pandas dataframe `df`'s index is sorted

Stub:
def f_17315881(df):
	return ","all(df.index[:-1] <= df.index[1:])"
Q1779,ODEX-16296643,odex,hybrid,"Implement the following open-domain Python intent. Return only code.

Intent: Convert tuple `t` to list

Stub:
def f_16296643(t):
	return ","list(t)"
Q1780,ODEX-16296643,odex,hybrid,"Implement the following open-domain Python intent. Return only code.

Intent: Convert list `t` to tuple

Stub:
def f_16296643(t):
	return ","tuple(t)"
Q1781,ODEX-16296643,odex,hybrid,"Implement the following open-domain Python intent. Return only code.

Intent: Convert tuple `level1` to list

Stub:
def f_16296643(level1):
	","level1 = map(list, level1)"
Q1782,ODEX-3880399,odex,hybrid,"Implement the following open-domain Python intent. Return only code.

Intent: send the output of pprint object `dataobject` to file `logFile`

Stub:
def f_3880399(dataobject, logFile):
	return ","pprint.pprint(dataobject, logFile)"
Q1783,ODEX-21800169,odex,hybrid,"Implement the following open-domain Python intent. Return only code.

Intent: get index of rows in column 'BoolCol'

Stub:
def f_21800169(df):
	return ","df.loc[df['BoolCol']]"
Q1784,ODEX-21800169,odex,hybrid,"Implement the following open-domain Python intent. Return only code.

Intent: Create a list containing the indexes of rows where the value of column 'BoolCol' in dataframe `df` are equal to True

Stub","df.iloc[np.flatnonzero(df['BoolCol'])]"
Q1785,ODEX-21800169,odex,hybrid,"Implement the following open-domain Python intent. Return only code.

Intent: from dataframe `df` get list of indexes of rows where column 'BoolCol' values match True

Stub:
def f_21800169(df):
	retur","df[df['BoolCol'] == True].index.tolist()"
Q1786,ODEX-21800169,odex,hybrid,"Implement the following open-domain Python intent. Return only code.

Intent: get index of rows in dataframe `df` which column 'BoolCol' matches value True

Stub:
def f_21800169(df):
	return ","df[df['BoolCol']].index.tolist()"
Q1787,ODEX-299446,odex,hybrid,"Implement the following open-domain Python intent. Return only code.

Intent: change working directory to the directory `owd`

Stub:
def f_299446(owd):
	","os.chdir(owd)"
Q1788,ODEX-14695134,odex,hybrid,"Implement the following open-domain Python intent. Return only code.

Intent: insert data from a string `testfield` to sqlite db `c`

Stub:
def f_14695134(c, testfield):
	","c.execute(""INSERT INTO test VALUES (?, 'bar')"", (testfield,))"
Q1789,ODEX-24242433,odex,hybrid,"Implement the following open-domain Python intent. Return only code.

Intent: decode string ""\\x89\\n"" into a normal string

Stub:
def f_24242433():
	return ","b'\\x89\\n'.decode('unicode_escape')"
Q1790,ODEX-24242433,odex,hybrid,"Implement the following open-domain Python intent. Return only code.

Intent: convert a raw string `raw_string` into a normal string

Stub:
def f_24242433(raw_string):
	return ","raw_string.decode('unicode_escape')"
Q1791,ODEX-24242433,odex,hybrid,"Implement the following open-domain Python intent. Return only code.

Intent: convert a raw string `raw_byte_string` into a normal string

Stub:
def f_24242433(raw_byte_string):
	return ","raw_byte_string.decode('unicode_escape')"
Q1792,ODEX-22882922,odex,hybrid,"Implement the following open-domain Python intent. Return only code.

Intent: split a string `s` with into all strings of repeated characters

Stub:
def f_22882922(s):
	return ","[m.group(0) for m in re.finditer('(\\d)\\1*', s)]"
Q1793,ODEX-4143502,odex,hybrid,"Implement the following open-domain Python intent. Return only code.

Intent: scatter a plot with x, y position of `np.random.randn(100)` and face color equal to none

Stub:
def f_4143502():
	return ","plt.scatter(np.random.randn(100), np.random.randn(100), facecolors='none')"
Q1794,ODEX-4143502,odex,hybrid,"Implement the following open-domain Python intent. Return only code.

Intent: do a scatter plot with empty circles

Stub:
def f_4143502():
	return ","plt.plot(np.random.randn(100), np.random.randn(100), 'o', mfc='none')"
Q1795,ODEX-32063985,odex,hybrid,"Implement the following open-domain Python intent. Return only code.

Intent: remove a div from `soup` with a id `main-content` using beautifulsoup

Stub:
def f_32063985(soup):
	return ","soup.find('div', id='main-content').decompose()"
Q1796,ODEX-27975069,odex,hybrid,"Implement the following open-domain Python intent. Return only code.

Intent: filter rows of datafram `df` containing key word `ball` in column `ids`

Stub:
def f_27975069(df):
	return ","df[df['ids'].str.contains('ball')]"
Q1797,ODEX-20461165,odex,hybrid,"Implement the following open-domain Python intent. Return only code.

Intent: convert index at level 0 into a column in dataframe `df`

Stub:
def f_20461165(df):
	return ","df.reset_index(level=0, inplace=True)"
Q1798,ODEX-20461165,odex,hybrid,"Implement the following open-domain Python intent. Return only code.

Intent: Add indexes in a data frame `df` to a column `index1`

Stub:
def f_20461165(df):
	","df['index1'] = df.index"
Q1799,ODEX-20461165,odex,hybrid,"Implement the following open-domain Python intent. Return only code.

Intent: convert pandas index in a dataframe `df` to columns

Stub:
def f_20461165(df):
	return ","df.reset_index(level=['tick', 'obs'])"
Q1800,ODEX-4685571,odex,hybrid,"Implement the following open-domain Python intent. Return only code.

Intent: Get reverse of list items from list 'b' using extended slicing

Stub:
def f_4685571(b):
	return ","[x[::-1] for x in b]"
Q1801,ODEX-17960441,odex,hybrid,"Implement the following open-domain Python intent. Return only code.

Intent: join each element in array `a` with element at the same index in array `b` as a tuple

Stub:
def f_17960441(a, b):
	return","np.array([zip(x, y) for x, y in zip(a, b)])"
Q1802,ODEX-17960441,odex,hybrid,"Implement the following open-domain Python intent. Return only code.

Intent: zip two 2-d arrays `a` and `b`

Stub:
def f_17960441(a, b):
	return ","np.array(list(zip(a.ravel(),b.ravel())), dtype=('i4,i4')).reshape(a.shape)"
Q1803,ODEX-438684,odex,hybrid,"Implement the following open-domain Python intent. Return only code.

Intent: convert list `list_of_ints` into a comma separated string

Stub:
def f_438684(list_of_ints):
	return ",""""""","""""".join([str(i) for i in list_of_ints])"
Q1804,ODEX-8519922,odex,hybrid,"Implement the following open-domain Python intent. Return only code.

Intent: Send a post request with raw data `DATA` and basic authentication with `username` and `password`

Stub:
def f_8519922(url,","requests.post(url, data=DATA, headers=HEADERS_DICT, auth=(username, password))"
Q1805,ODEX-26443308,odex,hybrid,"Implement the following open-domain Python intent. Return only code.

Intent: Find last occurrence of character '}' in string ""abcd}def}""

Stub:
def f_26443308():
	return ","'abcd}def}'.rfind('}')"
Q1806,ODEX-22365172,odex,hybrid,"Implement the following open-domain Python intent. Return only code.

Intent: Iterate ove list `[1, 2, 3]` using list comprehension

Stub:
def f_22365172():
	return ","[item for item in [1, 2, 3]]"
Q1807,ODEX-12300912,odex,hybrid,"Implement the following open-domain Python intent. Return only code.

Intent: extract all the values with keys 'x' and 'y' from a list of dictionaries `d` to list of tuples

Stub:
def f_12300912(d):
	","[(x['x'], x['y']) for x in d]"
Q1808,ODEX-678236,odex,hybrid,"Implement the following open-domain Python intent. Return only code.

Intent: get the filename without the extension from file 'hemanth.txt'

Stub:
def f_678236():
	return ","os.path.splitext(os.path.basename('hemanth.txt'))[0]"
Q1809,ODEX-7895449,odex,hybrid,"Implement the following open-domain Python intent. Return only code.

Intent: create a list containing flattened list `[['A', 'B', 'C'], ['D', 'E', 'F'], ['G', 'H', 'I']]`

Stub:
def f_7895449():
	ret","sum([['A', 'B', 'C'], ['D', 'E', 'F'], ['G', 'H', 'I']], [])"
Q1810,ODEX-31617845,odex,hybrid,"Implement the following open-domain Python intent. Return only code.

Intent: select rows in a dataframe `df` column 'closing_price' between two values 99 and 101

Stub:
def f_31617845(df):
	","df = df[(df['closing_price'] >= 99) & (df['closing_price'] <= 101)]"
Q1811,ODEX-25698710,odex,hybrid,"Implement the following open-domain Python intent. Return only code.

Intent: replace all occurences of newlines `\n` with `<br>` in dataframe `df`

Stub:
def f_25698710(df):
	return ","df.replace({'\n': '<br>'}, regex=True)"
Q1812,ODEX-25698710,odex,hybrid,"Implement the following open-domain Python intent. Return only code.

Intent: replace all occurrences of a string `\n` by string `<br>` in a pandas data frame `df`

Stub:
def f_25698710(df):
	return ","df.replace({'\n': '<br>'}, regex=True)"
Q1813,ODEX-41923858,odex,hybrid,"Implement the following open-domain Python intent. Return only code.

Intent: create a list containing each two adjacent letters in string `word` as its elements

Stub:
def f_41923858(word):
	return ","[(x + y) for x, y in zip(word, word[1:])]"
Q1814,ODEX-41923858,odex,hybrid,"Implement the following open-domain Python intent. Return only code.

Intent: Get a list of pairs from a string `word` using lambda function

Stub:
def f_41923858(word):
	return ","list(map(lambda x, y: x + y, word[:-1], word[1:]))"
Q1815,ODEX-9760588,odex,hybrid,"Implement the following open-domain Python intent. Return only code.

Intent: extract a url from a string `myString`

Stub:
def f_9760588(myString):
	return ","re.findall('(https?://[^\\s]+)', myString)"
Q1816,ODEX-9760588,odex,hybrid,"Implement the following open-domain Python intent. Return only code.

Intent: extract a url from a string `myString`

Stub:
def f_9760588(myString):
	return ","re.search('(?P<url>https?://[^\\s]+)', myString).group('url')"
Q1817,ODEX-5843518,odex,hybrid,"Implement the following open-domain Python intent. Return only code.

Intent: remove all special characters, punctuation and spaces from a string `mystring` using regex

Stub:
def f_5843518(mystring):","re.sub('[^A-Za-z0-9]+', '', mystring)"
Q1818,ODEX-36674519,odex,hybrid,"Implement the following open-domain Python intent. Return only code.

Intent: create a DatetimeIndex containing 13 periods of the second friday of each month starting from date '2016-01-01'

Stub:
def","pd.date_range('2016-01-01', freq='WOM-2FRI', periods=13)"
Q1819,ODEX-508657,odex,hybrid,"Implement the following open-domain Python intent. Return only code.

Intent: Create multidimensional array `matrix` with 3 rows and 2 columns in python

Stub:
def f_508657():
	","matrix = [['a', 'b'], ['c', 'd'], ['e', 'f']]"
Q1820,ODEX-1007481,odex,hybrid,"Implement the following open-domain Python intent. Return only code.

Intent: replace spaces with underscore in string `mystring`

Stub:
def f_1007481(mystring):
	return ","mystring.replace(' ', '_')"
Q1821,ODEX-1249786,odex,hybrid,"Implement the following open-domain Python intent. Return only code.

Intent: split string `my_string` on white spaces

Stub:
def f_1249786(my_string):
	return ",""""""" """""".join(my_string.split())"
Q1822,ODEX-4444923,odex,hybrid,"Implement the following open-domain Python intent. Return only code.

Intent: get filename without extension from file `filename`

Stub:
def f_4444923(filename):
	return ","os.path.splitext(filename)[0]"
Q1823,ODEX-13728486,odex,hybrid,"Implement the following open-domain Python intent. Return only code.

Intent: get a list containing the sum of each element `i` in list `l` plus the previous elements

Stub:
def f_13728486(l):
	return","[sum(l[:i]) for i, _ in enumerate(l)]"
Q1824,ODEX-9743134,odex,hybrid,"Implement the following open-domain Python intent. Return only code.

Intent: split a string `Docs/src/Scripts/temp` by `/` keeping `/` in the result

Stub:
def f_9743134():
	return ","""""""Docs/src/Scripts/temp"""""".replace('/', '/\x00/').split('\x00')"
Q1825,ODEX-20546419,odex,hybrid,"Implement the following open-domain Python intent. Return only code.

Intent: shuffle columns of an numpy array 'r'

Stub:
def f_20546419(r):
	return ","np.random.shuffle(np.transpose(r))"
Q1826,ODEX-32675861,odex,hybrid,"Implement the following open-domain Python intent. Return only code.

Intent: copy all values in a column 'B' to a new column 'D' in a pandas data frame 'df'

Stub:
def f_32675861(df):
	","df['D'] = df['B']"
Q1827,ODEX-14227561,odex,hybrid,"Implement the following open-domain Python intent. Return only code.

Intent: find a value within nested json 'data' where the key inside another key 'B' is unknown.

Stub:
def f_14227561(data):
	retu","list(data['A']['B'].values())[0]['maindata'][0]['Info']"
Q1828,ODEX-14858916,odex,hybrid,"Implement the following open-domain Python intent. Return only code.

Intent: check characters of string `string` are true predication of function `predicate`

Stub:
def f_14858916(string, predicate):","all(predicate(x) for x in string)"
Q1829,ODEX-574236,odex,hybrid,"Implement the following open-domain Python intent. Return only code.

Intent: determine number of files on a drive with python

Stub:
def f_574236():
	return ","os.statvfs('/').f_files - os.statvfs('/').f_ffree"
Q1830,ODEX-7011291,odex,hybrid,"Implement the following open-domain Python intent. Return only code.

Intent: how to get a single result from a SQLite query from `cursor`

Stub:
def f_7011291(cursor):
	return ","cursor.fetchone()[0]"
Q1831,ODEX-6378889,odex,hybrid,"Implement the following open-domain Python intent. Return only code.

Intent: convert string `user_input` into a list of integers `user_list`

Stub:
def f_6378889(user_input):
	","user_list = [int(number) for number in user_input.split(',')]"
Q1832,ODEX-6378889,odex,hybrid,"Implement the following open-domain Python intent. Return only code.

Intent: Get a list of integers by splitting  a string `user` with comma

Stub:
def f_6378889(user):
	return ","[int(s) for s in user.split(',')]"
Q1833,ODEX-5212870,odex,hybrid,"Implement the following open-domain Python intent. Return only code.

Intent: Sorting a Python list `list` by the first item ascending and last item descending

Stub:
def f_5212870(list):
	return ","sorted(list, key=lambda x: (x[0], -x[1]))"
Q1834,ODEX-403421,odex,hybrid,"Implement the following open-domain Python intent. Return only code.

Intent: sort a list of objects `ut`, based on a function `cmpfun` in descending order

Stub:
def f_403421(ut, cmpfun):
	","ut.sort(key=cmpfun, reverse=True)"
Q1835,ODEX-403421,odex,hybrid,"Implement the following open-domain Python intent. Return only code.

Intent: reverse list `ut` based on the `count` attribute of each object

Stub:
def f_403421(ut):
	","ut.sort(key=lambda x: x.count, reverse=True)"
Q1836,ODEX-3944876,odex,hybrid,"Implement the following open-domain Python intent. Return only code.

Intent: cast an int `i` to a string and concat to string 'ME'

Stub:
def f_3944876(i):
	return ","'ME' + str(i)"
Q1837,ODEX-40903174,odex,hybrid,"Implement the following open-domain Python intent. Return only code.

Intent: Sorting data in Pandas DataFrame `df` with columns 'System_num' and 'Dis'

Stub:
def f_40903174(df):
	return ","df.sort_values(['System_num', 'Dis'])"
Q1838,ODEX-4454298,odex,hybrid,"Implement the following open-domain Python intent. Return only code.

Intent: prepend the line '#test firstline\n' to the contents of file 'infile' and save as the file 'outfile'

Stub:
def f_4454298(","open(outfile, 'w').write('#test firstline\n' + open(infile).read())"
Q1839,ODEX-19729928,odex,hybrid,"Implement the following open-domain Python intent. Return only code.

Intent: sort a list `l` by length of value in tuple

Stub:
def f_19729928(l):
	","l.sort(key=lambda t: len(t[1]), reverse=True)"
Q1840,ODEX-31371879,odex,hybrid,"Implement the following open-domain Python intent. Return only code.

Intent: split string `s` by words that ends with 'd'

Stub:
def f_31371879(s):
	return ","re.findall('\\b(\\w+)d\\b', s)"
Q1841,ODEX-9012008,odex,hybrid,"Implement the following open-domain Python intent. Return only code.

Intent: return `True` if string `foobarrrr` contains regex `ba[rzd]`

Stub:
def f_9012008():
	return ","bool(re.search('ba[rzd]', 'foobarrrr'))"
Q1842,ODEX-7961363,odex,hybrid,"Implement the following open-domain Python intent. Return only code.

Intent: Removing duplicates in list `t`

Stub:
def f_7961363(t):
	return ","list(set(t))"
Q1843,ODEX-7961363,odex,hybrid,"Implement the following open-domain Python intent. Return only code.

Intent: Removing duplicates in list `source_list`

Stub:
def f_7961363(source_list):
	return ","list(set(source_list))"
Q1844,ODEX-7961363,odex,hybrid,"Implement the following open-domain Python intent. Return only code.

Intent: Removing duplicates in list `abracadabra`

Stub:
def f_7961363():
	return ","list(OrderedDict.fromkeys('abracadabra'))"
Q1845,ODEX-5183533,odex,hybrid,"Implement the following open-domain Python intent. Return only code.

Intent: Convert array `a` into a list

Stub:
def f_5183533(a):
	return ","numpy.array(a).reshape(-1).tolist()"
Q1846,ODEX-5183533,odex,hybrid,"Implement the following open-domain Python intent. Return only code.

Intent: Convert the first row of numpy matrix `a` to a list

Stub:
def f_5183533(a):
	return ","numpy.array(a)[0].tolist()"
Q1847,ODEX-5999747,odex,hybrid,"Implement the following open-domain Python intent. Return only code.

Intent: In `soup`, get the content of the sibling of the `td`  tag with text content `Address:`

Stub:
def f_5999747(soup):
	retur","soup.find(text='Address:').findNext('td').contents[0]"
Q1848,ODEX-4284648,odex,hybrid,"Implement the following open-domain Python intent. Return only code.

Intent: convert elements of each tuple in list `l` into a string  separated by character `@`

Stub:
def f_4284648(l):
	return ",""""""" """""".join([('%d@%d' % t) for t in l])"
Q1849,ODEX-4284648,odex,hybrid,"Implement the following open-domain Python intent. Return only code.

Intent: convert each tuple in list `l` to a string with '@' separating the tuples' elements

Stub:
def f_4284648(l):
	return ",""""""" """""".join([('%d@%d' % (t[0], t[1])) for t in l])"
Q1850,ODEX-29696641,odex,hybrid,"Implement the following open-domain Python intent. Return only code.

Intent: Get all matches with regex pattern `\\d+[xX]` in list of string `teststr`

Stub:
def f_29696641(teststr):
	return ","[i for i in teststr if re.search('\\d+[xX]', i)]"
Q1851,ODEX-15315452,odex,hybrid,"Implement the following open-domain Python intent. Return only code.

Intent: select values from column 'A' for which corresponding values in column 'B' will be greater than 50, and in column 'C' - eq","df['A'][(df['B'] > 50) & (df['C'] == 900)]"
Q1852,ODEX-4642501,odex,hybrid,"Implement the following open-domain Python intent. Return only code.

Intent: Sort dictionary `o` in ascending order based on its keys and items

Stub:
def f_4642501(o):
	return ","sorted(o.items())"
Q1853,ODEX-4642501,odex,hybrid,"Implement the following open-domain Python intent. Return only code.

Intent: get sorted list of keys of dict `d`

Stub:
def f_4642501(d):
	return ","sorted(d)"
Q1854,ODEX-4642501,odex,hybrid,"Implement the following open-domain Python intent. Return only code.

Intent: sort dictionaries `d` by keys

Stub:
def f_4642501(d):
	return ","sorted(d.items())"
Q1855,ODEX-642154,odex,hybrid,"Implement the following open-domain Python intent. Return only code.

Intent: convert string ""1"" into integer

Stub:
def f_642154():
	return ","int('1')"
Q1856,ODEX-642154,odex,hybrid,"Implement the following open-domain Python intent. Return only code.

Intent: convert items in `T1` to integers

Stub:
def f_642154(T1):
	return ","[list(map(int, x)) for x in T1]"
Q1857,ODEX-3777301,odex,hybrid,"Implement the following open-domain Python intent. Return only code.

Intent: call a shell script `./test.sh` using subprocess

Stub:
def f_3777301():
	","subprocess.call(['./test.sh'])"
Q1858,ODEX-3777301,odex,hybrid,"Implement the following open-domain Python intent. Return only code.

Intent: call a shell script `notepad` using subprocess

Stub:
def f_3777301():
	","subprocess.call(['notepad'])"
Q1859,ODEX-7946798,odex,hybrid,"Implement the following open-domain Python intent. Return only code.

Intent: combine lists `l1` and `l2`  by alternating their elements

Stub:
def f_7946798(l1, l2):
	return ","[val for pair in zip(l1, l2) for val in pair]"
Q1860,ODEX-8908287,odex,hybrid,"Implement the following open-domain Python intent. Return only code.

Intent: encode string 'data to be encoded'

Stub:
def f_8908287():
	return ","base64.b64encode(b'data to be encoded')"
Q1861,ODEX-8908287,odex,hybrid,"Implement the following open-domain Python intent. Return only code.

Intent: encode a string `data to be encoded` to `ascii` encoding

Stub:
def f_8908287():
	return ","'data to be encoded'.encode('ascii')"
Q1862,ODEX-7856296,odex,hybrid,"Implement the following open-domain Python intent. Return only code.

Intent: parse tab-delimited CSV file 'text.txt' into a list

Stub:
def f_7856296():
	return ","list(csv.reader(open('text.txt', 'r'), delimiter='\t'))"
Q1863,ODEX-9035479,odex,hybrid,"Implement the following open-domain Python intent. Return only code.

Intent: Get attribute `my_str` of object `my_object`

Stub:
def f_9035479(my_object, my_str):
	return ","getattr(my_object, my_str)"
Q1864,ODEX-5558418,odex,hybrid,"Implement the following open-domain Python intent. Return only code.

Intent: group a list of dicts `LD` into one dict by key

Stub:
def f_5558418(LD):
	return ","dict(zip(LD[0], zip(*[list(d.values()) for d in LD])))"
Q1865,ODEX-638048,odex,hybrid,"Implement the following open-domain Python intent. Return only code.

Intent: sum the first value in each tuple in a list of tuples `list_of_pairs` in python

Stub:
def f_638048(list_of_pairs):
	retur","sum([pair[0] for pair in list_of_pairs])"
Q1866,ODEX-14950260,odex,hybrid,"Implement the following open-domain Python intent. Return only code.

Intent: convert unicode string u""{'code1':1,'code2':1}"" into dictionary

Stub:
def f_14950260():
	return ","ast.literal_eval(""{'code1':1,'code2':1}"")"
Q1867,ODEX-11416772,odex,hybrid,"Implement the following open-domain Python intent. Return only code.

Intent: find all words in a string `mystring` that start with the `$` sign

Stub:
def f_11416772(mystring):
	return ","[word for word in mystring.split() if word.startswith('$')]"
Q1868,ODEX-11331982,odex,hybrid,"Implement the following open-domain Python intent. Return only code.

Intent: remove any url within string `text`

Stub:
def f_11331982(text):
	","text = re.sub('^https?:\\/\\/.*[\\r\\n]*', '', text, flags=re.MULTILINE)"
Q1869,ODEX-34945274,odex,hybrid,"Implement the following open-domain Python intent. Return only code.

Intent: replace all elements in array `A` that are not present in array `[1, 3, 4]` with zeros

Stub:
def f_34945274(A):
	return ","np.where(np.in1d(A, [1, 3, 4]).reshape(A.shape), A, 0)"
Q1870,ODEX-15819980,odex,hybrid,"Implement the following open-domain Python intent. Return only code.

Intent: calculate mean across dimension in a 2d array `a`

Stub:
def f_15819980(a):
	return ","np.mean(a, axis=1)"
Q1871,ODEX-19894365,odex,hybrid,"Implement the following open-domain Python intent. Return only code.

Intent: running r script '/pathto/MyrScript.r' from python

Stub:
def f_19894365():
	return ","subprocess.call(['/usr/bin/Rscript', '--vanilla', '/pathto/MyrScript.r'])"
Q1872,ODEX-19894365,odex,hybrid,"Implement the following open-domain Python intent. Return only code.

Intent: run r script '/usr/bin/Rscript --vanilla /pathto/MyrScript.r'

Stub:
def f_19894365():
	return ","subprocess.call('/usr/bin/Rscript --vanilla /pathto/MyrScript.r', shell=True)"
Q1873,ODEX-33058590,odex,hybrid,"Implement the following open-domain Python intent. Return only code.

Intent: replacing nan in the dataframe `df` with row average

Stub:
def f_33058590(df):
	return ","df.fillna(df.mean(axis=0))"
Q1874,ODEX-12400256,odex,hybrid,"Implement the following open-domain Python intent. Return only code.

Intent: Convert unix timestamp '1347517370' to formatted string '%Y-%m-%d %H:%M:%S'

Stub:
def f_12400256():
	return ","time.strftime('%Y-%m-%d %H:%M:%S', time.localtime(1347517370))"
Q1875,ODEX-23359886,odex,hybrid,"Implement the following open-domain Python intent. Return only code.

Intent: selecting rows in Numpy ndarray 'a', where the value in the first column is 0 and value in the second column is 1

Stub:
d","a[np.where((a[:, (0)] == 0) * (a[:, (1)] == 1))]"
Q1876,ODEX-4383082,odex,hybrid,"Implement the following open-domain Python intent. Return only code.

Intent: separate words delimited by one or more spaces into a list

Stub:
def f_4383082(words):
	return ","re.split(' +', words)"
Q1877,ODEX-14637696,odex,hybrid,"Implement the following open-domain Python intent. Return only code.

Intent: length of longest element in list `words`

Stub:
def f_14637696(words):
	return ","len(max(words, key=len))"
Q1878,ODEX-3933478,odex,hybrid,"Implement the following open-domain Python intent. Return only code.

Intent: get the value associated with unicode key 'from_user' of first dictionary in list `result`

Stub:
def f_3933478(result):
	","result[0]['from_user']"
Q1879,ODEX-39112645,odex,hybrid,"Implement the following open-domain Python intent. Return only code.

Intent: Retrieve each line from a file 'File.txt' as a list

Stub:
def f_39112645():
	return ","[line.split() for line in open('File.txt')]"
Q1880,ODEX-1031851,odex,hybrid,"Implement the following open-domain Python intent. Return only code.

Intent: swap keys with values in a dictionary `a`

Stub:
def f_1031851(a):
	return ","dict((v, k) for k, v in a.items())"
Q1881,ODEX-8577137,odex,hybrid,"Implement the following open-domain Python intent. Return only code.

Intent: Open a file `path/to/FILE_NAME.ext` in write mode

Stub:
def f_8577137():
	return ","open('path/to/FILE_NAME.ext', 'w')"
Q1882,ODEX-17926273,odex,hybrid,"Implement the following open-domain Python intent. Return only code.

Intent: count distinct values in a column 'col3' of a pandas dataframe `df` group by objects in 'col1' and 'col2'

Stub:
def f_179","df.groupby(['col1', 'col2'])['col3'].nunique().reset_index()"
Q1883,ODEX-3735814,odex,hybrid,"Implement the following open-domain Python intent. Return only code.

Intent: Check if any key in the dictionary `dict1` starts with the string `EMP$$`

Stub:
def f_3735814(dict1):
	return ","any(key.startswith('EMP$$') for key in dict1)"
Q1884,ODEX-3735814,odex,hybrid,"Implement the following open-domain Python intent. Return only code.

Intent: create list of values from dictionary `dict1` that have a key that starts with 'EMP$$'

Stub:
def f_3735814(dict1):
	retur","[value for key, value in list(dict1.items()) if key.startswith('EMP$$')]"
Q1885,ODEX-26097916,odex,hybrid,"Implement the following open-domain Python intent. Return only code.

Intent: convert a pandas series `sf` into a pandas dataframe `df` with columns `email` and `list`

Stub:
def f_26097916(sf):
	","df = pd.DataFrame({'email': sf.index, 'list': sf.values})"
Q1886,ODEX-4048964,odex,hybrid,"Implement the following open-domain Python intent. Return only code.

Intent: concatenate elements of list `list` by tabs `	`

Stub:
def f_4048964(list):
	return ","'\t'.join(map(str, list))"
Q1887,ODEX-3182716,odex,hybrid,"Implement the following open-domain Python intent. Return only code.

Intent: print unicode string '\xd0\xbf\xd1\x80\xd0\xb8' with utf-8

Stub:
def f_3182716():
	return ","'\xd0\xbf\xd1\x80\xd0\xb8'.encode('raw_unicode_escape')"
Q1888,ODEX-3182716,odex,hybrid,"Implement the following open-domain Python intent. Return only code.

Intent: Encode a latin character in string `Sopet\xc3\xb3n` properly

Stub:
def f_3182716():
	return ","'Sopet\xc3\xb3n'.encode('latin-1').decode('utf-8')"
Q1889,ODEX-35622945,odex,hybrid,"Implement the following open-domain Python intent. Return only code.

Intent: regex, find ""n""s only in the middle of string `s`

Stub:
def f_35622945(s):
	return ","re.findall('n(?<=[^n]n)n+(?=[^n])(?i)', s)"
Q1890,ODEX-5306756,odex,hybrid,"Implement the following open-domain Python intent. Return only code.

Intent: display the float `1/3*100` as a percentage

Stub:
def f_5306756():
	return ","'{0:.0f}%'.format(1.0 / 3 * 100)"
Q1891,ODEX-2878084,odex,hybrid,"Implement the following open-domain Python intent. Return only code.

Intent: sort a list of dictionary `mylist` by the key `title`

Stub:
def f_2878084(mylist):
	","mylist.sort(key=lambda x: x['title'])"
Q1892,ODEX-2878084,odex,hybrid,"Implement the following open-domain Python intent. Return only code.

Intent: sort a list `l` of dicts by dict value 'title'

Stub:
def f_2878084(l):
	","l.sort(key=lambda x: x['title'])"
Q1893,ODEX-2878084,odex,hybrid,"Implement the following open-domain Python intent. Return only code.

Intent: sort a list of dictionaries by the value of keys 'title', 'title_url', 'id' in ascending order.

Stub:
def f_2878084(l):
	","l.sort(key=lambda x: (x['title'], x['title_url'], x['id']))"
Q1894,ODEX-9323159,odex,hybrid,"Implement the following open-domain Python intent. Return only code.

Intent: find 10 largest differences between each respective elements of list `l1` and list `l2`

Stub:
def f_9323159(l1, l2):
	ret","heapq.nlargest(10, range(len(l1)), key=lambda i: abs(l1[i] - l2[i]))"
Q1895,ODEX-29877663,odex,hybrid,"Implement the following open-domain Python intent. Return only code.

Intent: BeautifulSoup find all 'span' elements in HTML string `soup` with class of 'starGryB sp'

Stub:
def f_29877663(soup):
	ret","soup.find_all('span', {'class': 'starGryB sp'})"
Q1896,ODEX-24189150,odex,hybrid,"Implement the following open-domain Python intent. Return only code.

Intent: write records in dataframe `df` to table 'test' in schema 'a_schema' with `engine`

Stub:
def f_24189150(df, engine):
	","df.to_sql('test', engine)"
Q1897,ODEX-30766151,odex,hybrid,"Implement the following open-domain Python intent. Return only code.

Intent: Extract brackets from string `s`

Stub:
def f_30766151(s):
	return ","re.sub('[^(){}[\]]', '', s)"
Q1898,ODEX-1143379,odex,hybrid,"Implement the following open-domain Python intent. Return only code.

Intent: remove duplicate elements from list 'L'

Stub:
def f_1143379(L):
	return ","list(dict((x[0], x) for x in L).values())"
Q1899,ODEX-12330522,odex,hybrid,"Implement the following open-domain Python intent. Return only code.

Intent: read a file `file` without newlines

Stub:
def f_12330522(file):
	return ","[line.rstrip('\n') for line in file]"
Q1900,ODEX-364621,odex,hybrid,"Implement the following open-domain Python intent. Return only code.

Intent: get the position of item 1 in `testlist`

Stub:
def f_364621(testlist):
	return ","[i for (i, x) in enumerate(testlist) if (x == 1)]"
Q1901,ODEX-364621,odex,hybrid,"Implement the following open-domain Python intent. Return only code.

Intent: get the position of item 1 in `testlist`

Stub:
def f_364621(testlist):
	return ","[i for (i, x) in enumerate(testlist) if (x == 1)]"
Q1902,ODEX-364621,odex,hybrid,"Implement the following open-domain Python intent. Return only code.

Intent: get the position of item `element` in list `testlist`

Stub:
def f_364621(testlist, element):
	return ","testlist.index(element)"
Q1903,ODEX-13145368,odex,hybrid,"Implement the following open-domain Python intent. Return only code.

Intent: find the first element of the tuple with the maximum second element in a list of tuples `lis`

Stub:
def f_13145368(lis):
","max(lis, key=lambda item: item[1])[0]"
Q1904,ODEX-13145368,odex,hybrid,"Implement the following open-domain Python intent. Return only code.

Intent: get the item at index 0 from the tuple that has maximum value at index 1 in list `lis`

Stub:
def f_13145368(lis):
	return","max(lis, key=itemgetter(1))[0]"
Q1905,ODEX-2689189,odex,hybrid,"Implement the following open-domain Python intent. Return only code.

Intent: Make a delay of 1 second

Stub:
def f_2689189():
	","time.sleep(1)"
Q1906,ODEX-12485244,odex,hybrid,"Implement the following open-domain Python intent. Return only code.

Intent: convert list of tuples `L` to a string

Stub:
def f_12485244(L):
	return ",""""""", """""".join('(' + ', '.join(i) + ')' for i in L)"
Q1907,ODEX-755857,odex,hybrid,"Implement the following open-domain Python intent. Return only code.

Intent: Django set default value of field `b` equal to '0000000'

Stub:
def f_755857():
	","b = models.CharField(max_length=7, default='0000000', editable=False)"
Q1908,ODEX-16193578,odex,hybrid,"Implement the following open-domain Python intent. Return only code.

Intent: Sort lis `list5` in ascending order based on the degrees value of its elements

Stub:
def f_16193578(list5):
	return ","sorted(list5, key = lambda x: (degrees(x), x))"
Q1909,ODEX-16041405,odex,hybrid,"Implement the following open-domain Python intent. Return only code.

Intent: convert a list `l` into a generator object

Stub:
def f_16041405(l):
	return ","(n for n in l)"
Q1910,ODEX-18837607,odex,hybrid,"Implement the following open-domain Python intent. Return only code.

Intent: remove elements from list `oldlist` that have an index number mentioned in list `removelist`

Stub:
def f_18837607(oldlist","[v for i, v in enumerate(oldlist) if i not in removelist]"
Q1911,ODEX-4710067,odex,hybrid,"Implement the following open-domain Python intent. Return only code.

Intent: Open a file `yourfile.txt` in write mode

Stub:
def f_4710067():
	return ","open('yourfile.txt', 'w')"
Q1912,ODEX-7373219,odex,hybrid,"Implement the following open-domain Python intent. Return only code.

Intent: get attribute 'attr' from object `obj`

Stub:
def f_7373219(obj, attr):
	return ","getattr(obj, attr)"
Q1913,ODEX-8171751,odex,hybrid,"Implement the following open-domain Python intent. Return only code.

Intent: convert tuple of tuples `(('aa',), ('bb',), ('cc',))` to tuple

Stub:
def f_8171751():
	return ","reduce(lambda a, b: a + b, (('aa',), ('bb',), ('cc',)))"
Q1914,ODEX-8171751,odex,hybrid,"Implement the following open-domain Python intent. Return only code.

Intent: convert tuple of tuples `(('aa',), ('bb',), ('cc',))` to list in one line

Stub:
def f_8171751():
	return ","list(map(lambda a: a[0], (('aa',), ('bb',), ('cc',))))"
Q1915,ODEX-28986489,odex,hybrid,"Implement the following open-domain Python intent. Return only code.

Intent: replace a characters in a column of a dataframe `df`

Stub:
def f_28986489(df):
	","df['range'].replace(',', '-', inplace=True)"
Q1916,ODEX-19339,odex,hybrid,"Implement the following open-domain Python intent. Return only code.

Intent: unzip the list `[('a', 1), ('b', 2), ('c', 3), ('d', 4)]`

Stub:
def f_19339():
	return ","zip(*[('a', 1), ('b', 2), ('c', 3), ('d', 4)])"
Q1917,ODEX-19339,odex,hybrid,"Implement the following open-domain Python intent. Return only code.

Intent: unzip list `original`

Stub:
def f_19339(original):
	return ","([a for (a, b) in original], [b for (a, b) in original])"
Q1918,ODEX-19339,odex,hybrid,"Implement the following open-domain Python intent. Return only code.

Intent: unzip list `original` and return a generator

Stub:
def f_19339(original):
	return ","((a for (a, b) in original), (b for (a, b) in original))"
Q1919,ODEX-19339,odex,hybrid,"Implement the following open-domain Python intent. Return only code.

Intent: unzip list `[('a', 1), ('b', 2), ('c', 3), ('d', 4), ('e', )]`

Stub:
def f_19339():
	return ","zip(*[('a', 1), ('b', 2), ('c', 3), ('d', 4), ('e',)])"
Q1920,ODEX-19339,odex,hybrid,"Implement the following open-domain Python intent. Return only code.

Intent: unzip list `[('a', 1), ('b', 2), ('c', 3), ('d', 4), ('e', )]` and fill empty results with None

Stub:
def f_19339():
	ret","list(zip_longest(('a', 1), ('b', 2), ('c', 3), ('d', 4), ('e',)))"
Q1921,ODEX-1960516,odex,hybrid,"Implement the following open-domain Python intent. Return only code.

Intent: encode `Decimal('3.9')` to a JSON string

Stub:
def f_1960516():
	return ","json.dumps('3.9')"
Q1922,ODEX-1024847,odex,hybrid,"Implement the following open-domain Python intent. Return only code.

Intent: Add key ""mynewkey"" to dictionary `d` with value ""mynewvalue""

Stub:
def f_1024847(d):
	","d['mynewkey'] = 'mynewvalue'"
Q1923,ODEX-1024847,odex,hybrid,"Implement the following open-domain Python intent. Return only code.

Intent: Add key 'a' to dictionary `data` with value 1

Stub:
def f_1024847(data):
	","data.update({'a': 1, })"
Q1924,ODEX-1024847,odex,hybrid,"Implement the following open-domain Python intent. Return only code.

Intent: Add key 'a' to dictionary `data` with value 1

Stub:
def f_1024847(data):
	","data.update(dict(a=1))"
Q1925,ODEX-1024847,odex,hybrid,"Implement the following open-domain Python intent. Return only code.

Intent: Add key 'a' to dictionary `data` with value 1

Stub:
def f_1024847(data):
	","data.update(a=1)"
Q1926,ODEX-35837346,odex,hybrid,"Implement the following open-domain Python intent. Return only code.

Intent: find maximal value in matrix `matrix`

Stub:
def f_35837346(matrix):
	return ","max([max(i) for i in matrix])"
Q1927,ODEX-20457038,odex,hybrid,"Implement the following open-domain Python intent. Return only code.

Intent: Round number `answer` to 2 precision after the decimal point

Stub:
def f_20457038(answer):
	","answer = str(round(answer, 2))"
Q1928,ODEX-2890896,odex,hybrid,"Implement the following open-domain Python intent. Return only code.

Intent: extract ip address `ip` from an html string `s`

Stub:
def f_2890896(s):
	","ip = re.findall('[0-9]+(?:\\.[0-9]+){3}', s)"
Q1929,ODEX-29836836,odex,hybrid,"Implement the following open-domain Python intent. Return only code.

Intent: filter dataframe `df` by values in column `A` that appear more than once

Stub:
def f_29836836(df):
	return ","df.groupby('A').filter(lambda x: len(x) > 1)"
Q1930,ODEX-2545397,odex,hybrid,"Implement the following open-domain Python intent. Return only code.

Intent: append each line in file `myfile` into a list

Stub:
def f_2545397(myfile):
	return ","[x for x in myfile if x != '']"
Q1931,ODEX-2545397,odex,hybrid,"Implement the following open-domain Python intent. Return only code.

Intent: Get a list of integers `lst` from a file `filename.txt`

Stub:
def f_2545397():
	","lst = list(map(int, open('filename.txt').readlines()))"
Q1932,ODEX-35420052,odex,hybrid,"Implement the following open-domain Python intent. Return only code.

Intent: add color bar with image `mappable` to plot `plt`

Stub:
def f_35420052(plt, mappable, ax3):
	","plt.colorbar(mappable=mappable, cax=ax3)"
Q1933,ODEX-29903025,odex,hybrid,"Implement the following open-domain Python intent. Return only code.

Intent: count most frequent 100 words in column 'text' of dataframe `df`

Stub:
def f_29903025(df):
	return ","Counter(' '.join(df['text']).split()).most_common(100)"
Q1934,ODEX-7378180,odex,hybrid,"Implement the following open-domain Python intent. Return only code.

Intent: generate all 2-element subsets of tuple `(1, 2, 3)`

Stub:
def f_7378180():
	return ","list(itertools.combinations((1, 2, 3), 2))"
Q1935,ODEX-4530069,odex,hybrid,"Implement the following open-domain Python intent. Return only code.

Intent: get a value of datetime.today() in the UTC time zone

Stub:
def f_4530069():
	return ","datetime.now(pytz.utc)"
Q1936,ODEX-4842956,odex,hybrid,"Implement the following open-domain Python intent. Return only code.

Intent: Get a new list `list2`by removing empty list from a list of lists `list1`

Stub:
def f_4842956(list1):
	","list2 = [x for x in list1 if x != []]"
Q1937,ODEX-4842956,odex,hybrid,"Implement the following open-domain Python intent. Return only code.

Intent: Create `list2` to contain the lists from list `list1` excluding the empty lists from `list1`

Stub:
def f_4842956(list1):
","list2 = [x for x in list1 if x]"
Q1938,ODEX-9262278,odex,hybrid,"Implement the following open-domain Python intent. Return only code.

Intent: Django response with JSON `data`

Stub:
def f_9262278(data):
	return ","HttpResponse(data, content_type='application/json')"
Q1939,ODEX-17284947,odex,hybrid,"Implement the following open-domain Python intent. Return only code.

Intent: get all text that is not enclosed within square brackets in string `example_str`

Stub:
def f_17284947(example_str):
	retu","re.findall('(.*?)\\[.*?\\]', example_str)"
Q1940,ODEX-17284947,odex,hybrid,"Implement the following open-domain Python intent. Return only code.

Intent: Use a regex to get all text in a string `example_str` that is not surrounded by square brackets

Stub:
def f_17284947(exam","re.findall('(.*?)(?:\\[.*?\\]|$)', example_str)"
Q1941,ODEX-14182339,odex,hybrid,"Implement the following open-domain Python intent. Return only code.

Intent: get whatever is between parentheses as a single match, and any char outside as an individual match in string '(zyx)bc'

St","re.findall('\\(.+?\\)|\\w', '(zyx)bc')"
Q1942,ODEX-14182339,odex,hybrid,"Implement the following open-domain Python intent. Return only code.

Intent: match regex '\\((.*?)\\)|(\\w)' with string '(zyx)bc'

Stub:
def f_14182339():
	return ","re.findall('\\((.*?)\\)|(\\w)', '(zyx)bc')"
Q1943,ODEX-14182339,odex,hybrid,"Implement the following open-domain Python intent. Return only code.

Intent: match multiple regex patterns with the alternation operator `|` in a string `(zyx)bc`

Stub:
def f_14182339():
	return ","re.findall('\\(.*?\\)|\\w', '(zyx)bc')"
Q1944,ODEX-7126916,odex,hybrid,"Implement the following open-domain Python intent. Return only code.

Intent: formate each string cin list `elements` into pattern '%{0}%'

Stub:
def f_7126916(elements):
	","elements = ['%{0}%'.format(element) for element in elements]"
Q1945,ODEX-3595685,odex,hybrid,"Implement the following open-domain Python intent. Return only code.

Intent: Open a background process 'background-process' with arguments 'arguments'

Stub:
def f_3595685():
	return ","subprocess.Popen(['background-process', 'arguments'])"
Q1946,ODEX-18453566,odex,hybrid,"Implement the following open-domain Python intent. Return only code.

Intent: get list of values from dictionary 'mydict' w.r.t. list of keys 'mykeys'

Stub:
def f_18453566(mydict, mykeys):
	return ","[mydict[x] for x in mykeys]"
Q1947,ODEX-12692135,odex,hybrid,"Implement the following open-domain Python intent. Return only code.

Intent: convert list `[('Name', 'Joe'), ('Age', 22)]` into a dictionary

Stub:
def f_12692135():
	return ","dict([('Name', 'Joe'), ('Age', 22)])"
Q1948,ODEX-14401047,odex,hybrid,"Implement the following open-domain Python intent. Return only code.

Intent: average each two columns of array `data`

Stub:
def f_14401047(data):
	return ","data.mean(axis=1).reshape(data.shape[0], -1)"
Q1949,ODEX-18886596,odex,hybrid,"Implement the following open-domain Python intent. Return only code.

Intent: double backslash escape all double quotes in string `s`

Stub:
def f_18886596(s):
	return ","s.replace('""', '\""')"
Q1950,ODEX-5932059,odex,hybrid,"Implement the following open-domain Python intent. Return only code.

Intent: split a string `s` into a list of words and whitespace

Stub:
def f_5932059(s):
	return ","re.split('(\\W+)', s)"
Q1951,ODEX-9938130,odex,hybrid,"Implement the following open-domain Python intent. Return only code.

Intent: plotting stacked barplots on a panda data frame `df`

Stub:
def f_9938130(df):
	return ","df.plot(kind='barh', stacked=True)"
Q1952,ODEX-35945473,odex,hybrid,"Implement the following open-domain Python intent. Return only code.

Intent: reverse the keys and values in a dictionary `myDictionary`

Stub:
def f_35945473(myDictionary):
	return ","{i[1]: i[0] for i in list(myDictionary.items())}"
Q1953,ODEX-30729735,odex,hybrid,"Implement the following open-domain Python intent. Return only code.

Intent: finding the index of elements containing substring 'how' and 'what' in a list of strings 'myList'.

Stub:
def f_30729735(m","[i for i, j in enumerate(myList) if 'how' in j.lower() or 'what' in j.lower()]"
Q1954,ODEX-1303243,odex,hybrid,"Implement the following open-domain Python intent. Return only code.

Intent: check if object `obj` is a string

Stub:
def f_1303243(obj):
	return ","isinstance(obj, str)"
Q1955,ODEX-1303243,odex,hybrid,"Implement the following open-domain Python intent. Return only code.

Intent: check if object `o` is a string

Stub:
def f_1303243(o):
	return ","isinstance(o, str)"
Q1956,ODEX-1303243,odex,hybrid,"Implement the following open-domain Python intent. Return only code.

Intent: check if object `o` is a string

Stub:
def f_1303243(o):
	return ","(type(o) is str)"
Q1957,ODEX-1303243,odex,hybrid,"Implement the following open-domain Python intent. Return only code.

Intent: check if `obj_to_test` is a string

Stub:
def f_1303243(obj_to_test):
	return ","isinstance(obj_to_test, str)"
Q1958,ODEX-8177079,odex,hybrid,"Implement the following open-domain Python intent. Return only code.

Intent: append list `list1` to `list2`

Stub:
def f_8177079(list1, list2):
	","list2.extend(list1)"
Q1959,ODEX-8177079,odex,hybrid,"Implement the following open-domain Python intent. Return only code.

Intent: append list `mylog` to `list1`

Stub:
def f_8177079(mylog, list1):
	","list1.extend(mylog)"
Q1960,ODEX-8177079,odex,hybrid,"Implement the following open-domain Python intent. Return only code.

Intent: append list `a` to `c`

Stub:
def f_8177079(a, c):
	","c.extend(a)"
Q1961,ODEX-8177079,odex,hybrid,"Implement the following open-domain Python intent. Return only code.

Intent: append items in list `mylog` to `list1`

Stub:
def f_8177079(mylog, list1):
	","for line in mylog:
	    list1.append(line)"
Q1962,ODEX-4126227,odex,hybrid,"Implement the following open-domain Python intent. Return only code.

Intent: append a tuple of elements from list `a` with indexes '[0][0] [0][2]' to list `b`

Stub:
def f_4126227(a, b):
	","b.append((a[0][0], a[0][2]))"
Q1963,ODEX-34902378,odex,hybrid,"Implement the following open-domain Python intent. Return only code.

Intent: Initialize `SECRET_KEY` in flask config with `Your_secret_string `

Stub:
def f_34902378(app):
	","app.config['SECRET_KEY'] = 'Your_secret_string'"
Q1964,ODEX-22799300,odex,hybrid,"Implement the following open-domain Python intent. Return only code.

Intent: unpack a series of tuples in pandas `out` into a DataFrame with column names 'out-1' and 'out-2'

Stub:
def f_22799300(out","pd.DataFrame(out.tolist(), columns=['out-1', 'out-2'], index=out.index)"
Q1965,ODEX-1762484,odex,hybrid,"Implement the following open-domain Python intent. Return only code.

Intent: find the index of an element 'MSFT' in a list `stocks_list`

Stub:
def f_1762484(stocks_list):
	return ","[x for x in range(len(stocks_list)) if stocks_list[x] == 'MSFT']"
Q1966,ODEX-3464359,odex,hybrid,"Implement the following open-domain Python intent. Return only code.

Intent: rotate the xtick `labels` of matplotlib plot `ax` by `45` degrees to make long labels readable

Stub:
def f_3464359(ax, la","ax.set_xticklabels(labels, rotation=45)"
Q1967,ODEX-875968,odex,hybrid,"Implement the following open-domain Python intent. Return only code.

Intent: remove symbols from a string `s`

Stub:
def f_875968(s):
	return ","re.sub('[^\\w]', ' ', s)"
Q1968,ODEX-34750084,odex,hybrid,"Implement the following open-domain Python intent. Return only code.

Intent: Find octal characters matches from a string `s` using regex

Stub:
def f_34750084(s):
	return ","re.findall(""'\\\\[0-7]{1,3}'"", s)"
Q1969,ODEX-13209288,odex,hybrid,"Implement the following open-domain Python intent. Return only code.

Intent: split string `input` based on occurrences of regex pattern '[ ](?=[A-Z]+\\b)'

Stub:
def f_13209288(input):
	return ","re.split(r'[ ](?=[A-Z]+\b)', input)"
Q1970,ODEX-13209288,odex,hybrid,"Implement the following open-domain Python intent. Return only code.

Intent: Split string `input` at every space followed by an upper-case letter

Stub:
def f_13209288(input):
	return ","re.split('[ ](?=[A-Z])', input)"
Q1971,ODEX-24642040,odex,hybrid,"Implement the following open-domain Python intent. Return only code.

Intent: send multipart encoded file `files` to url `url` with headers `headers` and metadata `data`

Stub:
def f_24642040(url, fil","requests.post(url, files=files, headers=headers, data=data)"
Q1972,ODEX-4290716,odex,hybrid,"Implement the following open-domain Python intent. Return only code.

Intent: write bytes `bytes_` to a file `filename` in python 3

Stub:
def f_4290716(filename, bytes_):
	return ","open(filename, 'wb').write(bytes_)"
Q1973,ODEX-33078554,odex,hybrid,"Implement the following open-domain Python intent. Return only code.

Intent: get a list from a list `lst` with values mapped into a dictionary `dct`

Stub:
def f_33078554(lst, dct):
	return ","[dct[k] for k in lst]"
Q1974,ODEX-15247628,odex,hybrid,"Implement the following open-domain Python intent. Return only code.

Intent: find duplicate names in column 'name' of the dataframe `x`

Stub:
def f_15247628(x):
	return ","x['name'][x.duplicated('name')]"
Q1975,ODEX-783897,odex,hybrid,"Implement the following open-domain Python intent. Return only code.

Intent: truncate float 1.923328437452 to 3 decimal places

Stub:
def f_783897():
	return ","round(1.923328437452, 3)"
Q1976,ODEX-22859493,odex,hybrid,"Implement the following open-domain Python intent. Return only code.

Intent: sort list `li` in descending order based on the date value in second element of each list in list `li`

Stub:
def f_228594","sorted(li, key=lambda x: datetime.strptime(x[1], '%d/%m/%Y'), reverse=True)"
Q1977,ODEX-29394552,odex,hybrid,"Implement the following open-domain Python intent. Return only code.

Intent: place the radial ticks in plot `ax` at 135 degrees

Stub:
def f_29394552(ax):
	","ax.set_rlabel_position(135)"
Q1978,ODEX-3320406,odex,hybrid,"Implement the following open-domain Python intent. Return only code.

Intent: check if path `my_path` is an absolute path

Stub:
def f_3320406(my_path):
	return ","os.path.isabs(my_path)"
Q1979,ODEX-2212433,odex,hybrid,"Implement the following open-domain Python intent. Return only code.

Intent: get number of keys in dictionary `yourdict`

Stub:
def f_2212433(yourdict):
	return ","len(list(yourdict.keys()))"
Q1980,ODEX-2212433,odex,hybrid,"Implement the following open-domain Python intent. Return only code.

Intent: count the number of keys in dictionary `yourdictfile`

Stub:
def f_2212433(yourdictfile):
	return ","len(set(open(yourdictfile).read().split()))"
Q1981,ODEX-20067636,odex,hybrid,"Implement the following open-domain Python intent. Return only code.

Intent: pandas dataframe `df` get first row of each group by 'id'

Stub:
def f_20067636(df):
	return ","df.groupby('id').first()"
Q1982,ODEX-40924332,odex,hybrid,"Implement the following open-domain Python intent. Return only code.

Intent: split a list in first column into multiple columns keeping other columns as well in pandas data frame `df`

Stub:
def f_40","pd.concat([df[0].apply(pd.Series), df[1]], axis=1)"
Q1983,ODEX-30759776,odex,hybrid,"Implement the following open-domain Python intent. Return only code.

Intent: extract attributes 'src=""js/([^""]*\\bjquery\\b[^""]*)""' from string `data`

Stub:
def f_30759776(data):
	return ","re.findall('src=""js/([^""]*\\bjquery\\b[^""]*)""', data)"
Q1984,ODEX-25388796,odex,hybrid,"Implement the following open-domain Python intent. Return only code.

Intent: Sum integers contained in strings in list `['', '3.4', '', '', '1.0']`

Stub:
def f_25388796():
	return ","sum(int(float(item)) for item in [_f for _f in ['', '3.4', '', '', '1.0'] if _f])"
Q1985,ODEX-804995,odex,hybrid,"Implement the following open-domain Python intent. Return only code.

Intent: Call a subprocess with arguments `c:\\Program Files\\VMware\\VMware Server\\vmware-cmd.bat` that may contain spaces

Stub:","subprocess.Popen(['c:\\Program Files\\VMware\\VMware Server\\vmware-cmd.bat'])"
Q1986,ODEX-26441253,odex,hybrid,"Implement the following open-domain Python intent. Return only code.

Intent: reverse a priority queue `q` in python without using classes

Stub:
def f_26441253(q):
	","for n in [1,3,4,2]: q.put((-n, n))"
Q1987,ODEX-18897261,odex,hybrid,"Implement the following open-domain Python intent. Return only code.

Intent: make a barplot of data in column `group` of dataframe `df` colour-coded according to list `color`

Stub:
def f_18897261(df","df['group'].plot(kind='bar', color=['r', 'g', 'b', 'r', 'g', 'b', 'r'])"
Q1988,ODEX-373194,odex,hybrid,"Implement the following open-domain Python intent. Return only code.

Intent: find all matches of regex pattern '([a-fA-F\\d]{32})' in string `data`

Stub:
def f_373194(data):
	return ","re.findall('([a-fA-F\\d]{32})', data)"
Q1989,ODEX-518021,odex,hybrid,"Implement the following open-domain Python intent. Return only code.

Intent: Get the length of list `my_list`

Stub:
def f_518021(my_list):
	return ","len(my_list)"
Q1990,ODEX-518021,odex,hybrid,"Implement the following open-domain Python intent. Return only code.

Intent: Getting the length of array `l`

Stub:
def f_518021(l):
	return ","len(l)"
Q1991,ODEX-518021,odex,hybrid,"Implement the following open-domain Python intent. Return only code.

Intent: Getting the length of array `s`

Stub:
def f_518021(s):
	return ","len(s)"
Q1992,ODEX-518021,odex,hybrid,"Implement the following open-domain Python intent. Return only code.

Intent: Getting the length of `my_tuple`

Stub:
def f_518021(my_tuple):
	return ","len(my_tuple)"
Q1993,ODEX-518021,odex,hybrid,"Implement the following open-domain Python intent. Return only code.

Intent: Getting the length of `my_string`

Stub:
def f_518021(my_string):
	return ","len(my_string)"
Q1994,ODEX-40452956,odex,hybrid,"Implement the following open-domain Python intent. Return only code.

Intent: remove escape character from string ""\\a""

Stub:
def f_40452956():
	return ","b'\\a'.decode('unicode-escape')"
Q1995,ODEX-8687018,odex,hybrid,"Implement the following open-domain Python intent. Return only code.

Intent: replace each 'a' with 'b' and each 'b' with 'a' in the string 'obama' in a single pass.

Stub:
def f_8687018():
	return ","""""""obama"""""".replace('a', '%temp%').replace('b', 'a').replace('%temp%', 'b')"
Q1996,ODEX-303200,odex,hybrid,"Implement the following open-domain Python intent. Return only code.

Intent: remove directory tree '/folder_name'

Stub:
def f_303200():
	","shutil.rmtree('/folder_name')"
Q1997,ODEX-13740672,odex,hybrid,"Implement the following open-domain Python intent. Return only code.

Intent: create a new column `weekday` in pandas data frame `data` based on the values in column `my_dt`

Stub:
def f_13740672(data","def weekday(i):
        if i >=1 and i <= 5: return True
        else: return False
    data['weekday'] = data['my_dt']."
Q1998,ODEX-20950650,odex,hybrid,"Implement the following open-domain Python intent. Return only code.

Intent: reverse sort Counter `x` by values

Stub:
def f_20950650(x):
	return ","sorted(x, key=x.get, reverse=True)"
Q1999,ODEX-20950650,odex,hybrid,"Implement the following open-domain Python intent. Return only code.

Intent: reverse sort counter `x` by value

Stub:
def f_20950650(x):
	return ","sorted(list(x.items()), key=lambda pair: pair[1], reverse=True)"
Q2000,ODEX-9775297,odex,hybrid,"Implement the following open-domain Python intent. Return only code.

Intent: append a numpy array 'b' to a numpy array 'a'

Stub:
def f_9775297(a, b):
	return ","np.vstack((a, b))"
Q2001,ODEX-21887754,odex,hybrid,"Implement the following open-domain Python intent. Return only code.

Intent: numpy concatenate two arrays `a` and `b` along the first axis

Stub:
def f_21887754(a, b):
	return ","np.concatenate((a, b), axis=0)"
Q2002,ODEX-21887754,odex,hybrid,"Implement the following open-domain Python intent. Return only code.

Intent: numpy concatenate two arrays `a` and `b` along the second axis

Stub:
def f_21887754(a, b):
	return ","np.concatenate((a, b), axis=1)"
Q2003,ODEX-21887754,odex,hybrid,"Implement the following open-domain Python intent. Return only code.

Intent: numpy concatenate two arrays `a` and `b` along the first axis

Stub:
def f_21887754(a, b):
	return ","np.r_[(a[None, :], b[None, :])]"
Q2004,ODEX-21887754,odex,hybrid,"Implement the following open-domain Python intent. Return only code.

Intent: numpy concatenate two arrays `a` and `b` along the first axis

Stub:
def f_21887754(a, b):
	return ","np.array((a, b))"
Q2005,ODEX-2805231,odex,hybrid,"Implement the following open-domain Python intent. Return only code.

Intent: fetch address information for host 'google.com' ion port 80

Stub:
def f_2805231():
	return ","socket.getaddrinfo('google.com', 80)"
Q2006,ODEX-17552997,odex,hybrid,"Implement the following open-domain Python intent. Return only code.

Intent: add a column 'day' with value 'sat' to dataframe `df`

Stub:
def f_17552997(df):
	return ","df.xs('sat', level='day', drop_level=False)"
Q2007,ODEX-4356842,odex,hybrid,"Implement the following open-domain Python intent. Return only code.

Intent: return a 401 unauthorized in django

Stub:
def f_4356842():
	return ","HttpResponse('Unauthorized', status=401)"
Q2008,ODEX-13598363,odex,hybrid,"Implement the following open-domain Python intent. Return only code.

Intent: Flask set folder 'wherever' as the default template folder

Stub:
def f_13598363():
	return ","Flask('test', template_folder='wherever')"
Q2009,ODEX-3398589,odex,hybrid,"Implement the following open-domain Python intent. Return only code.

Intent: sort a list of lists 'c2' such that third row comes first

Stub:
def f_3398589(c2):
	","c2.sort(key=lambda row: row[2])"
Q2010,ODEX-3398589,odex,hybrid,"Implement the following open-domain Python intent. Return only code.

Intent: sort a list of lists 'c2' in reversed row order

Stub:
def f_3398589(c2):
	","c2.sort(key=lambda row: (row[2], row[1], row[0]))"
Q2011,ODEX-3398589,odex,hybrid,"Implement the following open-domain Python intent. Return only code.

Intent: Sorting a list of lists `c2`, each by the third and second row

Stub:
def f_3398589(c2):
	","c2.sort(key=lambda row: (row[2], row[1]))"
Q2012,ODEX-10960463,odex,hybrid,"Implement the following open-domain Python intent. Return only code.

Intent: set font `Arial` to display non-ascii characters in matplotlib

Stub:
def f_10960463():
	return ","matplotlib.rc('font', **{'sans-serif': 'Arial', 'family': 'sans-serif'})"
Q2013,ODEX-20576618,odex,hybrid,"Implement the following open-domain Python intent. Return only code.

Intent: Convert  DateTime column 'date' of pandas dataframe 'df' to ordinal

Stub:
def f_20576618(df):
	return ","df['date'].apply(lambda x: x.toordinal())"
Q2014,ODEX-31793195,odex,hybrid,"Implement the following open-domain Python intent. Return only code.

Intent: Get the integer location of a key `bob` in a pandas data frame `df`

Stub:
def f_31793195(df):
	return ","df.index.get_loc('bob')"
Q2015,ODEX-10487278,odex,hybrid,"Implement the following open-domain Python intent. Return only code.

Intent: add an item with key 'third_key' and value 1 to an dictionary `my_dict`

Stub:
def f_10487278(my_dict):
	","my_dict.update({'third_key': 1})"
Q2016,ODEX-10487278,odex,hybrid,"Implement the following open-domain Python intent. Return only code.

Intent: declare an array `my_list`

Stub:
def f_10487278():
	","my_list = []"
Q2017,ODEX-10487278,odex,hybrid,"Implement the following open-domain Python intent. Return only code.

Intent: Insert item `12` to a list `my_list`

Stub:
def f_10487278(my_list):
	","my_list.append(12)"
Q2018,ODEX-10155684,odex,hybrid,"Implement the following open-domain Python intent. Return only code.

Intent: add an entry 'wuggah' at the beginning of list `myList`

Stub:
def f_10155684(myList):
	","myList.insert(0, 'wuggah')"
Q2019,ODEX-3519125,odex,hybrid,"Implement the following open-domain Python intent. Return only code.

Intent: convert a hex-string representation `hex_str` to actual bytes

Stub:
def f_3519125(hex_str):
	return ","bytes.fromhex(hex_str.replace('\\x', ''))"
Q2020,ODEX-40144769,odex,hybrid,"Implement the following open-domain Python intent. Return only code.

Intent: select the last column of dataframe `df`

Stub:
def f_40144769(df):
	return ","df[df.columns[-1]]"
Q2021,ODEX-30787901,odex,hybrid,"Implement the following open-domain Python intent. Return only code.

Intent: get the first value from dataframe `df` where column 'Letters' is equal to 'C'

Stub:
def f_30787901(df):
	return ","df.loc[df['Letters'] == 'C', 'Letters'].values[0]"
Q2022,ODEX-18730044,odex,hybrid,"Implement the following open-domain Python intent. Return only code.

Intent: converting two lists `[1, 2, 3]` and `[4, 5, 6]` into a matrix

Stub:
def f_18730044():
	return ","np.column_stack(([1, 2, 3], [4, 5, 6]))"
Q2023,ODEX-402504,odex,hybrid,"Implement the following open-domain Python intent. Return only code.

Intent: get the type of `i`

Stub:
def f_402504(i):
	return ","type(i)"
Q2024,ODEX-402504,odex,hybrid,"Implement the following open-domain Python intent. Return only code.

Intent: determine the type of variable `v`

Stub:
def f_402504(v):
	return ","type(v)"
Q2025,ODEX-402504,odex,hybrid,"Implement the following open-domain Python intent. Return only code.

Intent: determine the type of variable `v`

Stub:
def f_402504(v):
	return ","type(v)"
Q2026,ODEX-402504,odex,hybrid,"Implement the following open-domain Python intent. Return only code.

Intent: get the type of variable `variable_name`

Stub:
def f_402504(variable_name):
	return ","type(variable_name)"
Q2027,ODEX-2300756,odex,hybrid,"Implement the following open-domain Python intent. Return only code.

Intent: get the 5th item of a generator `g`

Stub:
def f_2300756(g):
	return ","next(itertools.islice(g, 5, 5 + 1))"
Q2028,ODEX-20056548,odex,hybrid,"Implement the following open-domain Python intent. Return only code.

Intent: return a string `word` with string format

Stub:
def f_20056548(word):
	return ","'""{}""'.format(word)"
Q2029,ODEX-8546245,odex,hybrid,"Implement the following open-domain Python intent. Return only code.

Intent: join a list of strings `list` using a space ' '

Stub:
def f_8546245(list):
	return ",""""""" """""".join(list)"
Q2030,ODEX-2276416,odex,hybrid,"Implement the following open-domain Python intent. Return only code.

Intent: create list `y` containing two empty lists

Stub:
def f_2276416():
	","y = [[] for n in range(2)]"
Q2031,ODEX-3925614,odex,hybrid,"Implement the following open-domain Python intent. Return only code.

Intent: read a file `filename` into a list `data`

Stub:
def f_3925614(filename):
	","data = [line.strip() for line in open(filename, 'r')]"
Q2032,ODEX-22187233,odex,hybrid,"Implement the following open-domain Python intent. Return only code.

Intent: delete all occurrences of character 'i' in string 'it is icy'

Stub:
def f_22187233():
	return ",""""""""""""".join([char for char in 'it is icy' if char != 'i'])"
Q2033,ODEX-22187233,odex,hybrid,"Implement the following open-domain Python intent. Return only code.

Intent: delete all instances of a character 'i' in a string 'it is icy'

Stub:
def f_22187233():
	return ","re.sub('i', '', 'it is icy')"
Q2034,ODEX-22187233,odex,hybrid,"Implement the following open-domain Python intent. Return only code.

Intent: delete all characters ""i"" in string ""it is icy""

Stub:
def f_22187233():
	return ","""""""it is icy"""""".replace('i', '')"
Q2035,ODEX-13413590,odex,hybrid,"Implement the following open-domain Python intent. Return only code.

Intent: Drop rows of pandas dataframe `df` having NaN in column at index ""1""

Stub:
def f_13413590(df):
	return ","df.dropna(subset=[1])"
Q2036,ODEX-598398,odex,hybrid,"Implement the following open-domain Python intent. Return only code.

Intent: get elements from list `myList`, that have a field `n` value 30

Stub:
def f_598398(myList):
	return ","[x for x in myList if x.n == 30]"
Q2037,ODEX-10351772,odex,hybrid,"Implement the following open-domain Python intent. Return only code.

Intent: converting list of strings `intstringlist` to list of integer `nums`

Stub:
def f_10351772(intstringlist):
	","nums = [int(x) for x in intstringlist]"
Q2038,ODEX-493386,odex,hybrid,"Implement the following open-domain Python intent. Return only code.

Intent: print ""."" without newline

Stub:
def f_493386():
	return ","sys.stdout.write('.')"
Q2039,ODEX-6569528,odex,hybrid,"Implement the following open-domain Python intent. Return only code.

Intent: round off the float that is the product of `2.52 * 100` and convert it to an int

Stub:
def f_6569528():
	return ","int(round(2.52 * 100))"
Q2040,ODEX-3964681,odex,hybrid,"Implement the following open-domain Python intent. Return only code.

Intent: Find all files `files` in directory '/mydir' with extension '.txt'

Stub:
def f_3964681():
	","os.chdir('/mydir')
	files = [] 
	for file in glob.glob('*.txt'):
		files.append(file)"
Q2041,ODEX-3964681,odex,hybrid,"Implement the following open-domain Python intent. Return only code.

Intent: Find all files in directory ""/mydir"" with extension "".txt""

Stub:
def f_3964681():
	return ","[file for file in os.listdir('/mydir') if file.endswith('.txt')]"
Q2042,ODEX-3964681,odex,hybrid,"Implement the following open-domain Python intent. Return only code.

Intent: Find all files in directory ""/mydir"" with extension "".txt""

Stub:
def f_3964681():
	return ","[file for (root, dirs, files) in os.walk('/mydir') for file in files if file.endswith('.txt')]"
Q2043,ODEX-20865487,odex,hybrid,"Implement the following open-domain Python intent. Return only code.

Intent: plot dataframe `df` without a legend

Stub:
def f_20865487(df):
	return ","df.plot(legend=False)"
Q2044,ODEX-13368659,odex,hybrid,"Implement the following open-domain Python intent. Return only code.

Intent: loop through the IP address range ""192.168.x.x""

Stub:
def f_13368659():
	return ","['192.168.%d.%d'%(i, j) for i in range(256) for j in range(256)]"
Q2045,ODEX-4065737,odex,hybrid,"Implement the following open-domain Python intent. Return only code.

Intent: Sum the corresponding decimal values for binary values of each boolean element in list `x`

Stub:
def f_4065737(x):
	retur","sum(1 << i for i, b in enumerate(x) if b)"
Q2046,ODEX-8691311,odex,hybrid,"Implement the following open-domain Python intent. Return only code.

Intent: write multiple strings `line1`, `line2` and `line3` in one line in a file `target`

Stub:
def f_8691311(line1, line2, line","target.write('%r\n%r\n%r\n' % (line1, line2, line3))"
Q2047,ODEX-10632111,odex,hybrid,"Implement the following open-domain Python intent. Return only code.

Intent: Convert list of lists `data` into a flat list

Stub:
def f_10632111(data):
	return ","[y for x in data for y in (x if isinstance(x, list) else [x])]"
Q2048,ODEX-15392730,odex,hybrid,"Implement the following open-domain Python intent. Return only code.

Intent: Print new line character as `\n` in a string `foo\nbar`

Stub:
def f_15392730():
	return ","'foo\nbar'.encode('unicode_escape')"
Q2049,ODEX-1010961,odex,hybrid,"Implement the following open-domain Python intent. Return only code.

Intent: remove last comma character ',' in string `s`

Stub:
def f_1010961(s):
	return ",""""""""""""".join(s.rsplit(',', 1))"
Q2050,ODEX-23855976,odex,hybrid,"Implement the following open-domain Python intent. Return only code.

Intent: calculate the mean of each element in array `x` with the element previous to it

Stub:
def f_23855976(x):
	return ","(x[1:] + x[:-1]) / 2"
Q2051,ODEX-23855976,odex,hybrid,"Implement the following open-domain Python intent. Return only code.

Intent: get an array of the mean of each two consecutive values in numpy array `x`

Stub:
def f_23855976(x):
	return ","x[:-1] + (x[1:] - x[:-1]) / 2"
Q2052,ODEX-6375343,odex,hybrid,"Implement the following open-domain Python intent. Return only code.

Intent: load data containing `utf-8` from file `new.txt` into numpy array `arr`

Stub:
def f_6375343():
	","arr = numpy.fromiter(codecs.open('new.txt', encoding='utf-8'), dtype='<U2')"
Q2053,ODEX-1547733,odex,hybrid,"Implement the following open-domain Python intent. Return only code.

Intent: reverse sort list of dicts `l` by value for key `time`

Stub:
def f_1547733(l):
	","l = sorted(l, key=itemgetter('time'), reverse=True)"
Q2054,ODEX-1547733,odex,hybrid,"Implement the following open-domain Python intent. Return only code.

Intent: Sort a list of dictionary `l` based on key `time` in descending order

Stub:
def f_1547733(l):
	","l = sorted(l, key=lambda a: a['time'], reverse=True)"
Q2055,ODEX-37080612,odex,hybrid,"Implement the following open-domain Python intent. Return only code.

Intent: get rows of dataframe `df` that match regex '(Hel|Just)'

Stub:
def f_37080612(df):
	return ","df.loc[df[0].str.contains('(Hel|Just)')]"
Q2056,ODEX-14716342,odex,hybrid,"Implement the following open-domain Python intent. Return only code.

Intent: find the string in `your_string` between two special characters ""["" and ""]""

Stub:
def f_14716342(your_string):
	retur","re.search('\\[(.*)\\]', your_string).group(1)"
Q2057,ODEX-18684076,odex,hybrid,"Implement the following open-domain Python intent. Return only code.

Intent: create a list of date string in 'yyyymmdd' format with Python Pandas from '20130226' to '20130302'

Stub:
def f_18684076()","[d.strftime('%Y%m%d') for d in pandas.date_range('20130226', '20130302')]"
Q2058,ODEX-1666700,odex,hybrid,"Implement the following open-domain Python intent. Return only code.

Intent: count number of times string 'brown' occurred in string 'The big brown fox is brown'

Stub:
def f_1666700():
	return ","""""""The big brown fox is brown"""""".count('brown')"
Q2059,ODEX-18979111,odex,hybrid,"Implement the following open-domain Python intent. Return only code.

Intent: decode json string `request_body` to python dict

Stub:
def f_18979111(request_body):
	return ","json.loads(request_body)"
Q2060,ODEX-7243750,odex,hybrid,"Implement the following open-domain Python intent. Return only code.

Intent: download the file from url `url` and save it under file `file_name`

Stub:
def f_7243750(url, file_name):
	return ","urllib.request.urlretrieve(url, file_name)"
Q2061,ODEX-743806,odex,hybrid,"Implement the following open-domain Python intent. Return only code.

Intent: split string `text` by space

Stub:
def f_743806(text):
	return ","text.split()"
Q2062,ODEX-743806,odex,hybrid,"Implement the following open-domain Python intent. Return only code.

Intent: split string `text` by "",""

Stub:
def f_743806(text):
	return ","text.split(',')"
Q2063,ODEX-743806,odex,hybrid,"Implement the following open-domain Python intent. Return only code.

Intent: Split string `line` into a list by whitespace

Stub:
def f_743806(line):
	return ","line.split()"
Q2064,ODEX-35044115,odex,hybrid,"Implement the following open-domain Python intent. Return only code.

Intent: replace dot characters  '.' associated with ascii letters in list `s` with space ' '

Stub:
def f_35044115(s):
	return ","[re.sub('(?<!\\d)\\.(?!\\d)', ' ', i) for i in s]"
Q2065,ODEX-38388799,odex,hybrid,"Implement the following open-domain Python intent. Return only code.

Intent: sort list `list_of_strings` based on second index of each string `s`

Stub:
def f_38388799(list_of_strings):
	return ","sorted(list_of_strings, key=lambda s: s.split(',')[1])"
Q2066,ODEX-37004138,odex,hybrid,"Implement the following open-domain Python intent. Return only code.

Intent: eliminate non-integer items from list `lst`

Stub:
def f_37004138(lst):
	return ","[element for element in lst if isinstance(element, int)]"
Q2067,ODEX-37004138,odex,hybrid,"Implement the following open-domain Python intent. Return only code.

Intent: get all the elements except strings from the list 'lst'.

Stub:
def f_37004138(lst):
	return ","[element for element in lst if not isinstance(element, str)]"
Q2068,ODEX-72899,odex,hybrid,"Implement the following open-domain Python intent. Return only code.

Intent: Sort a list of dictionaries `list_to_be_sorted` by the value of the dictionary key `name`

Stub:
def f_72899(list_to_be_so","sorted(list_to_be_sorted, key=lambda k: k['name'])"
Q2069,ODEX-72899,odex,hybrid,"Implement the following open-domain Python intent. Return only code.

Intent: sort a list of dictionaries `l` by values in key `name` in descending order

Stub:
def f_72899(l):
	return ","sorted(l, key=itemgetter('name'), reverse=True)"
Q2070,ODEX-72899,odex,hybrid,"Implement the following open-domain Python intent. Return only code.

Intent: sort a list of dictionaries `list_of_dicts` by `name` values of the dictionary

Stub:
def f_72899(list_of_dicts):
	","list_of_dicts.sort(key=operator.itemgetter('name'))"
Q2071,ODEX-72899,odex,hybrid,"Implement the following open-domain Python intent. Return only code.

Intent: sort a list of dictionaries `list_of_dicts` by `age` values of the dictionary

Stub:
def f_72899(list_of_dicts):
	","list_of_dicts.sort(key=operator.itemgetter('age'))"
Q2072,ODEX-36402748,odex,hybrid,"Implement the following open-domain Python intent. Return only code.

Intent: sort a Dataframe `df` by the total ocurrences in a column 'scores' group by 'prots'

Stub:
def f_36402748(df):
	return ","df.groupby('prots').sum().sort_values('scores', ascending=False)"
Q2073,ODEX-29881993,odex,hybrid,"Implement the following open-domain Python intent. Return only code.

Intent: join together with "","" elements inside a list indexed with 'category' within a dictionary `trans`

Stub:
def f_29881993(",""""""","""""".join(trans['category'])"
Q2074,ODEX-34158494,odex,hybrid,"Implement the following open-domain Python intent. Return only code.

Intent: concatenate array of strings `['A', 'B', 'C', 'D']` into a string

Stub:
def f_34158494():
	return ",""""""""""""".join(['A', 'B', 'C', 'D'])"
Q2075,ODEX-12666897,odex,hybrid,"Implement the following open-domain Python intent. Return only code.

Intent: Remove all strings from a list a strings `sents` where the values starts with `@$\t` or `#`

Stub:
def f_12666897(sents):
","[x for x in sents if not x.startswith('@$\t') and not x.startswith('#')]"
Q2076,ODEX-5944630,odex,hybrid,"Implement the following open-domain Python intent. Return only code.

Intent: sort a list of dictionary `list` first by key `points` and then by `time`

Stub:
def f_5944630(list):
	","list.sort(key=lambda item: (item['points'], item['time']))"
Q2077,ODEX-7852855,odex,hybrid,"Implement the following open-domain Python intent. Return only code.

Intent: convert datetime object `(1970, 1, 1)` to seconds

Stub:
def f_7852855():
	return ","datetime.datetime(1970, 1, 1).second"
Q2078,ODEX-2763750,odex,hybrid,"Implement the following open-domain Python intent. Return only code.

Intent: insert `_suff` before the file extension in `long.file.name.jpg` or replace `_a` with `suff` if it precedes the extension.","re.sub('(\\_a)?\\.([^\\.]*)$', '_suff.\\2', 'long.file.name.jpg')"
Q2079,ODEX-6420361,odex,hybrid,"Implement the following open-domain Python intent. Return only code.

Intent: reload a module `module`

Stub:
def f_6420361(module):
	","imp.reload(module)"
Q2080,ODEX-19546911,odex,hybrid,"Implement the following open-domain Python intent. Return only code.

Intent: Convert integer `number` into an unassigned integer

Stub:
def f_19546911(number):
	return ","struct.unpack('H', struct.pack('h', number))"
Q2081,ODEX-9746522,odex,hybrid,"Implement the following open-domain Python intent. Return only code.

Intent: convert int values in list `numlist` to float

Stub:
def f_9746522(numlist):
	","numlist = [float(x) for x in numlist]"
Q2082,ODEX-20107570,odex,hybrid,"Implement the following open-domain Python intent. Return only code.

Intent: write dataframe `df`, excluding index, to a csv file `filename`

Stub:
def f_20107570(df, filename):
	","df.to_csv(filename, index=False)"
Q2083,ODEX-8740353,odex,hybrid,"Implement the following open-domain Python intent. Return only code.

Intent: convert a urllib unquoted string `unescaped` to a json data `json_data`

Stub:
def f_8740353(unescaped):
	","json_data = json.loads(unescaped)"
Q2084,ODEX-5891453,odex,hybrid,"Implement the following open-domain Python intent. Return only code.

Intent: Create a list containing all ascii characters as its elements

Stub:
def f_5891453():
	return ","[chr(i) for i in range(127)]"
Q2085,ODEX-18367007,odex,hybrid,"Implement the following open-domain Python intent. Return only code.

Intent: write `newFileBytes` to a binary file `newFile`

Stub:
def f_18367007(newFileBytes, newFile):
	","newFile.write(struct.pack('5B', *newFileBytes))"
Q2086,ODEX-21805490,odex,hybrid,"Implement the following open-domain Python intent. Return only code.

Intent: python regex - check for a capital letter with a following lowercase in string `string`

Stub:
def f_21805490(string):
	re","re.sub('^[A-Z0-9]*(?![a-z])', '', string)"
Q2087,ODEX-16125229,odex,hybrid,"Implement the following open-domain Python intent. Return only code.

Intent: get the last key of dictionary `dict`

Stub:
def f_16125229(dict):
	return ","list(dict.keys())[-1]"
Q2088,ODEX-6159900,odex,hybrid,"Implement the following open-domain Python intent. Return only code.

Intent: write line ""hi there"" to file `f`

Stub:
def f_6159900(f):
	return ","print('hi there', file=f)"
Q2089,ODEX-6159900,odex,hybrid,"Implement the following open-domain Python intent. Return only code.

Intent: write line ""hi there"" to file `myfile`

Stub:
def f_6159900(myfile):
	","f = open(myfile, 'w')
	f.write(""hi there\n"")
	f.close()"
Q2090,ODEX-6159900,odex,hybrid,"Implement the following open-domain Python intent. Return only code.

Intent: write line ""Hello"" to file `somefile.txt`

Stub:
def f_6159900():
	","with open('somefile.txt', 'a') as the_file: 
		the_file.write('Hello\n')"
Q2091,ODEX-19527279,odex,hybrid,"Implement the following open-domain Python intent. Return only code.

Intent: convert unicode string `s` to ascii

Stub:
def f_19527279(s):
	return ","s.encode('iso-8859-15')"
Q2092,ODEX-356483,odex,hybrid,"Implement the following open-domain Python intent. Return only code.

Intent: Find all numbers and dots from a string `text` using regex

Stub:
def f_356483(text):
	return ","re.findall('Test([0-9.]*[0-9]+)', text)"
Q2093,ODEX-38081866,odex,hybrid,"Implement the following open-domain Python intent. Return only code.

Intent: execute script 'script.ps1' using 'powershell.exe' shell

Stub:
def f_38081866():
	return ","os.system('powershell.exe', 'script.ps1')"
Q2094,ODEX-7349646,odex,hybrid,"Implement the following open-domain Python intent. Return only code.

Intent: Sort a list of tuples `b` by third item in the tuple

Stub:
def f_7349646(b):
	","b.sort(key=lambda x: x[2])"
Q2095,ODEX-10607688,odex,hybrid,"Implement the following open-domain Python intent. Return only code.

Intent: create a datetime with the current date & time

Stub:
def f_10607688():
	return ","datetime.datetime.now()"
Q2096,ODEX-30843103,odex,hybrid,"Implement the following open-domain Python intent. Return only code.

Intent: get the index of an integer `1` from a list `lst` if the list also contains boolean items

Stub:
def f_30843103(lst):
	ret","next(i for i, x in enumerate(lst) if not isinstance(x, bool) and x == 1)"
Q2097,ODEX-4918425,odex,hybrid,"Implement the following open-domain Python intent. Return only code.

Intent: subtract 13 from every number in a list `a`

Stub:
def f_4918425(a):
	","a[:] = [(x - 13) for x in a]"
Q2098,ODEX-17794266,odex,hybrid,"Implement the following open-domain Python intent. Return only code.

Intent: get the highest element in absolute value in a numpy matrix `x`

Stub:
def f_17794266(x):
	return ","max(x.min(), x.max(), key=abs)"
Q2099,ODEX-30551576,odex,hybrid,"Implement the following open-domain Python intent. Return only code.

Intent: Get all urls within text `s`

Stub:
def f_30551576(s):
	return ","re.findall(r'""(http.*?)""', s, re.MULTILINE | re.DOTALL)"
Q2100,ODEX-113534,odex,hybrid,"Implement the following open-domain Python intent. Return only code.

Intent: split a string `mystring` considering the spaces ' '

Stub:
def f_113534(mystring):
	return ","mystring.replace(' ', '! !').split('!')"
Q2101,ODEX-5838735,odex,hybrid,"Implement the following open-domain Python intent. Return only code.

Intent: open file `path` with mode 'r'

Stub:
def f_5838735(path):
	return ","open(path, 'r')"
Q2102,ODEX-36003967,odex,hybrid,"Implement the following open-domain Python intent. Return only code.

Intent: sum elements at the same index in list `data`

Stub:
def f_36003967(data):
	return ","[[sum(item) for item in zip(*items)] for items in zip(*data)]"
Q2103,ODEX-7635237,odex,hybrid,"Implement the following open-domain Python intent. Return only code.

Intent: add a new axis to array `a`

Stub:
def f_7635237(a):
	return ","a[:, (np.newaxis)]"
