method,llm_judge_score,token_f1,exact_match,contains_answer
adaptive_rag,0.375,0.4047619047619047,0.4166666666666667,0.5
frontier_rag,0.375,0.4672619047619047,0.3333333333333333,0.5
graph_local_rag,0.3275,0.011997126436781608,0.0,0.25
graph_rag,0.18333333333333335,0.009615384615384607,0.0,0.25
hybrid_dense_sparse,0.375,0.21726190476190477,0.16666666666666666,0.4166666666666667
hybrid_rag,0.5666666666666667,0.24838383838383837,0.16666666666666666,0.4166666666666667
lazygraph_rag,0.5666666666666667,0.07708172047307031,0.0,0.6666666666666666
rerank_semantic,0.5,0.36904761904761907,0.3333333333333333,0.5
semantic_rag,0.4166666666666667,0.3125,0.4166666666666667,0.5
